ISO-10303-21;
HEADER;
FILE_DESCRIPTION(('FreeCAD Model'),'2;1');
FILE_NAME('Open CASCADE Shape Model','2025-11-28T23:09:21',('Author'),(
    ''),'Open CASCADE STEP processor 7.8','FreeCAD','Unknown');
FILE_SCHEMA(('AUTOMOTIVE_DESIGN { 1 0 10303 214 1 1 1 1 }'));
ENDSEC;
DATA;
#1 = APPLICATION_PROTOCOL_DEFINITION('international standard',
  'automotive_design',2000,#2);
#2 = APPLICATION_CONTEXT(
  'core data for automotive mechanical design processes');
#3 = SHAPE_DEFINITION_REPRESENTATION(#4,#10);
#4 = PRODUCT_DEFINITION_SHAPE('','',#5);
#5 = PRODUCT_DEFINITION('design','',#6,#9);
#6 = PRODUCT_DEFINITION_FORMATION('','',#7);
#7 = PRODUCT('Socket002','Socket002','',(#8));
#8 = PRODUCT_CONTEXT('',#2,'mechanical');
#9 = PRODUCT_DEFINITION_CONTEXT('part definition',#2,'design');
#10 = SHAPE_REPRESENTATION('',(#11,#15,#19),#23);
#11 = AXIS2_PLACEMENT_3D('',#12,#13,#14);
#12 = CARTESIAN_POINT('',(0.,0.,0.));
#13 = DIRECTION('',(0.,0.,1.));
#14 = DIRECTION('',(1.,0.,-0.));
#15 = AXIS2_PLACEMENT_3D('',#16,#17,#18);
#16 = CARTESIAN_POINT('',(0.,0.,0.));
#17 = DIRECTION('',(0.,0.,1.));
#18 = DIRECTION('',(1.,0.,-0.));
#19 = AXIS2_PLACEMENT_3D('',#20,#21,#22);
#20 = CARTESIAN_POINT('',(0.,0.,0.));
#21 = DIRECTION('',(0.,0.,1.));
#22 = DIRECTION('',(1.,0.,-0.));
#23 = ( GEOMETRIC_REPRESENTATION_CONTEXT(3) 
GLOBAL_UNCERTAINTY_ASSIGNED_CONTEXT((#27)) GLOBAL_UNIT_ASSIGNED_CONTEXT(
(#24,#25,#26)) REPRESENTATION_CONTEXT('Context #1',
  '3D Context with UNIT and UNCERTAINTY') );
#24 = ( LENGTH_UNIT() NAMED_UNIT(*) SI_UNIT(.MILLI.,.METRE.) );
#25 = ( NAMED_UNIT(*) PLANE_ANGLE_UNIT() SI_UNIT($,.RADIAN.) );
#26 = ( NAMED_UNIT(*) SI_UNIT($,.STERADIAN.) SOLID_ANGLE_UNIT() );
#27 = UNCERTAINTY_MEASURE_WITH_UNIT(LENGTH_MEASURE(2.E-03),#24,
  'distance_accuracy_value','confusion accuracy');
#28 = PRODUCT_RELATED_PRODUCT_CATEGORY('part',$,(#7));
#29 = SHAPE_DEFINITION_REPRESENTATION(#30,#36);
#30 = PRODUCT_DEFINITION_SHAPE('','',#31);
#31 = PRODUCT_DEFINITION('design','',#32,#35);
#32 = PRODUCT_DEFINITION_FORMATION('','',#33);
#33 = PRODUCT('Socket','Socket','',(#34));
#34 = PRODUCT_CONTEXT('',#2,'mechanical');
#35 = PRODUCT_DEFINITION_CONTEXT('part definition',#2,'design');
#36 = ADVANCED_BREP_SHAPE_REPRESENTATION('',(#11,#37),#2386);
#37 = MANIFOLD_SOLID_BREP('',#38);
#38 = CLOSED_SHELL('',(#39,#81,#108,#593,#618,#755,#786,#811,#835,#853,
    #865,#896,#921,#945,#963,#975,#1006,#1031,#1055,#1073,#1085,#1116,
    #1141,#1165,#1183,#1195,#1226,#1251,#1275,#1293,#1305,#1336,#1361,
    #1385,#1403,#1415,#1446,#1471,#1495,#1513,#1525,#1556,#1581,#1605,
    #1623,#1635,#1666,#1691,#1715,#1733,#1745,#1776,#1801,#1825,#1843,
    #1855,#1886,#1911,#1935,#1953,#1965,#1996,#2021,#2045,#2063,#2075,
    #2103,#2120,#2145,#2173,#2190,#2215,#2243,#2260,#2294,#2320,#2369));
#39 = ADVANCED_FACE('',(#40),#76,.F.);
#40 = FACE_BOUND('',#41,.F.);
#41 = EDGE_LOOP('',(#42,#52,#59,#60,#69));
#42 = ORIENTED_EDGE('',*,*,#43,.T.);
#43 = EDGE_CURVE('',#44,#46,#48,.T.);
#44 = VERTEX_POINT('',#45);
#45 = CARTESIAN_POINT('',(-2.145868404593E-15,-17.52234526793,
    -9.999959288952E-02));
#46 = VERTEX_POINT('',#47);
#47 = CARTESIAN_POINT('',(2.158149817303E-15,-17.62263061321,
    -2.22044604925E-15));
#48 = LINE('',#49,#50);
#49 = CARTESIAN_POINT('',(-2.152009110948E-15,-17.57248794057,
    -4.999979644476E-02));
#50 = VECTOR('',#51,1.);
#51 = DIRECTION('',(-8.671906585249E-17,-0.708114910461,0.706097212558)
  );
#52 = ORIENTED_EDGE('',*,*,#53,.F.);
#53 = EDGE_CURVE('',#46,#46,#54,.T.);
#54 = CIRCLE('',#55,17.622630613218);
#55 = AXIS2_PLACEMENT_3D('',#56,#57,#58);
#56 = CARTESIAN_POINT('',(0.,0.,-2.22044604925E-15));
#57 = DIRECTION('',(0.,-0.,1.));
#58 = DIRECTION('',(0.,1.,0.));
#59 = ORIENTED_EDGE('',*,*,#43,.F.);
#60 = ORIENTED_EDGE('',*,*,#61,.F.);
#61 = EDGE_CURVE('',#62,#44,#64,.T.);
#62 = VERTEX_POINT('',#63);
#63 = CARTESIAN_POINT('',(-17.52234526793,-2.145868404593E-15,
    -9.999959288952E-02));
#64 = CIRCLE('',#65,17.522345267935);
#65 = AXIS2_PLACEMENT_3D('',#66,#67,#68);
#66 = CARTESIAN_POINT('',(0.,0.,-9.999959288952E-02));
#67 = DIRECTION('',(0.,0.,-1.));
#68 = DIRECTION('',(0.,1.,0.));
#69 = ORIENTED_EDGE('',*,*,#70,.F.);
#70 = EDGE_CURVE('',#44,#62,#71,.T.);
#71 = CIRCLE('',#72,17.522345267935);
#72 = AXIS2_PLACEMENT_3D('',#73,#74,#75);
#73 = CARTESIAN_POINT('',(0.,0.,-9.999959288952E-02));
#74 = DIRECTION('',(0.,0.,-1.));
#75 = DIRECTION('',(0.,1.,0.));
#76 = CONICAL_SURFACE('',#77,17.572487940576,0.786824891751);
#77 = AXIS2_PLACEMENT_3D('',#78,#79,#80);
#78 = CARTESIAN_POINT('',(0.,0.,-4.999979644476E-02));
#79 = DIRECTION('',(0.,0.,1.));
#80 = DIRECTION('',(0.,1.,0.));
#81 = ADVANCED_FACE('',(#82),#103,.F.);
#82 = FACE_BOUND('',#83,.F.);
#83 = EDGE_LOOP('',(#84,#93,#100,#101,#102));
#84 = ORIENTED_EDGE('',*,*,#85,.T.);
#85 = EDGE_CURVE('',#62,#86,#88,.T.);
#86 = VERTEX_POINT('',#87);
#87 = CARTESIAN_POINT('',(-17.46436462379,-2.138767823567E-15,
    -1.427778657356));
#88 = CIRCLE('',#89,17.522630613218);
#89 = AXIS2_PLACEMENT_3D('',#90,#91,#92);
#90 = CARTESIAN_POINT('',(0.,0.,-2.22044604925E-15));
#91 = DIRECTION('',(1.224646799147E-16,-1.,0.));
#92 = DIRECTION('',(-1.,-1.224646799147E-16,0.));
#93 = ORIENTED_EDGE('',*,*,#94,.T.);
#94 = EDGE_CURVE('',#86,#86,#95,.T.);
#95 = CIRCLE('',#96,17.464364623796);
#96 = AXIS2_PLACEMENT_3D('',#97,#98,#99);
#97 = CARTESIAN_POINT('',(0.,0.,-1.427778657356));
#98 = DIRECTION('',(0.,0.,1.));
#99 = DIRECTION('',(1.,0.,-0.));
#100 = ORIENTED_EDGE('',*,*,#85,.F.);
#101 = ORIENTED_EDGE('',*,*,#61,.T.);
#102 = ORIENTED_EDGE('',*,*,#70,.T.);
#103 = SPHERICAL_SURFACE('',#104,17.522630613218);
#104 = AXIS2_PLACEMENT_3D('',#105,#106,#107);
#105 = CARTESIAN_POINT('',(0.,0.,-2.22044604925E-15));
#106 = DIRECTION('',(6.123233995737E-17,0.,1.));
#107 = DIRECTION('',(1.,0.,-6.123233995737E-17));
#108 = ADVANCED_FACE('',(#109,#120,#156,#192,#228,#264,#300,#336,#347,
    #358,#369,#405,#441,#477,#513,#549,#585),#588,.T.);
#109 = FACE_BOUND('',#110,.T.);
#110 = EDGE_LOOP('',(#111));
#111 = ORIENTED_EDGE('',*,*,#112,.F.);
#112 = EDGE_CURVE('',#113,#113,#115,.T.);
#113 = VERTEX_POINT('',#114);
#114 = CARTESIAN_POINT('',(-22.75,2.78607146806E-15,-2.22044604925E-15)
  );
#115 = CIRCLE('',#116,22.75);
#116 = AXIS2_PLACEMENT_3D('',#117,#118,#119);
#117 = CARTESIAN_POINT('',(0.,0.,-2.22044604925E-15));
#118 = DIRECTION('',(0.,0.,-1.));
#119 = DIRECTION('',(1.,0.,0.));
#120 = FACE_BOUND('',#121,.T.);
#121 = EDGE_LOOP('',(#122,#132,#141,#149));
#122 = ORIENTED_EDGE('',*,*,#123,.T.);
#123 = EDGE_CURVE('',#124,#126,#128,.T.);
#124 = VERTEX_POINT('',#125);
#125 = CARTESIAN_POINT('',(3.638405702721,17.924110790467,
    -4.440892098501E-15));
#126 = VERTEX_POINT('',#127);
#127 = CARTESIAN_POINT('',(4.173937927896,21.305328188327,
    -4.440892098501E-15));
#128 = LINE('',#129,#130);
#129 = CARTESIAN_POINT('',(2.679922640477,11.872486904432,
    -2.22044604925E-15));
#130 = VECTOR('',#131,1.);
#131 = DIRECTION('',(0.15643446504,0.987688340595,0.));
#132 = ORIENTED_EDGE('',*,*,#133,.T.);
#133 = EDGE_CURVE('',#126,#134,#136,.T.);
#134 = VERTEX_POINT('',#135);
#135 = CARTESIAN_POINT('',(7.037927814786,20.537924411004,
    -4.440892098501E-15));
#136 = CIRCLE('',#137,21.710337791894);
#137 = AXIS2_PLACEMENT_3D('',#138,#139,#140);
#138 = CARTESIAN_POINT('',(6.973020954598E-13,2.461347156826E-12,
    -2.22044604925E-15));
#139 = DIRECTION('',(0.,0.,-1.));
#140 = DIRECTION('',(0.197452293102,0.980312497089,0.));
#141 = ORIENTED_EDGE('',*,*,#142,.T.);
#142 = EDGE_CURVE('',#134,#143,#145,.T.);
#143 = VERTEX_POINT('',#144);
#144 = CARTESIAN_POINT('',(5.811103627403,17.341938136152,
    -4.440892098501E-15));
#145 = LINE('',#146,#147);
#146 = CARTESIAN_POINT('',(3.668177425213,11.75942452038,
    -2.22044604925E-15));
#147 = VECTOR('',#148,1.);
#148 = DIRECTION('',(-0.358367949545,-0.933580426497,0.));
#149 = ORIENTED_EDGE('',*,*,#150,.T.);
#150 = EDGE_CURVE('',#143,#124,#151,.T.);
#151 = CIRCLE('',#152,18.289662208101);
#152 = AXIS2_PLACEMENT_3D('',#153,#154,#155);
#153 = CARTESIAN_POINT('',(6.973020954598E-13,2.461347156826E-12,
    -2.22044604925E-15));
#154 = DIRECTION('',(0.,0.,1.));
#155 = DIRECTION('',(0.204558062104,0.978854432093,-0.));
#156 = FACE_BOUND('',#157,.T.);
#157 = EDGE_LOOP('',(#158,#168,#177,#185));
#158 = ORIENTED_EDGE('',*,*,#159,.T.);
#159 = EDGE_CURVE('',#160,#162,#164,.T.);
#160 = VERTEX_POINT('',#161);
#161 = CARTESIAN_POINT('',(-13.70353243343,12.113007163064,
    -4.440892098501E-15));
#162 = VERTEX_POINT('',#163);
#163 = CARTESIAN_POINT('',(-16.3639864831,14.267400373541,
    -4.440892098501E-15));
#164 = LINE('',#165,#166);
#165 = CARTESIAN_POINT('',(-2.657884937427,3.168418184499,
    -2.22044604925E-15));
#166 = VECTOR('',#167,1.);
#167 = DIRECTION('',(-0.777145961457,0.62932039105,0.));
#168 = ORIENTED_EDGE('',*,*,#169,.T.);
#169 = EDGE_CURVE('',#162,#170,#172,.T.);
#170 = VERTEX_POINT('',#171);
#171 = CARTESIAN_POINT('',(-14.26740037354,16.363986483107,
    -4.440892098501E-15));
#172 = CIRCLE('',#173,21.710337791894);
#173 = AXIS2_PLACEMENT_3D('',#174,#175,#176);
#174 = CARTESIAN_POINT('',(-1.782938117614E-12,1.834554907193E-12,
    -2.22044604925E-15));
#175 = DIRECTION('',(0.,0.,-1.));
#176 = DIRECTION('',(-0.750249379575,0.661154950407,0.));
#177 = ORIENTED_EDGE('',*,*,#178,.T.);
#178 = EDGE_CURVE('',#170,#179,#181,.T.);
#179 = VERTEX_POINT('',#180);
#180 = CARTESIAN_POINT('',(-12.11300716306,13.703532433431,
    -4.440892098501E-15));
#181 = LINE('',#182,#183);
#182 = CARTESIAN_POINT('',(-2.966237003309,2.408211971669,
    -2.22044604925E-15));
#183 = VECTOR('',#184,1.);
#184 = DIRECTION('',(0.62932039105,-0.777145961457,0.));
#185 = ORIENTED_EDGE('',*,*,#186,.T.);
#186 = EDGE_CURVE('',#179,#160,#187,.T.);
#187 = CIRCLE('',#188,18.289662208101);
#188 = AXIS2_PLACEMENT_3D('',#189,#190,#191);
#189 = CARTESIAN_POINT('',(-1.782938117614E-12,1.834554907193E-12,
    -2.22044604925E-15));
#190 = DIRECTION('',(0.,0.,1.));
#191 = DIRECTION('',(-0.745433773748,0.666579694378,0.));
#192 = FACE_BOUND('',#193,.T.);
#193 = EDGE_LOOP('',(#194,#204,#213,#221));
#194 = ORIENTED_EDGE('',*,*,#195,.T.);
#195 = EDGE_CURVE('',#196,#198,#200,.T.);
#196 = VERTEX_POINT('',#197);
#197 = CARTESIAN_POINT('',(-17.34193813615,-5.811103627403,
    -4.440892098501E-15));
#198 = VERTEX_POINT('',#199);
#199 = CARTESIAN_POINT('',(-20.537924411,-7.037927814786,
    -4.440892098501E-15));
#200 = LINE('',#201,#202);
#201 = CARTESIAN_POINT('',(-2.807938634702,-0.232023933574,
    -2.22044604925E-15));
#202 = VECTOR('',#203,1.);
#203 = DIRECTION('',(-0.933580426497,-0.358367949545,0.));
#204 = ORIENTED_EDGE('',*,*,#205,.T.);
#205 = EDGE_CURVE('',#198,#206,#208,.T.);
#206 = VERTEX_POINT('',#207);
#207 = CARTESIAN_POINT('',(-21.30532818832,-4.173937927896,
    -4.440892098501E-15));
#208 = CIRCLE('',#209,21.710337791894);
#209 = AXIS2_PLACEMENT_3D('',#210,#211,#212);
#210 = CARTESIAN_POINT('',(-2.480240213074E-12,-6.267922496327E-13,
    -2.22044604925E-15));
#211 = DIRECTION('',(0.,0.,-1.));
#212 = DIRECTION('',(-0.947701672678,-0.319157546682,-0.));
#213 = ORIENTED_EDGE('',*,*,#214,.T.);
#214 = EDGE_CURVE('',#206,#215,#217,.T.);
#215 = VERTEX_POINT('',#216);
#216 = CARTESIAN_POINT('',(-17.92411079046,-3.638405702721,
    -4.440892098501E-15));
#217 = LINE('',#218,#219);
#218 = CARTESIAN_POINT('',(-0.502968065114,-0.879167762352,
    -2.22044604925E-15));
#219 = VECTOR('',#220,1.);
#220 = DIRECTION('',(0.987688340595,0.15643446504,0.));
#221 = ORIENTED_EDGE('',*,*,#222,.T.);
#222 = EDGE_CURVE('',#215,#196,#223,.T.);
#223 = CIRCLE('',#224,18.289662208101);
#224 = AXIS2_PLACEMENT_3D('',#225,#226,#227);
#225 = CARTESIAN_POINT('',(-2.480240213074E-12,-6.267922496327E-13,
    -2.22044604925E-15));
#226 = DIRECTION('',(0.,0.,1.));
#227 = DIRECTION('',(-0.949991835852,-0.312274737715,0.));
#228 = FACE_BOUND('',#229,.T.);
#229 = EDGE_LOOP('',(#230,#240,#249,#257));
#230 = ORIENTED_EDGE('',*,*,#231,.T.);
#231 = EDGE_CURVE('',#232,#234,#236,.T.);
#232 = VERTEX_POINT('',#233);
#233 = CARTESIAN_POINT('',(-3.638405702721,-17.92411079046,
    -4.440892098501E-15));
#234 = VERTEX_POINT('',#235);
#235 = CARTESIAN_POINT('',(-4.173937927896,-21.30532818832,
    -4.440892098501E-15));
#236 = LINE('',#237,#238);
#237 = CARTESIAN_POINT('',(-2.256007695905,-9.19599328105,
    -4.440892098501E-15));
#238 = VECTOR('',#239,1.);
#239 = DIRECTION('',(-0.15643446504,-0.987688340595,0.));
#240 = ORIENTED_EDGE('',*,*,#241,.T.);
#241 = EDGE_CURVE('',#234,#242,#244,.T.);
#242 = VERTEX_POINT('',#243);
#243 = CARTESIAN_POINT('',(-7.037927814786,-20.537924411,
    -4.440892098501E-15));
#244 = CIRCLE('',#245,21.710337791894);
#245 = AXIS2_PLACEMENT_3D('',#246,#247,#248);
#246 = CARTESIAN_POINT('',(-6.973020954598E-13,-2.461347156826E-12,
    -2.22044604925E-15));
#247 = DIRECTION('',(0.,0.,-1.));
#248 = DIRECTION('',(-0.197452293102,-0.980312497089,-0.));
#249 = ORIENTED_EDGE('',*,*,#250,.T.);
#250 = EDGE_CURVE('',#242,#251,#253,.T.);
#251 = VERTEX_POINT('',#252);
#252 = CARTESIAN_POINT('',(-5.811103627403,-17.34193813615,
    -4.440892098501E-15));
#253 = LINE('',#254,#255);
#254 = CARTESIAN_POINT('',(-1.443473770538,-5.963873357403,
    -2.22044604925E-15));
#255 = VECTOR('',#256,1.);
#256 = DIRECTION('',(0.358367949545,0.933580426497,0.));
#257 = ORIENTED_EDGE('',*,*,#258,.T.);
#258 = EDGE_CURVE('',#251,#232,#259,.T.);
#259 = CIRCLE('',#260,18.289662208101);
#260 = AXIS2_PLACEMENT_3D('',#261,#262,#263);
#261 = CARTESIAN_POINT('',(-6.973020954598E-13,-2.461347156826E-12,
    -2.22044604925E-15));
#262 = DIRECTION('',(0.,0.,1.));
#263 = DIRECTION('',(-0.204558062104,-0.978854432093,0.));
#264 = FACE_BOUND('',#265,.T.);
#265 = EDGE_LOOP('',(#266,#276,#285,#293));
#266 = ORIENTED_EDGE('',*,*,#267,.T.);
#267 = EDGE_CURVE('',#268,#270,#272,.T.);
#268 = VERTEX_POINT('',#269);
#269 = CARTESIAN_POINT('',(13.703532433431,-12.11300716306,
    -4.440892098501E-15));
#270 = VERTEX_POINT('',#271);
#271 = CARTESIAN_POINT('',(16.363986483107,-14.26740037354,
    -4.440892098501E-15));
#272 = LINE('',#273,#274);
#273 = CARTESIAN_POINT('',(13.119988954138,-11.64046297085,
    -2.22044604925E-15));
#274 = VECTOR('',#275,1.);
#275 = DIRECTION('',(0.777145961457,-0.62932039105,0.));
#276 = ORIENTED_EDGE('',*,*,#277,.T.);
#277 = EDGE_CURVE('',#270,#278,#280,.T.);
#278 = VERTEX_POINT('',#279);
#279 = CARTESIAN_POINT('',(14.267400373541,-16.3639864831,
    -4.440892098501E-15));
#280 = CIRCLE('',#281,21.710337791894);
#281 = AXIS2_PLACEMENT_3D('',#282,#283,#284);
#282 = CARTESIAN_POINT('',(1.782938117614E-12,-1.834554907193E-12,
    -2.22044604925E-15));
#283 = DIRECTION('',(0.,0.,-1.));
#284 = DIRECTION('',(0.750249379575,-0.661154950407,0.));
#285 = ORIENTED_EDGE('',*,*,#286,.T.);
#286 = EDGE_CURVE('',#278,#287,#289,.T.);
#287 = VERTEX_POINT('',#288);
#288 = CARTESIAN_POINT('',(12.113007163064,-13.70353243343,
    -4.440892098501E-15));
#289 = LINE('',#290,#291);
#290 = CARTESIAN_POINT('',(9.826763599815,-10.88025675802,
    -2.22044604925E-15));
#291 = VECTOR('',#292,1.);
#292 = DIRECTION('',(-0.62932039105,0.777145961457,0.));
#293 = ORIENTED_EDGE('',*,*,#294,.T.);
#294 = EDGE_CURVE('',#287,#268,#295,.T.);
#295 = CIRCLE('',#296,18.289662208101);
#296 = AXIS2_PLACEMENT_3D('',#297,#298,#299);
#297 = CARTESIAN_POINT('',(1.782938117614E-12,-1.834554907193E-12,
    -2.22044604925E-15));
#298 = DIRECTION('',(0.,0.,1.));
#299 = DIRECTION('',(0.745433773748,-0.666579694378,0.));
#300 = FACE_BOUND('',#301,.T.);
#301 = EDGE_LOOP('',(#302,#312,#321,#329));
#302 = ORIENTED_EDGE('',*,*,#303,.T.);
#303 = EDGE_CURVE('',#304,#306,#308,.T.);
#304 = VERTEX_POINT('',#305);
#305 = CARTESIAN_POINT('',(17.341938136152,5.811103627403,
    -4.440892098501E-15));
#306 = VERTEX_POINT('',#307);
#307 = CARTESIAN_POINT('',(20.537924411004,7.037927814786,
    -4.440892098501E-15));
#308 = LINE('',#309,#310);
#309 = CARTESIAN_POINT('',(17.905865593245,6.02757509655,
    -2.22044604925E-15));
#310 = VECTOR('',#311,1.);
#311 = DIRECTION('',(0.933580426497,0.358367949545,0.));
#312 = ORIENTED_EDGE('',*,*,#313,.T.);
#313 = EDGE_CURVE('',#306,#314,#316,.T.);
#314 = VERTEX_POINT('',#315);
#315 = CARTESIAN_POINT('',(21.305328188327,4.173937927896,
    -4.440892098501E-15));
#316 = CIRCLE('',#317,21.710337791894);
#317 = AXIS2_PLACEMENT_3D('',#318,#319,#320);
#318 = CARTESIAN_POINT('',(2.480240213074E-12,6.267922496327E-13,
    -2.22044604925E-15));
#319 = DIRECTION('',(0.,0.,-1.));
#320 = DIRECTION('',(0.947701672678,0.319157546682,0.));
#321 = ORIENTED_EDGE('',*,*,#322,.T.);
#322 = EDGE_CURVE('',#314,#323,#325,.T.);
#323 = VERTEX_POINT('',#324);
#324 = CARTESIAN_POINT('',(17.924110790467,3.638405702721,
    -4.440892098501E-15));
#325 = LINE('',#326,#327);
#326 = CARTESIAN_POINT('',(17.40168373376,3.555661385734,
    -2.22044604925E-15));
#327 = VECTOR('',#328,1.);
#328 = DIRECTION('',(-0.987688340595,-0.15643446504,0.));
#329 = ORIENTED_EDGE('',*,*,#330,.T.);
#330 = EDGE_CURVE('',#323,#304,#331,.T.);
#331 = CIRCLE('',#332,18.289662208101);
#332 = AXIS2_PLACEMENT_3D('',#333,#334,#335);
#333 = CARTESIAN_POINT('',(2.480240213074E-12,6.267922496327E-13,
    -2.22044604925E-15));
#334 = DIRECTION('',(0.,0.,1.));
#335 = DIRECTION('',(0.949991835852,0.312274737715,-0.));
#336 = FACE_BOUND('',#337,.T.);
#337 = EDGE_LOOP('',(#338));
#338 = ORIENTED_EDGE('',*,*,#339,.T.);
#339 = EDGE_CURVE('',#340,#340,#342,.T.);
#340 = VERTEX_POINT('',#341);
#341 = CARTESIAN_POINT('',(-21.8226306132,2.960244106675E-15,
    -2.22044604925E-15));
#342 = CIRCLE('',#343,2.);
#343 = AXIS2_PLACEMENT_3D('',#344,#345,#346);
#344 = CARTESIAN_POINT('',(-19.8226306132,2.715314746845E-15,
    -2.22044604925E-15));
#345 = DIRECTION('',(0.,0.,-1.));
#346 = DIRECTION('',(1.,0.,0.));
#347 = FACE_BOUND('',#348,.T.);
#348 = EDGE_LOOP('',(#349));
#349 = ORIENTED_EDGE('',*,*,#350,.T.);
#350 = EDGE_CURVE('',#351,#351,#353,.T.);
#351 = VERTEX_POINT('',#352);
#352 = CARTESIAN_POINT('',(7.9113153066,-17.16690168086,
    -2.22044604925E-15));
#353 = CIRCLE('',#354,2.);
#354 = AXIS2_PLACEMENT_3D('',#355,#356,#357);
#355 = CARTESIAN_POINT('',(9.9113153066,-17.16690168086,
    -2.22044604925E-15));
#356 = DIRECTION('',(0.,0.,-1.));
#357 = DIRECTION('',(1.,0.,0.));
#358 = FACE_BOUND('',#359,.T.);
#359 = EDGE_LOOP('',(#360));
#360 = ORIENTED_EDGE('',*,*,#361,.T.);
#361 = EDGE_CURVE('',#362,#362,#364,.T.);
#362 = VERTEX_POINT('',#363);
#363 = CARTESIAN_POINT('',(7.9113153066,17.166901680866,
    -2.22044604925E-15));
#364 = CIRCLE('',#365,2.);
#365 = AXIS2_PLACEMENT_3D('',#366,#367,#368);
#366 = CARTESIAN_POINT('',(9.9113153066,17.166901680866,
    -2.22044604925E-15));
#367 = DIRECTION('',(0.,0.,-1.));
#368 = DIRECTION('',(1.,0.,0.));
#369 = FACE_BOUND('',#370,.T.);
#370 = EDGE_LOOP('',(#371,#381,#390,#398));
#371 = ORIENTED_EDGE('',*,*,#372,.T.);
#372 = EDGE_CURVE('',#373,#375,#377,.T.);
#373 = VERTEX_POINT('',#374);
#374 = CARTESIAN_POINT('',(17.924110790467,-3.638405702721,
    -4.440892098501E-15));
#375 = VERTEX_POINT('',#376);
#376 = CARTESIAN_POINT('',(21.305328188327,-4.173937927896,
    -4.440892098501E-15));
#377 = LINE('',#378,#379);
#378 = CARTESIAN_POINT('',(18.983597927064,-3.806211979882,
    -2.22044604925E-15));
#379 = VECTOR('',#380,1.);
#380 = DIRECTION('',(0.987688340595,-0.15643446504,0.));
#381 = ORIENTED_EDGE('',*,*,#382,.T.);
#382 = EDGE_CURVE('',#375,#383,#385,.T.);
#383 = VERTEX_POINT('',#384);
#384 = CARTESIAN_POINT('',(20.537924411004,-7.037927814786,
    -4.440892098501E-15));
#385 = CIRCLE('',#386,21.710337791894);
#386 = AXIS2_PLACEMENT_3D('',#387,#388,#389);
#387 = CARTESIAN_POINT('',(2.461347156826E-12,-6.973020954598E-13,
    -2.22044604925E-15));
#388 = DIRECTION('',(0.,0.,-1.));
#389 = DIRECTION('',(0.980312497089,-0.197452293102,0.));
#390 = ORIENTED_EDGE('',*,*,#391,.T.);
#391 = EDGE_CURVE('',#383,#392,#394,.T.);
#392 = VERTEX_POINT('',#393);
#393 = CARTESIAN_POINT('',(17.341938136152,-5.811103627403,
    -4.440892098501E-15));
#394 = LINE('',#395,#396);
#395 = CARTESIAN_POINT('',(16.410612418163,-5.453601179364,
    -2.22044604925E-15));
#396 = VECTOR('',#397,1.);
#397 = DIRECTION('',(-0.933580426497,0.358367949545,0.));
#398 = ORIENTED_EDGE('',*,*,#399,.T.);
#399 = EDGE_CURVE('',#392,#373,#400,.T.);
#400 = CIRCLE('',#401,18.289662208101);
#401 = AXIS2_PLACEMENT_3D('',#402,#403,#404);
#402 = CARTESIAN_POINT('',(2.461347156826E-12,-6.973020954598E-13,
    -2.22044604925E-15));
#403 = DIRECTION('',(0.,0.,1.));
#404 = DIRECTION('',(0.978854432093,-0.204558062104,0.));
#405 = FACE_BOUND('',#406,.T.);
#406 = EDGE_LOOP('',(#407,#417,#426,#434));
#407 = ORIENTED_EDGE('',*,*,#408,.T.);
#408 = EDGE_CURVE('',#409,#411,#413,.T.);
#409 = VERTEX_POINT('',#410);
#410 = CARTESIAN_POINT('',(5.811103627403,-17.34193813615,
    -4.440892098501E-15));
#411 = VERTEX_POINT('',#412);
#412 = CARTESIAN_POINT('',(7.037927814786,-20.537924411,
    -4.440892098501E-15));
#413 = LINE('',#414,#415);
#414 = CARTESIAN_POINT('',(4.242151342399,-13.25467769546,
    -2.22044604925E-15));
#415 = VECTOR('',#416,1.);
#416 = DIRECTION('',(0.358367949545,-0.933580426497,0.));
#417 = ORIENTED_EDGE('',*,*,#418,.T.);
#418 = EDGE_CURVE('',#411,#419,#421,.T.);
#419 = VERTEX_POINT('',#420);
#420 = CARTESIAN_POINT('',(4.173937927896,-21.30532818832,
    -4.440892098501E-15));
#421 = CIRCLE('',#422,21.710337791894);
#422 = AXIS2_PLACEMENT_3D('',#423,#424,#425);
#423 = CARTESIAN_POINT('',(6.267922496327E-13,-2.480240213074E-12,
    -2.22044604925E-15));
#424 = DIRECTION('',(0.,0.,-1.));
#425 = DIRECTION('',(0.319157546682,-0.947701672678,0.));
#426 = ORIENTED_EDGE('',*,*,#427,.T.);
#427 = EDGE_CURVE('',#419,#428,#430,.T.);
#428 = VERTEX_POINT('',#429);
#429 = CARTESIAN_POINT('',(3.638405702721,-17.92411079046,
    -4.440892098501E-15));
#430 = LINE('',#431,#432);
#431 = CARTESIAN_POINT('',(2.429372046329,-10.29057271112,
    -2.22044604925E-15));
#432 = VECTOR('',#433,1.);
#433 = DIRECTION('',(-0.15643446504,0.987688340595,0.));
#434 = ORIENTED_EDGE('',*,*,#435,.T.);
#435 = EDGE_CURVE('',#428,#409,#436,.T.);
#436 = CIRCLE('',#437,18.289662208101);
#437 = AXIS2_PLACEMENT_3D('',#438,#439,#440);
#438 = CARTESIAN_POINT('',(6.267922496327E-13,-2.480240213074E-12,
    -2.22044604925E-15));
#439 = DIRECTION('',(0.,0.,1.));
#440 = DIRECTION('',(0.312274737715,-0.949991835852,0.));
#441 = FACE_BOUND('',#442,.T.);
#442 = EDGE_LOOP('',(#443,#453,#462,#470));
#443 = ORIENTED_EDGE('',*,*,#444,.T.);
#444 = EDGE_CURVE('',#445,#447,#449,.T.);
#445 = VERTEX_POINT('',#446);
#446 = CARTESIAN_POINT('',(-12.11300716306,-13.70353243343,
    -4.440892098501E-15));
#447 = VERTEX_POINT('',#448);
#448 = CARTESIAN_POINT('',(-14.26740037354,-16.3639864831,
    -4.440892098501E-15));
#449 = LINE('',#450,#451);
#450 = CARTESIAN_POINT('',(-3.974177279426,-3.652914552603,
    -2.22044604925E-15));
#451 = VECTOR('',#452,1.);
#452 = DIRECTION('',(-0.62932039105,-0.777145961457,0.));
#453 = ORIENTED_EDGE('',*,*,#454,.T.);
#454 = EDGE_CURVE('',#447,#455,#457,.T.);
#455 = VERTEX_POINT('',#456);
#456 = CARTESIAN_POINT('',(-16.3639864831,-14.26740037354,
    -4.440892098501E-15));
#457 = CIRCLE('',#458,21.710337791894);
#458 = AXIS2_PLACEMENT_3D('',#459,#460,#461);
#459 = CARTESIAN_POINT('',(-1.834554907193E-12,-1.782938117614E-12,
    -2.22044604925E-15));
#460 = DIRECTION('',(0.,0.,-1.));
#461 = DIRECTION('',(-0.661154950407,-0.750249379575,-0.));
#462 = ORIENTED_EDGE('',*,*,#463,.T.);
#463 = EDGE_CURVE('',#455,#464,#466,.T.);
#464 = VERTEX_POINT('',#465);
#465 = CARTESIAN_POINT('',(-13.70353243343,-12.11300716306,
    -4.440892098501E-15));
#466 = LINE('',#467,#468);
#467 = CARTESIAN_POINT('',(-1.413182356492,-2.160477908382,
    -2.22044604925E-15));
#468 = VECTOR('',#469,1.);
#469 = DIRECTION('',(0.777145961457,0.62932039105,0.));
#470 = ORIENTED_EDGE('',*,*,#471,.T.);
#471 = EDGE_CURVE('',#464,#445,#472,.T.);
#472 = CIRCLE('',#473,18.289662208101);
#473 = AXIS2_PLACEMENT_3D('',#474,#475,#476);
#474 = CARTESIAN_POINT('',(-1.834554907193E-12,-1.782938117614E-12,
    -2.22044604925E-15));
#475 = DIRECTION('',(0.,0.,1.));
#476 = DIRECTION('',(-0.666579694378,-0.745433773748,0.));
#477 = FACE_BOUND('',#478,.T.);
#478 = EDGE_LOOP('',(#479,#489,#498,#506));
#479 = ORIENTED_EDGE('',*,*,#480,.T.);
#480 = EDGE_CURVE('',#481,#483,#485,.T.);
#481 = VERTEX_POINT('',#482);
#482 = CARTESIAN_POINT('',(-17.92411079046,3.638405702721,
    -4.440892098501E-15));
#483 = VERTEX_POINT('',#484);
#484 = CARTESIAN_POINT('',(-21.30532818832,4.173937927896,
    -4.440892098501E-15));
#485 = LINE('',#486,#487);
#486 = CARTESIAN_POINT('',(-2.084882258417,1.1297183565,
    -2.22044604925E-15));
#487 = VECTOR('',#488,1.);
#488 = DIRECTION('',(-0.987688340595,0.15643446504,0.));
#489 = ORIENTED_EDGE('',*,*,#490,.T.);
#490 = EDGE_CURVE('',#483,#491,#493,.T.);
#491 = VERTEX_POINT('',#492);
#492 = CARTESIAN_POINT('',(-20.537924411,7.037927814786,
    -4.440892098501E-15));
#493 = CIRCLE('',#494,21.710337791894);
#494 = AXIS2_PLACEMENT_3D('',#495,#496,#497);
#495 = CARTESIAN_POINT('',(-2.461347156826E-12,6.973020954598E-13,
    -2.22044604925E-15));
#496 = DIRECTION('',(0.,0.,-1.));
#497 = DIRECTION('',(-0.980312497089,0.197452293102,0.));
#498 = ORIENTED_EDGE('',*,*,#499,.T.);
#499 = EDGE_CURVE('',#491,#500,#502,.T.);
#500 = VERTEX_POINT('',#501);
#501 = CARTESIAN_POINT('',(-17.34193813615,5.811103627403,
    -4.440892098501E-15));
#502 = LINE('',#503,#504);
#503 = CARTESIAN_POINT('',(-1.312685459619,-0.341949983613,
    -2.22044604925E-15));
#504 = VECTOR('',#505,1.);
#505 = DIRECTION('',(0.933580426497,-0.358367949545,0.));
#506 = ORIENTED_EDGE('',*,*,#507,.T.);
#507 = EDGE_CURVE('',#500,#481,#508,.T.);
#508 = CIRCLE('',#509,18.289662208101);
#509 = AXIS2_PLACEMENT_3D('',#510,#511,#512);
#510 = CARTESIAN_POINT('',(-2.461347156826E-12,6.973020954598E-13,
    -2.22044604925E-15));
#511 = DIRECTION('',(0.,0.,1.));
#512 = DIRECTION('',(-0.978854432093,0.204558062104,0.));
#513 = FACE_BOUND('',#514,.T.);
#514 = EDGE_LOOP('',(#515,#525,#534,#542));
#515 = ORIENTED_EDGE('',*,*,#516,.T.);
#516 = EDGE_CURVE('',#517,#519,#521,.T.);
#517 = VERTEX_POINT('',#518);
#518 = CARTESIAN_POINT('',(-5.811103627403,17.341938136152,
    -4.440892098501E-15));
#519 = VERTEX_POINT('',#520);
#520 = CARTESIAN_POINT('',(-7.037927814786,20.537924411004,
    -4.440892098501E-15));
#521 = LINE('',#522,#523);
#522 = CARTESIAN_POINT('',(-2.017447687725,7.459126532485,
    -2.22044604925E-15));
#523 = VECTOR('',#524,1.);
#524 = DIRECTION('',(-0.358367949545,0.933580426497,0.));
#525 = ORIENTED_EDGE('',*,*,#526,.T.);
#526 = EDGE_CURVE('',#519,#527,#529,.T.);
#527 = VERTEX_POINT('',#528);
#528 = CARTESIAN_POINT('',(-4.173937927896,21.305328188327,
    -4.440892098501E-15));
#529 = CIRCLE('',#530,21.710337791894);
#530 = AXIS2_PLACEMENT_3D('',#531,#532,#533);
#531 = CARTESIAN_POINT('',(-6.267922496327E-13,2.480240213074E-12,
    -2.22044604925E-15));
#532 = DIRECTION('',(0.,0.,-1.));
#533 = DIRECTION('',(-0.319157546682,0.947701672678,0.));
#534 = ORIENTED_EDGE('',*,*,#535,.T.);
#535 = EDGE_CURVE('',#527,#536,#538,.T.);
#536 = VERTEX_POINT('',#537);
#537 = CARTESIAN_POINT('',(-3.638405702721,17.924110790467,
    -4.440892098501E-15));
#538 = LINE('',#539,#540);
#539 = CARTESIAN_POINT('',(-2.005457101757,7.614079087746,
    -2.22044604925E-15));
#540 = VECTOR('',#541,1.);
#541 = DIRECTION('',(0.15643446504,-0.987688340595,0.));
#542 = ORIENTED_EDGE('',*,*,#543,.T.);
#543 = EDGE_CURVE('',#536,#517,#544,.T.);
#544 = CIRCLE('',#545,18.289662208101);
#545 = AXIS2_PLACEMENT_3D('',#546,#547,#548);
#546 = CARTESIAN_POINT('',(-6.267922496327E-13,2.480240213074E-12,
    -2.22044604925E-15));
#547 = DIRECTION('',(0.,0.,1.));
#548 = DIRECTION('',(-0.312274737715,0.949991835852,0.));
#549 = FACE_BOUND('',#550,.T.);
#550 = EDGE_LOOP('',(#551,#561,#570,#578));
#551 = ORIENTED_EDGE('',*,*,#552,.T.);
#552 = EDGE_CURVE('',#553,#555,#557,.T.);
#553 = VERTEX_POINT('',#554);
#554 = CARTESIAN_POINT('',(12.113007163064,13.703532433431,
    -4.440892098501E-15));
#555 = VERTEX_POINT('',#556);
#556 = CARTESIAN_POINT('',(14.267400373541,16.363986483107,
    -4.440892098501E-15));
#557 = LINE('',#558,#559);
#558 = CARTESIAN_POINT('',(10.834703875932,12.124959338962,
    -2.22044604925E-15));
#559 = VECTOR('',#560,1.);
#560 = DIRECTION('',(0.62932039105,0.777145961457,0.));
#561 = ORIENTED_EDGE('',*,*,#562,.T.);
#562 = EDGE_CURVE('',#555,#563,#565,.T.);
#563 = VERTEX_POINT('',#564);
#564 = CARTESIAN_POINT('',(16.363986483107,14.267400373541,
    -4.440892098501E-15));
#565 = CIRCLE('',#566,21.710337791894);
#566 = AXIS2_PLACEMENT_3D('',#567,#568,#569);
#567 = CARTESIAN_POINT('',(1.834554907193E-12,1.782938117614E-12,
    -2.22044604925E-15));
#568 = DIRECTION('',(0.,0.,-1.));
#569 = DIRECTION('',(0.661154950407,0.750249379575,0.));
#570 = ORIENTED_EDGE('',*,*,#571,.T.);
#571 = EDGE_CURVE('',#563,#572,#574,.T.);
#572 = VERTEX_POINT('',#573);
#573 = CARTESIAN_POINT('',(13.703532433431,12.113007163064,
    -4.440892098501E-15));
#574 = LINE('',#575,#576);
#575 = CARTESIAN_POINT('',(11.875286373204,10.632522694741,
    -2.22044604925E-15));
#576 = VECTOR('',#577,1.);
#577 = DIRECTION('',(-0.777145961457,-0.62932039105,0.));
#578 = ORIENTED_EDGE('',*,*,#579,.T.);
#579 = EDGE_CURVE('',#572,#553,#580,.T.);
#580 = CIRCLE('',#581,18.289662208101);
#581 = AXIS2_PLACEMENT_3D('',#582,#583,#584);
#582 = CARTESIAN_POINT('',(1.834554907193E-12,1.782938117614E-12,
    -2.22044604925E-15));
#583 = DIRECTION('',(0.,0.,1.));
#584 = DIRECTION('',(0.666579694378,0.745433773748,-0.));
#585 = FACE_BOUND('',#586,.T.);
#586 = EDGE_LOOP('',(#587));
#587 = ORIENTED_EDGE('',*,*,#53,.F.);
#588 = PLANE('',#589);
#589 = AXIS2_PLACEMENT_3D('',#590,#591,#592);
#590 = CARTESIAN_POINT('',(17.322630613218,0.,-2.22044604925E-15));
#591 = DIRECTION('',(0.,0.,1.));
#592 = DIRECTION('',(1.,0.,-0.));
#593 = ADVANCED_FACE('',(#594),#613,.F.);
#594 = FACE_BOUND('',#595,.F.);
#595 = EDGE_LOOP('',(#596,#604,#605,#606));
#596 = ORIENTED_EDGE('',*,*,#597,.T.);
#597 = EDGE_CURVE('',#598,#86,#600,.T.);
#598 = VERTEX_POINT('',#599);
#599 = CARTESIAN_POINT('',(-17.53589342598,-2.465190328816E-31,
    -1.587473963284));
#600 = LINE('',#601,#602);
#601 = CARTESIAN_POINT('',(-17.50012902489,1.069383911784E-15,
    -1.50762631032));
#602 = VECTOR('',#603,1.);
#603 = DIRECTION('',(0.408776322989,6.098878279296E-15,0.912634602546));
#604 = ORIENTED_EDGE('',*,*,#94,.F.);
#605 = ORIENTED_EDGE('',*,*,#597,.F.);
#606 = ORIENTED_EDGE('',*,*,#607,.F.);
#607 = EDGE_CURVE('',#598,#598,#608,.T.);
#608 = CIRCLE('',#609,17.535893425984);
#609 = AXIS2_PLACEMENT_3D('',#610,#611,#612);
#610 = CARTESIAN_POINT('',(0.,-1.073763787716E-15,-1.587473963284));
#611 = DIRECTION('',(0.,0.,-1.));
#612 = DIRECTION('',(1.,6.123233995737E-17,0.));
#613 = CONICAL_SURFACE('',#614,17.50012902489,0.421112840801);
#614 = AXIS2_PLACEMENT_3D('',#615,#616,#617);
#615 = CARTESIAN_POINT('',(0.,-5.36881893858E-16,-1.50762631032));
#616 = DIRECTION('',(0.,-6.723828114273E-15,-1.));
#617 = DIRECTION('',(1.,3.067873917355E-17,-2.062785689655E-31));
#618 = ADVANCED_FACE('',(#619),#750,.F.);
#619 = FACE_BOUND('',#620,.F.);
#620 = EDGE_LOOP('',(#621,#629,#644,#653,#664,#685,#694,#715,#726,#735,
    #748,#749));
#621 = ORIENTED_EDGE('',*,*,#622,.T.);
#622 = EDGE_CURVE('',#598,#623,#625,.T.);
#623 = VERTEX_POINT('',#624);
#624 = CARTESIAN_POINT('',(-18.5726306132,7.706080157369E-17,
    -2.366070029976));
#625 = LINE('',#626,#627);
#626 = CARTESIAN_POINT('',(-18.37521971852,-2.250315401192E-15,
    -2.21781322197));
#627 = VECTOR('',#628,1.);
#628 = DIRECTION('',(-0.799613635892,-9.792442797493E-17,-0.600514806892
    ));
#629 = ORIENTED_EDGE('',*,*,#630,.F.);
#630 = EDGE_CURVE('',#631,#623,#633,.T.);
#631 = VERTEX_POINT('',#632);
#632 = CARTESIAN_POINT('',(-19.44680755213,-1.192164848825,-3.05));
#633 = B_SPLINE_CURVE_WITH_KNOTS('',3,(#634,#635,#636,#637,#638,#639,
    #640,#641,#642,#643),.UNSPECIFIED.,.F.,.F.,(4,2,2,2,4),(
    3.634569105768E-02,5.742890283929E-02,0.114857805679,0.159485816432,
    0.204113827186),.UNSPECIFIED.);
#634 = CARTESIAN_POINT('',(-19.44680755213,-1.192164848825,-3.05));
#635 = CARTESIAN_POINT('',(-19.38916056559,-1.17399197033,
    -3.005952773823));
#636 = CARTESIAN_POINT('',(-19.33202510552,-1.151358137705,
    -2.962095110534));
#637 = CARTESIAN_POINT('',(-19.12501702897,-1.050796740331,
    -2.80249696338));
#638 = CARTESIAN_POINT('',(-18.98533917481,-0.943633160642,
    -2.693312442552));
#639 = CARTESIAN_POINT('',(-18.78815702585,-0.714056966788,
    -2.537932226687));
#640 = CARTESIAN_POINT('',(-18.70884479681,-0.587239487012,
    -2.474894590641));
#641 = CARTESIAN_POINT('',(-18.6009385953,-0.304692845386,
    -2.388808213569));
#642 = CARTESIAN_POINT('',(-18.5726306132,-0.148760035846,
    -2.366070029976));
#643 = CARTESIAN_POINT('',(-18.5726306132,2.393918396848E-15,
    -2.366070029976));
#644 = ORIENTED_EDGE('',*,*,#645,.T.);
#645 = EDGE_CURVE('',#631,#646,#648,.T.);
#646 = VERTEX_POINT('',#647);
#647 = CARTESIAN_POINT('',(8.690958731487,-17.43751178707,-3.05));
#648 = CIRCLE('',#649,19.483315451858);
#649 = AXIS2_PLACEMENT_3D('',#650,#651,#652);
#650 = CARTESIAN_POINT('',(0.,0.,-3.05));
#651 = DIRECTION('',(0.,0.,1.));
#652 = DIRECTION('',(1.,0.,-0.));
#653 = ORIENTED_EDGE('',*,*,#654,.F.);
#654 = EDGE_CURVE('',#655,#646,#657,.T.);
#655 = VERTEX_POINT('',#656);
#656 = CARTESIAN_POINT('',(8.6613153066,-17.16690168086,-2.858352439048)
  );
#657 = B_SPLINE_CURVE_WITH_KNOTS('',3,(#658,#659,#660,#661,#662,#663),
  .UNSPECIFIED.,.F.,.F.,(4,2,4),(0.340690195075,0.350798751533,
    0.371881963315),.UNSPECIFIED.);
#658 = CARTESIAN_POINT('',(8.6613153066,-17.16690168086,-2.858352439048)
  );
#659 = CARTESIAN_POINT('',(8.6613153066,-17.19674976417,-2.878365563604)
  );
#660 = CARTESIAN_POINT('',(8.662385581518,-17.22650493577,
    -2.898688992364));
#661 = CARTESIAN_POINT('',(8.668907156654,-17.31770391683,
    -2.962095110534));
#662 = CARTESIAN_POINT('',(8.677873412652,-17.37850159302,
    -3.005952773823));
#663 = CARTESIAN_POINT('',(8.690958731487,-17.43751178707,-3.05));
#664 = ORIENTED_EDGE('',*,*,#665,.F.);
#665 = EDGE_CURVE('',#666,#655,#668,.T.);
#666 = VERTEX_POINT('',#667);
#667 = CARTESIAN_POINT('',(10.755848820649,-16.24534693824,-3.05));
#668 = B_SPLINE_CURVE_WITH_KNOTS('',3,(#669,#670,#671,#672,#673,#674,
    #675,#676,#677,#678,#679,#680,#681,#682,#683,#684),.UNSPECIFIED.,.F.
  ,.F.,(4,2,2,2,2,2,2,4),(3.634569105768E-02,5.742890283929E-02,
    0.114857805679,0.159485816432,0.204113827186,0.24874183794,
    0.293369848694,0.340690195075),.UNSPECIFIED.);
#669 = CARTESIAN_POINT('',(10.755848820649,-16.24534693824,-3.05));
#670 = CARTESIAN_POINT('',(10.711287152941,-16.20450962269,
    -3.005952773823));
#671 = CARTESIAN_POINT('',(10.663117948866,-16.16634577912,
    -2.962095110534));
#672 = CARTESIAN_POINT('',(10.472525185825,-16.03735222473,
    -2.80249696338));
#673 = CARTESIAN_POINT('',(10.309879876376,-15.96996944453,
    -2.693312442552));
#674 = CARTESIAN_POINT('',(10.012469985915,-15.91399279128,
    -2.537932226687));
#675 = CARTESIAN_POINT('',(9.862986712264,-15.90871512599,
    -2.474894590641));
#676 = CARTESIAN_POINT('',(9.564341042107,-15.95653893507,
    -2.388808213569));
#677 = CARTESIAN_POINT('',(9.41514527671,-16.00998990821,-2.366070029976
    ));
#678 = CARTESIAN_POINT('',(9.15748533649,-16.15874994405,-2.366070029976
    ));
#679 = CARTESIAN_POINT('',(9.036597553197,-16.26123178046,
    -2.388808213569));
#680 = CARTESIAN_POINT('',(8.845858084549,-16.495954613,-2.474894590641)
  );
#681 = CARTESIAN_POINT('',(8.775687039939,-16.62804975807,
    -2.537932226687));
#682 = CARTESIAN_POINT('',(8.685386678641,-16.88531910163,
    -2.677922307487));
#683 = CARTESIAN_POINT('',(8.661315306601,-17.02717632568,
    -2.764666660062));
#684 = CARTESIAN_POINT('',(8.6613153066,-17.16690168086,-2.858352439048)
  );
#685 = ORIENTED_EDGE('',*,*,#686,.T.);
#686 = EDGE_CURVE('',#666,#687,#689,.T.);
#687 = VERTEX_POINT('',#688);
#688 = CARTESIAN_POINT('',(10.755848820649,16.245346938245,-3.05));
#689 = CIRCLE('',#690,19.483315451858);
#690 = AXIS2_PLACEMENT_3D('',#691,#692,#693);
#691 = CARTESIAN_POINT('',(0.,0.,-3.05));
#692 = DIRECTION('',(0.,0.,1.));
#693 = DIRECTION('',(1.,0.,-0.));
#694 = ORIENTED_EDGE('',*,*,#695,.F.);
#695 = EDGE_CURVE('',#696,#687,#698,.T.);
#696 = VERTEX_POINT('',#697);
#697 = CARTESIAN_POINT('',(8.6613153066,17.166901680863,-2.858352439048)
  );
#698 = B_SPLINE_CURVE_WITH_KNOTS('',3,(#699,#700,#701,#702,#703,#704,
    #705,#706,#707,#708,#709,#710,#711,#712,#713,#714),.UNSPECIFIED.,.F.
  ,.F.,(4,2,2,2,2,2,2,4),(6.753745929712E-02,0.114857805679,
    0.159485816432,0.204113827186,0.24874183794,0.293369848694,
    0.350798751533,0.371881963315),.UNSPECIFIED.);
#699 = CARTESIAN_POINT('',(8.6613153066,17.16690168086,-2.858352439048)
  );
#700 = CARTESIAN_POINT('',(8.6613153066,17.027176325687,-2.764666660062)
  );
#701 = CARTESIAN_POINT('',(8.685386678641,16.885319101637,
    -2.677922307487));
#702 = CARTESIAN_POINT('',(8.775687039939,16.628049758075,
    -2.537932226687));
#703 = CARTESIAN_POINT('',(8.845858084549,16.495954613007,
    -2.474894590641));
#704 = CARTESIAN_POINT('',(9.036597553197,16.26123178046,-2.388808213569
    ));
#705 = CARTESIAN_POINT('',(9.15748533649,16.158749944059,-2.366070029976
    ));
#706 = CARTESIAN_POINT('',(9.41514527671,16.009989908213,-2.366070029976
    ));
#707 = CARTESIAN_POINT('',(9.564341042107,15.956538935075,
    -2.388808213569));
#708 = CARTESIAN_POINT('',(9.862986712264,15.908715125995,
    -2.474894590641));
#709 = CARTESIAN_POINT('',(10.012469985915,15.913992791286,
    -2.537932226687));
#710 = CARTESIAN_POINT('',(10.309879876376,15.969969444531,
    -2.693312442552));
#711 = CARTESIAN_POINT('',(10.472525185825,16.037352224732,
    -2.80249696338));
#712 = CARTESIAN_POINT('',(10.663117948866,16.166345779127,
    -2.962095110534));
#713 = CARTESIAN_POINT('',(10.711287152941,16.204509622694,
    -3.005952773823));
#714 = CARTESIAN_POINT('',(10.755848820649,16.245346938245,-3.05));
#715 = ORIENTED_EDGE('',*,*,#716,.F.);
#716 = EDGE_CURVE('',#717,#696,#719,.T.);
#717 = VERTEX_POINT('',#718);
#718 = CARTESIAN_POINT('',(8.690958731487,17.43751178707,-3.05));
#719 = B_SPLINE_CURVE_WITH_KNOTS('',3,(#720,#721,#722,#723,#724,#725),
  .UNSPECIFIED.,.F.,.F.,(4,2,4),(3.634569105768E-02,5.742890283929E-02,
    6.753745929712E-02),.UNSPECIFIED.);
#720 = CARTESIAN_POINT('',(8.690958731487,17.43751178707,-3.05));
#721 = CARTESIAN_POINT('',(8.677873412652,17.378501593024,
    -3.005952773823));
#722 = CARTESIAN_POINT('',(8.668907156654,17.317703916831,
    -2.962095110534));
#723 = CARTESIAN_POINT('',(8.662385581518,17.226504935778,
    -2.898688992364));
#724 = CARTESIAN_POINT('',(8.6613153066,17.196749764177,-2.878365563604)
  );
#725 = CARTESIAN_POINT('',(8.6613153066,17.16690168086,-2.858352439048)
  );
#726 = ORIENTED_EDGE('',*,*,#727,.T.);
#727 = EDGE_CURVE('',#717,#728,#730,.T.);
#728 = VERTEX_POINT('',#729);
#729 = CARTESIAN_POINT('',(-19.44680755213,1.192164848825,-3.05));
#730 = CIRCLE('',#731,19.483315451858);
#731 = AXIS2_PLACEMENT_3D('',#732,#733,#734);
#732 = CARTESIAN_POINT('',(0.,0.,-3.05));
#733 = DIRECTION('',(0.,0.,1.));
#734 = DIRECTION('',(1.,0.,-0.));
#735 = ORIENTED_EDGE('',*,*,#736,.F.);
#736 = EDGE_CURVE('',#623,#728,#737,.T.);
#737 = B_SPLINE_CURVE_WITH_KNOTS('',3,(#738,#739,#740,#741,#742,#743,
    #744,#745,#746,#747),.UNSPECIFIED.,.F.,.F.,(4,2,2,2,4),(
    0.204113827186,0.24874183794,0.293369848694,0.350798751533,
    0.371881963315),.UNSPECIFIED.);
#738 = CARTESIAN_POINT('',(-18.5726306132,2.428612866368E-15,
    -2.366070029976));
#739 = CARTESIAN_POINT('',(-18.5726306132,0.148760035846,-2.366070029976
    ));
#740 = CARTESIAN_POINT('',(-18.6009385953,0.304692845386,-2.388808213569
    ));
#741 = CARTESIAN_POINT('',(-18.70884479681,0.587239487012,
    -2.474894590641));
#742 = CARTESIAN_POINT('',(-18.78815702585,0.714056966788,
    -2.537932226687));
#743 = CARTESIAN_POINT('',(-18.98533917481,0.943633160642,
    -2.693312442552));
#744 = CARTESIAN_POINT('',(-19.12501702897,1.050796740331,-2.80249696338
    ));
#745 = CARTESIAN_POINT('',(-19.33202510552,1.151358137705,
    -2.962095110534));
#746 = CARTESIAN_POINT('',(-19.38916056559,1.17399197033,-3.005952773823
    ));
#747 = CARTESIAN_POINT('',(-19.44680755213,1.192164848825,-3.05));
#748 = ORIENTED_EDGE('',*,*,#622,.F.);
#749 = ORIENTED_EDGE('',*,*,#607,.T.);
#750 = CONICAL_SURFACE('',#751,18.375219718523,0.926651553979);
#751 = AXIS2_PLACEMENT_3D('',#752,#753,#754);
#752 = CARTESIAN_POINT('',(0.,0.,-2.21781322197));
#753 = DIRECTION('',(0.,0.,-1.));
#754 = DIRECTION('',(1.,0.,0.));
#755 = ADVANCED_FACE('',(#756),#781,.F.);
#756 = FACE_BOUND('',#757,.T.);
#757 = EDGE_LOOP('',(#758,#768,#774,#775));
#758 = ORIENTED_EDGE('',*,*,#759,.T.);
#759 = EDGE_CURVE('',#760,#762,#764,.T.);
#760 = VERTEX_POINT('',#761);
#761 = CARTESIAN_POINT('',(4.220871325138,18.322719115511,-1.1));
#762 = VERTEX_POINT('',#763);
#763 = CARTESIAN_POINT('',(4.596300383543,20.693084901666,-1.1));
#764 = LINE('',#765,#766);
#765 = CARTESIAN_POINT('',(4.540604392885,20.341434256285,-1.1));
#766 = VECTOR('',#767,1.);
#767 = DIRECTION('',(0.15643446504,0.987688340595,0.));
#768 = ORIENTED_EDGE('',*,*,#769,.F.);
#769 = EDGE_CURVE('',#126,#762,#770,.T.);
#770 = B_SPLINE_CURVE_WITH_KNOTS('',2,(#771,#772,#773),.UNSPECIFIED.,.F.
  ,.F.,(3,3),(0.376337935958,0.505921612083),.PIECEWISE_BEZIER_KNOTS.);
#771 = CARTESIAN_POINT('',(4.173937927896,21.305328188327,
    -4.440892098501E-15));
#772 = CARTESIAN_POINT('',(4.388303090453,20.998702259276,
    -0.556913081576));
#773 = CARTESIAN_POINT('',(4.596300383543,20.693084901666,-1.1));
#774 = ORIENTED_EDGE('',*,*,#123,.F.);
#775 = ORIENTED_EDGE('',*,*,#776,.T.);
#776 = EDGE_CURVE('',#124,#760,#777,.T.);
#777 = B_SPLINE_CURVE_WITH_KNOTS('',2,(#778,#779,#780),.UNSPECIFIED.,.F.
  ,.F.,(3,3),(0.427651963185,0.560251738029),.PIECEWISE_BEZIER_KNOTS.);
#778 = CARTESIAN_POINT('',(3.638405702721,17.924110790467,
    -4.440892098501E-15));
#779 = CARTESIAN_POINT('',(3.926322012095,18.123940235276,
    -0.542799083634));
#780 = CARTESIAN_POINT('',(4.220871325138,18.322719115511,-1.1));
#781 = PLANE('',#782);
#782 = AXIS2_PLACEMENT_3D('',#783,#784,#785);
#783 = CARTESIAN_POINT('',(4.175454567587,21.188927714502,
    -4.226182617407E-02));
#784 = DIRECTION('',(-0.895149634247,0.141777773827,-0.422618261741));
#785 = DIRECTION('',(0.15643446504,0.987688340595,4.857225732735E-17));
#786 = ADVANCED_FACE('',(#787),#806,.T.);
#787 = FACE_BOUND('',#788,.T.);
#788 = EDGE_LOOP('',(#789,#798,#799,#800));
#789 = ORIENTED_EDGE('',*,*,#790,.T.);
#790 = EDGE_CURVE('',#791,#760,#793,.T.);
#791 = VERTEX_POINT('',#792);
#792 = CARTESIAN_POINT('',(5.50597776408,17.978375883008,-1.1));
#793 = CIRCLE('',#794,18.802600632072);
#794 = AXIS2_PLACEMENT_3D('',#795,#796,#797);
#795 = CARTESIAN_POINT('',(6.973020954598E-13,2.461347156826E-12,-1.1));
#796 = DIRECTION('',(0.,0.,1.));
#797 = DIRECTION('',(0.204558062104,0.978854432093,-0.));
#798 = ORIENTED_EDGE('',*,*,#776,.F.);
#799 = ORIENTED_EDGE('',*,*,#150,.F.);
#800 = ORIENTED_EDGE('',*,*,#801,.F.);
#801 = EDGE_CURVE('',#791,#143,#802,.T.);
#802 = B_SPLINE_CURVE_WITH_KNOTS('',2,(#803,#804,#805),.UNSPECIFIED.,.F.
  ,.F.,(3,3),(0.596310086429,0.728909861273),.PIECEWISE_BEZIER_KNOTS.);
#803 = CARTESIAN_POINT('',(5.50597776408,17.978375883008,-1.1));
#804 = CARTESIAN_POINT('',(5.661675511726,17.658953666467,
    -0.542799083634));
#805 = CARTESIAN_POINT('',(5.811103627403,17.341938136152,0.));
#806 = CONICAL_SURFACE('',#807,18.309369221294,0.436332312999);
#807 = AXIS2_PLACEMENT_3D('',#808,#809,#810);
#808 = CARTESIAN_POINT('',(6.973020954598E-13,2.461347156826E-12,
    -4.226182617407E-02));
#809 = DIRECTION('',(0.,0.,-1.));
#810 = DIRECTION('',(0.204558062104,0.978854432093,0.));
#811 = ADVANCED_FACE('',(#812),#830,.F.);
#812 = FACE_BOUND('',#813,.T.);
#813 = EDGE_LOOP('',(#814,#822,#823,#824));
#814 = ORIENTED_EDGE('',*,*,#815,.T.);
#815 = EDGE_CURVE('',#816,#791,#818,.T.);
#816 = VERTEX_POINT('',#817);
#817 = CARTESIAN_POINT('',(6.366029555261,20.218887399283,-1.1));
#818 = LINE('',#819,#820);
#819 = CARTESIAN_POINT('',(5.664464458183,18.391247836714,-1.1));
#820 = VECTOR('',#821,1.);
#821 = DIRECTION('',(-0.358367949545,-0.933580426497,0.));
#822 = ORIENTED_EDGE('',*,*,#801,.T.);
#823 = ORIENTED_EDGE('',*,*,#142,.F.);
#824 = ORIENTED_EDGE('',*,*,#825,.F.);
#825 = EDGE_CURVE('',#816,#134,#826,.T.);
#826 = B_SPLINE_CURVE_WITH_KNOTS('',2,(#827,#828,#829),.UNSPECIFIED.,.F.
  ,.F.,(3,3),(0.677763007417,0.807346683543),.PIECEWISE_BEZIER_KNOTS.);
#827 = CARTESIAN_POINT('',(6.366029555261,20.218887399283,-1.1));
#828 = CARTESIAN_POINT('',(6.6989691738,20.379561148265,-0.556913081576)
  );
#829 = CARTESIAN_POINT('',(7.037927814786,20.537924411004,
    -4.440892098501E-15));
#830 = PLANE('',#831);
#831 = AXIS2_PLACEMENT_3D('',#832,#833,#834);
#832 = CARTESIAN_POINT('',(5.830466295,17.44737061334,
    -4.226182617407E-02));
#833 = DIRECTION('',(0.846111210359,-0.324791663297,-0.422618261741));
#834 = DIRECTION('',(-0.358367949545,-0.933580426497,-3.330669073875E-16
    ));
#835 = ADVANCED_FACE('',(#836),#848,.F.);
#836 = FACE_BOUND('',#837,.F.);
#837 = EDGE_LOOP('',(#838,#839,#840,#841));
#838 = ORIENTED_EDGE('',*,*,#769,.F.);
#839 = ORIENTED_EDGE('',*,*,#133,.T.);
#840 = ORIENTED_EDGE('',*,*,#825,.F.);
#841 = ORIENTED_EDGE('',*,*,#842,.F.);
#842 = EDGE_CURVE('',#762,#816,#843,.T.);
#843 = CIRCLE('',#844,21.197399367923);
#844 = AXIS2_PLACEMENT_3D('',#845,#846,#847);
#845 = CARTESIAN_POINT('',(6.973020954598E-13,2.461347156826E-12,-1.1));
#846 = DIRECTION('',(0.,0.,-1.));
#847 = DIRECTION('',(0.197452293102,0.980312497089,0.));
#848 = CONICAL_SURFACE('',#849,21.690630778701,0.436332312999);
#849 = AXIS2_PLACEMENT_3D('',#850,#851,#852);
#850 = CARTESIAN_POINT('',(6.973020954598E-13,2.461347156826E-12,
    -4.226182617407E-02));
#851 = DIRECTION('',(0.,0.,1.));
#852 = DIRECTION('',(0.197452293102,0.980312497089,-0.));
#853 = ADVANCED_FACE('',(#854),#860,.F.);
#854 = FACE_BOUND('',#855,.T.);
#855 = EDGE_LOOP('',(#856,#857,#858,#859));
#856 = ORIENTED_EDGE('',*,*,#759,.F.);
#857 = ORIENTED_EDGE('',*,*,#790,.F.);
#858 = ORIENTED_EDGE('',*,*,#815,.F.);
#859 = ORIENTED_EDGE('',*,*,#842,.F.);
#860 = PLANE('',#861);
#861 = AXIS2_PLACEMENT_3D('',#862,#863,#864);
#862 = CARTESIAN_POINT('',(5.210454523118,19.445681010803,-1.1));
#863 = DIRECTION('',(0.,0.,-1.));
#864 = DIRECTION('',(0.866025403784,0.5,0.));
#865 = ADVANCED_FACE('',(#866),#891,.F.);
#866 = FACE_BOUND('',#867,.T.);
#867 = EDGE_LOOP('',(#868,#878,#884,#885));
#868 = ORIENTED_EDGE('',*,*,#869,.T.);
#869 = EDGE_CURVE('',#870,#872,#874,.T.);
#870 = VERTEX_POINT('',#871);
#871 = CARTESIAN_POINT('',(-13.75750455787,12.816741351431,-1.1));
#872 = VERTEX_POINT('',#873);
#873 = CARTESIAN_POINT('',(-15.62258701574,14.327055346406,-1.1));
#874 = LINE('',#875,#876);
#875 = CARTESIAN_POINT('',(-15.34589661891,14.102995880916,-1.1));
#876 = VECTOR('',#877,1.);
#877 = DIRECTION('',(-0.777145961457,0.62932039105,0.));
#878 = ORIENTED_EDGE('',*,*,#879,.F.);
#879 = EDGE_CURVE('',#162,#872,#880,.T.);
#880 = B_SPLINE_CURVE_WITH_KNOTS('',2,(#881,#882,#883),.UNSPECIFIED.,.F.
  ,.F.,(3,3),(0.376337935958,0.505921612083),.PIECEWISE_BEZIER_KNOTS.);
#881 = CARTESIAN_POINT('',(-16.3639864831,14.267400373541,
    -4.440892098501E-15));
#882 = CARTESIAN_POINT('',(-15.99125805781,14.299733085476,
    -0.556913081576));
#883 = CARTESIAN_POINT('',(-15.62258701574,14.327055346406,-1.1));
#884 = ORIENTED_EDGE('',*,*,#159,.F.);
#885 = ORIENTED_EDGE('',*,*,#886,.T.);
#886 = EDGE_CURVE('',#160,#870,#887,.T.);
#887 = B_SPLINE_CURVE_WITH_KNOTS('',2,(#888,#889,#890),.UNSPECIFIED.,.F.
  ,.F.,(3,3),(0.427651963185,0.560251738029),.PIECEWISE_BEZIER_KNOTS.);
#888 = CARTESIAN_POINT('',(-13.70353243343,12.113007163064,0.));
#889 = CARTESIAN_POINT('',(-13.73263165437,12.46226472355,
    -0.542799083634));
#890 = CARTESIAN_POINT('',(-13.75750455787,12.816741351431,-1.1));
#891 = PLANE('',#892);
#892 = AXIS2_PLACEMENT_3D('',#893,#894,#895);
#893 = CARTESIAN_POINT('',(-16.26242239591,14.210513585129,
    -4.226182617407E-02));
#894 = DIRECTION('',(-0.570357970949,-0.704333436533,-0.422618261741));
#895 = DIRECTION('',(-0.777145961457,0.62932039105,-2.22044604925E-16));
#896 = ADVANCED_FACE('',(#897),#916,.T.);
#897 = FACE_BOUND('',#898,.T.);
#898 = EDGE_LOOP('',(#899,#908,#909,#910));
#899 = ORIENTED_EDGE('',*,*,#900,.F.);
#900 = EDGE_CURVE('',#870,#901,#903,.T.);
#901 = VERTEX_POINT('',#902);
#902 = CARTESIAN_POINT('',(-12.81674135143,13.75750455787,-1.1));
#903 = CIRCLE('',#904,18.802600632072);
#904 = AXIS2_PLACEMENT_3D('',#905,#906,#907);
#905 = CARTESIAN_POINT('',(-1.782938117614E-12,1.834554907193E-12,-1.1)
  );
#906 = DIRECTION('',(0.,0.,-1.));
#907 = DIRECTION('',(-0.745433773748,0.666579694378,0.));
#908 = ORIENTED_EDGE('',*,*,#886,.F.);
#909 = ORIENTED_EDGE('',*,*,#186,.F.);
#910 = ORIENTED_EDGE('',*,*,#911,.F.);
#911 = EDGE_CURVE('',#901,#179,#912,.T.);
#912 = B_SPLINE_CURVE_WITH_KNOTS('',2,(#913,#914,#915),.UNSPECIFIED.,.F.
  ,.F.,(3,3),(0.596310086429,0.728909861273),.PIECEWISE_BEZIER_KNOTS.);
#913 = CARTESIAN_POINT('',(-12.81674135143,13.75750455787,-1.1));
#914 = CARTESIAN_POINT('',(-12.46226472355,13.732631654372,
    -0.542799083634));
#915 = CARTESIAN_POINT('',(-12.11300716306,13.703532433431,
    -2.22044604925E-15));
#916 = CONICAL_SURFACE('',#917,18.309369221294,0.436332312999);
#917 = AXIS2_PLACEMENT_3D('',#918,#919,#920);
#918 = CARTESIAN_POINT('',(-1.782938117614E-12,1.834554907193E-12,
    -4.226182617407E-02));
#919 = DIRECTION('',(0.,0.,-1.));
#920 = DIRECTION('',(-0.745433773748,0.666579694378,0.));
#921 = ADVANCED_FACE('',(#922),#940,.F.);
#922 = FACE_BOUND('',#923,.T.);
#923 = EDGE_LOOP('',(#924,#932,#933,#934));
#924 = ORIENTED_EDGE('',*,*,#925,.F.);
#925 = EDGE_CURVE('',#901,#926,#928,.T.);
#926 = VERTEX_POINT('',#927);
#927 = CARTESIAN_POINT('',(-14.3270553464,15.62258701574,-1.1));
#928 = LINE('',#929,#930);
#929 = CARTESIAN_POINT('',(-13.09505560479,14.101194037977,-1.1));
#930 = VECTOR('',#931,1.);
#931 = DIRECTION('',(-0.62932039105,0.777145961457,0.));
#932 = ORIENTED_EDGE('',*,*,#911,.T.);
#933 = ORIENTED_EDGE('',*,*,#178,.F.);
#934 = ORIENTED_EDGE('',*,*,#935,.F.);
#935 = EDGE_CURVE('',#926,#170,#936,.T.);
#936 = B_SPLINE_CURVE_WITH_KNOTS('',2,(#937,#938,#939),.UNSPECIFIED.,.F.
  ,.F.,(3,3),(0.677763007417,0.807346683543),.PIECEWISE_BEZIER_KNOTS.);
#937 = CARTESIAN_POINT('',(-14.3270553464,15.62258701574,-1.1));
#938 = CARTESIAN_POINT('',(-14.29973308547,15.991258057812,
    -0.556913081576));
#939 = CARTESIAN_POINT('',(-14.26740037354,16.363986483107,
    -4.440892098501E-15));
#940 = PLANE('',#941);
#941 = AXIS2_PLACEMENT_3D('',#942,#943,#944);
#942 = CARTESIAN_POINT('',(-12.19463303289,13.773017234049,
    -4.226182617407E-02));
#943 = DIRECTION('',(0.704333436533,0.570357970949,-0.422618261741));
#944 = DIRECTION('',(0.62932039105,-0.777145961457,1.665334536938E-16));
#945 = ADVANCED_FACE('',(#946),#958,.F.);
#946 = FACE_BOUND('',#947,.F.);
#947 = EDGE_LOOP('',(#948,#949,#950,#951));
#948 = ORIENTED_EDGE('',*,*,#879,.F.);
#949 = ORIENTED_EDGE('',*,*,#169,.T.);
#950 = ORIENTED_EDGE('',*,*,#935,.F.);
#951 = ORIENTED_EDGE('',*,*,#952,.F.);
#952 = EDGE_CURVE('',#872,#926,#953,.T.);
#953 = CIRCLE('',#954,21.197399367923);
#954 = AXIS2_PLACEMENT_3D('',#955,#956,#957);
#955 = CARTESIAN_POINT('',(-1.782938117614E-12,1.834554907193E-12,-1.1)
  );
#956 = DIRECTION('',(0.,0.,-1.));
#957 = DIRECTION('',(-0.750249379575,0.661154950407,0.));
#958 = CONICAL_SURFACE('',#959,21.690630778701,0.436332312999);
#959 = AXIS2_PLACEMENT_3D('',#960,#961,#962);
#960 = CARTESIAN_POINT('',(-1.782938117614E-12,1.834554907193E-12,
    -4.226182617407E-02));
#961 = DIRECTION('',(0.,0.,1.));
#962 = DIRECTION('',(-0.750249379575,0.661154950407,0.));
#963 = ADVANCED_FACE('',(#964),#970,.F.);
#964 = FACE_BOUND('',#965,.T.);
#965 = EDGE_LOOP('',(#966,#967,#968,#969));
#966 = ORIENTED_EDGE('',*,*,#869,.F.);
#967 = ORIENTED_EDGE('',*,*,#900,.T.);
#968 = ORIENTED_EDGE('',*,*,#925,.T.);
#969 = ORIENTED_EDGE('',*,*,#952,.F.);
#970 = PLANE('',#971);
#971 = AXIS2_PLACEMENT_3D('',#972,#973,#974);
#972 = CARTESIAN_POINT('',(-14.23522648768,14.235226487685,-1.1));
#973 = DIRECTION('',(0.,0.,-1.));
#974 = DIRECTION('',(6.123233995737E-17,1.,0.));
#975 = ADVANCED_FACE('',(#976),#1001,.F.);
#976 = FACE_BOUND('',#977,.T.);
#977 = EDGE_LOOP('',(#978,#988,#994,#995));
#978 = ORIENTED_EDGE('',*,*,#979,.F.);
#979 = EDGE_CURVE('',#980,#982,#984,.T.);
#980 = VERTEX_POINT('',#981);
#981 = CARTESIAN_POINT('',(-20.69308490166,4.596300383543,-1.1));
#982 = VERTEX_POINT('',#983);
#983 = CARTESIAN_POINT('',(-18.32271911551,4.220871325138,-1.1));
#984 = LINE('',#985,#986);
#985 = CARTESIAN_POINT('',(-20.34143425628,4.540604392885,-1.1));
#986 = VECTOR('',#987,1.);
#987 = DIRECTION('',(0.987688340595,-0.15643446504,0.));
#988 = ORIENTED_EDGE('',*,*,#989,.F.);
#989 = EDGE_CURVE('',#483,#980,#990,.T.);
#990 = B_SPLINE_CURVE_WITH_KNOTS('',2,(#991,#992,#993),.UNSPECIFIED.,.F.
  ,.F.,(3,3),(0.376337935958,0.505921612083),.PIECEWISE_BEZIER_KNOTS.);
#991 = CARTESIAN_POINT('',(-21.30532818832,4.173937927896,
    -4.440892098501E-15));
#992 = CARTESIAN_POINT('',(-20.99870225927,4.388303090453,
    -0.556913081576));
#993 = CARTESIAN_POINT('',(-20.69308490166,4.596300383543,-1.1));
#994 = ORIENTED_EDGE('',*,*,#480,.F.);
#995 = ORIENTED_EDGE('',*,*,#996,.F.);
#996 = EDGE_CURVE('',#982,#481,#997,.T.);
#997 = B_SPLINE_CURVE_WITH_KNOTS('',2,(#998,#999,#1000),.UNSPECIFIED.,
  .F.,.F.,(3,3),(0.596310086429,0.728909861273),
  .PIECEWISE_BEZIER_KNOTS.);
#998 = CARTESIAN_POINT('',(-18.32271911551,4.220871325138,-1.1));
#999 = CARTESIAN_POINT('',(-18.12394023527,3.926322012095,
    -0.542799083634));
#1000 = CARTESIAN_POINT('',(-17.92411079046,3.638405702721,
    -2.22044604925E-15));
#1001 = PLANE('',#1002);
#1002 = AXIS2_PLACEMENT_3D('',#1003,#1004,#1005);
#1003 = CARTESIAN_POINT('',(-21.1889277145,4.175454567587,
    -4.226182617407E-02));
#1004 = DIRECTION('',(-0.141777773827,-0.895149634247,-0.422618261741));
#1005 = DIRECTION('',(-0.987688340595,0.15643446504,4.857225732735E-17)
  );
#1006 = ADVANCED_FACE('',(#1007),#1026,.T.);
#1007 = FACE_BOUND('',#1008,.T.);
#1008 = EDGE_LOOP('',(#1009,#1018,#1019,#1020));
#1009 = ORIENTED_EDGE('',*,*,#1010,.F.);
#1010 = EDGE_CURVE('',#982,#1011,#1013,.T.);
#1011 = VERTEX_POINT('',#1012);
#1012 = CARTESIAN_POINT('',(-17.978375883,5.50597776408,-1.1));
#1013 = CIRCLE('',#1014,18.802600632072);
#1014 = AXIS2_PLACEMENT_3D('',#1015,#1016,#1017);
#1015 = CARTESIAN_POINT('',(-2.461347156826E-12,6.973020954598E-13,-1.1)
  );
#1016 = DIRECTION('',(0.,0.,-1.));
#1017 = DIRECTION('',(-0.978854432093,0.204558062104,0.));
#1018 = ORIENTED_EDGE('',*,*,#996,.T.);
#1019 = ORIENTED_EDGE('',*,*,#507,.F.);
#1020 = ORIENTED_EDGE('',*,*,#1021,.F.);
#1021 = EDGE_CURVE('',#1011,#500,#1022,.T.);
#1022 = B_SPLINE_CURVE_WITH_KNOTS('',2,(#1023,#1024,#1025),
  .UNSPECIFIED.,.F.,.F.,(3,3),(0.596310086429,0.728909861273),
  .PIECEWISE_BEZIER_KNOTS.);
#1023 = CARTESIAN_POINT('',(-17.978375883,5.50597776408,-1.1));
#1024 = CARTESIAN_POINT('',(-17.65895366646,5.661675511726,
    -0.542799083634));
#1025 = CARTESIAN_POINT('',(-17.34193813615,5.811103627403,
    -4.440892098501E-15));
#1026 = CONICAL_SURFACE('',#1027,18.309369221294,0.436332312999);
#1027 = AXIS2_PLACEMENT_3D('',#1028,#1029,#1030);
#1028 = CARTESIAN_POINT('',(-2.461347156826E-12,6.973020954598E-13,
    -4.226182617407E-02));
#1029 = DIRECTION('',(0.,0.,-1.));
#1030 = DIRECTION('',(-0.978854432093,0.204558062104,0.));
#1031 = ADVANCED_FACE('',(#1032),#1050,.F.);
#1032 = FACE_BOUND('',#1033,.T.);
#1033 = EDGE_LOOP('',(#1034,#1042,#1043,#1044));
#1034 = ORIENTED_EDGE('',*,*,#1035,.F.);
#1035 = EDGE_CURVE('',#1011,#1036,#1038,.T.);
#1036 = VERTEX_POINT('',#1037);
#1037 = CARTESIAN_POINT('',(-20.21888739928,6.366029555261,-1.1));
#1038 = LINE('',#1039,#1040);
#1039 = CARTESIAN_POINT('',(-18.39124783671,5.664464458183,-1.1));
#1040 = VECTOR('',#1041,1.);
#1041 = DIRECTION('',(-0.933580426497,0.358367949545,0.));
#1042 = ORIENTED_EDGE('',*,*,#1021,.T.);
#1043 = ORIENTED_EDGE('',*,*,#499,.F.);
#1044 = ORIENTED_EDGE('',*,*,#1045,.F.);
#1045 = EDGE_CURVE('',#1036,#491,#1046,.T.);
#1046 = B_SPLINE_CURVE_WITH_KNOTS('',2,(#1047,#1048,#1049),
  .UNSPECIFIED.,.F.,.F.,(3,3),(0.677763007417,0.807346683543),
  .PIECEWISE_BEZIER_KNOTS.);
#1047 = CARTESIAN_POINT('',(-20.21888739928,6.366029555261,-1.1));
#1048 = CARTESIAN_POINT('',(-20.37956114826,6.6989691738,-0.556913081576
    ));
#1049 = CARTESIAN_POINT('',(-20.537924411,7.037927814786,
    -2.22044604925E-15));
#1050 = PLANE('',#1051);
#1051 = AXIS2_PLACEMENT_3D('',#1052,#1053,#1054);
#1052 = CARTESIAN_POINT('',(-17.44737061334,5.830466295,
    -4.226182617407E-02));
#1053 = DIRECTION('',(0.324791663297,0.846111210359,-0.422618261741));
#1054 = DIRECTION('',(0.933580426497,-0.358367949545,1.110223024625E-16)
  );
#1055 = ADVANCED_FACE('',(#1056),#1068,.F.);
#1056 = FACE_BOUND('',#1057,.F.);
#1057 = EDGE_LOOP('',(#1058,#1059,#1060,#1061));
#1058 = ORIENTED_EDGE('',*,*,#989,.F.);
#1059 = ORIENTED_EDGE('',*,*,#490,.T.);
#1060 = ORIENTED_EDGE('',*,*,#1045,.F.);
#1061 = ORIENTED_EDGE('',*,*,#1062,.T.);
#1062 = EDGE_CURVE('',#1036,#980,#1063,.T.);
#1063 = CIRCLE('',#1064,21.197399367923);
#1064 = AXIS2_PLACEMENT_3D('',#1065,#1066,#1067);
#1065 = CARTESIAN_POINT('',(-2.461347156826E-12,6.973020954598E-13,-1.1)
  );
#1066 = DIRECTION('',(0.,0.,1.));
#1067 = DIRECTION('',(-0.980312497089,0.197452293102,0.));
#1068 = CONICAL_SURFACE('',#1069,21.690630778701,0.436332312999);
#1069 = AXIS2_PLACEMENT_3D('',#1070,#1071,#1072);
#1070 = CARTESIAN_POINT('',(-2.461347156826E-12,6.973020954598E-13,
    -4.226182617407E-02));
#1071 = DIRECTION('',(0.,0.,1.));
#1072 = DIRECTION('',(-0.980312497089,0.197452293102,0.));
#1073 = ADVANCED_FACE('',(#1074),#1080,.F.);
#1074 = FACE_BOUND('',#1075,.T.);
#1075 = EDGE_LOOP('',(#1076,#1077,#1078,#1079));
#1076 = ORIENTED_EDGE('',*,*,#979,.T.);
#1077 = ORIENTED_EDGE('',*,*,#1010,.T.);
#1078 = ORIENTED_EDGE('',*,*,#1035,.T.);
#1079 = ORIENTED_EDGE('',*,*,#1062,.T.);
#1080 = PLANE('',#1081);
#1081 = AXIS2_PLACEMENT_3D('',#1082,#1083,#1084);
#1082 = CARTESIAN_POINT('',(-19.4456810108,5.210454523118,-1.1));
#1083 = DIRECTION('',(0.,0.,-1.));
#1084 = DIRECTION('',(-0.5,0.866025403784,0.));
#1085 = ADVANCED_FACE('',(#1086),#1111,.F.);
#1086 = FACE_BOUND('',#1087,.T.);
#1087 = EDGE_LOOP('',(#1088,#1098,#1104,#1105));
#1088 = ORIENTED_EDGE('',*,*,#1089,.F.);
#1089 = EDGE_CURVE('',#1090,#1092,#1094,.T.);
#1090 = VERTEX_POINT('',#1091);
#1091 = CARTESIAN_POINT('',(-20.21888739928,-6.366029555261,-1.1));
#1092 = VERTEX_POINT('',#1093);
#1093 = CARTESIAN_POINT('',(-17.978375883,-5.50597776408,-1.1));
#1094 = LINE('',#1095,#1096);
#1095 = CARTESIAN_POINT('',(-19.88650101179,-6.238438375369,-1.1));
#1096 = VECTOR('',#1097,1.);
#1097 = DIRECTION('',(0.933580426497,0.358367949545,0.));
#1098 = ORIENTED_EDGE('',*,*,#1099,.T.);
#1099 = EDGE_CURVE('',#1090,#198,#1100,.T.);
#1100 = B_SPLINE_CURVE_WITH_KNOTS('',2,(#1101,#1102,#1103),
  .UNSPECIFIED.,.F.,.F.,(3,3),(0.677763007417,0.807346683543),
  .PIECEWISE_BEZIER_KNOTS.);
#1101 = CARTESIAN_POINT('',(-20.21888739928,-6.366029555261,-1.1));
#1102 = CARTESIAN_POINT('',(-20.37956114826,-6.6989691738,
    -0.556913081576));
#1103 = CARTESIAN_POINT('',(-20.537924411,-7.037927814786,
    -6.661338147751E-15));
#1104 = ORIENTED_EDGE('',*,*,#195,.F.);
#1105 = ORIENTED_EDGE('',*,*,#1106,.T.);
#1106 = EDGE_CURVE('',#196,#1092,#1107,.T.);
#1107 = B_SPLINE_CURVE_WITH_KNOTS('',2,(#1108,#1109,#1110),
  .UNSPECIFIED.,.F.,.F.,(3,3),(0.427651963185,0.560251738029),
  .PIECEWISE_BEZIER_KNOTS.);
#1108 = CARTESIAN_POINT('',(-17.34193813615,-5.811103627403,0.));
#1109 = CARTESIAN_POINT('',(-17.65895366646,-5.661675511726,
    -0.542799083634));
#1110 = CARTESIAN_POINT('',(-17.978375883,-5.50597776408,-1.1));
#1111 = PLANE('',#1112);
#1112 = AXIS2_PLACEMENT_3D('',#1113,#1114,#1115);
#1113 = CARTESIAN_POINT('',(-20.4378769635,-6.978414129373,
    -4.226182617407E-02));
#1114 = DIRECTION('',(0.324791663297,-0.846111210359,-0.422618261741));
#1115 = DIRECTION('',(-0.933580426497,-0.358367949545,
    -1.110223024625E-16));
#1116 = ADVANCED_FACE('',(#1117),#1136,.T.);
#1117 = FACE_BOUND('',#1118,.T.);
#1118 = EDGE_LOOP('',(#1119,#1128,#1129,#1130));
#1119 = ORIENTED_EDGE('',*,*,#1120,.F.);
#1120 = EDGE_CURVE('',#1092,#1121,#1123,.T.);
#1121 = VERTEX_POINT('',#1122);
#1122 = CARTESIAN_POINT('',(-18.32271911551,-4.220871325138,-1.1));
#1123 = CIRCLE('',#1124,18.802600632072);
#1124 = AXIS2_PLACEMENT_3D('',#1125,#1126,#1127);
#1125 = CARTESIAN_POINT('',(-2.480240213074E-12,-6.267922496327E-13,-1.1
    ));
#1126 = DIRECTION('',(0.,0.,-1.));
#1127 = DIRECTION('',(-0.949991835852,-0.312274737715,-0.));
#1128 = ORIENTED_EDGE('',*,*,#1106,.F.);
#1129 = ORIENTED_EDGE('',*,*,#222,.F.);
#1130 = ORIENTED_EDGE('',*,*,#1131,.F.);
#1131 = EDGE_CURVE('',#1121,#215,#1132,.T.);
#1132 = B_SPLINE_CURVE_WITH_KNOTS('',2,(#1133,#1134,#1135),
  .UNSPECIFIED.,.F.,.F.,(3,3),(0.596310086429,0.728909861273),
  .PIECEWISE_BEZIER_KNOTS.);
#1133 = CARTESIAN_POINT('',(-18.32271911551,-4.220871325138,-1.1));
#1134 = CARTESIAN_POINT('',(-18.12394023527,-3.926322012095,
    -0.542799083634));
#1135 = CARTESIAN_POINT('',(-17.92411079046,-3.638405702721,0.));
#1136 = CONICAL_SURFACE('',#1137,18.309369221294,0.436332312999);
#1137 = AXIS2_PLACEMENT_3D('',#1138,#1139,#1140);
#1138 = CARTESIAN_POINT('',(-2.480240213074E-12,-6.267922496327E-13,
    -4.226182617407E-02));
#1139 = DIRECTION('',(0.,0.,-1.));
#1140 = DIRECTION('',(-0.949991835852,-0.312274737715,-0.));
#1141 = ADVANCED_FACE('',(#1142),#1160,.F.);
#1142 = FACE_BOUND('',#1143,.T.);
#1143 = EDGE_LOOP('',(#1144,#1152,#1153,#1154));
#1144 = ORIENTED_EDGE('',*,*,#1145,.F.);
#1145 = EDGE_CURVE('',#1121,#1146,#1148,.T.);
#1146 = VERTEX_POINT('',#1147);
#1147 = CARTESIAN_POINT('',(-20.69308490166,-4.596300383543,-1.1));
#1148 = LINE('',#1149,#1150);
#1149 = CARTESIAN_POINT('',(-18.75952006298,-4.290053798737,-1.1));
#1150 = VECTOR('',#1151,1.);
#1151 = DIRECTION('',(-0.987688340595,-0.15643446504,0.));
#1152 = ORIENTED_EDGE('',*,*,#1131,.T.);
#1153 = ORIENTED_EDGE('',*,*,#214,.F.);
#1154 = ORIENTED_EDGE('',*,*,#1155,.F.);
#1155 = EDGE_CURVE('',#1146,#206,#1156,.T.);
#1156 = B_SPLINE_CURVE_WITH_KNOTS('',2,(#1157,#1158,#1159),
  .UNSPECIFIED.,.F.,.F.,(3,3),(0.677763007417,0.807346683543),
  .PIECEWISE_BEZIER_KNOTS.);
#1157 = CARTESIAN_POINT('',(-20.69308490166,-4.596300383543,-1.1));
#1158 = CARTESIAN_POINT('',(-20.99870225927,-4.388303090453,
    -0.556913081576));
#1159 = CARTESIAN_POINT('',(-21.30532818832,-4.173937927896,0.));
#1160 = PLANE('',#1161);
#1161 = AXIS2_PLACEMENT_3D('',#1162,#1163,#1164);
#1162 = CARTESIAN_POINT('',(-18.02509932789,-3.674353379292,
    -4.226182617407E-02));
#1163 = DIRECTION('',(-0.141777773827,0.895149634247,-0.422618261741));
#1164 = DIRECTION('',(0.987688340595,0.15643446504,-1.179611963664E-16)
  );
#1165 = ADVANCED_FACE('',(#1166),#1178,.F.);
#1166 = FACE_BOUND('',#1167,.F.);
#1167 = EDGE_LOOP('',(#1168,#1169,#1170,#1171));
#1168 = ORIENTED_EDGE('',*,*,#1099,.T.);
#1169 = ORIENTED_EDGE('',*,*,#205,.T.);
#1170 = ORIENTED_EDGE('',*,*,#1155,.F.);
#1171 = ORIENTED_EDGE('',*,*,#1172,.T.);
#1172 = EDGE_CURVE('',#1146,#1090,#1173,.T.);
#1173 = CIRCLE('',#1174,21.197399367923);
#1174 = AXIS2_PLACEMENT_3D('',#1175,#1176,#1177);
#1175 = CARTESIAN_POINT('',(-2.480240213074E-12,-6.267922496327E-13,-1.1
    ));
#1176 = DIRECTION('',(0.,0.,1.));
#1177 = DIRECTION('',(-0.947701672678,-0.319157546682,0.));
#1178 = CONICAL_SURFACE('',#1179,21.690630778701,0.436332312999);
#1179 = AXIS2_PLACEMENT_3D('',#1180,#1181,#1182);
#1180 = CARTESIAN_POINT('',(-2.480240213074E-12,-6.267922496327E-13,
    -4.226182617407E-02));
#1181 = DIRECTION('',(0.,0.,1.));
#1182 = DIRECTION('',(-0.947701672678,-0.319157546682,0.));
#1183 = ADVANCED_FACE('',(#1184),#1190,.F.);
#1184 = FACE_BOUND('',#1185,.T.);
#1185 = EDGE_LOOP('',(#1186,#1187,#1188,#1189));
#1186 = ORIENTED_EDGE('',*,*,#1089,.T.);
#1187 = ORIENTED_EDGE('',*,*,#1120,.T.);
#1188 = ORIENTED_EDGE('',*,*,#1145,.T.);
#1189 = ORIENTED_EDGE('',*,*,#1172,.T.);
#1190 = PLANE('',#1191);
#1191 = AXIS2_PLACEMENT_3D('',#1192,#1193,#1194);
#1192 = CARTESIAN_POINT('',(-19.4456810108,-5.210454523118,-1.1));
#1193 = DIRECTION('',(0.,0.,-1.));
#1194 = DIRECTION('',(-0.866025403784,0.5,0.));
#1195 = ADVANCED_FACE('',(#1196),#1221,.F.);
#1196 = FACE_BOUND('',#1197,.T.);
#1197 = EDGE_LOOP('',(#1198,#1208,#1214,#1215));
#1198 = ORIENTED_EDGE('',*,*,#1199,.T.);
#1199 = EDGE_CURVE('',#1200,#1202,#1204,.T.);
#1200 = VERTEX_POINT('',#1201);
#1201 = CARTESIAN_POINT('',(-12.81674135143,-13.75750455787,-1.1));
#1202 = VERTEX_POINT('',#1203);
#1203 = CARTESIAN_POINT('',(-14.3270553464,-15.62258701574,-1.1));
#1204 = LINE('',#1205,#1206);
#1205 = CARTESIAN_POINT('',(-14.10299588091,-15.34589661891,-1.1));
#1206 = VECTOR('',#1207,1.);
#1207 = DIRECTION('',(-0.62932039105,-0.777145961457,0.));
#1208 = ORIENTED_EDGE('',*,*,#1209,.F.);
#1209 = EDGE_CURVE('',#447,#1202,#1210,.T.);
#1210 = B_SPLINE_CURVE_WITH_KNOTS('',2,(#1211,#1212,#1213),
  .UNSPECIFIED.,.F.,.F.,(3,3),(0.376337935958,0.505921612083),
  .PIECEWISE_BEZIER_KNOTS.);
#1211 = CARTESIAN_POINT('',(-14.26740037354,-16.3639864831,0.));
#1212 = CARTESIAN_POINT('',(-14.29973308547,-15.99125805781,
    -0.556913081576));
#1213 = CARTESIAN_POINT('',(-14.3270553464,-15.62258701574,-1.1));
#1214 = ORIENTED_EDGE('',*,*,#444,.F.);
#1215 = ORIENTED_EDGE('',*,*,#1216,.T.);
#1216 = EDGE_CURVE('',#445,#1200,#1217,.T.);
#1217 = B_SPLINE_CURVE_WITH_KNOTS('',2,(#1218,#1219,#1220),
  .UNSPECIFIED.,.F.,.F.,(3,3),(0.427651963185,0.560251738029),
  .PIECEWISE_BEZIER_KNOTS.);
#1218 = CARTESIAN_POINT('',(-12.11300716306,-13.70353243343,
    -2.22044604925E-15));
#1219 = CARTESIAN_POINT('',(-12.46226472355,-13.73263165437,
    -0.542799083634));
#1220 = CARTESIAN_POINT('',(-12.81674135143,-13.75750455787,-1.1));
#1221 = PLANE('',#1222);
#1222 = AXIS2_PLACEMENT_3D('',#1223,#1224,#1225);
#1223 = CARTESIAN_POINT('',(-14.21051358512,-16.26242239591,
    -4.226182617407E-02));
#1224 = DIRECTION('',(0.704333436533,-0.570357970949,-0.422618261741));
#1225 = DIRECTION('',(-0.62932039105,-0.777145961457,8.326672684689E-17)
  );
#1226 = ADVANCED_FACE('',(#1227),#1246,.T.);
#1227 = FACE_BOUND('',#1228,.T.);
#1228 = EDGE_LOOP('',(#1229,#1238,#1239,#1240));
#1229 = ORIENTED_EDGE('',*,*,#1230,.F.);
#1230 = EDGE_CURVE('',#1200,#1231,#1233,.T.);
#1231 = VERTEX_POINT('',#1232);
#1232 = CARTESIAN_POINT('',(-13.75750455787,-12.81674135143,-1.1));
#1233 = CIRCLE('',#1234,18.802600632072);
#1234 = AXIS2_PLACEMENT_3D('',#1235,#1236,#1237);
#1235 = CARTESIAN_POINT('',(-1.834554907193E-12,-1.782938117614E-12,-1.1
    ));
#1236 = DIRECTION('',(0.,0.,-1.));
#1237 = DIRECTION('',(-0.666579694378,-0.745433773748,-0.));
#1238 = ORIENTED_EDGE('',*,*,#1216,.F.);
#1239 = ORIENTED_EDGE('',*,*,#471,.F.);
#1240 = ORIENTED_EDGE('',*,*,#1241,.F.);
#1241 = EDGE_CURVE('',#1231,#464,#1242,.T.);
#1242 = B_SPLINE_CURVE_WITH_KNOTS('',2,(#1243,#1244,#1245),
  .UNSPECIFIED.,.F.,.F.,(3,3),(0.596310086429,0.728909861273),
  .PIECEWISE_BEZIER_KNOTS.);
#1243 = CARTESIAN_POINT('',(-13.75750455787,-12.81674135143,-1.1));
#1244 = CARTESIAN_POINT('',(-13.73263165437,-12.46226472355,
    -0.542799083634));
#1245 = CARTESIAN_POINT('',(-13.70353243343,-12.11300716306,
    -4.440892098501E-15));
#1246 = CONICAL_SURFACE('',#1247,18.309369221294,0.436332312999);
#1247 = AXIS2_PLACEMENT_3D('',#1248,#1249,#1250);
#1248 = CARTESIAN_POINT('',(-1.834554907193E-12,-1.782938117614E-12,
    -4.226182617407E-02));
#1249 = DIRECTION('',(0.,0.,-1.));
#1250 = DIRECTION('',(-0.666579694378,-0.745433773748,-0.));
#1251 = ADVANCED_FACE('',(#1252),#1270,.F.);
#1252 = FACE_BOUND('',#1253,.T.);
#1253 = EDGE_LOOP('',(#1254,#1262,#1263,#1264));
#1254 = ORIENTED_EDGE('',*,*,#1255,.F.);
#1255 = EDGE_CURVE('',#1231,#1256,#1258,.T.);
#1256 = VERTEX_POINT('',#1257);
#1257 = CARTESIAN_POINT('',(-15.62258701574,-14.3270553464,-1.1));
#1258 = LINE('',#1259,#1260);
#1259 = CARTESIAN_POINT('',(-14.10119403797,-13.09505560479,-1.1));
#1260 = VECTOR('',#1261,1.);
#1261 = DIRECTION('',(-0.777145961457,-0.62932039105,0.));
#1262 = ORIENTED_EDGE('',*,*,#1241,.T.);
#1263 = ORIENTED_EDGE('',*,*,#463,.F.);
#1264 = ORIENTED_EDGE('',*,*,#1265,.F.);
#1265 = EDGE_CURVE('',#1256,#455,#1266,.T.);
#1266 = B_SPLINE_CURVE_WITH_KNOTS('',2,(#1267,#1268,#1269),
  .UNSPECIFIED.,.F.,.F.,(3,3),(0.677763007417,0.807346683543),
  .PIECEWISE_BEZIER_KNOTS.);
#1267 = CARTESIAN_POINT('',(-15.62258701574,-14.3270553464,-1.1));
#1268 = CARTESIAN_POINT('',(-15.99125805781,-14.29973308547,
    -0.556913081576));
#1269 = CARTESIAN_POINT('',(-16.3639864831,-14.26740037354,
    -2.22044604925E-15));
#1270 = PLANE('',#1271);
#1271 = AXIS2_PLACEMENT_3D('',#1272,#1273,#1274);
#1272 = CARTESIAN_POINT('',(-13.77301723404,-12.19463303289,
    -4.226182617407E-02));
#1273 = DIRECTION('',(-0.570357970949,0.704333436533,-0.422618261741));
#1274 = DIRECTION('',(0.777145961457,0.62932039105,2.498001805407E-16));
#1275 = ADVANCED_FACE('',(#1276),#1288,.F.);
#1276 = FACE_BOUND('',#1277,.F.);
#1277 = EDGE_LOOP('',(#1278,#1279,#1280,#1281));
#1278 = ORIENTED_EDGE('',*,*,#1209,.F.);
#1279 = ORIENTED_EDGE('',*,*,#454,.T.);
#1280 = ORIENTED_EDGE('',*,*,#1265,.F.);
#1281 = ORIENTED_EDGE('',*,*,#1282,.F.);
#1282 = EDGE_CURVE('',#1202,#1256,#1283,.T.);
#1283 = CIRCLE('',#1284,21.197399367923);
#1284 = AXIS2_PLACEMENT_3D('',#1285,#1286,#1287);
#1285 = CARTESIAN_POINT('',(-1.834554907193E-12,-1.782938117614E-12,-1.1
    ));
#1286 = DIRECTION('',(0.,0.,-1.));
#1287 = DIRECTION('',(-0.661154950407,-0.750249379575,-0.));
#1288 = CONICAL_SURFACE('',#1289,21.690630778701,0.436332312999);
#1289 = AXIS2_PLACEMENT_3D('',#1290,#1291,#1292);
#1290 = CARTESIAN_POINT('',(-1.834554907193E-12,-1.782938117614E-12,
    -4.226182617407E-02));
#1291 = DIRECTION('',(0.,0.,1.));
#1292 = DIRECTION('',(-0.661154950407,-0.750249379575,0.));
#1293 = ADVANCED_FACE('',(#1294),#1300,.F.);
#1294 = FACE_BOUND('',#1295,.T.);
#1295 = EDGE_LOOP('',(#1296,#1297,#1298,#1299));
#1296 = ORIENTED_EDGE('',*,*,#1199,.F.);
#1297 = ORIENTED_EDGE('',*,*,#1230,.T.);
#1298 = ORIENTED_EDGE('',*,*,#1255,.T.);
#1299 = ORIENTED_EDGE('',*,*,#1282,.F.);
#1300 = PLANE('',#1301);
#1301 = AXIS2_PLACEMENT_3D('',#1302,#1303,#1304);
#1302 = CARTESIAN_POINT('',(-14.23522648768,-14.23522648768,-1.1));
#1303 = DIRECTION('',(0.,0.,-1.));
#1304 = DIRECTION('',(-1.,1.224646799147E-16,0.));
#1305 = ADVANCED_FACE('',(#1306),#1331,.F.);
#1306 = FACE_BOUND('',#1307,.T.);
#1307 = EDGE_LOOP('',(#1308,#1318,#1324,#1325));
#1308 = ORIENTED_EDGE('',*,*,#1309,.F.);
#1309 = EDGE_CURVE('',#1310,#1312,#1314,.T.);
#1310 = VERTEX_POINT('',#1311);
#1311 = CARTESIAN_POINT('',(-4.596300383543,-20.69308490166,-1.1));
#1312 = VERTEX_POINT('',#1313);
#1313 = CARTESIAN_POINT('',(-4.220871325138,-18.32271911551,-1.1));
#1314 = LINE('',#1315,#1316);
#1315 = CARTESIAN_POINT('',(-4.540604392885,-20.34143425628,-1.1));
#1316 = VECTOR('',#1317,1.);
#1317 = DIRECTION('',(0.15643446504,0.987688340595,0.));
#1318 = ORIENTED_EDGE('',*,*,#1319,.T.);
#1319 = EDGE_CURVE('',#1310,#234,#1320,.T.);
#1320 = B_SPLINE_CURVE_WITH_KNOTS('',2,(#1321,#1322,#1323),
  .UNSPECIFIED.,.F.,.F.,(3,3),(0.677763007417,0.807346683543),
  .PIECEWISE_BEZIER_KNOTS.);
#1321 = CARTESIAN_POINT('',(-4.596300383543,-20.69308490166,-1.1));
#1322 = CARTESIAN_POINT('',(-4.388303090453,-20.99870225927,
    -0.556913081576));
#1323 = CARTESIAN_POINT('',(-4.173937927896,-21.30532818832,0.));
#1324 = ORIENTED_EDGE('',*,*,#231,.F.);
#1325 = ORIENTED_EDGE('',*,*,#1326,.F.);
#1326 = EDGE_CURVE('',#1312,#232,#1327,.T.);
#1327 = B_SPLINE_CURVE_WITH_KNOTS('',2,(#1328,#1329,#1330),
  .UNSPECIFIED.,.F.,.F.,(3,3),(0.596310086429,0.728909861273),
  .PIECEWISE_BEZIER_KNOTS.);
#1328 = CARTESIAN_POINT('',(-4.220871325138,-18.32271911551,-1.1));
#1329 = CARTESIAN_POINT('',(-3.926322012095,-18.12394023527,
    -0.542799083634));
#1330 = CARTESIAN_POINT('',(-3.638405702721,-17.92411079046,
    -2.22044604925E-15));
#1331 = PLANE('',#1332);
#1332 = AXIS2_PLACEMENT_3D('',#1333,#1334,#1335);
#1333 = CARTESIAN_POINT('',(-4.175454567587,-21.1889277145,
    -4.226182617407E-02));
#1334 = DIRECTION('',(0.895149634247,-0.141777773827,-0.422618261741));
#1335 = DIRECTION('',(-0.15643446504,-0.987688340595,4.857225732735E-17)
  );
#1336 = ADVANCED_FACE('',(#1337),#1356,.T.);
#1337 = FACE_BOUND('',#1338,.T.);
#1338 = EDGE_LOOP('',(#1339,#1348,#1349,#1350));
#1339 = ORIENTED_EDGE('',*,*,#1340,.T.);
#1340 = EDGE_CURVE('',#1341,#1312,#1343,.T.);
#1341 = VERTEX_POINT('',#1342);
#1342 = CARTESIAN_POINT('',(-5.50597776408,-17.978375883,-1.1));
#1343 = CIRCLE('',#1344,18.802600632072);
#1344 = AXIS2_PLACEMENT_3D('',#1345,#1346,#1347);
#1345 = CARTESIAN_POINT('',(-6.973020954598E-13,-2.461347156826E-12,-1.1
    ));
#1346 = DIRECTION('',(0.,0.,1.));
#1347 = DIRECTION('',(-0.204558062104,-0.978854432093,0.));
#1348 = ORIENTED_EDGE('',*,*,#1326,.T.);
#1349 = ORIENTED_EDGE('',*,*,#258,.F.);
#1350 = ORIENTED_EDGE('',*,*,#1351,.T.);
#1351 = EDGE_CURVE('',#251,#1341,#1352,.T.);
#1352 = B_SPLINE_CURVE_WITH_KNOTS('',2,(#1353,#1354,#1355),
  .UNSPECIFIED.,.F.,.F.,(3,3),(0.427651963185,0.560251738029),
  .PIECEWISE_BEZIER_KNOTS.);
#1353 = CARTESIAN_POINT('',(-5.811103627403,-17.34193813615,0.));
#1354 = CARTESIAN_POINT('',(-5.661675511726,-17.65895366646,
    -0.542799083634));
#1355 = CARTESIAN_POINT('',(-5.50597776408,-17.978375883,-1.1));
#1356 = CONICAL_SURFACE('',#1357,18.309369221294,0.436332312999);
#1357 = AXIS2_PLACEMENT_3D('',#1358,#1359,#1360);
#1358 = CARTESIAN_POINT('',(-6.973020954598E-13,-2.461347156826E-12,
    -4.226182617407E-02));
#1359 = DIRECTION('',(0.,0.,-1.));
#1360 = DIRECTION('',(-0.204558062104,-0.978854432093,-0.));
#1361 = ADVANCED_FACE('',(#1362),#1380,.F.);
#1362 = FACE_BOUND('',#1363,.T.);
#1363 = EDGE_LOOP('',(#1364,#1372,#1373,#1374));
#1364 = ORIENTED_EDGE('',*,*,#1365,.T.);
#1365 = EDGE_CURVE('',#1366,#1341,#1368,.T.);
#1366 = VERTEX_POINT('',#1367);
#1367 = CARTESIAN_POINT('',(-6.366029555261,-20.21888739928,-1.1));
#1368 = LINE('',#1369,#1370);
#1369 = CARTESIAN_POINT('',(-5.664464458183,-18.39124783671,-1.1));
#1370 = VECTOR('',#1371,1.);
#1371 = DIRECTION('',(0.358367949545,0.933580426497,0.));
#1372 = ORIENTED_EDGE('',*,*,#1351,.F.);
#1373 = ORIENTED_EDGE('',*,*,#250,.F.);
#1374 = ORIENTED_EDGE('',*,*,#1375,.T.);
#1375 = EDGE_CURVE('',#242,#1366,#1376,.T.);
#1376 = B_SPLINE_CURVE_WITH_KNOTS('',2,(#1377,#1378,#1379),
  .UNSPECIFIED.,.F.,.F.,(3,3),(0.376337935958,0.505921612083),
  .PIECEWISE_BEZIER_KNOTS.);
#1377 = CARTESIAN_POINT('',(-7.037927814786,-20.537924411,0.));
#1378 = CARTESIAN_POINT('',(-6.6989691738,-20.37956114826,
    -0.556913081576));
#1379 = CARTESIAN_POINT('',(-6.366029555261,-20.21888739928,-1.1));
#1380 = PLANE('',#1381);
#1381 = AXIS2_PLACEMENT_3D('',#1382,#1383,#1384);
#1382 = CARTESIAN_POINT('',(-5.830466295,-17.44737061334,
    -4.226182617407E-02));
#1383 = DIRECTION('',(-0.846111210359,0.324791663297,-0.422618261741));
#1384 = DIRECTION('',(0.358367949545,0.933580426497,1.110223024625E-16)
  );
#1385 = ADVANCED_FACE('',(#1386),#1398,.F.);
#1386 = FACE_BOUND('',#1387,.F.);
#1387 = EDGE_LOOP('',(#1388,#1389,#1390,#1391));
#1388 = ORIENTED_EDGE('',*,*,#1319,.T.);
#1389 = ORIENTED_EDGE('',*,*,#241,.T.);
#1390 = ORIENTED_EDGE('',*,*,#1375,.T.);
#1391 = ORIENTED_EDGE('',*,*,#1392,.T.);
#1392 = EDGE_CURVE('',#1366,#1310,#1393,.T.);
#1393 = CIRCLE('',#1394,21.197399367923);
#1394 = AXIS2_PLACEMENT_3D('',#1395,#1396,#1397);
#1395 = CARTESIAN_POINT('',(-6.973020954598E-13,-2.461347156826E-12,-1.1
    ));
#1396 = DIRECTION('',(0.,0.,1.));
#1397 = DIRECTION('',(-0.197452293102,-0.980312497089,0.));
#1398 = CONICAL_SURFACE('',#1399,21.690630778701,0.436332312999);
#1399 = AXIS2_PLACEMENT_3D('',#1400,#1401,#1402);
#1400 = CARTESIAN_POINT('',(-6.973020954598E-13,-2.461347156826E-12,
    -4.226182617407E-02));
#1401 = DIRECTION('',(0.,0.,1.));
#1402 = DIRECTION('',(-0.197452293102,-0.980312497089,0.));
#1403 = ADVANCED_FACE('',(#1404),#1410,.F.);
#1404 = FACE_BOUND('',#1405,.T.);
#1405 = EDGE_LOOP('',(#1406,#1407,#1408,#1409));
#1406 = ORIENTED_EDGE('',*,*,#1309,.T.);
#1407 = ORIENTED_EDGE('',*,*,#1340,.F.);
#1408 = ORIENTED_EDGE('',*,*,#1365,.F.);
#1409 = ORIENTED_EDGE('',*,*,#1392,.T.);
#1410 = PLANE('',#1411);
#1411 = AXIS2_PLACEMENT_3D('',#1412,#1413,#1414);
#1412 = CARTESIAN_POINT('',(-5.210454523118,-19.4456810108,-1.1));
#1413 = DIRECTION('',(0.,0.,-1.));
#1414 = DIRECTION('',(-0.866025403784,-0.5,-0.));
#1415 = ADVANCED_FACE('',(#1416),#1441,.F.);
#1416 = FACE_BOUND('',#1417,.T.);
#1417 = EDGE_LOOP('',(#1418,#1428,#1434,#1435));
#1418 = ORIENTED_EDGE('',*,*,#1419,.T.);
#1419 = EDGE_CURVE('',#1420,#1422,#1424,.T.);
#1420 = VERTEX_POINT('',#1421);
#1421 = CARTESIAN_POINT('',(5.50597776408,-17.978375883,-1.1));
#1422 = VERTEX_POINT('',#1423);
#1423 = CARTESIAN_POINT('',(6.366029555261,-20.21888739928,-1.1));
#1424 = LINE('',#1425,#1426);
#1425 = CARTESIAN_POINT('',(6.238438375369,-19.88650101179,-1.1));
#1426 = VECTOR('',#1427,1.);
#1427 = DIRECTION('',(0.358367949545,-0.933580426497,0.));
#1428 = ORIENTED_EDGE('',*,*,#1429,.T.);
#1429 = EDGE_CURVE('',#1422,#411,#1430,.T.);
#1430 = B_SPLINE_CURVE_WITH_KNOTS('',2,(#1431,#1432,#1433),
  .UNSPECIFIED.,.F.,.F.,(3,3),(0.677763007417,0.807346683543),
  .PIECEWISE_BEZIER_KNOTS.);
#1431 = CARTESIAN_POINT('',(6.366029555261,-20.21888739928,-1.1));
#1432 = CARTESIAN_POINT('',(6.6989691738,-20.37956114826,-0.556913081576
    ));
#1433 = CARTESIAN_POINT('',(7.037927814786,-20.537924411,
    -2.22044604925E-15));
#1434 = ORIENTED_EDGE('',*,*,#408,.F.);
#1435 = ORIENTED_EDGE('',*,*,#1436,.F.);
#1436 = EDGE_CURVE('',#1420,#409,#1437,.T.);
#1437 = B_SPLINE_CURVE_WITH_KNOTS('',2,(#1438,#1439,#1440),
  .UNSPECIFIED.,.F.,.F.,(3,3),(0.596310086429,0.728909861273),
  .PIECEWISE_BEZIER_KNOTS.);
#1438 = CARTESIAN_POINT('',(5.50597776408,-17.978375883,-1.1));
#1439 = CARTESIAN_POINT('',(5.661675511726,-17.65895366646,
    -0.542799083634));
#1440 = CARTESIAN_POINT('',(5.811103627403,-17.34193813615,
    -4.440892098501E-15));
#1441 = PLANE('',#1442);
#1442 = AXIS2_PLACEMENT_3D('',#1443,#1444,#1445);
#1443 = CARTESIAN_POINT('',(6.978414129373,-20.4378769635,
    -4.226182617407E-02));
#1444 = DIRECTION('',(0.846111210359,0.324791663297,-0.422618261741));
#1445 = DIRECTION('',(0.358367949545,-0.933580426497,-1.110223024625E-16
    ));
#1446 = ADVANCED_FACE('',(#1447),#1466,.T.);
#1447 = FACE_BOUND('',#1448,.T.);
#1448 = EDGE_LOOP('',(#1449,#1458,#1459,#1460));
#1449 = ORIENTED_EDGE('',*,*,#1450,.T.);
#1450 = EDGE_CURVE('',#1451,#1420,#1453,.T.);
#1451 = VERTEX_POINT('',#1452);
#1452 = CARTESIAN_POINT('',(4.220871325138,-18.32271911551,-1.1));
#1453 = CIRCLE('',#1454,18.802600632072);
#1454 = AXIS2_PLACEMENT_3D('',#1455,#1456,#1457);
#1455 = CARTESIAN_POINT('',(6.267922496327E-13,-2.480240213074E-12,-1.1)
  );
#1456 = DIRECTION('',(0.,0.,1.));
#1457 = DIRECTION('',(0.312274737715,-0.949991835852,0.));
#1458 = ORIENTED_EDGE('',*,*,#1436,.T.);
#1459 = ORIENTED_EDGE('',*,*,#435,.F.);
#1460 = ORIENTED_EDGE('',*,*,#1461,.T.);
#1461 = EDGE_CURVE('',#428,#1451,#1462,.T.);
#1462 = B_SPLINE_CURVE_WITH_KNOTS('',2,(#1463,#1464,#1465),
  .UNSPECIFIED.,.F.,.F.,(3,3),(0.427651963185,0.560251738029),
  .PIECEWISE_BEZIER_KNOTS.);
#1463 = CARTESIAN_POINT('',(3.638405702721,-17.92411079046,0.));
#1464 = CARTESIAN_POINT('',(3.926322012095,-18.12394023527,
    -0.542799083634));
#1465 = CARTESIAN_POINT('',(4.220871325138,-18.32271911551,-1.1));
#1466 = CONICAL_SURFACE('',#1467,18.309369221294,0.436332312999);
#1467 = AXIS2_PLACEMENT_3D('',#1468,#1469,#1470);
#1468 = CARTESIAN_POINT('',(6.267922496327E-13,-2.480240213074E-12,
    -4.226182617407E-02));
#1469 = DIRECTION('',(0.,0.,-1.));
#1470 = DIRECTION('',(0.312274737715,-0.949991835852,0.));
#1471 = ADVANCED_FACE('',(#1472),#1490,.F.);
#1472 = FACE_BOUND('',#1473,.T.);
#1473 = EDGE_LOOP('',(#1474,#1482,#1483,#1484));
#1474 = ORIENTED_EDGE('',*,*,#1475,.F.);
#1475 = EDGE_CURVE('',#1451,#1476,#1478,.T.);
#1476 = VERTEX_POINT('',#1477);
#1477 = CARTESIAN_POINT('',(4.596300383543,-20.69308490166,-1.1));
#1478 = LINE('',#1479,#1480);
#1479 = CARTESIAN_POINT('',(4.290053798737,-18.75952006298,-1.1));
#1480 = VECTOR('',#1481,1.);
#1481 = DIRECTION('',(0.15643446504,-0.987688340595,0.));
#1482 = ORIENTED_EDGE('',*,*,#1461,.F.);
#1483 = ORIENTED_EDGE('',*,*,#427,.F.);
#1484 = ORIENTED_EDGE('',*,*,#1485,.F.);
#1485 = EDGE_CURVE('',#1476,#419,#1486,.T.);
#1486 = B_SPLINE_CURVE_WITH_KNOTS('',2,(#1487,#1488,#1489),
  .UNSPECIFIED.,.F.,.F.,(3,3),(0.677763007417,0.807346683543),
  .PIECEWISE_BEZIER_KNOTS.);
#1487 = CARTESIAN_POINT('',(4.596300383543,-20.69308490166,-1.1));
#1488 = CARTESIAN_POINT('',(4.388303090453,-20.99870225927,
    -0.556913081576));
#1489 = CARTESIAN_POINT('',(4.173937927896,-21.30532818832,0.));
#1490 = PLANE('',#1491);
#1491 = AXIS2_PLACEMENT_3D('',#1492,#1493,#1494);
#1492 = CARTESIAN_POINT('',(3.674353379292,-18.02509932789,
    -4.226182617407E-02));
#1493 = DIRECTION('',(-0.895149634247,-0.141777773827,-0.422618261741));
#1494 = DIRECTION('',(-0.15643446504,0.987688340595,-1.179611963664E-16)
  );
#1495 = ADVANCED_FACE('',(#1496),#1508,.F.);
#1496 = FACE_BOUND('',#1497,.F.);
#1497 = EDGE_LOOP('',(#1498,#1499,#1500,#1501));
#1498 = ORIENTED_EDGE('',*,*,#1429,.T.);
#1499 = ORIENTED_EDGE('',*,*,#418,.T.);
#1500 = ORIENTED_EDGE('',*,*,#1485,.F.);
#1501 = ORIENTED_EDGE('',*,*,#1502,.T.);
#1502 = EDGE_CURVE('',#1476,#1422,#1503,.T.);
#1503 = CIRCLE('',#1504,21.197399367923);
#1504 = AXIS2_PLACEMENT_3D('',#1505,#1506,#1507);
#1505 = CARTESIAN_POINT('',(6.267922496327E-13,-2.480240213074E-12,-1.1)
  );
#1506 = DIRECTION('',(0.,0.,1.));
#1507 = DIRECTION('',(0.319157546682,-0.947701672678,0.));
#1508 = CONICAL_SURFACE('',#1509,21.690630778701,0.436332312999);
#1509 = AXIS2_PLACEMENT_3D('',#1510,#1511,#1512);
#1510 = CARTESIAN_POINT('',(6.267922496327E-13,-2.480240213074E-12,
    -4.226182617407E-02));
#1511 = DIRECTION('',(0.,0.,1.));
#1512 = DIRECTION('',(0.319157546682,-0.947701672678,0.));
#1513 = ADVANCED_FACE('',(#1514),#1520,.F.);
#1514 = FACE_BOUND('',#1515,.T.);
#1515 = EDGE_LOOP('',(#1516,#1517,#1518,#1519));
#1516 = ORIENTED_EDGE('',*,*,#1419,.F.);
#1517 = ORIENTED_EDGE('',*,*,#1450,.F.);
#1518 = ORIENTED_EDGE('',*,*,#1475,.T.);
#1519 = ORIENTED_EDGE('',*,*,#1502,.T.);
#1520 = PLANE('',#1521);
#1521 = AXIS2_PLACEMENT_3D('',#1522,#1523,#1524);
#1522 = CARTESIAN_POINT('',(5.210454523118,-19.4456810108,-1.1));
#1523 = DIRECTION('',(0.,0.,-1.));
#1524 = DIRECTION('',(-0.5,-0.866025403784,-0.));
#1525 = ADVANCED_FACE('',(#1526),#1551,.F.);
#1526 = FACE_BOUND('',#1527,.T.);
#1527 = EDGE_LOOP('',(#1528,#1538,#1544,#1545));
#1528 = ORIENTED_EDGE('',*,*,#1529,.T.);
#1529 = EDGE_CURVE('',#1530,#1532,#1534,.T.);
#1530 = VERTEX_POINT('',#1531);
#1531 = CARTESIAN_POINT('',(13.75750455787,-12.81674135143,-1.1));
#1532 = VERTEX_POINT('',#1533);
#1533 = CARTESIAN_POINT('',(15.62258701574,-14.3270553464,-1.1));
#1534 = LINE('',#1535,#1536);
#1535 = CARTESIAN_POINT('',(15.345896618911,-14.10299588091,-1.1));
#1536 = VECTOR('',#1537,1.);
#1537 = DIRECTION('',(0.777145961457,-0.62932039105,0.));
#1538 = ORIENTED_EDGE('',*,*,#1539,.T.);
#1539 = EDGE_CURVE('',#1532,#270,#1540,.T.);
#1540 = B_SPLINE_CURVE_WITH_KNOTS('',2,(#1541,#1542,#1543),
  .UNSPECIFIED.,.F.,.F.,(3,3),(0.677763007417,0.807346683543),
  .PIECEWISE_BEZIER_KNOTS.);
#1541 = CARTESIAN_POINT('',(15.62258701574,-14.3270553464,-1.1));
#1542 = CARTESIAN_POINT('',(15.991258057812,-14.29973308547,
    -0.556913081576));
#1543 = CARTESIAN_POINT('',(16.363986483107,-14.26740037354,
    -6.661338147751E-15));
#1544 = ORIENTED_EDGE('',*,*,#267,.F.);
#1545 = ORIENTED_EDGE('',*,*,#1546,.F.);
#1546 = EDGE_CURVE('',#1530,#268,#1547,.T.);
#1547 = B_SPLINE_CURVE_WITH_KNOTS('',2,(#1548,#1549,#1550),
  .UNSPECIFIED.,.F.,.F.,(3,3),(0.596310086429,0.728909861273),
  .PIECEWISE_BEZIER_KNOTS.);
#1548 = CARTESIAN_POINT('',(13.75750455787,-12.81674135143,-1.1));
#1549 = CARTESIAN_POINT('',(13.732631654372,-12.46226472355,
    -0.542799083634));
#1550 = CARTESIAN_POINT('',(13.703532433431,-12.11300716306,
    -2.22044604925E-15));
#1551 = PLANE('',#1552);
#1552 = AXIS2_PLACEMENT_3D('',#1553,#1554,#1555);
#1553 = CARTESIAN_POINT('',(16.262422395917,-14.21051358512,
    -4.226182617407E-02));
#1554 = DIRECTION('',(0.570357970949,0.704333436533,-0.422618261741));
#1555 = DIRECTION('',(0.777145961457,-0.62932039105,8.326672684689E-17)
  );
#1556 = ADVANCED_FACE('',(#1557),#1576,.T.);
#1557 = FACE_BOUND('',#1558,.T.);
#1558 = EDGE_LOOP('',(#1559,#1568,#1569,#1570));
#1559 = ORIENTED_EDGE('',*,*,#1560,.T.);
#1560 = EDGE_CURVE('',#1561,#1530,#1563,.T.);
#1561 = VERTEX_POINT('',#1562);
#1562 = CARTESIAN_POINT('',(12.816741351431,-13.75750455787,-1.1));
#1563 = CIRCLE('',#1564,18.802600632072);
#1564 = AXIS2_PLACEMENT_3D('',#1565,#1566,#1567);
#1565 = CARTESIAN_POINT('',(1.782938117614E-12,-1.834554907193E-12,-1.1)
  );
#1566 = DIRECTION('',(0.,0.,1.));
#1567 = DIRECTION('',(0.745433773748,-0.666579694378,0.));
#1568 = ORIENTED_EDGE('',*,*,#1546,.T.);
#1569 = ORIENTED_EDGE('',*,*,#294,.F.);
#1570 = ORIENTED_EDGE('',*,*,#1571,.T.);
#1571 = EDGE_CURVE('',#287,#1561,#1572,.T.);
#1572 = B_SPLINE_CURVE_WITH_KNOTS('',2,(#1573,#1574,#1575),
  .UNSPECIFIED.,.F.,.F.,(3,3),(0.427651963185,0.560251738029),
  .PIECEWISE_BEZIER_KNOTS.);
#1573 = CARTESIAN_POINT('',(12.113007163064,-13.70353243343,
    -4.440892098501E-15));
#1574 = CARTESIAN_POINT('',(12.46226472355,-13.73263165437,
    -0.542799083634));
#1575 = CARTESIAN_POINT('',(12.816741351431,-13.75750455787,-1.1));
#1576 = CONICAL_SURFACE('',#1577,18.309369221294,0.436332312999);
#1577 = AXIS2_PLACEMENT_3D('',#1578,#1579,#1580);
#1578 = CARTESIAN_POINT('',(1.782938117614E-12,-1.834554907193E-12,
    -4.226182617407E-02));
#1579 = DIRECTION('',(0.,0.,-1.));
#1580 = DIRECTION('',(0.745433773748,-0.666579694378,0.));
#1581 = ADVANCED_FACE('',(#1582),#1600,.F.);
#1582 = FACE_BOUND('',#1583,.T.);
#1583 = EDGE_LOOP('',(#1584,#1592,#1593,#1594));
#1584 = ORIENTED_EDGE('',*,*,#1585,.F.);
#1585 = EDGE_CURVE('',#1561,#1586,#1588,.T.);
#1586 = VERTEX_POINT('',#1587);
#1587 = CARTESIAN_POINT('',(14.327055346406,-15.62258701574,-1.1));
#1588 = LINE('',#1589,#1590);
#1589 = CARTESIAN_POINT('',(13.095055604798,-14.10119403797,-1.1));
#1590 = VECTOR('',#1591,1.);
#1591 = DIRECTION('',(0.62932039105,-0.777145961457,0.));
#1592 = ORIENTED_EDGE('',*,*,#1571,.F.);
#1593 = ORIENTED_EDGE('',*,*,#286,.F.);
#1594 = ORIENTED_EDGE('',*,*,#1595,.F.);
#1595 = EDGE_CURVE('',#1586,#278,#1596,.T.);
#1596 = B_SPLINE_CURVE_WITH_KNOTS('',2,(#1597,#1598,#1599),
  .UNSPECIFIED.,.F.,.F.,(3,3),(0.677763007417,0.807346683543),
  .PIECEWISE_BEZIER_KNOTS.);
#1597 = CARTESIAN_POINT('',(14.327055346406,-15.62258701574,-1.1));
#1598 = CARTESIAN_POINT('',(14.299733085476,-15.99125805781,
    -0.556913081576));
#1599 = CARTESIAN_POINT('',(14.267400373541,-16.3639864831,
    -2.22044604925E-15));
#1600 = PLANE('',#1601);
#1601 = AXIS2_PLACEMENT_3D('',#1602,#1603,#1604);
#1602 = CARTESIAN_POINT('',(12.194633032895,-13.77301723404,
    -4.226182617407E-02));
#1603 = DIRECTION('',(-0.704333436533,-0.570357970949,-0.422618261741));
#1604 = DIRECTION('',(-0.62932039105,0.777145961457,2.498001805407E-16)
  );
#1605 = ADVANCED_FACE('',(#1606),#1618,.F.);
#1606 = FACE_BOUND('',#1607,.F.);
#1607 = EDGE_LOOP('',(#1608,#1609,#1610,#1611));
#1608 = ORIENTED_EDGE('',*,*,#1539,.T.);
#1609 = ORIENTED_EDGE('',*,*,#277,.T.);
#1610 = ORIENTED_EDGE('',*,*,#1595,.F.);
#1611 = ORIENTED_EDGE('',*,*,#1612,.T.);
#1612 = EDGE_CURVE('',#1586,#1532,#1613,.T.);
#1613 = CIRCLE('',#1614,21.197399367923);
#1614 = AXIS2_PLACEMENT_3D('',#1615,#1616,#1617);
#1615 = CARTESIAN_POINT('',(1.782938117614E-12,-1.834554907193E-12,-1.1)
  );
#1616 = DIRECTION('',(0.,0.,1.));
#1617 = DIRECTION('',(0.750249379575,-0.661154950407,0.));
#1618 = CONICAL_SURFACE('',#1619,21.690630778701,0.436332312999);
#1619 = AXIS2_PLACEMENT_3D('',#1620,#1621,#1622);
#1620 = CARTESIAN_POINT('',(1.782938117614E-12,-1.834554907193E-12,
    -4.226182617407E-02));
#1621 = DIRECTION('',(0.,0.,1.));
#1622 = DIRECTION('',(0.750249379575,-0.661154950407,0.));
#1623 = ADVANCED_FACE('',(#1624),#1630,.F.);
#1624 = FACE_BOUND('',#1625,.T.);
#1625 = EDGE_LOOP('',(#1626,#1627,#1628,#1629));
#1626 = ORIENTED_EDGE('',*,*,#1529,.F.);
#1627 = ORIENTED_EDGE('',*,*,#1560,.F.);
#1628 = ORIENTED_EDGE('',*,*,#1585,.T.);
#1629 = ORIENTED_EDGE('',*,*,#1612,.T.);
#1630 = PLANE('',#1631);
#1631 = AXIS2_PLACEMENT_3D('',#1632,#1633,#1634);
#1632 = CARTESIAN_POINT('',(14.235226487685,-14.23522648768,-1.1));
#1633 = DIRECTION('',(0.,0.,-1.));
#1634 = DIRECTION('',(-1.836970198721E-16,-1.,-0.));
#1635 = ADVANCED_FACE('',(#1636),#1661,.F.);
#1636 = FACE_BOUND('',#1637,.T.);
#1637 = EDGE_LOOP('',(#1638,#1648,#1654,#1655));
#1638 = ORIENTED_EDGE('',*,*,#1639,.T.);
#1639 = EDGE_CURVE('',#1640,#1642,#1644,.T.);
#1640 = VERTEX_POINT('',#1641);
#1641 = CARTESIAN_POINT('',(18.322719115511,-4.220871325138,-1.1));
#1642 = VERTEX_POINT('',#1643);
#1643 = CARTESIAN_POINT('',(20.693084901666,-4.596300383543,-1.1));
#1644 = LINE('',#1645,#1646);
#1645 = CARTESIAN_POINT('',(20.341434256285,-4.540604392885,-1.1));
#1646 = VECTOR('',#1647,1.);
#1647 = DIRECTION('',(0.987688340595,-0.15643446504,0.));
#1648 = ORIENTED_EDGE('',*,*,#1649,.T.);
#1649 = EDGE_CURVE('',#1642,#375,#1650,.T.);
#1650 = B_SPLINE_CURVE_WITH_KNOTS('',2,(#1651,#1652,#1653),
  .UNSPECIFIED.,.F.,.F.,(3,3),(0.677763007417,0.807346683543),
  .PIECEWISE_BEZIER_KNOTS.);
#1651 = CARTESIAN_POINT('',(20.693084901666,-4.596300383543,-1.1));
#1652 = CARTESIAN_POINT('',(20.998702259276,-4.388303090453,
    -0.556913081576));
#1653 = CARTESIAN_POINT('',(21.305328188327,-4.173937927896,
    -4.440892098501E-15));
#1654 = ORIENTED_EDGE('',*,*,#372,.F.);
#1655 = ORIENTED_EDGE('',*,*,#1656,.F.);
#1656 = EDGE_CURVE('',#1640,#373,#1657,.T.);
#1657 = B_SPLINE_CURVE_WITH_KNOTS('',2,(#1658,#1659,#1660),
  .UNSPECIFIED.,.F.,.F.,(3,3),(0.596310086429,0.728909861273),
  .PIECEWISE_BEZIER_KNOTS.);
#1658 = CARTESIAN_POINT('',(18.322719115511,-4.220871325138,-1.1));
#1659 = CARTESIAN_POINT('',(18.123940235276,-3.926322012095,
    -0.542799083634));
#1660 = CARTESIAN_POINT('',(17.924110790467,-3.638405702721,
    -4.440892098501E-15));
#1661 = PLANE('',#1662);
#1662 = AXIS2_PLACEMENT_3D('',#1663,#1664,#1665);
#1663 = CARTESIAN_POINT('',(21.188927714502,-4.175454567587,
    -4.226182617407E-02));
#1664 = DIRECTION('',(0.141777773827,0.895149634247,-0.422618261741));
#1665 = DIRECTION('',(0.987688340595,-0.15643446504,1.110223024625E-16)
  );
#1666 = ADVANCED_FACE('',(#1667),#1686,.T.);
#1667 = FACE_BOUND('',#1668,.T.);
#1668 = EDGE_LOOP('',(#1669,#1678,#1679,#1680));
#1669 = ORIENTED_EDGE('',*,*,#1670,.T.);
#1670 = EDGE_CURVE('',#1671,#1640,#1673,.T.);
#1671 = VERTEX_POINT('',#1672);
#1672 = CARTESIAN_POINT('',(17.978375883008,-5.50597776408,-1.1));
#1673 = CIRCLE('',#1674,18.802600632072);
#1674 = AXIS2_PLACEMENT_3D('',#1675,#1676,#1677);
#1675 = CARTESIAN_POINT('',(2.461347156826E-12,-6.973020954598E-13,-1.1)
  );
#1676 = DIRECTION('',(0.,0.,1.));
#1677 = DIRECTION('',(0.978854432093,-0.204558062104,0.));
#1678 = ORIENTED_EDGE('',*,*,#1656,.T.);
#1679 = ORIENTED_EDGE('',*,*,#399,.F.);
#1680 = ORIENTED_EDGE('',*,*,#1681,.T.);
#1681 = EDGE_CURVE('',#392,#1671,#1682,.T.);
#1682 = B_SPLINE_CURVE_WITH_KNOTS('',2,(#1683,#1684,#1685),
  .UNSPECIFIED.,.F.,.F.,(3,3),(0.427651963185,0.560251738029),
  .PIECEWISE_BEZIER_KNOTS.);
#1683 = CARTESIAN_POINT('',(17.341938136152,-5.811103627403,
    -4.440892098501E-15));
#1684 = CARTESIAN_POINT('',(17.658953666467,-5.661675511726,
    -0.542799083634));
#1685 = CARTESIAN_POINT('',(17.978375883008,-5.50597776408,-1.1));
#1686 = CONICAL_SURFACE('',#1687,18.309369221294,0.436332312999);
#1687 = AXIS2_PLACEMENT_3D('',#1688,#1689,#1690);
#1688 = CARTESIAN_POINT('',(2.461347156826E-12,-6.973020954598E-13,
    -4.226182617407E-02));
#1689 = DIRECTION('',(0.,0.,-1.));
#1690 = DIRECTION('',(0.978854432093,-0.204558062104,0.));
#1691 = ADVANCED_FACE('',(#1692),#1710,.F.);
#1692 = FACE_BOUND('',#1693,.T.);
#1693 = EDGE_LOOP('',(#1694,#1702,#1703,#1704));
#1694 = ORIENTED_EDGE('',*,*,#1695,.F.);
#1695 = EDGE_CURVE('',#1671,#1696,#1698,.T.);
#1696 = VERTEX_POINT('',#1697);
#1697 = CARTESIAN_POINT('',(20.218887399283,-6.366029555261,-1.1));
#1698 = LINE('',#1699,#1700);
#1699 = CARTESIAN_POINT('',(18.391247836714,-5.664464458183,-1.1));
#1700 = VECTOR('',#1701,1.);
#1701 = DIRECTION('',(0.933580426497,-0.358367949545,0.));
#1702 = ORIENTED_EDGE('',*,*,#1681,.F.);
#1703 = ORIENTED_EDGE('',*,*,#391,.F.);
#1704 = ORIENTED_EDGE('',*,*,#1705,.F.);
#1705 = EDGE_CURVE('',#1696,#383,#1706,.T.);
#1706 = B_SPLINE_CURVE_WITH_KNOTS('',2,(#1707,#1708,#1709),
  .UNSPECIFIED.,.F.,.F.,(3,3),(0.677763007417,0.807346683543),
  .PIECEWISE_BEZIER_KNOTS.);
#1707 = CARTESIAN_POINT('',(20.218887399283,-6.366029555261,-1.1));
#1708 = CARTESIAN_POINT('',(20.379561148265,-6.6989691738,
    -0.556913081576));
#1709 = CARTESIAN_POINT('',(20.537924411004,-7.037927814786,0.));
#1710 = PLANE('',#1711);
#1711 = AXIS2_PLACEMENT_3D('',#1712,#1713,#1714);
#1712 = CARTESIAN_POINT('',(17.44737061334,-5.830466295,
    -4.226182617407E-02));
#1713 = DIRECTION('',(-0.324791663297,-0.846111210359,-0.422618261741));
#1714 = DIRECTION('',(-0.933580426497,0.358367949545,1.665334536938E-16)
  );
#1715 = ADVANCED_FACE('',(#1716),#1728,.F.);
#1716 = FACE_BOUND('',#1717,.F.);
#1717 = EDGE_LOOP('',(#1718,#1719,#1720,#1721));
#1718 = ORIENTED_EDGE('',*,*,#1649,.T.);
#1719 = ORIENTED_EDGE('',*,*,#382,.T.);
#1720 = ORIENTED_EDGE('',*,*,#1705,.F.);
#1721 = ORIENTED_EDGE('',*,*,#1722,.T.);
#1722 = EDGE_CURVE('',#1696,#1642,#1723,.T.);
#1723 = CIRCLE('',#1724,21.197399367923);
#1724 = AXIS2_PLACEMENT_3D('',#1725,#1726,#1727);
#1725 = CARTESIAN_POINT('',(2.461347156826E-12,-6.973020954598E-13,-1.1)
  );
#1726 = DIRECTION('',(0.,0.,1.));
#1727 = DIRECTION('',(0.980312497089,-0.197452293102,0.));
#1728 = CONICAL_SURFACE('',#1729,21.690630778701,0.436332312999);
#1729 = AXIS2_PLACEMENT_3D('',#1730,#1731,#1732);
#1730 = CARTESIAN_POINT('',(2.461347156826E-12,-6.973020954598E-13,
    -4.226182617407E-02));
#1731 = DIRECTION('',(0.,0.,1.));
#1732 = DIRECTION('',(0.980312497089,-0.197452293102,0.));
#1733 = ADVANCED_FACE('',(#1734),#1740,.F.);
#1734 = FACE_BOUND('',#1735,.T.);
#1735 = EDGE_LOOP('',(#1736,#1737,#1738,#1739));
#1736 = ORIENTED_EDGE('',*,*,#1639,.F.);
#1737 = ORIENTED_EDGE('',*,*,#1670,.F.);
#1738 = ORIENTED_EDGE('',*,*,#1695,.T.);
#1739 = ORIENTED_EDGE('',*,*,#1722,.T.);
#1740 = PLANE('',#1741);
#1741 = AXIS2_PLACEMENT_3D('',#1742,#1743,#1744);
#1742 = CARTESIAN_POINT('',(19.445681010803,-5.210454523118,-1.1));
#1743 = DIRECTION('',(0.,0.,-1.));
#1744 = DIRECTION('',(0.5,-0.866025403784,0.));
#1745 = ADVANCED_FACE('',(#1746),#1771,.F.);
#1746 = FACE_BOUND('',#1747,.T.);
#1747 = EDGE_LOOP('',(#1748,#1758,#1764,#1765));
#1748 = ORIENTED_EDGE('',*,*,#1749,.T.);
#1749 = EDGE_CURVE('',#1750,#1752,#1754,.T.);
#1750 = VERTEX_POINT('',#1751);
#1751 = CARTESIAN_POINT('',(17.978375883008,5.50597776408,-1.1));
#1752 = VERTEX_POINT('',#1753);
#1753 = CARTESIAN_POINT('',(20.218887399283,6.366029555261,-1.1));
#1754 = LINE('',#1755,#1756);
#1755 = CARTESIAN_POINT('',(19.886501011796,6.238438375369,-1.1));
#1756 = VECTOR('',#1757,1.);
#1757 = DIRECTION('',(0.933580426497,0.358367949545,0.));
#1758 = ORIENTED_EDGE('',*,*,#1759,.T.);
#1759 = EDGE_CURVE('',#1752,#306,#1760,.T.);
#1760 = B_SPLINE_CURVE_WITH_KNOTS('',2,(#1761,#1762,#1763),
  .UNSPECIFIED.,.F.,.F.,(3,3),(0.677763007417,0.807346683543),
  .PIECEWISE_BEZIER_KNOTS.);
#1761 = CARTESIAN_POINT('',(20.218887399283,6.366029555261,-1.1));
#1762 = CARTESIAN_POINT('',(20.379561148265,6.6989691738,-0.556913081576
    ));
#1763 = CARTESIAN_POINT('',(20.537924411004,7.037927814786,
    -2.22044604925E-15));
#1764 = ORIENTED_EDGE('',*,*,#303,.F.);
#1765 = ORIENTED_EDGE('',*,*,#1766,.F.);
#1766 = EDGE_CURVE('',#1750,#304,#1767,.T.);
#1767 = B_SPLINE_CURVE_WITH_KNOTS('',2,(#1768,#1769,#1770),
  .UNSPECIFIED.,.F.,.F.,(3,3),(0.596310086429,0.728909861273),
  .PIECEWISE_BEZIER_KNOTS.);
#1768 = CARTESIAN_POINT('',(17.978375883008,5.50597776408,-1.1));
#1769 = CARTESIAN_POINT('',(17.658953666467,5.661675511726,
    -0.542799083634));
#1770 = CARTESIAN_POINT('',(17.341938136152,5.811103627403,
    -4.440892098501E-15));
#1771 = PLANE('',#1772);
#1772 = AXIS2_PLACEMENT_3D('',#1773,#1774,#1775);
#1773 = CARTESIAN_POINT('',(20.437876963505,6.978414129373,
    -4.226182617407E-02));
#1774 = DIRECTION('',(-0.324791663297,0.846111210359,-0.422618261741));
#1775 = DIRECTION('',(0.933580426497,0.358367949545,-1.110223024625E-16)
  );
#1776 = ADVANCED_FACE('',(#1777),#1796,.T.);
#1777 = FACE_BOUND('',#1778,.T.);
#1778 = EDGE_LOOP('',(#1779,#1788,#1789,#1790));
#1779 = ORIENTED_EDGE('',*,*,#1780,.T.);
#1780 = EDGE_CURVE('',#1781,#1750,#1783,.T.);
#1781 = VERTEX_POINT('',#1782);
#1782 = CARTESIAN_POINT('',(18.322719115511,4.220871325138,-1.1));
#1783 = CIRCLE('',#1784,18.802600632072);
#1784 = AXIS2_PLACEMENT_3D('',#1785,#1786,#1787);
#1785 = CARTESIAN_POINT('',(2.480240213074E-12,6.267922496327E-13,-1.1)
  );
#1786 = DIRECTION('',(0.,0.,1.));
#1787 = DIRECTION('',(0.949991835852,0.312274737715,-0.));
#1788 = ORIENTED_EDGE('',*,*,#1766,.T.);
#1789 = ORIENTED_EDGE('',*,*,#330,.F.);
#1790 = ORIENTED_EDGE('',*,*,#1791,.T.);
#1791 = EDGE_CURVE('',#323,#1781,#1792,.T.);
#1792 = B_SPLINE_CURVE_WITH_KNOTS('',2,(#1793,#1794,#1795),
  .UNSPECIFIED.,.F.,.F.,(3,3),(0.427651963185,0.560251738029),
  .PIECEWISE_BEZIER_KNOTS.);
#1793 = CARTESIAN_POINT('',(17.924110790467,3.638405702721,0.));
#1794 = CARTESIAN_POINT('',(18.123940235276,3.926322012095,
    -0.542799083634));
#1795 = CARTESIAN_POINT('',(18.322719115511,4.220871325138,-1.1));
#1796 = CONICAL_SURFACE('',#1797,18.309369221294,0.436332312999);
#1797 = AXIS2_PLACEMENT_3D('',#1798,#1799,#1800);
#1798 = CARTESIAN_POINT('',(2.480240213074E-12,6.267922496327E-13,
    -4.226182617407E-02));
#1799 = DIRECTION('',(0.,0.,-1.));
#1800 = DIRECTION('',(0.949991835852,0.312274737715,0.));
#1801 = ADVANCED_FACE('',(#1802),#1820,.F.);
#1802 = FACE_BOUND('',#1803,.T.);
#1803 = EDGE_LOOP('',(#1804,#1812,#1813,#1814));
#1804 = ORIENTED_EDGE('',*,*,#1805,.F.);
#1805 = EDGE_CURVE('',#1781,#1806,#1808,.T.);
#1806 = VERTEX_POINT('',#1807);
#1807 = CARTESIAN_POINT('',(20.693084901667,4.596300383543,-1.1));
#1808 = LINE('',#1809,#1810);
#1809 = CARTESIAN_POINT('',(18.759520062981,4.290053798737,-1.1));
#1810 = VECTOR('',#1811,1.);
#1811 = DIRECTION('',(0.987688340595,0.15643446504,0.));
#1812 = ORIENTED_EDGE('',*,*,#1791,.F.);
#1813 = ORIENTED_EDGE('',*,*,#322,.F.);
#1814 = ORIENTED_EDGE('',*,*,#1815,.F.);
#1815 = EDGE_CURVE('',#1806,#314,#1816,.T.);
#1816 = B_SPLINE_CURVE_WITH_KNOTS('',2,(#1817,#1818,#1819),
  .UNSPECIFIED.,.F.,.F.,(3,3),(0.677763007417,0.807346683543),
  .PIECEWISE_BEZIER_KNOTS.);
#1817 = CARTESIAN_POINT('',(20.693084901666,4.596300383543,-1.1));
#1818 = CARTESIAN_POINT('',(20.998702259276,4.388303090453,
    -0.556913081576));
#1819 = CARTESIAN_POINT('',(21.305328188327,4.173937927896,0.));
#1820 = PLANE('',#1821);
#1821 = AXIS2_PLACEMENT_3D('',#1822,#1823,#1824);
#1822 = CARTESIAN_POINT('',(18.025099327895,3.674353379292,
    -4.226182617407E-02));
#1823 = DIRECTION('',(0.141777773827,-0.895149634247,-0.422618261741));
#1824 = DIRECTION('',(-0.987688340595,-0.15643446504,-1.179611963664E-16
    ));
#1825 = ADVANCED_FACE('',(#1826),#1838,.F.);
#1826 = FACE_BOUND('',#1827,.F.);
#1827 = EDGE_LOOP('',(#1828,#1829,#1830,#1831));
#1828 = ORIENTED_EDGE('',*,*,#1759,.T.);
#1829 = ORIENTED_EDGE('',*,*,#313,.T.);
#1830 = ORIENTED_EDGE('',*,*,#1815,.F.);
#1831 = ORIENTED_EDGE('',*,*,#1832,.T.);
#1832 = EDGE_CURVE('',#1806,#1752,#1833,.T.);
#1833 = CIRCLE('',#1834,21.197399367923);
#1834 = AXIS2_PLACEMENT_3D('',#1835,#1836,#1837);
#1835 = CARTESIAN_POINT('',(2.480240213074E-12,6.267922496327E-13,-1.1)
  );
#1836 = DIRECTION('',(0.,0.,1.));
#1837 = DIRECTION('',(0.947701672678,0.319157546682,-0.));
#1838 = CONICAL_SURFACE('',#1839,21.690630778701,0.436332312999);
#1839 = AXIS2_PLACEMENT_3D('',#1840,#1841,#1842);
#1840 = CARTESIAN_POINT('',(2.480240213074E-12,6.267922496327E-13,
    -4.226182617407E-02));
#1841 = DIRECTION('',(0.,0.,1.));
#1842 = DIRECTION('',(0.947701672678,0.319157546682,-0.));
#1843 = ADVANCED_FACE('',(#1844),#1850,.F.);
#1844 = FACE_BOUND('',#1845,.T.);
#1845 = EDGE_LOOP('',(#1846,#1847,#1848,#1849));
#1846 = ORIENTED_EDGE('',*,*,#1749,.F.);
#1847 = ORIENTED_EDGE('',*,*,#1780,.F.);
#1848 = ORIENTED_EDGE('',*,*,#1805,.T.);
#1849 = ORIENTED_EDGE('',*,*,#1832,.T.);
#1850 = PLANE('',#1851);
#1851 = AXIS2_PLACEMENT_3D('',#1852,#1853,#1854);
#1852 = CARTESIAN_POINT('',(19.445681010803,5.210454523118,-1.1));
#1853 = DIRECTION('',(0.,0.,-1.));
#1854 = DIRECTION('',(0.866025403784,-0.5,0.));
#1855 = ADVANCED_FACE('',(#1856),#1881,.F.);
#1856 = FACE_BOUND('',#1857,.T.);
#1857 = EDGE_LOOP('',(#1858,#1868,#1874,#1875));
#1858 = ORIENTED_EDGE('',*,*,#1859,.F.);
#1859 = EDGE_CURVE('',#1860,#1862,#1864,.T.);
#1860 = VERTEX_POINT('',#1861);
#1861 = CARTESIAN_POINT('',(-6.366029555261,20.218887399283,-1.1));
#1862 = VERTEX_POINT('',#1863);
#1863 = CARTESIAN_POINT('',(-5.50597776408,17.978375883008,-1.1));
#1864 = LINE('',#1865,#1866);
#1865 = CARTESIAN_POINT('',(-6.238438375369,19.886501011796,-1.1));
#1866 = VECTOR('',#1867,1.);
#1867 = DIRECTION('',(0.358367949545,-0.933580426497,0.));
#1868 = ORIENTED_EDGE('',*,*,#1869,.T.);
#1869 = EDGE_CURVE('',#1860,#519,#1870,.T.);
#1870 = B_SPLINE_CURVE_WITH_KNOTS('',2,(#1871,#1872,#1873),
  .UNSPECIFIED.,.F.,.F.,(3,3),(0.677763007417,0.807346683543),
  .PIECEWISE_BEZIER_KNOTS.);
#1871 = CARTESIAN_POINT('',(-6.366029555261,20.218887399283,-1.1));
#1872 = CARTESIAN_POINT('',(-6.6989691738,20.379561148265,
    -0.556913081576));
#1873 = CARTESIAN_POINT('',(-7.037927814786,20.537924411004,
    -2.22044604925E-15));
#1874 = ORIENTED_EDGE('',*,*,#516,.F.);
#1875 = ORIENTED_EDGE('',*,*,#1876,.T.);
#1876 = EDGE_CURVE('',#517,#1862,#1877,.T.);
#1877 = B_SPLINE_CURVE_WITH_KNOTS('',2,(#1878,#1879,#1880),
  .UNSPECIFIED.,.F.,.F.,(3,3),(0.427651963185,0.560251738029),
  .PIECEWISE_BEZIER_KNOTS.);
#1878 = CARTESIAN_POINT('',(-5.811103627403,17.341938136152,
    -2.22044604925E-15));
#1879 = CARTESIAN_POINT('',(-5.661675511726,17.658953666467,
    -0.542799083634));
#1880 = CARTESIAN_POINT('',(-5.50597776408,17.978375883008,-1.1));
#1881 = PLANE('',#1882);
#1882 = AXIS2_PLACEMENT_3D('',#1883,#1884,#1885);
#1883 = CARTESIAN_POINT('',(-6.978414129373,20.437876963505,
    -4.226182617407E-02));
#1884 = DIRECTION('',(-0.846111210359,-0.324791663297,-0.422618261741));
#1885 = DIRECTION('',(-0.358367949545,0.933580426497,-1.110223024625E-16
    ));
#1886 = ADVANCED_FACE('',(#1887),#1906,.T.);
#1887 = FACE_BOUND('',#1888,.T.);
#1888 = EDGE_LOOP('',(#1889,#1898,#1899,#1900));
#1889 = ORIENTED_EDGE('',*,*,#1890,.F.);
#1890 = EDGE_CURVE('',#1862,#1891,#1893,.T.);
#1891 = VERTEX_POINT('',#1892);
#1892 = CARTESIAN_POINT('',(-4.220871325138,18.322719115511,-1.1));
#1893 = CIRCLE('',#1894,18.802600632072);
#1894 = AXIS2_PLACEMENT_3D('',#1895,#1896,#1897);
#1895 = CARTESIAN_POINT('',(-6.267922496327E-13,2.480240213074E-12,-1.1)
  );
#1896 = DIRECTION('',(0.,0.,-1.));
#1897 = DIRECTION('',(-0.312274737715,0.949991835852,0.));
#1898 = ORIENTED_EDGE('',*,*,#1876,.F.);
#1899 = ORIENTED_EDGE('',*,*,#543,.F.);
#1900 = ORIENTED_EDGE('',*,*,#1901,.F.);
#1901 = EDGE_CURVE('',#1891,#536,#1902,.T.);
#1902 = B_SPLINE_CURVE_WITH_KNOTS('',2,(#1903,#1904,#1905),
  .UNSPECIFIED.,.F.,.F.,(3,3),(0.596310086429,0.728909861273),
  .PIECEWISE_BEZIER_KNOTS.);
#1903 = CARTESIAN_POINT('',(-4.220871325138,18.322719115511,-1.1));
#1904 = CARTESIAN_POINT('',(-3.926322012095,18.123940235276,
    -0.542799083634));
#1905 = CARTESIAN_POINT('',(-3.638405702721,17.924110790467,
    -2.22044604925E-15));
#1906 = CONICAL_SURFACE('',#1907,18.309369221294,0.436332312999);
#1907 = AXIS2_PLACEMENT_3D('',#1908,#1909,#1910);
#1908 = CARTESIAN_POINT('',(-6.267922496327E-13,2.480240213074E-12,
    -4.226182617407E-02));
#1909 = DIRECTION('',(0.,0.,-1.));
#1910 = DIRECTION('',(-0.312274737715,0.949991835852,0.));
#1911 = ADVANCED_FACE('',(#1912),#1930,.F.);
#1912 = FACE_BOUND('',#1913,.T.);
#1913 = EDGE_LOOP('',(#1914,#1922,#1923,#1924));
#1914 = ORIENTED_EDGE('',*,*,#1915,.F.);
#1915 = EDGE_CURVE('',#1891,#1916,#1918,.T.);
#1916 = VERTEX_POINT('',#1917);
#1917 = CARTESIAN_POINT('',(-4.596300383543,20.693084901667,-1.1));
#1918 = LINE('',#1919,#1920);
#1919 = CARTESIAN_POINT('',(-4.290053798737,18.759520062981,-1.1));
#1920 = VECTOR('',#1921,1.);
#1921 = DIRECTION('',(-0.15643446504,0.987688340595,0.));
#1922 = ORIENTED_EDGE('',*,*,#1901,.T.);
#1923 = ORIENTED_EDGE('',*,*,#535,.F.);
#1924 = ORIENTED_EDGE('',*,*,#1925,.F.);
#1925 = EDGE_CURVE('',#1916,#527,#1926,.T.);
#1926 = B_SPLINE_CURVE_WITH_KNOTS('',2,(#1927,#1928,#1929),
  .UNSPECIFIED.,.F.,.F.,(3,3),(0.677763007417,0.807346683543),
  .PIECEWISE_BEZIER_KNOTS.);
#1927 = CARTESIAN_POINT('',(-4.596300383543,20.693084901666,-1.1));
#1928 = CARTESIAN_POINT('',(-4.388303090453,20.998702259276,
    -0.556913081576));
#1929 = CARTESIAN_POINT('',(-4.173937927896,21.305328188327,
    -4.440892098501E-15));
#1930 = PLANE('',#1931);
#1931 = AXIS2_PLACEMENT_3D('',#1932,#1933,#1934);
#1932 = CARTESIAN_POINT('',(-3.674353379292,18.025099327895,
    -4.226182617407E-02));
#1933 = DIRECTION('',(0.895149634247,0.141777773827,-0.422618261741));
#1934 = DIRECTION('',(0.15643446504,-0.987688340595,-1.179611963664E-16)
  );
#1935 = ADVANCED_FACE('',(#1936),#1948,.F.);
#1936 = FACE_BOUND('',#1937,.F.);
#1937 = EDGE_LOOP('',(#1938,#1939,#1940,#1941));
#1938 = ORIENTED_EDGE('',*,*,#1869,.T.);
#1939 = ORIENTED_EDGE('',*,*,#526,.T.);
#1940 = ORIENTED_EDGE('',*,*,#1925,.F.);
#1941 = ORIENTED_EDGE('',*,*,#1942,.T.);
#1942 = EDGE_CURVE('',#1916,#1860,#1943,.T.);
#1943 = CIRCLE('',#1944,21.197399367923);
#1944 = AXIS2_PLACEMENT_3D('',#1945,#1946,#1947);
#1945 = CARTESIAN_POINT('',(-6.267922496327E-13,2.480240213074E-12,-1.1)
  );
#1946 = DIRECTION('',(0.,0.,1.));
#1947 = DIRECTION('',(-0.319157546682,0.947701672678,0.));
#1948 = CONICAL_SURFACE('',#1949,21.690630778701,0.436332312999);
#1949 = AXIS2_PLACEMENT_3D('',#1950,#1951,#1952);
#1950 = CARTESIAN_POINT('',(-6.267922496327E-13,2.480240213074E-12,
    -4.226182617407E-02));
#1951 = DIRECTION('',(0.,0.,1.));
#1952 = DIRECTION('',(-0.319157546682,0.947701672678,0.));
#1953 = ADVANCED_FACE('',(#1954),#1960,.F.);
#1954 = FACE_BOUND('',#1955,.T.);
#1955 = EDGE_LOOP('',(#1956,#1957,#1958,#1959));
#1956 = ORIENTED_EDGE('',*,*,#1859,.T.);
#1957 = ORIENTED_EDGE('',*,*,#1890,.T.);
#1958 = ORIENTED_EDGE('',*,*,#1915,.T.);
#1959 = ORIENTED_EDGE('',*,*,#1942,.T.);
#1960 = PLANE('',#1961);
#1961 = AXIS2_PLACEMENT_3D('',#1962,#1963,#1964);
#1962 = CARTESIAN_POINT('',(-5.210454523118,19.445681010803,-1.1));
#1963 = DIRECTION('',(0.,0.,-1.));
#1964 = DIRECTION('',(0.5,0.866025403784,0.));
#1965 = ADVANCED_FACE('',(#1966),#1991,.F.);
#1966 = FACE_BOUND('',#1967,.T.);
#1967 = EDGE_LOOP('',(#1968,#1978,#1984,#1985));
#1968 = ORIENTED_EDGE('',*,*,#1969,.T.);
#1969 = EDGE_CURVE('',#1970,#1972,#1974,.T.);
#1970 = VERTEX_POINT('',#1971);
#1971 = CARTESIAN_POINT('',(12.816741351431,13.75750455787,-1.1));
#1972 = VERTEX_POINT('',#1973);
#1973 = CARTESIAN_POINT('',(14.327055346406,15.62258701574,-1.1));
#1974 = LINE('',#1975,#1976);
#1975 = CARTESIAN_POINT('',(14.102995880916,15.345896618911,-1.1));
#1976 = VECTOR('',#1977,1.);
#1977 = DIRECTION('',(0.62932039105,0.777145961457,0.));
#1978 = ORIENTED_EDGE('',*,*,#1979,.T.);
#1979 = EDGE_CURVE('',#1972,#555,#1980,.T.);
#1980 = B_SPLINE_CURVE_WITH_KNOTS('',2,(#1981,#1982,#1983),
  .UNSPECIFIED.,.F.,.F.,(3,3),(0.677763007417,0.807346683543),
  .PIECEWISE_BEZIER_KNOTS.);
#1981 = CARTESIAN_POINT('',(14.327055346406,15.62258701574,-1.1));
#1982 = CARTESIAN_POINT('',(14.299733085476,15.991258057812,
    -0.556913081576));
#1983 = CARTESIAN_POINT('',(14.267400373541,16.363986483107,
    -4.440892098501E-15));
#1984 = ORIENTED_EDGE('',*,*,#552,.F.);
#1985 = ORIENTED_EDGE('',*,*,#1986,.T.);
#1986 = EDGE_CURVE('',#553,#1970,#1987,.T.);
#1987 = B_SPLINE_CURVE_WITH_KNOTS('',2,(#1988,#1989,#1990),
  .UNSPECIFIED.,.F.,.F.,(3,3),(0.427651963185,0.560251738029),
  .PIECEWISE_BEZIER_KNOTS.);
#1988 = CARTESIAN_POINT('',(12.113007163064,13.703532433431,0.));
#1989 = CARTESIAN_POINT('',(12.46226472355,13.732631654372,
    -0.542799083634));
#1990 = CARTESIAN_POINT('',(12.816741351431,13.75750455787,-1.1));
#1991 = PLANE('',#1992);
#1992 = AXIS2_PLACEMENT_3D('',#1993,#1994,#1995);
#1993 = CARTESIAN_POINT('',(14.210513585129,16.262422395917,
    -4.226182617407E-02));
#1994 = DIRECTION('',(-0.704333436533,0.570357970949,-0.422618261741));
#1995 = DIRECTION('',(0.62932039105,0.777145961457,-2.22044604925E-16));
#1996 = ADVANCED_FACE('',(#1997),#2016,.T.);
#1997 = FACE_BOUND('',#1998,.T.);
#1998 = EDGE_LOOP('',(#1999,#2008,#2009,#2010));
#1999 = ORIENTED_EDGE('',*,*,#2000,.T.);
#2000 = EDGE_CURVE('',#2001,#1970,#2003,.T.);
#2001 = VERTEX_POINT('',#2002);
#2002 = CARTESIAN_POINT('',(13.75750455787,12.816741351431,-1.1));
#2003 = CIRCLE('',#2004,18.802600632072);
#2004 = AXIS2_PLACEMENT_3D('',#2005,#2006,#2007);
#2005 = CARTESIAN_POINT('',(1.834554907193E-12,1.782938117614E-12,-1.1)
  );
#2006 = DIRECTION('',(0.,0.,1.));
#2007 = DIRECTION('',(0.666579694378,0.745433773748,-0.));
#2008 = ORIENTED_EDGE('',*,*,#1986,.F.);
#2009 = ORIENTED_EDGE('',*,*,#579,.F.);
#2010 = ORIENTED_EDGE('',*,*,#2011,.F.);
#2011 = EDGE_CURVE('',#2001,#572,#2012,.T.);
#2012 = B_SPLINE_CURVE_WITH_KNOTS('',2,(#2013,#2014,#2015),
  .UNSPECIFIED.,.F.,.F.,(3,3),(0.596310086429,0.728909861273),
  .PIECEWISE_BEZIER_KNOTS.);
#2013 = CARTESIAN_POINT('',(13.75750455787,12.816741351431,-1.1));
#2014 = CARTESIAN_POINT('',(13.732631654372,12.46226472355,
    -0.542799083634));
#2015 = CARTESIAN_POINT('',(13.703532433431,12.113007163064,
    -2.22044604925E-15));
#2016 = CONICAL_SURFACE('',#2017,18.309369221294,0.436332312999);
#2017 = AXIS2_PLACEMENT_3D('',#2018,#2019,#2020);
#2018 = CARTESIAN_POINT('',(1.834554907193E-12,1.782938117614E-12,
    -4.226182617407E-02));
#2019 = DIRECTION('',(0.,0.,-1.));
#2020 = DIRECTION('',(0.666579694378,0.745433773748,0.));
#2021 = ADVANCED_FACE('',(#2022),#2040,.F.);
#2022 = FACE_BOUND('',#2023,.T.);
#2023 = EDGE_LOOP('',(#2024,#2032,#2033,#2034));
#2024 = ORIENTED_EDGE('',*,*,#2025,.T.);
#2025 = EDGE_CURVE('',#2026,#2001,#2028,.T.);
#2026 = VERTEX_POINT('',#2027);
#2027 = CARTESIAN_POINT('',(15.62258701574,14.327055346406,-1.1));
#2028 = LINE('',#2029,#2030);
#2029 = CARTESIAN_POINT('',(14.101194037977,13.095055604798,-1.1));
#2030 = VECTOR('',#2031,1.);
#2031 = DIRECTION('',(-0.777145961457,-0.62932039105,0.));
#2032 = ORIENTED_EDGE('',*,*,#2011,.T.);
#2033 = ORIENTED_EDGE('',*,*,#571,.F.);
#2034 = ORIENTED_EDGE('',*,*,#2035,.F.);
#2035 = EDGE_CURVE('',#2026,#563,#2036,.T.);
#2036 = B_SPLINE_CURVE_WITH_KNOTS('',2,(#2037,#2038,#2039),
  .UNSPECIFIED.,.F.,.F.,(3,3),(0.677763007417,0.807346683543),
  .PIECEWISE_BEZIER_KNOTS.);
#2037 = CARTESIAN_POINT('',(15.62258701574,14.327055346406,-1.1));
#2038 = CARTESIAN_POINT('',(15.991258057812,14.299733085476,
    -0.556913081576));
#2039 = CARTESIAN_POINT('',(16.363986483107,14.267400373541,
    -4.440892098501E-15));
#2040 = PLANE('',#2041);
#2041 = AXIS2_PLACEMENT_3D('',#2042,#2043,#2044);
#2042 = CARTESIAN_POINT('',(13.773017234049,12.194633032895,
    -4.226182617407E-02));
#2043 = DIRECTION('',(0.570357970949,-0.704333436533,-0.422618261741));
#2044 = DIRECTION('',(-0.777145961457,-0.62932039105,1.665334536938E-16)
  );
#2045 = ADVANCED_FACE('',(#2046),#2058,.F.);
#2046 = FACE_BOUND('',#2047,.F.);
#2047 = EDGE_LOOP('',(#2048,#2049,#2050,#2051));
#2048 = ORIENTED_EDGE('',*,*,#1979,.T.);
#2049 = ORIENTED_EDGE('',*,*,#562,.T.);
#2050 = ORIENTED_EDGE('',*,*,#2035,.F.);
#2051 = ORIENTED_EDGE('',*,*,#2052,.F.);
#2052 = EDGE_CURVE('',#1972,#2026,#2053,.T.);
#2053 = CIRCLE('',#2054,21.197399367923);
#2054 = AXIS2_PLACEMENT_3D('',#2055,#2056,#2057);
#2055 = CARTESIAN_POINT('',(1.834554907193E-12,1.782938117614E-12,-1.1)
  );
#2056 = DIRECTION('',(0.,0.,-1.));
#2057 = DIRECTION('',(0.661154950407,0.750249379575,0.));
#2058 = CONICAL_SURFACE('',#2059,21.690630778701,0.436332312999);
#2059 = AXIS2_PLACEMENT_3D('',#2060,#2061,#2062);
#2060 = CARTESIAN_POINT('',(1.834554907193E-12,1.782938117614E-12,
    -4.226182617407E-02));
#2061 = DIRECTION('',(0.,0.,1.));
#2062 = DIRECTION('',(0.661154950407,0.750249379575,-0.));
#2063 = ADVANCED_FACE('',(#2064),#2070,.F.);
#2064 = FACE_BOUND('',#2065,.T.);
#2065 = EDGE_LOOP('',(#2066,#2067,#2068,#2069));
#2066 = ORIENTED_EDGE('',*,*,#1969,.F.);
#2067 = ORIENTED_EDGE('',*,*,#2000,.F.);
#2068 = ORIENTED_EDGE('',*,*,#2025,.F.);
#2069 = ORIENTED_EDGE('',*,*,#2052,.F.);
#2070 = PLANE('',#2071);
#2071 = AXIS2_PLACEMENT_3D('',#2072,#2073,#2074);
#2072 = CARTESIAN_POINT('',(14.235226487685,14.235226487685,-1.1));
#2073 = DIRECTION('',(0.,0.,-1.));
#2074 = DIRECTION('',(1.,0.,0.));
#2075 = ADVANCED_FACE('',(#2076,#2087),#2098,.F.);
#2076 = FACE_BOUND('',#2077,.T.);
#2077 = EDGE_LOOP('',(#2078));
#2078 = ORIENTED_EDGE('',*,*,#2079,.F.);
#2079 = EDGE_CURVE('',#2080,#2080,#2082,.T.);
#2080 = VERTEX_POINT('',#2081);
#2081 = CARTESIAN_POINT('',(7.9113153066,17.166901680866,-1.));
#2082 = CIRCLE('',#2083,2.);
#2083 = AXIS2_PLACEMENT_3D('',#2084,#2085,#2086);
#2084 = CARTESIAN_POINT('',(9.9113153066,17.166901680866,-1.));
#2085 = DIRECTION('',(0.,0.,-1.));
#2086 = DIRECTION('',(1.,0.,0.));
#2087 = FACE_BOUND('',#2088,.T.);
#2088 = EDGE_LOOP('',(#2089));
#2089 = ORIENTED_EDGE('',*,*,#2090,.T.);
#2090 = EDGE_CURVE('',#2091,#2091,#2093,.T.);
#2091 = VERTEX_POINT('',#2092);
#2092 = CARTESIAN_POINT('',(8.6613153066,17.166901680866,-1.));
#2093 = CIRCLE('',#2094,1.25);
#2094 = AXIS2_PLACEMENT_3D('',#2095,#2096,#2097);
#2095 = CARTESIAN_POINT('',(9.9113153066,17.166901680866,-1.));
#2096 = DIRECTION('',(0.,0.,-1.));
#2097 = DIRECTION('',(1.,0.,0.));
#2098 = PLANE('',#2099);
#2099 = AXIS2_PLACEMENT_3D('',#2100,#2101,#2102);
#2100 = CARTESIAN_POINT('',(9.9113153066,17.166901680866,-1.));
#2101 = DIRECTION('',(0.,0.,-1.));
#2102 = DIRECTION('',(1.,0.,0.));
#2103 = ADVANCED_FACE('',(#2104),#2115,.F.);
#2104 = FACE_BOUND('',#2105,.F.);
#2105 = EDGE_LOOP('',(#2106,#2112,#2113,#2114));
#2106 = ORIENTED_EDGE('',*,*,#2107,.T.);
#2107 = EDGE_CURVE('',#362,#2080,#2108,.T.);
#2108 = LINE('',#2109,#2110);
#2109 = CARTESIAN_POINT('',(7.9113153066,17.166901680866,-0.5));
#2110 = VECTOR('',#2111,1.);
#2111 = DIRECTION('',(0.,0.,-1.));
#2112 = ORIENTED_EDGE('',*,*,#2079,.F.);
#2113 = ORIENTED_EDGE('',*,*,#2107,.F.);
#2114 = ORIENTED_EDGE('',*,*,#361,.T.);
#2115 = CYLINDRICAL_SURFACE('',#2116,2.);
#2116 = AXIS2_PLACEMENT_3D('',#2117,#2118,#2119);
#2117 = CARTESIAN_POINT('',(9.9113153066,17.166901680866,-0.5));
#2118 = DIRECTION('',(0.,0.,-1.));
#2119 = DIRECTION('',(1.,0.,0.));
#2120 = ADVANCED_FACE('',(#2121),#2140,.F.);
#2121 = FACE_BOUND('',#2122,.F.);
#2122 = EDGE_LOOP('',(#2123,#2129,#2130,#2137,#2138,#2139));
#2123 = ORIENTED_EDGE('',*,*,#2124,.T.);
#2124 = EDGE_CURVE('',#2091,#696,#2125,.T.);
#2125 = LINE('',#2126,#2127);
#2126 = CARTESIAN_POINT('',(8.6613153066,17.166901680866,-2.125));
#2127 = VECTOR('',#2128,1.);
#2128 = DIRECTION('',(0.,0.,-1.));
#2129 = ORIENTED_EDGE('',*,*,#695,.T.);
#2130 = ORIENTED_EDGE('',*,*,#2131,.T.);
#2131 = EDGE_CURVE('',#687,#717,#2132,.T.);
#2132 = CIRCLE('',#2133,1.25);
#2133 = AXIS2_PLACEMENT_3D('',#2134,#2135,#2136);
#2134 = CARTESIAN_POINT('',(9.9113153066,17.166901680866,-3.05));
#2135 = DIRECTION('',(0.,0.,1.));
#2136 = DIRECTION('',(1.,0.,-0.));
#2137 = ORIENTED_EDGE('',*,*,#716,.T.);
#2138 = ORIENTED_EDGE('',*,*,#2124,.F.);
#2139 = ORIENTED_EDGE('',*,*,#2090,.T.);
#2140 = CYLINDRICAL_SURFACE('',#2141,1.25);
#2141 = AXIS2_PLACEMENT_3D('',#2142,#2143,#2144);
#2142 = CARTESIAN_POINT('',(9.9113153066,17.166901680866,-2.125));
#2143 = DIRECTION('',(0.,0.,-1.));
#2144 = DIRECTION('',(1.,0.,0.));
#2145 = ADVANCED_FACE('',(#2146,#2157),#2168,.F.);
#2146 = FACE_BOUND('',#2147,.T.);
#2147 = EDGE_LOOP('',(#2148));
#2148 = ORIENTED_EDGE('',*,*,#2149,.F.);
#2149 = EDGE_CURVE('',#2150,#2150,#2152,.T.);
#2150 = VERTEX_POINT('',#2151);
#2151 = CARTESIAN_POINT('',(7.9113153066,-17.16690168086,-1.));
#2152 = CIRCLE('',#2153,2.);
#2153 = AXIS2_PLACEMENT_3D('',#2154,#2155,#2156);
#2154 = CARTESIAN_POINT('',(9.9113153066,-17.16690168086,-1.));
#2155 = DIRECTION('',(0.,0.,-1.));
#2156 = DIRECTION('',(1.,0.,0.));
#2157 = FACE_BOUND('',#2158,.T.);
#2158 = EDGE_LOOP('',(#2159));
#2159 = ORIENTED_EDGE('',*,*,#2160,.T.);
#2160 = EDGE_CURVE('',#2161,#2161,#2163,.T.);
#2161 = VERTEX_POINT('',#2162);
#2162 = CARTESIAN_POINT('',(8.6613153066,-17.16690168086,-1.));
#2163 = CIRCLE('',#2164,1.25);
#2164 = AXIS2_PLACEMENT_3D('',#2165,#2166,#2167);
#2165 = CARTESIAN_POINT('',(9.9113153066,-17.16690168086,-1.));
#2166 = DIRECTION('',(0.,0.,-1.));
#2167 = DIRECTION('',(1.,0.,0.));
#2168 = PLANE('',#2169);
#2169 = AXIS2_PLACEMENT_3D('',#2170,#2171,#2172);
#2170 = CARTESIAN_POINT('',(9.9113153066,-17.16690168086,-1.));
#2171 = DIRECTION('',(0.,0.,-1.));
#2172 = DIRECTION('',(1.,0.,0.));
#2173 = ADVANCED_FACE('',(#2174),#2185,.F.);
#2174 = FACE_BOUND('',#2175,.F.);
#2175 = EDGE_LOOP('',(#2176,#2182,#2183,#2184));
#2176 = ORIENTED_EDGE('',*,*,#2177,.T.);
#2177 = EDGE_CURVE('',#351,#2150,#2178,.T.);
#2178 = LINE('',#2179,#2180);
#2179 = CARTESIAN_POINT('',(7.9113153066,-17.16690168086,-0.5));
#2180 = VECTOR('',#2181,1.);
#2181 = DIRECTION('',(0.,0.,-1.));
#2182 = ORIENTED_EDGE('',*,*,#2149,.F.);
#2183 = ORIENTED_EDGE('',*,*,#2177,.F.);
#2184 = ORIENTED_EDGE('',*,*,#350,.T.);
#2185 = CYLINDRICAL_SURFACE('',#2186,2.);
#2186 = AXIS2_PLACEMENT_3D('',#2187,#2188,#2189);
#2187 = CARTESIAN_POINT('',(9.9113153066,-17.16690168086,-0.5));
#2188 = DIRECTION('',(0.,0.,-1.));
#2189 = DIRECTION('',(1.,0.,0.));
#2190 = ADVANCED_FACE('',(#2191),#2210,.F.);
#2191 = FACE_BOUND('',#2192,.F.);
#2192 = EDGE_LOOP('',(#2193,#2199,#2200,#2207,#2208,#2209));
#2193 = ORIENTED_EDGE('',*,*,#2194,.T.);
#2194 = EDGE_CURVE('',#2161,#655,#2195,.T.);
#2195 = LINE('',#2196,#2197);
#2196 = CARTESIAN_POINT('',(8.6613153066,-17.16690168086,-2.125));
#2197 = VECTOR('',#2198,1.);
#2198 = DIRECTION('',(0.,0.,-1.));
#2199 = ORIENTED_EDGE('',*,*,#654,.T.);
#2200 = ORIENTED_EDGE('',*,*,#2201,.T.);
#2201 = EDGE_CURVE('',#646,#666,#2202,.T.);
#2202 = CIRCLE('',#2203,1.25);
#2203 = AXIS2_PLACEMENT_3D('',#2204,#2205,#2206);
#2204 = CARTESIAN_POINT('',(9.9113153066,-17.16690168086,-3.05));
#2205 = DIRECTION('',(0.,0.,1.));
#2206 = DIRECTION('',(1.,0.,-0.));
#2207 = ORIENTED_EDGE('',*,*,#665,.T.);
#2208 = ORIENTED_EDGE('',*,*,#2194,.F.);
#2209 = ORIENTED_EDGE('',*,*,#2160,.T.);
#2210 = CYLINDRICAL_SURFACE('',#2211,1.25);
#2211 = AXIS2_PLACEMENT_3D('',#2212,#2213,#2214);
#2212 = CARTESIAN_POINT('',(9.9113153066,-17.16690168086,-2.125));
#2213 = DIRECTION('',(0.,0.,-1.));
#2214 = DIRECTION('',(1.,0.,0.));
#2215 = ADVANCED_FACE('',(#2216,#2227),#2238,.F.);
#2216 = FACE_BOUND('',#2217,.T.);
#2217 = EDGE_LOOP('',(#2218));
#2218 = ORIENTED_EDGE('',*,*,#2219,.F.);
#2219 = EDGE_CURVE('',#2220,#2220,#2222,.T.);
#2220 = VERTEX_POINT('',#2221);
#2221 = CARTESIAN_POINT('',(-21.8226306132,2.960244106675E-15,-1.));
#2222 = CIRCLE('',#2223,2.);
#2223 = AXIS2_PLACEMENT_3D('',#2224,#2225,#2226);
#2224 = CARTESIAN_POINT('',(-19.8226306132,2.715314746845E-15,-1.));
#2225 = DIRECTION('',(0.,0.,-1.));
#2226 = DIRECTION('',(1.,0.,0.));
#2227 = FACE_BOUND('',#2228,.T.);
#2228 = EDGE_LOOP('',(#2229));
#2229 = ORIENTED_EDGE('',*,*,#2230,.T.);
#2230 = EDGE_CURVE('',#2231,#2231,#2233,.T.);
#2231 = VERTEX_POINT('',#2232);
#2232 = CARTESIAN_POINT('',(-21.0726306132,2.868395596739E-15,-1.));
#2233 = CIRCLE('',#2234,1.25);
#2234 = AXIS2_PLACEMENT_3D('',#2235,#2236,#2237);
#2235 = CARTESIAN_POINT('',(-19.8226306132,2.715314746845E-15,-1.));
#2236 = DIRECTION('',(0.,0.,-1.));
#2237 = DIRECTION('',(1.,0.,0.));
#2238 = PLANE('',#2239);
#2239 = AXIS2_PLACEMENT_3D('',#2240,#2241,#2242);
#2240 = CARTESIAN_POINT('',(-19.8226306132,2.715314746845E-15,-1.));
#2241 = DIRECTION('',(0.,0.,-1.));
#2242 = DIRECTION('',(1.,0.,0.));
#2243 = ADVANCED_FACE('',(#2244),#2255,.F.);
#2244 = FACE_BOUND('',#2245,.F.);
#2245 = EDGE_LOOP('',(#2246,#2252,#2253,#2254));
#2246 = ORIENTED_EDGE('',*,*,#2247,.T.);
#2247 = EDGE_CURVE('',#340,#2220,#2248,.T.);
#2248 = LINE('',#2249,#2250);
#2249 = CARTESIAN_POINT('',(-21.8226306132,2.960244106675E-15,-0.5));
#2250 = VECTOR('',#2251,1.);
#2251 = DIRECTION('',(0.,0.,-1.));
#2252 = ORIENTED_EDGE('',*,*,#2219,.F.);
#2253 = ORIENTED_EDGE('',*,*,#2247,.F.);
#2254 = ORIENTED_EDGE('',*,*,#339,.T.);
#2255 = CYLINDRICAL_SURFACE('',#2256,2.);
#2256 = AXIS2_PLACEMENT_3D('',#2257,#2258,#2259);
#2257 = CARTESIAN_POINT('',(-19.8226306132,2.715314746845E-15,-0.5));
#2258 = DIRECTION('',(0.,0.,-1.));
#2259 = DIRECTION('',(1.,0.,0.));
#2260 = ADVANCED_FACE('',(#2261),#2289,.F.);
#2261 = FACE_BOUND('',#2262,.F.);
#2262 = EDGE_LOOP('',(#2263,#2271,#2278,#2279,#2280,#2287,#2288));
#2263 = ORIENTED_EDGE('',*,*,#2264,.T.);
#2264 = EDGE_CURVE('',#2231,#2265,#2267,.T.);
#2265 = VERTEX_POINT('',#2266);
#2266 = CARTESIAN_POINT('',(-21.0726306132,2.868395596739E-15,-3.05));
#2267 = LINE('',#2268,#2269);
#2268 = CARTESIAN_POINT('',(-21.0726306132,2.868395596739E-15,-2.125));
#2269 = VECTOR('',#2270,1.);
#2270 = DIRECTION('',(0.,0.,-1.));
#2271 = ORIENTED_EDGE('',*,*,#2272,.T.);
#2272 = EDGE_CURVE('',#2265,#631,#2273,.T.);
#2273 = CIRCLE('',#2274,1.25);
#2274 = AXIS2_PLACEMENT_3D('',#2275,#2276,#2277);
#2275 = CARTESIAN_POINT('',(-19.8226306132,2.715314746845E-15,-3.05));
#2276 = DIRECTION('',(0.,0.,1.));
#2277 = DIRECTION('',(1.,0.,-0.));
#2278 = ORIENTED_EDGE('',*,*,#630,.T.);
#2279 = ORIENTED_EDGE('',*,*,#736,.T.);
#2280 = ORIENTED_EDGE('',*,*,#2281,.T.);
#2281 = EDGE_CURVE('',#728,#2265,#2282,.T.);
#2282 = CIRCLE('',#2283,1.25);
#2283 = AXIS2_PLACEMENT_3D('',#2284,#2285,#2286);
#2284 = CARTESIAN_POINT('',(-19.8226306132,2.715314746845E-15,-3.05));
#2285 = DIRECTION('',(0.,0.,1.));
#2286 = DIRECTION('',(1.,0.,-0.));
#2287 = ORIENTED_EDGE('',*,*,#2264,.F.);
#2288 = ORIENTED_EDGE('',*,*,#2230,.T.);
#2289 = CYLINDRICAL_SURFACE('',#2290,1.25);
#2290 = AXIS2_PLACEMENT_3D('',#2291,#2292,#2293);
#2291 = CARTESIAN_POINT('',(-19.8226306132,2.715314746845E-15,-2.125));
#2292 = DIRECTION('',(0.,0.,-1.));
#2293 = DIRECTION('',(1.,0.,0.));
#2294 = ADVANCED_FACE('',(#2295,#2306),#2315,.T.);
#2295 = FACE_BOUND('',#2296,.T.);
#2296 = EDGE_LOOP('',(#2297));
#2297 = ORIENTED_EDGE('',*,*,#2298,.F.);
#2298 = EDGE_CURVE('',#2299,#2299,#2301,.T.);
#2299 = VERTEX_POINT('',#2300);
#2300 = CARTESIAN_POINT('',(-22.74527082963,-2.785492311725E-15,-3.05));
#2301 = CIRCLE('',#2302,22.745270829636);
#2302 = AXIS2_PLACEMENT_3D('',#2303,#2304,#2305);
#2303 = CARTESIAN_POINT('',(0.,0.,-3.05));
#2304 = DIRECTION('',(0.,0.,1.));
#2305 = DIRECTION('',(1.,0.,-0.));
#2306 = FACE_BOUND('',#2307,.T.);
#2307 = EDGE_LOOP('',(#2308,#2309,#2310,#2311,#2312,#2313,#2314));
#2308 = ORIENTED_EDGE('',*,*,#2131,.T.);
#2309 = ORIENTED_EDGE('',*,*,#727,.T.);
#2310 = ORIENTED_EDGE('',*,*,#2281,.T.);
#2311 = ORIENTED_EDGE('',*,*,#2272,.T.);
#2312 = ORIENTED_EDGE('',*,*,#645,.T.);
#2313 = ORIENTED_EDGE('',*,*,#2201,.T.);
#2314 = ORIENTED_EDGE('',*,*,#686,.T.);
#2315 = PLANE('',#2316);
#2316 = AXIS2_PLACEMENT_3D('',#2317,#2318,#2319);
#2317 = CARTESIAN_POINT('',(22.492354994152,0.,-3.05));
#2318 = DIRECTION('',(0.,0.,-1.));
#2319 = DIRECTION('',(-1.,0.,0.));
#2320 = ADVANCED_FACE('',(#2321),#2341,.F.);
#2321 = FACE_BOUND('',#2322,.F.);
#2322 = EDGE_LOOP('',(#2323,#2332,#2333,#2334));
#2323 = ORIENTED_EDGE('',*,*,#2324,.T.);
#2324 = EDGE_CURVE('',#2325,#2299,#2327,.T.);
#2325 = VERTEX_POINT('',#2326);
#2326 = CARTESIAN_POINT('',(-22.75,-2.78607146806E-15,-3.018812819782));
#2327 = CIRCLE('',#2328,23.278392035072);
#2328 = AXIS2_PLACEMENT_3D('',#2329,#2330,#2331);
#2329 = CARTESIAN_POINT('',(0.267646521114,3.277724553853E-17,
    0.455591354684));
#2330 = DIRECTION('',(1.224646799147E-16,-1.,0.));
#2331 = DIRECTION('',(-1.,-1.224646799147E-16,0.));
#2332 = ORIENTED_EDGE('',*,*,#2298,.F.);
#2333 = ORIENTED_EDGE('',*,*,#2324,.F.);
#2334 = ORIENTED_EDGE('',*,*,#2335,.T.);
#2335 = EDGE_CURVE('',#2325,#2325,#2336,.T.);
#2336 = CIRCLE('',#2337,22.75);
#2337 = AXIS2_PLACEMENT_3D('',#2338,#2339,#2340);
#2338 = CARTESIAN_POINT('',(0.,0.,-3.018812819782));
#2339 = DIRECTION('',(0.,0.,1.));
#2340 = DIRECTION('',(1.,0.,-0.));
#2341 = ( BOUNDED_SURFACE() B_SPLINE_SURFACE(2,2,(
    (#2342,#2343,#2344,#2345,#2346,#2347,#2348,#2349,#2350)
    ,(#2351,#2352,#2353,#2354,#2355,#2356,#2357,#2358,#2359)
    ,(#2360,#2361,#2362,#2363,#2364,#2365,#2366,#2367,#2368
)),.UNSPECIFIED.,.F.,.T.,.F.) B_SPLINE_SURFACE_WITH_KNOTS((3,3),(1,2,2,2
    ,2,2,1),(-0.15116932291,-0.149814259108),(-4.712388980385,
    -3.14159265359,-1.570796326795,0.,1.570796326795,3.14159265359,
4.712388980385),.UNSPECIFIED.) GEOMETRIC_REPRESENTATION_ITEM() 
RATIONAL_B_SPLINE_SURFACE((
    (1.,0.707106781187,1.,0.707106781187,1.,0.707106781187,1.
      ,0.707106781187,1.)
    ,(0.999999770475,0.707106618888,0.999999770475,0.707106618888
      ,0.999999770475,0.707106618888,0.999999770475,0.707106618888
      ,0.999999770475)
    ,(1.,0.707106781187,1.,0.707106781187,1.,0.707106781187,1.
,0.707106781187,1.))) REPRESENTATION_ITEM('') SURFACE() );
#2342 = CARTESIAN_POINT('',(-22.74527082963,0.,-3.05));
#2343 = CARTESIAN_POINT('',(-22.74527082963,-22.74527082963,-3.05));
#2344 = CARTESIAN_POINT('',(0.,-22.74527082963,-3.05));
#2345 = CARTESIAN_POINT('',(22.745270829636,-22.74527082963,-3.05));
#2346 = CARTESIAN_POINT('',(22.745270829636,0.,-3.05));
#2347 = CARTESIAN_POINT('',(22.745270829636,22.745270829636,-3.05));
#2348 = CARTESIAN_POINT('',(0.,22.745270829636,-3.05));
#2349 = CARTESIAN_POINT('',(-22.74527082963,22.745270829636,-3.05));
#2350 = CARTESIAN_POINT('',(-22.74527082963,0.,-3.05));
#2351 = CARTESIAN_POINT('',(-22.74764597997,0.,-3.034408011973));
#2352 = CARTESIAN_POINT('',(-22.74764597997,-22.74764597997,
    -3.034408011973));
#2353 = CARTESIAN_POINT('',(0.,-22.74764597997,-3.034408011973));
#2354 = CARTESIAN_POINT('',(22.747645979975,-22.74764597997,
    -3.034408011973));
#2355 = CARTESIAN_POINT('',(22.747645979975,0.,-3.034408011973));
#2356 = CARTESIAN_POINT('',(22.747645979975,22.747645979975,
    -3.034408011973));
#2357 = CARTESIAN_POINT('',(0.,22.747645979975,-3.034408011973));
#2358 = CARTESIAN_POINT('',(-22.74764597997,22.747645979975,
    -3.034408011973));
#2359 = CARTESIAN_POINT('',(-22.74764597997,0.,-3.034408011973));
#2360 = CARTESIAN_POINT('',(-22.75,0.,-3.018812819782));
#2361 = CARTESIAN_POINT('',(-22.75,-22.75,-3.018812819782));
#2362 = CARTESIAN_POINT('',(0.,-22.75,-3.018812819782));
#2363 = CARTESIAN_POINT('',(22.75,-22.75,-3.018812819782));
#2364 = CARTESIAN_POINT('',(22.75,0.,-3.018812819782));
#2365 = CARTESIAN_POINT('',(22.75,22.75,-3.018812819782));
#2366 = CARTESIAN_POINT('',(0.,22.75,-3.018812819782));
#2367 = CARTESIAN_POINT('',(-22.75,22.75,-3.018812819782));
#2368 = CARTESIAN_POINT('',(-22.75,0.,-3.018812819782));
#2369 = ADVANCED_FACE('',(#2370),#2381,.T.);
#2370 = FACE_BOUND('',#2371,.T.);
#2371 = EDGE_LOOP('',(#2372,#2373,#2379,#2380));
#2372 = ORIENTED_EDGE('',*,*,#112,.T.);
#2373 = ORIENTED_EDGE('',*,*,#2374,.T.);
#2374 = EDGE_CURVE('',#113,#2325,#2375,.T.);
#2375 = LINE('',#2376,#2377);
#2376 = CARTESIAN_POINT('',(-22.75,-2.78607146806E-15,-1.5));
#2377 = VECTOR('',#2378,1.);
#2378 = DIRECTION('',(0.,0.,-1.));
#2379 = ORIENTED_EDGE('',*,*,#2335,.T.);
#2380 = ORIENTED_EDGE('',*,*,#2374,.F.);
#2381 = CYLINDRICAL_SURFACE('',#2382,22.75);
#2382 = AXIS2_PLACEMENT_3D('',#2383,#2384,#2385);
#2383 = CARTESIAN_POINT('',(0.,0.,-1.5));
#2384 = DIRECTION('',(0.,0.,1.));
#2385 = DIRECTION('',(1.,0.,-0.));
#2386 = ( GEOMETRIC_REPRESENTATION_CONTEXT(3) 
GLOBAL_UNCERTAINTY_ASSIGNED_CONTEXT((#2390)) 
GLOBAL_UNIT_ASSIGNED_CONTEXT((#2387,#2388,#2389)) REPRESENTATION_CONTEXT
('Context #1','3D Context with UNIT and UNCERTAINTY') );
#2387 = ( LENGTH_UNIT() NAMED_UNIT(*) SI_UNIT(.MILLI.,.METRE.) );
#2388 = ( NAMED_UNIT(*) PLANE_ANGLE_UNIT() SI_UNIT($,.RADIAN.) );
#2389 = ( NAMED_UNIT(*) SI_UNIT($,.STERADIAN.) SOLID_ANGLE_UNIT() );
#2390 = UNCERTAINTY_MEASURE_WITH_UNIT(LENGTH_MEASURE(2.E-03),#2387,
  'distance_accuracy_value','confusion accuracy');
#2391 = CONTEXT_DEPENDENT_SHAPE_REPRESENTATION(#2392,#2394);
#2392 = ( REPRESENTATION_RELATIONSHIP('','',#36,#10) 
REPRESENTATION_RELATIONSHIP_WITH_TRANSFORMATION(#2393) 
SHAPE_REPRESENTATION_RELATIONSHIP() );
#2393 = ITEM_DEFINED_TRANSFORMATION('','',#11,#15);
#2394 = PRODUCT_DEFINITION_SHAPE('Placement','Placement of an item',
  #2395);
#2395 = NEXT_ASSEMBLY_USAGE_OCCURRENCE('1','Socket','',#5,#31,$);
#2396 = PRODUCT_RELATED_PRODUCT_CATEGORY('part',$,(#33));
#2397 = SHAPE_DEFINITION_REPRESENTATION(#2398,#2404);
#2398 = PRODUCT_DEFINITION_SHAPE('','',#2399);
#2399 = PRODUCT_DEFINITION('design','',#2400,#2403);
#2400 = PRODUCT_DEFINITION_FORMATION('','',#2401);
#2401 = PRODUCT('Part','Part','',(#2402));
#2402 = PRODUCT_CONTEXT('',#2,'mechanical');
#2403 = PRODUCT_DEFINITION_CONTEXT('part definition',#2,'design');
#2404 = ADVANCED_BREP_SHAPE_REPRESENTATION('',(#11,#2405),#12393);
#2405 = MANIFOLD_SOLID_BREP('',#2406);
#2406 = CLOSED_SHELL('',(#2407,#2441,#2516,#2588,#2657,#2729,#2801,#2870
    ,#2942,#3009,#3043,#3118,#3190,#3259,#3331,#3403,#3472,#3544,#3611,
    #3645,#3720,#3792,#3861,#3933,#4005,#4074,#4146,#4213,#4261,#4306,
    #4352,#4398,#4443,#4489,#4535,#4580,#4625,#4673,#4718,#4764,#4810,
    #4855,#4901,#4947,#4992,#5037,#5085,#5130,#5176,#5222,#5267,#5313,
    #5359,#5404,#5449,#5576,#5608,#5684,#5720,#5840,#5882,#6395,#6457,
    #6515,#6655,#6697,#6755,#6892,#6944,#7191,#7223,#7245,#7287,#7318,
    #7351,#7409,#7441,#7459,#7490,#7515,#7539,#7556,#7573,#7598,#7622,
    #7634,#7652,#7694,#7776,#7801,#7825,#7857,#7906,#7918,#8003,#8144,
    #8249,#8261,#8273,#8324,#8370,#8417,#8463,#8508,#8525,#8542,#8559,
    #8576,#8588,#8613,#8630,#8667,#8685,#8710,#8727,#8745,#8781,#8793,
    #8805,#8817,#8861,#8905,#8949,#8973,#8997,#9021,#9046,#9072,#9097,
    #9118,#9141,#9162,#9187,#9205,#9242,#9712,#9826,#10199,#10236,#10706
    ,#10820,#11193,#11230,#11700,#11814,#12187,#12206,#12225,#12244,
    #12256,#12280,#12292,#12316,#12328,#12352,#12374));
#2407 = ADVANCED_FACE('',(#2408),#2436,.F.);
#2408 = FACE_BOUND('',#2409,.F.);
#2409 = EDGE_LOOP('',(#2410,#2421,#2430));
#2410 = ORIENTED_EDGE('',*,*,#2411,.F.);
#2411 = EDGE_CURVE('',#2412,#2414,#2416,.T.);
#2412 = VERTEX_POINT('',#2413);
#2413 = CARTESIAN_POINT('',(0.843022402304,-19.34383176653,
    -12.12241436429));
#2414 = VERTEX_POINT('',#2415);
#2415 = CARTESIAN_POINT('',(-4.711817992187E-04,-19.12097561794,
    -12.18297576431));
#2416 = B_SPLINE_CURVE_WITH_KNOTS('',3,(#2417,#2418,#2419,#2420),
  .UNSPECIFIED.,.F.,.F.,(4,4),(-54.64127222493,-54.11186572112),
  .PIECEWISE_BEZIER_KNOTS.);
#2417 = CARTESIAN_POINT('',(0.843024088328,-19.34382960096,
    -12.12241561458));
#2418 = CARTESIAN_POINT('',(0.590088239073,-19.20635082992,
    -12.17908746759));
#2419 = CARTESIAN_POINT('',(0.294615856036,-19.13139514498,
    -12.19966160002));
#2420 = CARTESIAN_POINT('',(-4.711817992187E-04,-19.12097561794,
    -12.18297576431));
#2421 = ORIENTED_EDGE('',*,*,#2422,.T.);
#2422 = EDGE_CURVE('',#2412,#2423,#2425,.T.);
#2423 = VERTEX_POINT('',#2424);
#2424 = CARTESIAN_POINT('',(-9.684783132459E-16,-19.14845114199,
    -12.23521742046));
#2425 = CIRCLE('',#2426,1.666);
#2426 = AXIS2_PLACEMENT_3D('',#2427,#2428,#2429);
#2427 = CARTESIAN_POINT('',(-1.26085038737E-15,-20.5912494647,
    -11.40221742046));
#2428 = DIRECTION('',(3.061616997868E-17,0.5,0.866025403784));
#2429 = DIRECTION('',(-5.302876193625E-17,-0.866025403784,0.5));
#2430 = ORIENTED_EDGE('',*,*,#2431,.F.);
#2431 = EDGE_CURVE('',#2414,#2423,#2432,.T.);
#2432 = LINE('',#2433,#2434);
#2433 = CARTESIAN_POINT('',(-8.752903458733E-16,-17.62657614199,
    -9.599252597696));
#2434 = VECTOR('',#2435,1.);
#2435 = DIRECTION('',(-3.061616997868E-17,-0.5,-0.866025403784));
#2436 = CYLINDRICAL_SURFACE('',#2437,1.666);
#2437 = AXIS2_PLACEMENT_3D('',#2438,#2439,#2440);
#2438 = CARTESIAN_POINT('',(-1.167662419997E-15,-19.0693744647,
    -8.766252597696));
#2439 = DIRECTION('',(-3.061616997868E-17,-0.5,-0.866025403784));
#2440 = DIRECTION('',(0.261540916888,0.835881128866,-0.482596194762));
#2441 = ADVANCED_FACE('',(#2442),#2511,.F.);
#2442 = FACE_BOUND('',#2443,.F.);
#2443 = EDGE_LOOP('',(#2444,#2471,#2472,#2481,#2505));
#2444 = ORIENTED_EDGE('',*,*,#2445,.F.);
#2445 = EDGE_CURVE('',#2414,#2446,#2448,.T.);
#2446 = VERTEX_POINT('',#2447);
#2447 = CARTESIAN_POINT('',(-1.066578468404E-03,-18.76741054674,
    -11.57881627648));
#2448 = B_SPLINE_CURVE_WITH_KNOTS('',3,(#2449,#2450,#2451,#2452,#2453,
    #2454,#2455,#2456,#2457,#2458,#2459,#2460,#2461,#2462,#2463,#2464,
    #2465,#2466,#2467,#2468,#2469,#2470),.UNSPECIFIED.,.F.,.F.,(4,3,3,3,
    3,3,3,4),(-54.11186572112,-53.67399640125,-52.68003350493,
    -51.68607060861,-50.69210771229,-49.69814481597,-48.70418191965,
    -47.82868041394),.UNSPECIFIED.);
#2449 = CARTESIAN_POINT('',(-4.711817992187E-04,-19.12097561794,
    -12.18297576431));
#2450 = CARTESIAN_POINT('',(-0.244536110416,-19.11235768223,
    -12.16917499782));
#2451 = CARTESIAN_POINT('',(-0.488337429904,-19.14788800687,
    -12.12988522133));
#2452 = CARTESIAN_POINT('',(-0.707589785139,-19.22870559522,
    -12.06444883095));
#2453 = CARTESIAN_POINT('',(-1.205292401289,-19.4121614359,
    -11.9159082935));
#2454 = CARTESIAN_POINT('',(-1.576496776571,-19.82897780183,
    -11.63263699399));
#2455 = CARTESIAN_POINT('',(-1.652592250683,-20.28175312577,
    -11.32860478039));
#2456 = CARTESIAN_POINT('',(-1.728687724795,-20.7345284497,
    -11.02457256679));
#2457 = CARTESIAN_POINT('',(-1.509674297736,-21.22326273164,
    -10.6997794391));
#2458 = CARTESIAN_POINT('',(-1.09504489829,-21.51712571336,
    -10.48749530905));
#2459 = CARTESIAN_POINT('',(-0.680415498844,-21.81098869509,
    -10.275211179));
#2460 = CARTESIAN_POINT('',(-7.017012701142E-02,-21.9099803766,
    -10.17543604659));
#2461 = CARTESIAN_POINT('',(0.458217548812,-21.76083276597,
    -10.21892420129));
#2462 = CARTESIAN_POINT('',(0.986605224635,-21.61168515534,-10.262412356
    ));
#2463 = CARTESIAN_POINT('',(1.433135204448,-21.21439825256,
    -10.44916379782));
#2464 = CARTESIAN_POINT('',(1.594822854795,-20.74113387879,
    -10.67978085296));
#2465 = CARTESIAN_POINT('',(1.756510505142,-20.26786950503,
    -10.91039790811));
#2466 = CARTESIAN_POINT('',(1.633355826022,-19.71862766029,
    -11.18488057657));
#2467 = CARTESIAN_POINT('',(1.281337963784,-19.33475164219,
    -11.36388924051));
#2468 = CARTESIAN_POINT('',(0.971273906497,-18.99662631267,
    -11.52156349113));
#2469 = CARTESIAN_POINT('',(0.483648113042,-18.78679878483,
    -11.6051649714));
#2470 = CARTESIAN_POINT('',(-1.066578468404E-03,-18.76741054674,
    -11.57881627648));
#2471 = ORIENTED_EDGE('',*,*,#2431,.T.);
#2472 = ORIENTED_EDGE('',*,*,#2473,.T.);
#2473 = EDGE_CURVE('',#2423,#2474,#2476,.T.);
#2474 = VERTEX_POINT('',#2475);
#2475 = CARTESIAN_POINT('',(-1.554344411915,-20.0719450387,
    -11.7020379706));
#2476 = CIRCLE('',#2477,1.666);
#2477 = AXIS2_PLACEMENT_3D('',#2478,#2479,#2480);
#2478 = CARTESIAN_POINT('',(-1.26085038737E-15,-20.5912494647,
    -11.40221742046));
#2479 = DIRECTION('',(3.061616997868E-17,0.5,0.866025403784));
#2480 = DIRECTION('',(-5.302876193625E-17,-0.866025403784,0.5));
#2481 = ORIENTED_EDGE('',*,*,#2482,.F.);
#2482 = EDGE_CURVE('',#2483,#2474,#2485,.T.);
#2483 = VERTEX_POINT('',#2484);
#2484 = CARTESIAN_POINT('',(9.942636328871E-04,-18.86375859695,
    -11.74600155885));
#2485 = B_SPLINE_CURVE_WITH_KNOTS('',3,(#2486,#2487,#2488,#2489,#2490,
    #2491,#2492,#2493,#2494,#2495,#2496,#2497,#2498,#2499,#2500,#2501,
    #2502,#2503,#2504),.UNSPECIFIED.,.F.,.F.,(4,3,3,3,3,3,4),(
    51.575304712609,51.686070608614,52.680033504933,53.673996401253,
    54.667959297572,55.661922193892,56.655885090211),.UNSPECIFIED.);
#2486 = CARTESIAN_POINT('',(9.942636328871E-04,-18.86375859695,
    -11.74600155885));
#2487 = CARTESIAN_POINT('',(6.230957364596E-02,-18.86543553514,
    -11.74978314562));
#2488 = CARTESIAN_POINT('',(0.123580517335,-18.87017100659,
    -11.75179888739));
#2489 = CARTESIAN_POINT('',(0.184442845247,-18.87809353099,
    -11.75197458328));
#2490 = CARTESIAN_POINT('',(0.730593762723,-18.94918667053,
    -11.75355119847));
#2491 = CARTESIAN_POINT('',(1.243841085521,-19.27691576142,
    -11.60695897807));
#2492 = CARTESIAN_POINT('',(1.490749114626,-19.7204355414,
    -11.39351497215));
#2493 = CARTESIAN_POINT('',(1.737657143731,-20.16395532137,
    -11.18007096624));
#2494 = CARTESIAN_POINT('',(1.718225879144,-20.72326579042,
    -10.89977517482));
#2495 = CARTESIAN_POINT('',(1.441484879279,-21.15295183772,
    -10.69431807819));
#2496 = CARTESIAN_POINT('',(1.164743879415,-21.58263788502,
    -10.48886098156));
#2497 = CARTESIAN_POINT('',(0.630693144273,-21.88269951056,
    -10.35824257973));
#2498 = CARTESIAN_POINT('',(8.172509872304E-02,-21.92416787658,
    -10.37692306588));
#2499 = CARTESIAN_POINT('',(-0.467242946827,-21.96563624261,
    -10.39560355204));
#2500 = CARTESIAN_POINT('',(-1.031128302783,-21.74851134911,
    -10.56358292619));
#2501 = CARTESIAN_POINT('',(-1.352572086121,-21.38197248591,
    -10.81782649597));
#2502 = CARTESIAN_POINT('',(-1.674015869459,-21.01543362271,
    -11.07207006576));
#2503 = CARTESIAN_POINT('',(-1.753018080178,-20.49948078979,
    -11.41257783118));
#2504 = CARTESIAN_POINT('',(-1.554344411915,-20.0719450387,
    -11.7020379706));
#2505 = ORIENTED_EDGE('',*,*,#2506,.F.);
#2506 = EDGE_CURVE('',#2446,#2483,#2507,.T.);
#2507 = LINE('',#2508,#2509);
#2508 = CARTESIAN_POINT('',(-8.752903458733E-16,-17.62657614199,
    -9.599252597696));
#2509 = VECTOR('',#2510,1.);
#2510 = DIRECTION('',(-3.061616997868E-17,-0.5,-0.866025403784));
#2511 = CYLINDRICAL_SURFACE('',#2512,1.666);
#2512 = AXIS2_PLACEMENT_3D('',#2513,#2514,#2515);
#2513 = CARTESIAN_POINT('',(-1.167662419997E-15,-19.0693744647,
    -8.766252597696));
#2514 = DIRECTION('',(-3.061616997868E-17,-0.5,-0.866025403784));
#2515 = DIRECTION('',(-5.302876193625E-17,-0.866025403784,0.5));
#2516 = ADVANCED_FACE('',(#2517),#2583,.F.);
#2517 = FACE_BOUND('',#2518,.F.);
#2518 = EDGE_LOOP('',(#2519,#2549,#2550,#2577));
#2519 = ORIENTED_EDGE('',*,*,#2520,.F.);
#2520 = EDGE_CURVE('',#2446,#2521,#2523,.T.);
#2521 = VERTEX_POINT('',#2522);
#2522 = CARTESIAN_POINT('',(1.450248531466E-03,-18.41851119617,
    -10.97196303358));
#2523 = B_SPLINE_CURVE_WITH_KNOTS('',3,(#2524,#2525,#2526,#2527,#2528,
    #2529,#2530,#2531,#2532,#2533,#2534,#2535,#2536,#2537,#2538,#2539,
    #2540,#2541,#2542,#2543,#2544,#2545,#2546,#2547,#2548),
  .UNSPECIFIED.,.F.,.F.,(4,3,3,3,3,3,3,3,4),(-47.82868041394,
    -47.71021902333,-46.71625612701,-45.72229323069,-44.72833033437,
    -43.73436743805,-42.74040454173,-41.74644164541,-41.54549510677),
  .UNSPECIFIED.);
#2524 = CARTESIAN_POINT('',(-1.066578468404E-03,-18.76741054674,
    -11.57881627648));
#2525 = CARTESIAN_POINT('',(-6.665181850844E-02,-18.76478718443,
    -11.57525111637));
#2526 = CARTESIAN_POINT('',(-0.132183762222,-18.76565037625,
    -11.5696729933));
#2527 = CARTESIAN_POINT('',(-0.197215343617,-18.77015405864,
    -11.56199303203));
#2528 = CARTESIAN_POINT('',(-0.742869743423,-18.80794268464,
    -11.49755350019));
#2529 = CARTESIAN_POINT('',(-1.253297497676,-19.10203012811,
    -11.28513977709));
#2530 = CARTESIAN_POINT('',(-1.496446829844,-19.51033435438,
    -11.0067829637));
#2531 = CARTESIAN_POINT('',(-1.739596162013,-19.91863858066,
    -10.7284261503));
#2532 = CARTESIAN_POINT('',(-1.715467072095,-20.44115958975,
    -10.3841262466));
#2533 = CARTESIAN_POINT('',(-1.435027907649,-20.83194983258,
    -10.11588113626));
#2534 = CARTESIAN_POINT('',(-1.154588743204,-21.22274007541,
    -9.847636025922));
#2535 = CARTESIAN_POINT('',(-0.617839504231,-21.48179955199,
    -9.65544570894));
#2536 = CARTESIAN_POINT('',(-6.880188696426E-02,-21.48296441811,
    -9.612150914728));
#2537 = CARTESIAN_POINT('',(0.480235730303,-21.48412928423,
    -9.568856120515));
#2538 = CARTESIAN_POINT('',(1.041561725865,-21.2273995399,
    -9.674456849071));
#2539 = CARTESIAN_POINT('',(1.359982221523,-20.82109980594,
    -9.866411851397));
#2540 = CARTESIAN_POINT('',(1.678402717181,-20.41480007198,
    -10.05836685372));
#2541 = CARTESIAN_POINT('',(1.753917712936,-19.85893034841,
    -10.33667612981));
#2542 = CARTESIAN_POINT('',(1.552195823875,-19.39781432609,
    -10.56027933098));
#2543 = CARTESIAN_POINT('',(1.350473934815,-18.93669830377,
    -10.78388253215));
#2544 = CARTESIAN_POINT('',(0.871515160938,-18.5703359827,-10.9527796584
    ));
#2545 = CARTESIAN_POINT('',(0.333067440676,-18.45689484774,
    -10.97565266976));
#2546 = CARTESIAN_POINT('',(0.224211057777,-18.43396078903,
    -10.98027683881));
#2547 = CARTESIAN_POINT('',(0.112923271638,-18.42136400185,
    -10.97893278137));
#2548 = CARTESIAN_POINT('',(1.450248531466E-03,-18.41851119617,
    -10.97196303358));
#2549 = ORIENTED_EDGE('',*,*,#2506,.T.);
#2550 = ORIENTED_EDGE('',*,*,#2551,.F.);
#2551 = EDGE_CURVE('',#2552,#2483,#2554,.T.);
#2552 = VERTEX_POINT('',#2553);
#2553 = CARTESIAN_POINT('',(5.86058127091E-04,-18.51758631464,
    -11.13757384236));
#2554 = B_SPLINE_CURVE_WITH_KNOTS('',3,(#2555,#2556,#2557,#2558,#2559,
    #2560,#2561,#2562,#2563,#2564,#2565,#2566,#2567,#2568,#2569,#2570,
    #2571,#2572,#2573,#2574,#2575,#2576),.UNSPECIFIED.,.F.,.F.,(4,3,3,3,
    3,3,3,4),(45.292119405429,45.722293230697,46.716256127016,
    47.710219023336,48.704181919655,49.698144815975,50.692107712294,
    51.575304712609),.UNSPECIFIED.);
#2555 = CARTESIAN_POINT('',(5.86058127091E-04,-18.51758631464,
    -11.13757384236));
#2556 = CARTESIAN_POINT('',(0.240312167988,-18.52491260471,
    -11.15179034926));
#2557 = CARTESIAN_POINT('',(0.479744333927,-18.57484849241,
    -11.14140619349));
#2558 = CARTESIAN_POINT('',(0.695895921684,-18.66872613519,
    -11.1056522536));
#2559 = CARTESIAN_POINT('',(1.19533741624,-18.88564052708,
    -11.02303892949));
#2560 = CARTESIAN_POINT('',(1.570486061185,-19.33715587744,
    -10.80497867887));
#2561 = CARTESIAN_POINT('',(1.650787147548,-19.82638707763,
    -10.56514317219));
#2562 = CARTESIAN_POINT('',(1.73108823391,-20.31561827781,
    -10.32530766551));
#2563 = CARTESIAN_POINT('',(1.516541761691,-20.84256532782,
    -10.06369690278));
#2564 = CARTESIAN_POINT('',(1.104689988625,-21.17606276445,
    -9.913774326422));
#2565 = CARTESIAN_POINT('',(0.692838215559,-21.50956020107,
    -9.763851750057));
#2566 = CARTESIAN_POINT('',(8.368114164727E-02,-21.64960802431,
    -9.725617360056));
#2567 = CARTESIAN_POINT('',(-0.445848533224,-21.54091052879,
    -9.830996146801));
#2568 = CARTESIAN_POINT('',(-0.975378208095,-21.43221303326,
    -9.936374933545));
#2569 = CARTESIAN_POINT('',(-1.425280483926,-21.07477021898,
    -10.18536689703));
#2570 = CARTESIAN_POINT('',(-1.591004011305,-20.63950858024,
    -10.47928757977));
#2571 = CARTESIAN_POINT('',(-1.756727538685,-20.20424694149,
    -10.77320826251));
#2572 = CARTESIAN_POINT('',(-1.638272317613,-19.69116647828,
    -11.11205766451));
#2573 = CARTESIAN_POINT('',(-1.289517450999,-19.34185484077,
    -11.3563550909));
#2574 = CARTESIAN_POINT('',(-0.979627360354,-19.03147002504,
    -11.57342833878));
#2575 = CARTESIAN_POINT('',(-0.487906199687,-18.85038745265,
    -11.71584890165));
#2576 = CARTESIAN_POINT('',(9.942636328871E-04,-18.86375859695,
    -11.74600155885));
#2577 = ORIENTED_EDGE('',*,*,#2578,.F.);
#2578 = EDGE_CURVE('',#2521,#2552,#2579,.T.);
#2579 = LINE('',#2580,#2581);
#2580 = CARTESIAN_POINT('',(-8.752903458733E-16,-17.62657614199,
    -9.599252597696));
#2581 = VECTOR('',#2582,1.);
#2582 = DIRECTION('',(-3.061616997868E-17,-0.5,-0.866025403784));
#2583 = CYLINDRICAL_SURFACE('',#2584,1.666);
#2584 = AXIS2_PLACEMENT_3D('',#2585,#2586,#2587);
#2585 = CARTESIAN_POINT('',(-1.167662419997E-15,-19.0693744647,
    -8.766252597696));
#2586 = DIRECTION('',(-3.061616997868E-17,-0.5,-0.866025403784));
#2587 = DIRECTION('',(-5.302876193625E-17,-0.866025403784,0.5));
#2588 = ADVANCED_FACE('',(#2589),#2652,.F.);
#2589 = FACE_BOUND('',#2590,.F.);
#2590 = EDGE_LOOP('',(#2591,#2618,#2619,#2646));
#2591 = ORIENTED_EDGE('',*,*,#2592,.F.);
#2592 = EDGE_CURVE('',#2521,#2593,#2595,.T.);
#2593 = VERTEX_POINT('',#2594);
#2594 = CARTESIAN_POINT('',(-2.099268267651E-04,-18.07125802461,
    -10.36415936879));
#2595 = B_SPLINE_CURVE_WITH_KNOTS('',3,(#2596,#2597,#2598,#2599,#2600,
    #2601,#2602,#2603,#2604,#2605,#2606,#2607,#2608,#2609,#2610,#2611,
    #2612,#2613,#2614,#2615,#2616,#2617),.UNSPECIFIED.,.F.,.F.,(4,3,3,3,
    3,3,3,4),(-41.54549510677,-40.75247874909,-39.75851585278,
    -38.76455295646,-37.77059006014,-36.77662716382,-35.7826642675,
    -35.26230979959),.UNSPECIFIED.);
#2596 = CARTESIAN_POINT('',(1.450248531466E-03,-18.41851119617,
    -10.97196303358));
#2597 = CARTESIAN_POINT('',(-0.438467409949,-18.40725287051,
    -10.9444575884));
#2598 = CARTESIAN_POINT('',(-0.881269969295,-18.54774838251,
    -10.8293370242));
#2599 = CARTESIAN_POINT('',(-1.188904143208,-18.80353309578,
    -10.64765420861));
#2600 = CARTESIAN_POINT('',(-1.574491340184,-19.12413242766,
    -10.4199338396));
#2601 = CARTESIAN_POINT('',(-1.747729067486,-19.62585104027,
    -10.08764420511));
#2602 = CARTESIAN_POINT('',(-1.62985866057,-20.07220316449,
    -9.787320427599));
#2603 = CARTESIAN_POINT('',(-1.511988253655,-20.5185552887,
    -9.486996650085));
#2604 = CARTESIAN_POINT('',(-1.10300971252,-20.90954092452,
    -9.218638729552));
#2605 = CARTESIAN_POINT('',(-0.588855951622,-21.05901668687,
    -9.089716599476));
#2606 = CARTESIAN_POINT('',(-7.470219072507E-02,-21.20849244922,
    -8.9607944694));
#2607 = CARTESIAN_POINT('',(0.544626789935,-21.11645833811,
    -8.971308129782));
#2608 = CARTESIAN_POINT('',(0.987566996409,-20.81636497561,
    -9.101944854956));
#2609 = CARTESIAN_POINT('',(1.430507202883,-20.51627161312,
    -9.232581580131));
#2610 = CARTESIAN_POINT('',(1.697058635171,-20.00811899923,-9.4833413701
    ));
#2611 = CARTESIAN_POINT('',(1.66603967227,-19.51453671338,
    -9.725688977258));
#2612 = CARTESIAN_POINT('',(1.635020709368,-19.02095442753,
    -9.968036584416));
#2613 = CARTESIAN_POINT('',(1.306431351278,-18.54194246971,
    -10.20197200876));
#2614 = CARTESIAN_POINT('',(0.829657365885,-18.28688225813,
    -10.30660883213));
#2615 = CARTESIAN_POINT('',(0.580059041438,-18.15335441602,
    -10.36138777685));
#2616 = CARTESIAN_POINT('',(0.289848061963,-18.08120456688,
    -10.38073012081));
#2617 = CARTESIAN_POINT('',(-2.099268267651E-04,-18.07125802461,
    -10.36415936879));
#2618 = ORIENTED_EDGE('',*,*,#2578,.T.);
#2619 = ORIENTED_EDGE('',*,*,#2620,.F.);
#2620 = EDGE_CURVE('',#2621,#2552,#2623,.T.);
#2621 = VERTEX_POINT('',#2622);
#2622 = CARTESIAN_POINT('',(-1.494217468885E-03,-18.16561633505,
    -10.53249342796));
#2623 = B_SPLINE_CURVE_WITH_KNOTS('',3,(#2624,#2625,#2626,#2627,#2628,
    #2629,#2630,#2631,#2632,#2633,#2634,#2635,#2636,#2637,#2638,#2639,
    #2640,#2641,#2642,#2643,#2644,#2645),.UNSPECIFIED.,.F.,.F.,(4,3,3,3,
    3,3,3,4),(39.008934098249,39.75851585278,40.752478749099,
    41.746441645419,42.740404541738,43.734367438058,44.728330334377,
    45.292119405429),.UNSPECIFIED.);
#2624 = CARTESIAN_POINT('',(-1.494217468885E-03,-18.16561633505,
    -10.53249342796));
#2625 = CARTESIAN_POINT('',(0.414790653161,-18.1827700932,
    -10.55473261847));
#2626 = CARTESIAN_POINT('',(0.833609802526,-18.33375594985,
    -10.49970381088));
#2627 = CARTESIAN_POINT('',(1.136940210759,-18.59219189186,
    -10.38263866758));
#2628 = CARTESIAN_POINT('',(1.539163409612,-18.934883981,-10.22740755611
    ));
#2629 = CARTESIAN_POINT('',(1.738318380334,-19.46650962534,
    -9.963095605696));
#2630 = CARTESIAN_POINT('',(1.643863758754,-19.9537676906,
    -9.724399288995));
#2631 = CARTESIAN_POINT('',(1.549409137175,-20.44102575587,
    -9.485702972295));
#2632 = CARTESIAN_POINT('',(1.161344923294,-20.88391624206,
    -9.272622289315));
#2633 = CARTESIAN_POINT('',(0.656095854009,-21.08947969697,
    -9.196562431734));
#2634 = CARTESIAN_POINT('',(0.150846784724,-21.29504315187,
    -9.120502574153));
#2635 = CARTESIAN_POINT('',(-0.471587139966,-21.26327957549,
    -9.181463541971));
#2636 = CARTESIAN_POINT('',(-0.928230451829,-21.017019855,
    -9.366263916332));
#2637 = CARTESIAN_POINT('',(-1.384873763691,-20.77076013451,
    -9.551064290693));
#2638 = CARTESIAN_POINT('',(-1.675726462726,-20.31000426991,
    -9.859704071595));
#2639 = CARTESIAN_POINT('',(-1.668558662152,-19.85261574946,
    -10.16639971544));
#2640 = CARTESIAN_POINT('',(-1.661390861577,-19.39522722902,
    -10.47309535929));
#2641 = CARTESIAN_POINT('',(-1.356202561392,-18.94120605273,
    -10.77784686608));
#2642 = CARTESIAN_POINT('',(-0.891741239216,-18.7053521813,
    -10.95663942068));
#2643 = CARTESIAN_POINT('',(-0.628292554825,-18.57157270566,
    -11.05805295296));
#2644 = CARTESIAN_POINT('',(-0.313600795759,-18.50798442344,
    -11.11894158083));
#2645 = CARTESIAN_POINT('',(5.86058127091E-04,-18.51758631464,
    -11.13757384236));
#2646 = ORIENTED_EDGE('',*,*,#2647,.F.);
#2647 = EDGE_CURVE('',#2593,#2621,#2648,.T.);
#2648 = LINE('',#2649,#2650);
#2649 = CARTESIAN_POINT('',(-8.752903458733E-16,-17.62657614199,
    -9.599252597696));
#2650 = VECTOR('',#2651,1.);
#2651 = DIRECTION('',(-3.061616997868E-17,-0.5,-0.866025403784));
#2652 = CYLINDRICAL_SURFACE('',#2653,1.666);
#2653 = AXIS2_PLACEMENT_3D('',#2654,#2655,#2656);
#2654 = CARTESIAN_POINT('',(-1.167662419997E-15,-19.0693744647,
    -8.766252597696));
#2655 = DIRECTION('',(-3.061616997868E-17,-0.5,-0.866025403784));
#2656 = DIRECTION('',(-5.302876193625E-17,-0.866025403784,0.5));
#2657 = ADVANCED_FACE('',(#2658),#2724,.F.);
#2658 = FACE_BOUND('',#2659,.F.);
#2659 = EDGE_LOOP('',(#2660,#2687,#2688,#2718));
#2660 = ORIENTED_EDGE('',*,*,#2661,.F.);
#2661 = EDGE_CURVE('',#2593,#2662,#2664,.T.);
#2662 = VERTEX_POINT('',#2663);
#2663 = CARTESIAN_POINT('',(-1.278934611111E-03,-17.7178584505,
    -9.759904331175));
#2664 = B_SPLINE_CURVE_WITH_KNOTS('',3,(#2665,#2666,#2667,#2668,#2669,
    #2670,#2671,#2672,#2673,#2674,#2675,#2676,#2677,#2678,#2679,#2680,
    #2681,#2682,#2683,#2684,#2685,#2686),.UNSPECIFIED.,.F.,.F.,(4,3,3,3,
    3,3,3,4),(-35.26230979959,-34.78870137118,-33.79473847486,
    -32.80077557854,-31.80681268222,-30.8128497859,-29.81888688958,
    -28.97912449241),.UNSPECIFIED.);
#2665 = CARTESIAN_POINT('',(-2.099268267651E-04,-18.07125802461,
    -10.36415936879));
#2666 = CARTESIAN_POINT('',(-0.264210558491,-18.06220502989,
    -10.34907725016));
#2667 = CARTESIAN_POINT('',(-0.528084452619,-18.10468127583,
    -10.30424471055));
#2668 = CARTESIAN_POINT('',(-0.761095086747,-18.19930903343,
    -10.22930248165));
#2669 = CARTESIAN_POINT('',(-1.250114941291,-18.39790448567,
    -10.0720210854));
#2670 = CARTESIAN_POINT('',(-1.603196037684,-18.82620385549,
    -9.782120070499));
#2671 = CARTESIAN_POINT('',(-1.659817991018,-19.28109986341,
    -9.476863479426));
#2672 = CARTESIAN_POINT('',(-1.716439944351,-19.73599587134,
    -9.171606888353));
#2673 = CARTESIAN_POINT('',(-1.476602754625,-20.21748851737,
    -8.850994721109));
#2674 = CARTESIAN_POINT('',(-1.049343009684,-20.49828739688,
    -8.646253153987));
#2675 = CARTESIAN_POINT('',(-0.622083264742,-20.7790862764,
    -8.441511586865));
#2676 = CARTESIAN_POINT('',(-7.400964586058E-03,-20.8591913894,
    -8.352640619865));
#2677 = CARTESIAN_POINT('',(0.515252399066,-20.69379415019,-8.405510502)
  );
#2678 = CARTESIAN_POINT('',(1.037905762717,-20.52839691099,
    -8.458380384136));
#2679 = CARTESIAN_POINT('',(1.468530189864,-20.11749731956,
    -8.652991115408));
#2680 = CARTESIAN_POINT('',(1.611351963575,-19.63951104362,
    -8.886334362047));
#2681 = CARTESIAN_POINT('',(1.754173737287,-19.16152476768,
    -9.119677608686));
#2682 = CARTESIAN_POINT('',(1.609192857563,-18.61645180722,
    -9.391753370692));
#2683 = CARTESIAN_POINT('',(1.242321622746,-18.24370673611,
    -9.564335579394));
#2684 = CARTESIAN_POINT('',(0.932365719215,-17.92878824608,
    -9.710143888564));
#2685 = CARTESIAN_POINT('',(0.464025954156,-17.73687625875,
    -9.784934360286));
#2686 = CARTESIAN_POINT('',(-1.278934611111E-03,-17.7178584505,
    -9.759904331175));
#2687 = ORIENTED_EDGE('',*,*,#2647,.T.);
#2688 = ORIENTED_EDGE('',*,*,#2689,.F.);
#2689 = EDGE_CURVE('',#2690,#2621,#2692,.T.);
#2690 = VERTEX_POINT('',#2691);
#2691 = CARTESIAN_POINT('',(7.255523791312E-04,-17.81344664002,
    -9.927528319327));
#2692 = B_SPLINE_CURVE_WITH_KNOTS('',3,(#2693,#2694,#2695,#2696,#2697,
    #2698,#2699,#2700,#2701,#2702,#2703,#2704,#2705,#2706,#2707,#2708,
    #2709,#2710,#2711,#2712,#2713,#2714,#2715,#2716,#2717),
  .UNSPECIFIED.,.F.,.F.,(4,3,3,3,3,3,3,3,4),(32.72574879107,
    32.800775578543,33.794738474863,34.788701371182,35.782664267502,
    36.776627163821,37.770590060141,38.76455295646,39.008934098249),
  .UNSPECIFIED.);
#2693 = CARTESIAN_POINT('',(7.255523791312E-04,-17.81344664002,
    -9.927528319327));
#2694 = CARTESIAN_POINT('',(4.222992442957E-02,-17.81464260119,
    -9.930055064722));
#2695 = CARTESIAN_POINT('',(8.371851522813E-02,-17.81726171249,
    -9.931760154006));
#2696 = CARTESIAN_POINT('',(0.125079819046,-17.8213473246,
    -9.932618558657));
#2697 = CARTESIAN_POINT('',(0.673038791076,-17.87547395032,
    -9.943990795174));
#2698 = CARTESIAN_POINT('',(1.198657327981,-18.18698955629,
    -9.806759434656));
#2699 = CARTESIAN_POINT('',(1.462974776341,-18.62266117095,
    -9.597846569097));
#2700 = CARTESIAN_POINT('',(1.727292224701,-19.05833278561,
    -9.388933703538));
#2701 = CARTESIAN_POINT('',(1.730308584517,-19.61816040897,
    -9.108339332936));
#2702 = CARTESIAN_POINT('',(1.470652534994,-20.05602158974,
    -8.898162320799));
#2703 = CARTESIAN_POINT('',(1.21099648547,-20.4938827705,-8.687985308662
    ));
#2704 = CARTESIAN_POINT('',(0.688668026606,-20.80977750867,
    -8.548225654989));
#2705 = CARTESIAN_POINT('',(0.141132053273,-20.86848196077,
    -8.556954882213));
#2706 = CARTESIAN_POINT('',(-0.40640392006,-20.92718641286,
    -8.565684109437));
#2707 = CARTESIAN_POINT('',(-0.979147407863,-20.72870057889,
    -8.722902217558));
#2708 = CARTESIAN_POINT('',(-1.316713458978,-20.37165217257,
    -8.971666469501));
#2709 = CARTESIAN_POINT('',(-1.654279510094,-20.01460376626,
    -9.220430721445));
#2710 = CARTESIAN_POINT('',(-1.756668124522,-19.49899278761,
    -9.560741117212));
#2711 = CARTESIAN_POINT('',(-1.577330615589,-19.06762078593,
    -9.852416116946));
#2712 = CARTESIAN_POINT('',(-1.397993106655,-18.63624878425,
    -10.14409111667));
#2713 = CARTESIAN_POINT('',(-0.93692947436,-18.28911575955,
    -10.38713072037));
#2714 = CARTESIAN_POINT('',(-0.40375194472,-18.19242851417,
    -10.48557538597));
#2715 = CARTESIAN_POINT('',(-0.272662007709,-18.1686564604,
    -10.50977952867));
#2716 = CARTESIAN_POINT('',(-0.13721279837,-18.16002380964,
    -10.52524293296));
#2717 = CARTESIAN_POINT('',(-1.494217468885E-03,-18.16561633505,
    -10.53249342796));
#2718 = ORIENTED_EDGE('',*,*,#2719,.F.);
#2719 = EDGE_CURVE('',#2662,#2690,#2720,.T.);
#2720 = LINE('',#2721,#2722);
#2721 = CARTESIAN_POINT('',(-8.752903458733E-16,-17.62657614199,
    -9.599252597696));
#2722 = VECTOR('',#2723,1.);
#2723 = DIRECTION('',(-3.061616997868E-17,-0.5,-0.866025403784));
#2724 = CYLINDRICAL_SURFACE('',#2725,1.666);
#2725 = AXIS2_PLACEMENT_3D('',#2726,#2727,#2728);
#2726 = CARTESIAN_POINT('',(-1.167662419997E-15,-19.0693744647,
    -8.766252597696));
#2727 = DIRECTION('',(-3.061616997868E-17,-0.5,-0.866025403784));
#2728 = DIRECTION('',(-5.302876193625E-17,-0.866025403784,0.5));
#2729 = ADVANCED_FACE('',(#2730),#2796,.F.);
#2730 = FACE_BOUND('',#2731,.F.);
#2731 = EDGE_LOOP('',(#2732,#2762,#2763,#2790));
#2732 = ORIENTED_EDGE('',*,*,#2733,.F.);
#2733 = EDGE_CURVE('',#2662,#2734,#2736,.T.);
#2734 = VERTEX_POINT('',#2735);
#2735 = CARTESIAN_POINT('',(1.33058300296E-03,-17.36800735197,
    -9.153600580222));
#2736 = B_SPLINE_CURVE_WITH_KNOTS('',3,(#2737,#2738,#2739,#2740,#2741,
    #2742,#2743,#2744,#2745,#2746,#2747,#2748,#2749,#2750,#2751,#2752,
    #2753,#2754,#2755,#2756,#2757,#2758,#2759,#2760,#2761),
  .UNSPECIFIED.,.F.,.F.,(4,3,3,3,3,3,3,3,4),(-28.97912449241,
    -28.82492399326,-27.83096109694,-26.83699820062,-25.8430353043,
    -24.84907240798,-23.85510951166,-22.86114661534,-22.69593918523),
  .UNSPECIFIED.);
#2737 = CARTESIAN_POINT('',(-1.278934611111E-03,-17.7178584505,
    -9.759904331175));
#2738 = CARTESIAN_POINT('',(-8.672006217779E-02,-17.71436632519,
    -9.755308218042));
#2739 = CARTESIAN_POINT('',(-0.172058860515,-17.71670380426,
    -9.747346381249));
#2740 = CARTESIAN_POINT('',(-0.256295923481,-17.72517976171,
    -9.735840492312));
#2741 = CARTESIAN_POINT('',(-0.79928064498,-17.77981504019,
    -9.661674541128));
#2742 = CARTESIAN_POINT('',(-1.296488498065,-18.08950277892,
    -9.44025398336));
#2743 = CARTESIAN_POINT('',(-1.521875107795,-18.50505981201,
    -9.157709759997));
#2744 = CARTESIAN_POINT('',(-1.747261717524,-18.9206168451,
    -8.875165536635));
#2745 = CARTESIAN_POINT('',(-1.700827083897,-19.44204317255,
    -8.531497647678));
#2746 = CARTESIAN_POINT('',(-1.403681669473,-19.82389343828,
    -8.268414035523));
#2747 = CARTESIAN_POINT('',(-1.106536255048,-20.20574370401,
    -8.005330423368));
#2748 = CARTESIAN_POINT('',(-0.558680059825,-20.44801790803,
    -7.822831088015));
#2749 = CARTESIAN_POINT('',(-9.183588931864E-03,-20.4321809328,
    -7.789352311483));
#2750 = CARTESIAN_POINT('',(0.540312881961,-20.41634395756,
    -7.755873534952));
#2751 = CARTESIAN_POINT('',(1.091449628523,-20.14239580308,
    -7.871415317243));
#2752 = CARTESIAN_POINT('',(1.393664716323,-19.72649024422,
    -8.068916245162));
#2753 = CARTESIAN_POINT('',(1.695879804123,-19.31058468537,
    -8.266417173081));
#2754 = CARTESIAN_POINT('',(1.749173233159,-18.75272172213,
    -8.545877246629));
#2755 = CARTESIAN_POINT('',(1.529316344249,-18.29813061579,
    -8.765713285805));
#2756 = CARTESIAN_POINT('',(1.309459455339,-17.84353950944,
    -8.985549324982));
#2757 = CARTESIAN_POINT('',(0.816452248481,-17.49222025997,
    -9.145761329787));
#2758 = CARTESIAN_POINT('',(0.27442936826,-17.39550167156,
    -9.158979574396));
#2759 = CARTESIAN_POINT('',(0.184339277938,-17.37942599158,
    -9.161176590231));
#2760 = CARTESIAN_POINT('',(9.289507813547E-02,-17.37038392238,
    -9.159312748986));
#2761 = CARTESIAN_POINT('',(1.33058300296E-03,-17.36800735197,
    -9.153600580222));
#2762 = ORIENTED_EDGE('',*,*,#2719,.T.);
#2763 = ORIENTED_EDGE('',*,*,#2764,.F.);
#2764 = EDGE_CURVE('',#2765,#2690,#2767,.T.);
#2765 = VERTEX_POINT('',#2766);
#2766 = CARTESIAN_POINT('',(8.678078532264E-04,-17.46735829386,
    -9.319052142277));
#2767 = B_SPLINE_CURVE_WITH_KNOTS('',3,(#2768,#2769,#2770,#2771,#2772,
    #2773,#2774,#2775,#2776,#2777,#2778,#2779,#2780,#2781,#2782,#2783,
    #2784,#2785,#2786,#2787,#2788,#2789),.UNSPECIFIED.,.F.,.F.,(4,3,3,3,
    3,3,3,4),(26.44256348389,26.836998200626,27.830961096946,
    28.824923993265,29.818886889585,30.812849785904,31.806812682224,
    32.72574879107),.UNSPECIFIED.);
#2768 = CARTESIAN_POINT('',(8.678078532264E-04,-17.46735829386,
    -9.319052142277));
#2769 = CARTESIAN_POINT('',(0.220590075619,-17.47377661438,
    -9.332260332053));
#2770 = CARTESIAN_POINT('',(0.439942635568,-17.51614590702,
    -9.324712218395));
#2771 = CARTESIAN_POINT('',(0.641258885284,-17.59604063152,
    -9.295498786553));
#2772 = CARTESIAN_POINT('',(1.14856940881,-17.79737278712,
    -9.221881870766));
#2773 = CARTESIAN_POINT('',(1.541345049322,-18.23700040848,
    -9.010685003674));
#2774 = CARTESIAN_POINT('',(1.641019190044,-18.72344727506,
    -8.772457032754));
#2775 = CARTESIAN_POINT('',(1.740693330766,-19.20989414164,
    -8.534229061833));
#2776 = CARTESIAN_POINT('',(1.547265971699,-19.74316025343,
    -8.268969987085));
#2777 = CARTESIAN_POINT('',(1.148674514084,-20.08919875479,
    -8.111806823617));
#2778 = CARTESIAN_POINT('',(0.750083056469,-20.43523725616,
    -7.95464366015));
#2779 = CARTESIAN_POINT('',(0.146327500307,-20.59404814709,
    -7.905576407963));
#2780 = CARTESIAN_POINT('',(-0.388108261112,-20.50182222177,
    -8.001445329219));
#2781 = CARTESIAN_POINT('',(-0.922544022531,-20.40959629645,
    -8.097314250475));
#2782 = CARTESIAN_POINT('',(-1.387659989206,-20.06633355487,
    -8.338119345173));
#2783 = CARTESIAN_POINT('',(-1.572001641113,-19.63648128319,
    -8.628916928384));
#2784 = CARTESIAN_POINT('',(-1.75634329302,-19.20662901151,
    -8.919714511594));
#2785 = CARTESIAN_POINT('',(-1.659910630158,-18.69018720973,
    -9.260504583316));
#2786 = CARTESIAN_POINT('',(-1.326544595149,-18.33033513158,
    -9.510887535952));
#2787 = CARTESIAN_POINT('',(-1.018341856227,-17.99764558181,
    -9.74237096161));
#2788 = CARTESIAN_POINT('',(-0.507624430827,-17.79879837978,
    -9.896580471775));
#2789 = CARTESIAN_POINT('',(7.255523791312E-04,-17.81344664002,
    -9.927528319327));
#2790 = ORIENTED_EDGE('',*,*,#2791,.F.);
#2791 = EDGE_CURVE('',#2734,#2765,#2792,.T.);
#2792 = LINE('',#2793,#2794);
#2793 = CARTESIAN_POINT('',(-8.752903458733E-16,-17.62657614199,
    -9.599252597696));
#2794 = VECTOR('',#2795,1.);
#2795 = DIRECTION('',(-3.061616997868E-17,-0.5,-0.866025403784));
#2796 = CYLINDRICAL_SURFACE('',#2797,1.666);
#2797 = AXIS2_PLACEMENT_3D('',#2798,#2799,#2800);
#2798 = CARTESIAN_POINT('',(-1.167662419997E-15,-19.0693744647,
    -8.766252597696));
#2799 = DIRECTION('',(-3.061616997868E-17,-0.5,-0.866025403784));
#2800 = DIRECTION('',(-5.302876193625E-17,-0.866025403784,0.5));
#2801 = ADVANCED_FACE('',(#2802),#2865,.F.);
#2802 = FACE_BOUND('',#2803,.F.);
#2803 = EDGE_LOOP('',(#2804,#2831,#2832,#2859));
#2804 = ORIENTED_EDGE('',*,*,#2805,.F.);
#2805 = EDGE_CURVE('',#2734,#2806,#2808,.T.);
#2806 = VERTEX_POINT('',#2807);
#2807 = CARTESIAN_POINT('',(1.113027625926E-04,-17.02127337313,
    -8.54549715938));
#2808 = B_SPLINE_CURVE_WITH_KNOTS('',3,(#2809,#2810,#2811,#2812,#2813,
    #2814,#2815,#2816,#2817,#2818,#2819,#2820,#2821,#2822,#2823,#2824,
    #2825,#2826,#2827,#2828,#2829,#2830),.UNSPECIFIED.,.F.,.F.,(4,3,3,3,
    3,3,3,4),(-22.69593918523,-21.86718371902,-20.8732208227,
    -19.87925792639,-18.88529503007,-17.89133213375,-16.89736923743,
    -16.41275387805),.UNSPECIFIED.);
#2809 = CARTESIAN_POINT('',(1.33058300296E-03,-17.36800735197,
    -9.153600580222));
#2810 = CARTESIAN_POINT('',(-0.457998490739,-17.35608539594,
    -9.124945748633));
#2811 = CARTESIAN_POINT('',(-0.920354773646,-17.51189945234,
    -8.999448485113));
#2812 = CARTESIAN_POINT('',(-1.229983896795,-17.78897975766,
    -8.803938120132));
#2813 = CARTESIAN_POINT('',(-1.601335728042,-18.12129435953,
    -8.569453936846));
#2814 = CARTESIAN_POINT('',(-1.753000836951,-18.62804149061,
    -8.23426108586));
#2815 = CARTESIAN_POINT('',(-1.616028094179,-19.0704493615,
    -7.936214524065));
#2816 = CARTESIAN_POINT('',(-1.479055351407,-19.51285723239,
    -7.63816796227));
#2817 = CARTESIAN_POINT('',(-1.053444756955,-19.89092584309,
    -7.377267689666));
#2818 = CARTESIAN_POINT('',(-0.532690594487,-20.02438420129,
    -7.257593212189));
#2819 = CARTESIAN_POINT('',(-1.193643201963E-02,-20.15784255949,
    -7.137918734712));
#2820 = CARTESIAN_POINT('',(0.603961298464,-20.04669066519,
    -7.159470052362));
#2821 = CARTESIAN_POINT('',(1.034998523678,-19.73307063259,
    -7.297916404159));
#2822 = CARTESIAN_POINT('',(1.466035748893,-19.4194506,-7.436362755955)
  );
#2823 = CARTESIAN_POINT('',(1.712212468838,-18.90336242911,
    -7.691704141898));
#2824 = CARTESIAN_POINT('',(1.661609997017,-18.41104341094,
    -7.933322401122));
#2825 = CARTESIAN_POINT('',(1.611007525196,-17.91872439277,
    -8.174940660346));
#2826 = CARTESIAN_POINT('',(1.263625861607,-17.45017452731,
    -8.402835792852));
#2827 = CARTESIAN_POINT('',(0.777394220958,-17.2100188831,
    -8.498867460242));
#2828 = CARTESIAN_POINT('',(0.540327704544,-17.09292888481,
    -8.545688544989));
#2829 = CARTESIAN_POINT('',(0.270254662193,-17.03013129583,
    -8.561163892606));
#2830 = CARTESIAN_POINT('',(1.113027625926E-04,-17.02127337313,
    -8.54549715938));
#2831 = ORIENTED_EDGE('',*,*,#2791,.T.);
#2832 = ORIENTED_EDGE('',*,*,#2833,.F.);
#2833 = EDGE_CURVE('',#2834,#2765,#2836,.T.);
#2834 = VERTEX_POINT('',#2835);
#2835 = CARTESIAN_POINT('',(-1.447815260291E-03,-17.11611286837,
    -8.713553406369));
#2836 = B_SPLINE_CURVE_WITH_KNOTS('',3,(#2837,#2838,#2839,#2840,#2841,
    #2842,#2843,#2844,#2845,#2846,#2847,#2848,#2849,#2850,#2851,#2852,
    #2853,#2854,#2855,#2856,#2857,#2858),.UNSPECIFIED.,.F.,.F.,(4,3,3,3,
    3,3,3,4),(20.159378176711,20.873220822709,21.867183719029,
    22.861146615348,23.855109511668,24.849072407987,25.843035304307,
    26.44256348389),.UNSPECIFIED.);
#2837 = CARTESIAN_POINT('',(-1.447815260291E-03,-17.11611286837,
    -8.713553406369));
#2838 = CARTESIAN_POINT('',(0.395336832,-17.13226866556,-8.734836236322)
  );
#2839 = CARTESIAN_POINT('',(0.794279004459,-17.26866815629,
    -8.68669633744));
#2840 = CARTESIAN_POINT('',(1.09257012231,-17.50569465129,
    -8.580459410553));
#2841 = CARTESIAN_POINT('',(1.507914183229,-17.83573313078,
    -8.432533864023));
#2842 = CARTESIAN_POINT('',(1.728114921204,-18.36086830417,
    -8.17196918875));
#2843 = CARTESIAN_POINT('',(1.65306301717,-18.85074986596,
    -7.931758195621));
#2844 = CARTESIAN_POINT('',(1.578011113136,-19.34063142776,
    -7.691547202493));
#2845 = CARTESIAN_POINT('',(1.207706567092,-19.79525937796,
    -7.471689891509));
#2846 = CARTESIAN_POINT('',(0.710500019224,-20.01633793274,
    -7.386672386839));
#2847 = CARTESIAN_POINT('',(0.213293471356,-20.23741648752,
    -7.30165488217));
#2848 = CARTESIAN_POINT('',(-0.410815078338,-20.22494564688,
    -7.351477183814));
#2849 = CARTESIAN_POINT('',(-0.878088706289,-19.99298559482,
    -7.528021640753));
#2850 = CARTESIAN_POINT('',(-1.34536233424,-19.76102554277,
    -7.704566097692));
#2851 = CARTESIAN_POINT('',(-1.65580104045,-19.3095762793,
    -8.007832709925));
#2852 = CARTESIAN_POINT('',(-1.668270844331,-18.85226966097,
    -8.314481067566));
#2853 = CARTESIAN_POINT('',(-1.680740648213,-18.39496304264,
    -8.621129425206));
#2854 = CARTESIAN_POINT('',(-1.395241549767,-17.93179906945,
    -8.931159528253));
#2855 = CARTESIAN_POINT('',(-0.941569297274,-17.68173542777,
    -9.118156097537));
#2856 = CARTESIAN_POINT('',(-0.667927996707,-17.53090464683,
    -9.230946739105));
#2857 = CARTESIAN_POINT('',(-0.333103025894,-17.45760265154,
    -9.298976115407));
#2858 = CARTESIAN_POINT('',(8.678078532264E-04,-17.46735829386,
    -9.319052142277));
#2859 = ORIENTED_EDGE('',*,*,#2860,.F.);
#2860 = EDGE_CURVE('',#2806,#2834,#2861,.T.);
#2861 = LINE('',#2862,#2863);
#2862 = CARTESIAN_POINT('',(-8.752903458733E-16,-17.62657614199,
    -9.599252597696));
#2863 = VECTOR('',#2864,1.);
#2864 = DIRECTION('',(-3.061616997868E-17,-0.5,-0.866025403784));
#2865 = CYLINDRICAL_SURFACE('',#2866,1.666);
#2866 = AXIS2_PLACEMENT_3D('',#2867,#2868,#2869);
#2867 = CARTESIAN_POINT('',(-1.167662419997E-15,-19.0693744647,
    -8.766252597696));
#2868 = DIRECTION('',(-3.061616997868E-17,-0.5,-0.866025403784));
#2869 = DIRECTION('',(-5.302876193625E-17,-0.866025403784,0.5));
#2870 = ADVANCED_FACE('',(#2871),#2937,.F.);
#2871 = FACE_BOUND('',#2872,.F.);
#2872 = EDGE_LOOP('',(#2873,#2900,#2901,#2931));
#2873 = ORIENTED_EDGE('',*,*,#2874,.F.);
#2874 = EDGE_CURVE('',#2806,#2875,#2877,.T.);
#2875 = VERTEX_POINT('',#2876);
#2876 = CARTESIAN_POINT('',(-1.423294859379E-03,-16.66835360615,
    -7.94096510498));
#2877 = B_SPLINE_CURVE_WITH_KNOTS('',3,(#2878,#2879,#2880,#2881,#2882,
    #2883,#2884,#2885,#2886,#2887,#2888,#2889,#2890,#2891,#2892,#2893,
    #2894,#2895,#2896,#2897,#2898,#2899),.UNSPECIFIED.,.F.,.F.,(4,3,3,3,
    3,3,3,4),(-16.41275387805,-15.90340634111,-14.90944344479,
    -13.91548054847,-12.92151765215,-11.92755475583,-10.93359185951,
    -10.12956857087),.UNSPECIFIED.);
#2878 = CARTESIAN_POINT('',(1.113027625926E-04,-17.02127337313,
    -8.54549715938));
#2879 = CARTESIAN_POINT('',(-0.283818729753,-17.0119633894,
    -8.529030879832));
#2880 = CARTESIAN_POINT('',(-0.567826439706,-17.06223914423,
    -8.478162758084));
#2881 = CARTESIAN_POINT('',(-0.813671225535,-17.17169108515,
    -8.393129249369));
#2882 = CARTESIAN_POINT('',(-1.293423413671,-17.3852803544,
    -8.22719116883));
#2883 = CARTESIAN_POINT('',(-1.627846172232,-17.82422031586,
    -7.931146805478));
#2884 = CARTESIAN_POINT('',(-1.664901903203,-18.2805661847,
    -7.625053136812));
#2885 = CARTESIAN_POINT('',(-1.701957634174,-18.73691205355,
    -7.318959468147));
#2886 = CARTESIAN_POINT('',(-1.441646337555,-19.21066382977,
    -7.002816494168));
#2887 = CARTESIAN_POINT('',(-1.0023123184,-19.47805032249,
    -6.805818572177));
#2888 = CARTESIAN_POINT('',(-0.562978299245,-19.7454368152,
    -6.608820650187));
#2889 = CARTESIAN_POINT('',(5.537844244495E-02,-19.8064580244,
    -6.530967780185));
#2890 = CARTESIAN_POINT('',(0.571635181827,-19.62498142875,
    -6.593121083088));
#2891 = CARTESIAN_POINT('',(1.087891921208,-19.44350483311,
    -6.655274385991));
#2892 = CARTESIAN_POINT('',(1.502048658281,-19.01953043262,
    -6.857433861798));
#2893 = CARTESIAN_POINT('',(1.625819765073,-18.53741807054,
    -7.093159305377));
#2894 = CARTESIAN_POINT('',(1.749590871865,-18.05530570847,
    -7.328884748957));
#2895 = CARTESIAN_POINT('',(1.582976348375,-17.5150553848,
    -7.598176160308));
#2896 = CARTESIAN_POINT('',(1.201720968881,-17.15388915509,
    -7.764073321809));
#2897 = CARTESIAN_POINT('',(0.893320921788,-16.86173935671,
    -7.89826865431));
#2898 = CARTESIAN_POINT('',(0.44447489804,-16.68676967468,
    -7.964810015097));
#2899 = CARTESIAN_POINT('',(-1.423294859379E-03,-16.66835360615,
    -7.94096510498));
#2900 = ORIENTED_EDGE('',*,*,#2860,.T.);
#2901 = ORIENTED_EDGE('',*,*,#2902,.F.);
#2902 = EDGE_CURVE('',#2903,#2834,#2905,.T.);
#2903 = VERTEX_POINT('',#2904);
#2904 = CARTESIAN_POINT('',(3.940578627952E-04,-16.76320338276,
    -8.109015416025));
#2905 = B_SPLINE_CURVE_WITH_KNOTS('',3,(#2906,#2907,#2908,#2909,#2910,
    #2911,#2912,#2913,#2914,#2915,#2916,#2917,#2918,#2919,#2920,#2921,
    #2922,#2923,#2924,#2925,#2926,#2927,#2928,#2929,#2930),
  .UNSPECIFIED.,.F.,.F.,(4,3,3,3,3,3,3,3,4),(13.876192869531,
    13.915480548473,14.909443444792,15.903406341112,16.897369237431,
    17.891332133751,18.88529503007,19.87925792639,20.159378176711),
  .UNSPECIFIED.);
#2906 = CARTESIAN_POINT('',(3.940578627952E-04,-16.76320338276,
    -8.109015416025));
#2907 = CARTESIAN_POINT('',(2.211803111459E-02,-16.76387250464,
    -8.110313798639));
#2908 = CARTESIAN_POINT('',(4.383945850335E-02,-16.76493786005,
    -8.111383415725));
#2909 = CARTESIAN_POINT('',(6.554259607597E-02,-16.76640616514,
    -8.112220389702));
#2910 = CARTESIAN_POINT('',(0.614623480006,-16.80355370908,
    -8.13339550365));
#2911 = CARTESIAN_POINT('',(1.151997597829,-17.09861733441,
    -8.005662698585));
#2912 = CARTESIAN_POINT('',(1.433360193913,-17.52584340934,
    -7.801625867667));
#2913 = CARTESIAN_POINT('',(1.714722789997,-17.95306948426,
    -7.597589036749));
#2914 = CARTESIAN_POINT('',(1.740073864341,-18.51245800878,
    -7.317248179978));
#2915 = CARTESIAN_POINT('',(1.497887962371,-18.95808625325,
    -7.102586851524));
#2916 = CARTESIAN_POINT('',(1.255702060401,-19.40371449771,
    -6.88792552307));
#2917 = CARTESIAN_POINT('',(0.745979182117,-19.73558246211,
    -6.738943722932));
#2918 = CARTESIAN_POINT('',(0.200453458631,-19.81120438372,
    -6.737905644577));
#2919 = CARTESIAN_POINT('',(-0.345072264855,-19.88682630534,
    -6.736867566222));
#2920 = CARTESIAN_POINT('',(-0.926400833543,-19.70620218416,
    -6.883773209648));
#2921 = CARTESIAN_POINT('',(-1.279244321642,-19.35983933793,
    -7.1263681506));
#2922 = CARTESIAN_POINT('',(-1.632087809741,-19.01347649171,
    -7.368963091552));
#2923 = CARTESIAN_POINT('',(-1.756446217251,-18.50137492042,
    -7.707247330029));
#2924 = CARTESIAN_POINT('',(-1.595782767935,-18.0647406767,
    -8.001960486625));
#2925 = CARTESIAN_POINT('',(-1.435119318618,-17.62810643298,
    -8.296673643222));
#2926 = CARTESIAN_POINT('',(-0.989434012474,-17.26693951681,
    -8.547815717938));
#2927 = CARTESIAN_POINT('',(-0.461347667472,-17.15382695152,
    -8.655743546403));
#2928 = CARTESIAN_POINT('',(-0.312521509372,-17.12194938323,
    -8.686159943673));
#2929 = CARTESIAN_POINT('',(-0.157150777723,-17.10977314354,
    -8.705201773573));
#2930 = CARTESIAN_POINT('',(-1.447815260291E-03,-17.11611286837,
    -8.713553406369));
#2931 = ORIENTED_EDGE('',*,*,#2932,.F.);
#2932 = EDGE_CURVE('',#2875,#2903,#2933,.T.);
#2933 = LINE('',#2934,#2935);
#2934 = CARTESIAN_POINT('',(-8.752903458733E-16,-17.62657614199,
    -9.599252597696));
#2935 = VECTOR('',#2936,1.);
#2936 = DIRECTION('',(-3.061616997868E-17,-0.5,-0.866025403784));
#2937 = CYLINDRICAL_SURFACE('',#2938,1.666);
#2938 = AXIS2_PLACEMENT_3D('',#2939,#2940,#2941);
#2939 = CARTESIAN_POINT('',(-1.167662419997E-15,-19.0693744647,
    -8.766252597696));
#2940 = DIRECTION('',(-3.061616997868E-17,-0.5,-0.866025403784));
#2941 = DIRECTION('',(-5.302876193625E-17,-0.866025403784,0.5));
#2942 = ADVANCED_FACE('',(#2943),#3004,.F.);
#2943 = FACE_BOUND('',#2944,.F.);
#2944 = EDGE_LOOP('',(#2945,#2971,#2980,#2998));
#2945 = ORIENTED_EDGE('',*,*,#2946,.F.);
#2946 = EDGE_CURVE('',#2947,#2949,#2951,.T.);
#2947 = VERTEX_POINT('',#2948);
#2948 = CARTESIAN_POINT('',(1.081130883297,-16.44639417951,
    -6.766011207738));
#2949 = VERTEX_POINT('',#2950);
#2950 = CARTESIAN_POINT('',(1.10619553969E-03,-16.41704623958,
    -7.500578958951));
#2951 = B_SPLINE_CURVE_WITH_KNOTS('',3,(#2952,#2953,#2954,#2955,#2956,
    #2957,#2958,#2959,#2960,#2961,#2962,#2963,#2964,#2965,#2966,#2967,
    #2968,#2969,#2970),.UNSPECIFIED.,.F.,.F.,(4,3,3,3,3,3,4),(
    2.014612865274,2.981888688958,3.975851585278,4.969814481597,
    5.963777377917,6.957740274236,7.593007562352),.UNSPECIFIED.);
#2952 = CARTESIAN_POINT('',(1.081132691733,-16.44639207981,-6.76601242)
  );
#2953 = CARTESIAN_POINT('',(1.487960883658,-16.7650865896,
    -6.623491945428));
#2954 = CARTESIAN_POINT('',(1.714205356303,-17.26879035431,
    -6.374156327728));
#2955 = CARTESIAN_POINT('',(1.660017067917,-17.74755995251,
    -6.139216457769));
#2956 = CARTESIAN_POINT('',(1.604333728426,-18.2395387706,
    -5.897794613154));
#2957 = CARTESIAN_POINT('',(1.252529920585,-18.70518857836,
    -5.671573829741));
#2958 = CARTESIAN_POINT('',(0.764066334587,-18.94148488827,
    -5.577770350052));
#2959 = CARTESIAN_POINT('',(0.275602748589,-19.17778119818,
    -5.483966870363));
#2960 = CARTESIAN_POINT('',(-0.349520615567,-19.18472401023,
    -5.522580694397));
#2961 = CARTESIAN_POINT('',(-0.826861260306,-18.96740314419,
    -5.690673213352));
#2962 = CARTESIAN_POINT('',(-1.304201905044,-18.75008227815,
    -5.858765732307));
#2963 = CARTESIAN_POINT('',(-1.633759830365,-18.30849773401,
    -6.156336946183));
#2964 = CARTESIAN_POINT('',(-1.665834097283,-17.85187064818,
    -6.462592975548));
#2965 = CARTESIAN_POINT('',(-1.6979083642,-17.39524356236,
    -6.768849004913));
#2966 = CARTESIAN_POINT('',(-1.432498972713,-16.92357393485,
    -7.083789849767));
#2967 = CARTESIAN_POINT('',(-0.990204123341,-16.65964835981,
    -7.278789610006));
#2968 = CARTESIAN_POINT('',(-0.707522093108,-16.49096672699,
    -7.4034189793));
#2969 = CARTESIAN_POINT('',(-0.352585584545,-16.40714474468,
    -7.479054606527));
#2970 = CARTESIAN_POINT('',(1.10619553969E-03,-16.41704623958,
    -7.500578958951));
#2971 = ORIENTED_EDGE('',*,*,#2972,.T.);
#2972 = EDGE_CURVE('',#2947,#2973,#2975,.T.);
#2973 = VERTEX_POINT('',#2974);
#2974 = CARTESIAN_POINT('',(1.079358653049,-18.64654708585,
    -5.495752335001));
#2975 = CIRCLE('',#2976,1.666);
#2976 = AXIS2_PLACEMENT_3D('',#2977,#2978,#2979);
#2977 = CARTESIAN_POINT('',(-1.074474452624E-15,-17.5474994647,
    -6.130287774927));
#2978 = DIRECTION('',(-3.061616997868E-17,-0.5,-0.866025403784));
#2979 = DIRECTION('',(-5.302876193625E-17,-0.866025403784,0.5));
#2980 = ORIENTED_EDGE('',*,*,#2981,.F.);
#2981 = EDGE_CURVE('',#2982,#2973,#2984,.T.);
#2982 = VERTEX_POINT('',#2983);
#2983 = CARTESIAN_POINT('',(1.096182792284E-03,-16.31754079914,
    -7.335216596679));
#2984 = B_SPLINE_CURVE_WITH_KNOTS('',3,(#2985,#2986,#2987,#2988,#2989,
    #2990,#2991,#2992,#2993,#2994,#2995,#2996,#2997),.UNSPECIFIED.,.F.,
  .F.,(4,3,3,3,4),(-3.846383263692,-2.981888688958,-1.987925792639,
    -0.993962896319,0.),.UNSPECIFIED.);
#2985 = CARTESIAN_POINT('',(1.096182792284E-03,-16.31754079914,
    -7.335216596679));
#2986 = CARTESIAN_POINT('',(-0.477524153598,-16.30474078174,
    -7.305536180472));
#2987 = CARTESIAN_POINT('',(-0.959005593002,-16.4768467896,
    -7.169100220807));
#2988 = CARTESIAN_POINT('',(-1.269329867096,-16.77567400533,
    -6.959501737663));
#2989 = CARTESIAN_POINT('',(-1.626128883877,-17.11925414282,
    -6.718513394348));
#2990 = CARTESIAN_POINT('',(-1.756666283589,-17.63035367899,
    -6.380807681116));
#2991 = CARTESIAN_POINT('',(-1.600434746472,-18.06823961867,
    -6.085371857524));
#2992 = CARTESIAN_POINT('',(-1.444203209355,-18.50612555834,
    -5.789936033932));
#2993 = CARTESIAN_POINT('',(-1.001202735409,-18.87079790154,
    -5.536770099979));
#2994 = CARTESIAN_POINT('',(-0.475429717089,-18.98794301311,
    -5.426514079832));
#2995 = CARTESIAN_POINT('',(5.034330123121E-02,-19.10508812469,
    -5.316258059684));
#2996 = CARTESIAN_POINT('',(0.658888863924,-18.97470600465,
    -5.348911953342));
#2997 = CARTESIAN_POINT('',(1.079358653049,-18.64654708585,
    -5.495752335001));
#2998 = ORIENTED_EDGE('',*,*,#2999,.T.);
#2999 = EDGE_CURVE('',#2982,#2949,#3000,.T.);
#3000 = LINE('',#3001,#3002);
#3001 = CARTESIAN_POINT('',(-8.752903458733E-16,-17.62657614199,
    -9.599252597696));
#3002 = VECTOR('',#3003,1.);
#3003 = DIRECTION('',(-3.061616997868E-17,-0.5,-0.866025403784));
#3004 = CYLINDRICAL_SURFACE('',#3005,1.666);
#3005 = AXIS2_PLACEMENT_3D('',#3006,#3007,#3008);
#3006 = CARTESIAN_POINT('',(-1.167662419997E-15,-19.0693744647,
    -8.766252597696));
#3007 = DIRECTION('',(-3.061616997868E-17,-0.5,-0.866025403784));
#3008 = DIRECTION('',(-0.345405534862,-0.812724591953,0.469226761941));
#3009 = ADVANCED_FACE('',(#3010),#3038,.F.);
#3010 = FACE_BOUND('',#3011,.F.);
#3011 = EDGE_LOOP('',(#3012,#3023,#3032));
#3012 = ORIENTED_EDGE('',*,*,#3013,.F.);
#3013 = EDGE_CURVE('',#3014,#3016,#3018,.T.);
#3014 = VERTEX_POINT('',#3015);
#3015 = CARTESIAN_POINT('',(16.330739404548,10.402001176623,
    -12.12241204987));
#3016 = VERTEX_POINT('',#3017);
#3017 = CARTESIAN_POINT('',(16.55948476138,9.560081896235,
    -12.18297587567));
#3018 = B_SPLINE_CURVE_WITH_KNOTS('',3,(#3019,#3020,#3021,#3022),
  .UNSPECIFIED.,.F.,.F.,(4,4),(-54.64127222493,-54.11186572112),
  .PIECEWISE_BEZIER_KNOTS.);
#3019 = CARTESIAN_POINT('',(16.330736485864,10.402001588988,
    -12.12241339017));
#3020 = CARTESIAN_POINT('',(16.338145159946,10.114215303249,
    -12.17908424544));
#3021 = CARTESIAN_POINT('',(16.420966364058,9.82084804443,
    -12.19965992386));
#3022 = CARTESIAN_POINT('',(16.55948476138,9.560081896235,
    -12.18297587567));
#3023 = ORIENTED_EDGE('',*,*,#3024,.T.);
#3024 = EDGE_CURVE('',#3014,#3025,#3027,.T.);
#3025 = VERTEX_POINT('',#3026);
#3026 = CARTESIAN_POINT('',(16.583045132095,9.574225570999,
    -12.23521742046));
#3027 = CIRCLE('',#3028,1.666);
#3028 = AXIS2_PLACEMENT_3D('',#3029,#3030,#3031);
#3029 = CARTESIAN_POINT('',(17.832545132095,10.295624732351,
    -11.40221742046));
#3030 = DIRECTION('',(-0.433012701892,-0.25,0.866025403784));
#3031 = DIRECTION('',(0.75,0.433012701892,0.5));
#3032 = ORIENTED_EDGE('',*,*,#3033,.F.);
#3033 = EDGE_CURVE('',#3016,#3025,#3034,.T.);
#3034 = LINE('',#3035,#3036);
#3035 = CARTESIAN_POINT('',(15.265062720711,8.813288070999,
    -9.599252597696));
#3036 = VECTOR('',#3037,1.);
#3037 = DIRECTION('',(0.433012701892,0.25,-0.866025403784));
#3038 = CYLINDRICAL_SURFACE('',#3039,1.666);
#3039 = AXIS2_PLACEMENT_3D('',#3040,#3041,#3042);
#3040 = CARTESIAN_POINT('',(16.514562720711,9.534687232351,
    -8.766252597696));
#3041 = DIRECTION('',(0.433012701892,0.25,-0.866025403784));
#3042 = DIRECTION('',(-0.854665558165,-0.191436810325,-0.482595826069));
#3043 = ADVANCED_FACE('',(#3044),#3113,.F.);
#3044 = FACE_BOUND('',#3045,.F.);
#3045 = EDGE_LOOP('',(#3046,#3073,#3074,#3083,#3107));
#3046 = ORIENTED_EDGE('',*,*,#3047,.F.);
#3047 = EDGE_CURVE('',#3016,#3048,#3050,.T.);
#3048 = VERTEX_POINT('',#3049);
#3049 = CARTESIAN_POINT('',(16.25358509033,9.382780150063,
    -11.57881793977));
#3050 = B_SPLINE_CURVE_WITH_KNOTS('',3,(#3051,#3052,#3053,#3054,#3055,
    #3056,#3057,#3058,#3059,#3060,#3061,#3062,#3063,#3064,#3065,#3066,
    #3067,#3068,#3069,#3070,#3071,#3072),.UNSPECIFIED.,.F.,.F.,(4,3,3,3,
    3,3,3,4),(-54.11186572112,-53.67399640125,-52.68003350493,
    -51.68607060861,-50.69210771229,-49.69814481597,-48.70418191965,
    -47.82868041394),.UNSPECIFIED.);
#3051 = CARTESIAN_POINT('',(16.55948476138,9.560081896235,
    -12.18297587567));
#3052 = CARTESIAN_POINT('',(16.674052595341,9.344403593956,
    -12.16917658764));
#3053 = CARTESIAN_POINT('',(16.826722080639,9.151027244048,
    -12.12988845484));
#3054 = CARTESIAN_POINT('',(17.006338208046,9.001556408241,
    -12.06445257079));
#3055 = CARTESIAN_POINT('',(17.41406662865,8.662257767917,-11.9159131827
    ));
#3056 = CARTESIAN_POINT('',(17.960648272918,8.549199641888,
    -11.63263717187));
#3057 = CARTESIAN_POINT('',(18.390812627755,8.709688486405,
    -11.32860359722));
#3058 = CARTESIAN_POINT('',(18.820976982592,8.870177330922,
    -11.02457002256));
#3059 = CARTESIAN_POINT('',(19.134724047998,9.304213145984,
    -10.69977888408));
#3060 = CARTESIAN_POINT('',(19.181901690695,9.810224439936,
    -10.4874949259));
#3061 = CARTESIAN_POINT('',(19.229079333393,10.316235733888,
    -10.27521096772));
#3062 = CARTESIAN_POINT('',(19.009687553381,10.89422250673,
    -10.17543418984));
#3063 = CARTESIAN_POINT('',(18.616327757828,11.277247027983,
    -10.21892217394));
#3064 = CARTESIAN_POINT('',(18.222967962276,11.660271549237,
    -10.26241015805));
#3065 = CARTESIAN_POINT('',(17.655640151183,11.848333818902,
    -10.44916290414));
#3066 = CARTESIAN_POINT('',(17.164936194382,11.751726851229,
    -10.67978065349));
#3067 = CARTESIAN_POINT('',(16.67423223758,11.655119883557,
    -10.91039840284));
#3068 = CARTESIAN_POINT('',(16.26015213507,11.273843678548,
    -11.18488115545));
#3069 = CARTESIAN_POINT('',(16.103714561489,10.777048438443,
    -11.3638901166));
#3070 = CARTESIAN_POINT('',(15.965921358417,10.339461701203,
    -11.521564629));
#3071 = CARTESIAN_POINT('',(16.028018125083,9.812250411194,
    -11.60516653637));
#3072 = CARTESIAN_POINT('',(16.25358509033,9.382780150063,
    -11.57881793977));
#3073 = ORIENTED_EDGE('',*,*,#3033,.T.);
#3074 = ORIENTED_EDGE('',*,*,#3075,.T.);
#3075 = EDGE_CURVE('',#3025,#3076,#3078,.T.);
#3076 = VERTEX_POINT('',#3077);
#3077 = CARTESIAN_POINT('',(18.159986512839,8.689870772403,
    -11.7020379706));
#3078 = CIRCLE('',#3079,1.666);
#3079 = AXIS2_PLACEMENT_3D('',#3080,#3081,#3082);
#3080 = CARTESIAN_POINT('',(17.832545132095,10.295624732351,
    -11.40221742046));
#3081 = DIRECTION('',(-0.433012701892,-0.25,0.866025403784));
#3082 = DIRECTION('',(0.75,0.433012701892,0.5));
#3083 = ORIENTED_EDGE('',*,*,#3084,.F.);
#3084 = EDGE_CURVE('',#3085,#3076,#3087,.T.);
#3085 = VERTEX_POINT('',#3086);
#3086 = CARTESIAN_POINT('',(16.335995055055,9.432740690242,
    -11.74600244685));
#3087 = B_SPLINE_CURVE_WITH_KNOTS('',3,(#3088,#3089,#3090,#3091,#3092,
    #3093,#3094,#3095,#3096,#3097,#3098,#3099,#3100,#3101,#3102,#3103,
    #3104,#3105,#3106),.UNSPECIFIED.,.F.,.F.,(4,3,3,3,3,3,4),(
    51.575304712609,51.686070608614,52.680033504933,53.673996401253,
    54.667959297572,55.661922193892,56.655885090211),.UNSPECIFIED.);
#3088 = CARTESIAN_POINT('',(16.335995055055,9.432740690242,
    -11.74600244685));
#3089 = CARTESIAN_POINT('',(16.306789623923,9.486679843542,
    -11.74978403756));
#3090 = CARTESIAN_POINT('',(16.280255143164,9.542109806142,
    -11.75179979351));
#3091 = CARTESIAN_POINT('',(16.256685038035,9.598779380163,
    -11.75197551665));
#3092 = CARTESIAN_POINT('',(16.045177608353,10.107306426468,
    -11.7535523764));
#3093 = CARTESIAN_POINT('',(16.072375142484,10.71565260378,
    -11.60696145317));
#3094 = CARTESIAN_POINT('',(16.333020815127,11.151243613644,
    -11.39351658189));
#3095 = CARTESIAN_POINT('',(16.59366648777,11.586834623509,
    -11.18007171061));
#3096 = CARTESIAN_POINT('',(17.087760298926,11.849670465926,
    -10.89977289129));
#3097 = CARTESIAN_POINT('',(17.598251353311,11.82484566481,
    -10.69431592535));
#3098 = CARTESIAN_POINT('',(18.108742407696,11.800020863694,
    -10.4888589594));
#3099 = CARTESIAN_POINT('',(18.635630705311,11.487535419045,
    -10.35824384683));
#3100 = CARTESIAN_POINT('',(18.946026516156,11.032854430576,
    -10.3769232954));
#3101 = CARTESIAN_POINT('',(19.256422327002,10.578173442106,
    -10.39560274397));
#3102 = CARTESIAN_POINT('',(19.350325651077,9.981296909817,
    -10.56357675367));
#3103 = CARTESIAN_POINT('',(19.193615111437,9.519649100333,
    -10.81782052547));
#3104 = CARTESIAN_POINT('',(19.036904571797,9.058001290848,
    -11.07206429727));
#3105 = CARTESIAN_POINT('',(18.629580168441,8.731582204169,
    -11.41257783118));
#3106 = CARTESIAN_POINT('',(18.159986512839,8.689870772403,
    -11.7020379706));
#3107 = ORIENTED_EDGE('',*,*,#3108,.F.);
#3108 = EDGE_CURVE('',#3048,#3085,#3109,.T.);
#3109 = LINE('',#3110,#3111);
#3110 = CARTESIAN_POINT('',(15.265062720711,8.813288070999,
    -9.599252597696));
#3111 = VECTOR('',#3112,1.);
#3112 = DIRECTION('',(0.433012701892,0.25,-0.866025403784));
#3113 = CYLINDRICAL_SURFACE('',#3114,1.666);
#3114 = AXIS2_PLACEMENT_3D('',#3115,#3116,#3117);
#3115 = CARTESIAN_POINT('',(16.514562720711,9.534687232351,
    -8.766252597696));
#3116 = DIRECTION('',(0.433012701892,0.25,-0.866025403784));
#3117 = DIRECTION('',(0.75,0.433012701892,0.5));
#3118 = ADVANCED_FACE('',(#3119),#3185,.F.);
#3119 = FACE_BOUND('',#3120,.F.);
#3120 = EDGE_LOOP('',(#3121,#3151,#3152,#3179));
#3121 = ORIENTED_EDGE('',*,*,#3122,.F.);
#3122 = EDGE_CURVE('',#3048,#3123,#3125,.T.);
#3123 = VERTEX_POINT('',#3124);
#3124 = CARTESIAN_POINT('',(15.950171055687,9.210510159117,
    -10.97196464305));
#3125 = B_SPLINE_CURVE_WITH_KNOTS('',3,(#3126,#3127,#3128,#3129,#3130,
    #3131,#3132,#3133,#3134,#3135,#3136,#3137,#3138,#3139,#3140,#3141,
    #3142,#3143,#3144,#3145,#3146,#3147,#3148,#3149,#3150),
  .UNSPECIFIED.,.F.,.F.,(4,3,3,3,3,3,3,3,4),(-47.82868041394,
    -47.71021902333,-46.71625612701,-45.72229323069,-44.72833033437,
    -43.73436743805,-42.74040454173,-41.74644164541,-41.54549510677),
  .UNSPECIFIED.);
#3126 = CARTESIAN_POINT('',(16.25358509033,9.382780150063,
    -11.57881793977));
#3127 = CARTESIAN_POINT('',(16.284105856091,9.324669862383,
    -11.57525279297));
#3128 = CARTESIAN_POINT('',(16.317619427044,9.268349013153,
    -11.56967467719));
#3129 = CARTESIAN_POINT('',(16.354035584398,9.214281743018,
    -11.56199471596));
#3130 = CARTESIAN_POINT('',(16.659589225539,8.760624562896,
    -11.49755518447));
#3131 = CARTESIAN_POINT('',(17.169491552472,8.465624477852,
    -11.28514095182));
#3132 = CARTESIAN_POINT('',(17.64466904976,8.459203132089,
    -11.00678362758));
#3133 = CARTESIAN_POINT('',(18.119846547049,8.452781786326,
    -10.72842630334));
#3134 = CARTESIAN_POINT('',(18.560299214694,8.734939179846,
    -10.38412588753));
#3135 = CARTESIAN_POINT('',(18.75851429365,9.1732025865,-10.1158803417)
  );
#3136 = CARTESIAN_POINT('',(18.956729372606,9.611465993155,
    -9.847634795877));
#3137 = CARTESIAN_POINT('',(18.912706862873,10.205835412945,
    -9.655444120041));
#3138 = CARTESIAN_POINT('',(18.639196378164,10.681899315615,
    -9.612149292772));
#3139 = CARTESIAN_POINT('',(18.365685893454,11.157963218285,
    -9.568854465504));
#3140 = CARTESIAN_POINT('',(17.862687433767,11.515721603835,
    -9.674455486801));
#3141 = CARTESIAN_POINT('',(17.351610330694,11.588332127839,
    -9.866410927103));
#3142 = CARTESIAN_POINT('',(16.840533227621,11.660942651843,
    -10.0583663674));
#3143 = CARTESIAN_POINT('',(16.321377481162,11.448405314302,
    -10.33667622671));
#3144 = CARTESIAN_POINT('',(16.022899696839,11.043150261829,
    -10.56027991724));
#3145 = CARTESIAN_POINT('',(15.724421912515,10.637895209356,
    -10.78388360778));
#3146 = CARTESIAN_POINT('',(15.646622090327,10.03992244195,
    -10.95278112954));
#3147 = CARTESIAN_POINT('',(15.81760340333,9.51689147796,-10.97565424852
    ));
#3148 = CARTESIAN_POINT('',(15.852170189624,9.411151855074,
    -10.98027843933));
#3149 = CARTESIAN_POINT('',(15.896905037291,9.308475217071,
    -10.97893439187));
#3150 = CARTESIAN_POINT('',(15.950171055687,9.210510159117,
    -10.97196464305));
#3151 = ORIENTED_EDGE('',*,*,#3108,.T.);
#3152 = ORIENTED_EDGE('',*,*,#3153,.F.);
#3153 = EDGE_CURVE('',#3154,#3085,#3156,.T.);
#3154 = VERTEX_POINT('',#3155);
#3155 = CARTESIAN_POINT('',(16.03640487775,9.259299423092,
    -11.13757533978));
#3156 = B_SPLINE_CURVE_WITH_KNOTS('',3,(#3157,#3158,#3159,#3160,#3161,
    #3162,#3163,#3164,#3165,#3166,#3167,#3168,#3169,#3170,#3171,#3172,
    #3173,#3174,#3175,#3176,#3177,#3178),.UNSPECIFIED.,.F.,.F.,(4,3,3,3,
    3,3,3,4),(45.292119405429,45.722293230697,46.716256127016,
    47.710219023336,48.704181919655,49.698144815975,50.692107712294,
    51.575304712609),.UNSPECIFIED.);
#3157 = CARTESIAN_POINT('',(16.03640487775,9.259299423092,
    -11.13757533978));
#3158 = CARTESIAN_POINT('',(15.922886362785,9.470571860322,
    -11.15179184044));
#3159 = CARTESIAN_POINT('',(15.846415878577,9.702894564895,
    -11.14140763697));
#3160 = CARTESIAN_POINT('',(15.819640441708,9.937026557298,
    -11.10565361343));
#3161 = CARTESIAN_POINT('',(15.757772914637,10.47801371091,
    -11.02304009602));
#3162 = CARTESIAN_POINT('',(15.961222640294,11.028660484586,
    -10.80497946013));
#3163 = CARTESIAN_POINT('',(16.344759433497,11.34281947958,
    -10.56514343181));
#3164 = CARTESIAN_POINT('',(16.7282962267,11.656978474574,
    -10.32530740349));
#3165 = CARTESIAN_POINT('',(17.291920087448,11.734649690885,
    -10.06369598274));
#3166 = CARTESIAN_POINT('',(17.786664067338,11.544723842729,
    -9.913773121025));
#3167 = CARTESIAN_POINT('',(18.281408047227,11.354797994572,
    -9.763850259305));
#3168 = CARTESIAN_POINT('',(18.707272146258,10.897275081947,
    -9.725615956616));
#3169 = CARTESIAN_POINT('',(18.877902518384,10.384339421283,
    -9.830994799879));
#3170 = CARTESIAN_POINT('',(19.04853289051,9.871403760619,
    -9.936373643141));
#3171 = CARTESIAN_POINT('',(18.963929535731,9.303055351914,
    -10.18536563235));
#3172 = CARTESIAN_POINT('',(18.669843037301,8.941902740904,
    -10.4792869186));
#3173 = CARTESIAN_POINT('',(18.375756538871,8.580750129894,
    -10.77320820486));
#3174 = CARTESIAN_POINT('',(17.87218689679,8.426793316577,
    -11.11205878815));
#3175 = CARTESIAN_POINT('',(17.395295879001,8.554168867568,
    -11.35635640116));
#3176 = CARTESIAN_POINT('',(16.971548958521,8.667349857487,
    -11.57342981486));
#3177 = CARTESIAN_POINT('',(16.568865912413,9.002654353995,
    -11.71584975821));
#3178 = CARTESIAN_POINT('',(16.335995055055,9.432740690242,
    -11.74600244685));
#3179 = ORIENTED_EDGE('',*,*,#3180,.F.);
#3180 = EDGE_CURVE('',#3123,#3154,#3181,.T.);
#3181 = LINE('',#3182,#3183);
#3182 = CARTESIAN_POINT('',(15.265062720711,8.813288070999,
    -9.599252597696));
#3183 = VECTOR('',#3184,1.);
#3184 = DIRECTION('',(0.433012701892,0.25,-0.866025403784));
#3185 = CYLINDRICAL_SURFACE('',#3186,1.666);
#3186 = AXIS2_PLACEMENT_3D('',#3187,#3188,#3189);
#3187 = CARTESIAN_POINT('',(16.514562720711,9.534687232351,
    -8.766252597696));
#3188 = DIRECTION('',(0.433012701892,0.25,-0.866025403784));
#3189 = DIRECTION('',(0.75,0.433012701892,0.5));
#3190 = ADVANCED_FACE('',(#3191),#3254,.F.);
#3191 = FACE_BOUND('',#3192,.F.);
#3192 = EDGE_LOOP('',(#3193,#3220,#3221,#3248));
#3193 = ORIENTED_EDGE('',*,*,#3194,.F.);
#3194 = EDGE_CURVE('',#3123,#3195,#3197,.T.);
#3195 = VERTEX_POINT('',#3196);
#3196 = CARTESIAN_POINT('',(15.65027108578,9.035445821189,
    -10.36416097245));
#3197 = B_SPLINE_CURVE_WITH_KNOTS('',3,(#3198,#3199,#3200,#3201,#3202,
    #3203,#3204,#3205,#3206,#3207,#3208,#3209,#3210,#3211,#3212,#3213,
    #3214,#3215,#3216,#3217,#3218,#3219),.UNSPECIFIED.,.F.,.F.,(4,3,3,3,
    3,3,3,4),(-41.54549510677,-40.75247874909,-39.75851585278,
    -38.76455295646,-37.77059006014,-36.77662716382,-35.7826642675,
    -35.26230979959),.UNSPECIFIED.);
#3198 = CARTESIAN_POINT('',(15.950171055687,9.210510159117,
    -10.97196464305));
#3199 = CARTESIAN_POINT('',(16.160380319206,8.823900397338,
    -10.94445919378));
#3200 = CARTESIAN_POINT('',(16.503454972245,8.510669300494,
    -10.82933845377));
#3201 = CARTESIAN_POINT('',(16.878788868375,8.372142395147,
    -10.64765533622));
#3202 = CARTESIAN_POINT('',(17.349230572226,8.198513436897,
    -10.41993458874));
#3203 = CARTESIAN_POINT('',(17.870351531736,8.299344680974,
    -10.08764437759));
#3204 = CARTESIAN_POINT('',(18.197969268528,8.624600154368,
    -9.787320083194));
#3205 = CARTESIAN_POINT('',(18.525587005321,8.949855627761,
    -9.486995788793));
#3206 = CARTESIAN_POINT('',(18.659701519396,9.499535330473,
    -9.218637411147));
#3207 = CARTESIAN_POINT('',(18.532074231603,10.019544450717,
    -9.089715093821));
#3208 = CARTESIAN_POINT('',(18.404446943811,10.539553570962,
    -8.960792776495));
#3209 = CARTESIAN_POINT('',(18.015077854152,11.029892108739,
    -8.97130651949));
#3210 = CARTESIAN_POINT('',(17.533718377893,11.263443366666,
    -9.101943558358));
#3211 = CARTESIAN_POINT('',(17.052358901635,11.496994624592,
    -9.232580597226));
#3212 = CARTESIAN_POINT('',(16.479009038777,11.473758602669,
    -9.483340931966));
#3213 = CARTESIAN_POINT('',(16.067062958475,11.200103740067,
    -9.725689067967));
#3214 = CARTESIAN_POINT('',(15.655116878173,10.926448877465,
    -9.968037203967));
#3215 = CARTESIAN_POINT('',(15.404574580427,10.402375174186,
    -10.20197314122));
#3216 = CARTESIAN_POINT('',(15.42207301488,9.861945660894,
    -10.30661022804));
#3217 = CARTESIAN_POINT('',(15.43123370748,9.579022713897,
    -10.36138931068));
#3218 = CARTESIAN_POINT('',(15.513855770458,9.2916171638,-10.38073172418
    ));
#3219 = CARTESIAN_POINT('',(15.65027108578,9.035445821189,
    -10.36416097245));
#3220 = ORIENTED_EDGE('',*,*,#3180,.T.);
#3221 = ORIENTED_EDGE('',*,*,#3222,.F.);
#3222 = EDGE_CURVE('',#3223,#3154,#3225,.T.);
#3223 = VERTEX_POINT('',#3224);
#3224 = CARTESIAN_POINT('',(15.7326300567,9.081512821445,-10.53249494459
    ));
#3225 = B_SPLINE_CURVE_WITH_KNOTS('',3,(#3226,#3227,#3228,#3229,#3230,
    #3231,#3232,#3233,#3234,#3235,#3236,#3237,#3238,#3239,#3240,#3241,
    #3242,#3243,#3244,#3245,#3246,#3247),.UNSPECIFIED.,.F.,.F.,(4,3,3,3,
    3,3,3,4),(39.008934098249,39.75851585278,40.752478749099,
    41.746441645419,42.740404541738,43.734367438058,44.728330334377,
    45.292119405429),.UNSPECIFIED.);
#3226 = CARTESIAN_POINT('',(15.7326300567,9.081512821445,-10.53249494459
    ));
#3227 = CARTESIAN_POINT('',(15.53934283818,9.45060363381,-10.55473413131
    ));
#3228 = CARTESIAN_POINT('',(15.460690686313,9.888805371288,
    -10.49970517909));
#3229 = CARTESIAN_POINT('',(15.532837682339,10.280715881881,
    -10.38263977907));
#3230 = CARTESIAN_POINT('',(15.628506282459,10.80039836328,
    -10.22740832719));
#3231 = CARTESIAN_POINT('',(15.989330736444,11.238685226979,
    -9.96309583928));
#3232 = CARTESIAN_POINT('',(16.458536735976,11.400514437265,
    -9.724399028899));
#3233 = CARTESIAN_POINT('',(16.927742735508,11.56234364755,
    -9.485702218517));
#3234 = CARTESIAN_POINT('',(17.505330280586,11.447715204422,
    -9.272621085671));
#3235 = CARTESIAN_POINT('',(17.935978742986,11.112937773329,
    -9.196561032896));
#3236 = CARTESIAN_POINT('',(18.366627205387,10.778160342235,
    -9.12050098012));
#3237 = CARTESIAN_POINT('',(18.650336585112,10.223233923176,
    -9.181462007415));
#3238 = CARTESIAN_POINT('',(18.66539106784,9.704638398636,
    -9.366262657342));
#3239 = CARTESIAN_POINT('',(18.680445550569,9.186042874095,
    -9.55106330727));
#3240 = CARTESIAN_POINT('',(18.426845136302,8.703778244074,
    -9.85970357983));
#3241 = CARTESIAN_POINT('',(18.027150396892,8.481291049486,
    -10.16639972882));
#3242 = CARTESIAN_POINT('',(17.627455657482,8.258803854899,
    -10.47309587781));
#3243 = CARTESIAN_POINT('',(17.08166659293,8.296094095745,
    -10.77784790324));
#3244 = CARTESIAN_POINT('',(16.645179670754,8.580402982942,
    -10.95664071649));
#3245 = CARTESIAN_POINT('',(16.39759844082,8.741666792686,
    -11.05805439548));
#3246 = CARTESIAN_POINT('',(16.185183102596,8.9824041679,-11.11894308641
    ));
#3247 = CARTESIAN_POINT('',(16.03640487775,9.259299423092,
    -11.13757533978));
#3248 = ORIENTED_EDGE('',*,*,#3249,.F.);
#3249 = EDGE_CURVE('',#3195,#3223,#3250,.T.);
#3250 = LINE('',#3251,#3252);
#3251 = CARTESIAN_POINT('',(15.265062720711,8.813288070999,
    -9.599252597696));
#3252 = VECTOR('',#3253,1.);
#3253 = DIRECTION('',(0.433012701892,0.25,-0.866025403784));
#3254 = CYLINDRICAL_SURFACE('',#3255,1.666);
#3255 = AXIS2_PLACEMENT_3D('',#3256,#3257,#3258);
#3256 = CARTESIAN_POINT('',(16.514562720711,9.534687232351,
    -8.766252597696));
#3257 = DIRECTION('',(0.433012701892,0.25,-0.866025403784));
#3258 = DIRECTION('',(0.75,0.433012701892,0.5));
#3259 = ADVANCED_FACE('',(#3260),#3326,.F.);
#3260 = FACE_BOUND('',#3261,.F.);
#3261 = EDGE_LOOP('',(#3262,#3289,#3290,#3320));
#3262 = ORIENTED_EDGE('',*,*,#3263,.F.);
#3263 = EDGE_CURVE('',#3195,#3264,#3266,.T.);
#3264 = VERTEX_POINT('',#3265);
#3265 = CARTESIAN_POINT('',(15.344752576222,8.857820241197,
    -9.759905938584));
#3266 = B_SPLINE_CURVE_WITH_KNOTS('',3,(#3267,#3268,#3269,#3270,#3271,
    #3272,#3273,#3274,#3275,#3276,#3277,#3278,#3279,#3280,#3281,#3282,
    #3283,#3284,#3285,#3286,#3287,#3288),.UNSPECIFIED.,.F.,.F.,(4,3,3,3,
    3,3,3,4),(-35.26230979959,-34.78870137118,-33.79473847486,
    -32.80077557854,-31.80681268222,-30.8128497859,-29.81888688958,
    -28.97912449241),.UNSPECIFIED.);
#3267 = CARTESIAN_POINT('',(15.65027108578,9.035445821189,
    -10.36416097245));
#3268 = CARTESIAN_POINT('',(15.77443153233,8.802287629112,
    -10.34907885408));
#3269 = CARTESIAN_POINT('',(15.9431543275,8.595003865189,-10.30424625737
    ));
#3270 = CARTESIAN_POINT('',(16.141610083917,8.440524326106,
    -10.22930391332));
#3271 = CARTESIAN_POINT('',(16.55810955185,8.116317827913,
    -10.07202227541));
#3272 = CARTESIAN_POINT('',(17.105569321061,8.024690154832,
    -9.782120763228));
#3273 = CARTESIAN_POINT('',(17.527832641669,8.203102470592,
    -9.476863645214));
#3274 = CARTESIAN_POINT('',(17.950095962277,8.381514786352,-9.1716065272
    ));
#3275 = CARTESIAN_POINT('',(18.247162834281,8.829967090953,
    -8.850993803363));
#3276 = CARTESIAN_POINT('',(18.276712012633,9.340385325824,
    -8.646251903091));
#3277 = CARTESIAN_POINT('',(18.306261190985,9.850803560694,
    -8.441510002819));
#3278 = CARTESIAN_POINT('',(18.068292675685,10.423187725834,
    -8.352638926113));
#3279 = CARTESIAN_POINT('',(17.663727033724,10.793120927616,
    -8.405508971833));
#3280 = CARTESIAN_POINT('',(17.259161391763,11.163054129398,
    -8.458379017554));
#3281 = CARTESIAN_POINT('',(16.68799862314,11.330536367821,
    -8.652990185701));
#3282 = CARTESIAN_POINT('',(16.202638573617,11.215230309562,
    -8.886333943906));
#3283 = CARTESIAN_POINT('',(15.717278524094,11.099924251302,
    -9.11967770211));
#3284 = CARTESIAN_POINT('',(15.317721193671,10.701829896359,
    -9.391754050371));
#3285 = CARTESIAN_POINT('',(15.178349872442,10.197736597339,
    -9.564336653484));
#3286 = CARTESIAN_POINT('',(15.060600210713,9.771846859652,
    -9.710145295876));
#3287 = CARTESIAN_POINT('',(15.128569594026,9.270295779795,
    -9.784935963882));
#3288 = CARTESIAN_POINT('',(15.344752576222,8.857820241197,
    -9.759905938584));
#3289 = ORIENTED_EDGE('',*,*,#3249,.T.);
#3290 = ORIENTED_EDGE('',*,*,#3291,.F.);
#3291 = EDGE_CURVE('',#3292,#3223,#3294,.T.);
#3292 = VERTEX_POINT('',#3293);
#3293 = CARTESIAN_POINT('',(15.426532264002,8.907350352523,
    -9.92752983824));
#3294 = B_SPLINE_CURVE_WITH_KNOTS('',3,(#3295,#3296,#3297,#3298,#3299,
    #3300,#3301,#3302,#3303,#3304,#3305,#3306,#3307,#3308,#3309,#3310,
    #3311,#3312,#3313,#3314,#3315,#3316,#3317,#3318,#3319),
  .UNSPECIFIED.,.F.,.F.,(4,3,3,3,3,3,3,3,4),(32.72574879107,
    32.800775578543,33.794738474863,34.788701371182,35.782664267502,
    36.776627163821,37.770590060141,38.76455295646,39.008934098249),
  .UNSPECIFIED.);
#3295 = CARTESIAN_POINT('',(15.426532264002,8.907350352523,
    -9.92752983824));
#3296 = CARTESIAN_POINT('',(15.406815772637,8.943892238945,
    -9.930056583841));
#3297 = CARTESIAN_POINT('',(15.388339658323,8.981132034737,
    -9.931761671837));
#3298 = CARTESIAN_POINT('',(15.371197216879,9.018994848308,
    -9.932620073656));
#3299 = CARTESIAN_POINT('',(15.144092321123,9.520605447763,
    -9.943992272666));
#3300 = CARTESIAN_POINT('',(15.15106346473,10.131563352137,
    -9.806760604031));
#3301 = CARTESIAN_POINT('',(15.396207843823,10.578305581059,
    -9.597847299866));
#3302 = CARTESIAN_POINT('',(15.641352222915,11.025047809981,
    -9.388933995701));
#3303 = CARTESIAN_POINT('',(16.124669837494,11.30757436345,
    -9.108339056007));
#3304 = CARTESIAN_POINT('',(16.633697665931,11.30163619112,
    -8.89816160293));
#3305 = CARTESIAN_POINT('',(17.142725494368,11.29569801879,
    -8.687984149853));
#3306 = CARTESIAN_POINT('',(17.677463536664,11.001295120661,
    -8.548224183392));
#3307 = CARTESIAN_POINT('',(18.002071632096,10.556466457458,
    -8.556953368343));
#3308 = CARTESIAN_POINT('',(18.326679727528,10.111637794254,
    -8.565682553293));
#3309 = CARTESIAN_POINT('',(18.441157876097,9.516383365978,
    -8.722900889655));
#3310 = CARTESIAN_POINT('',(18.300727626664,9.045517513031,
    -8.971665536291));
#3311 = CARTESIAN_POINT('',(18.16029737723,8.574651660085,
    -9.220430182928));
#3312 = CARTESIAN_POINT('',(17.764958729795,8.22817438247,-9.56074113984
    ));
#3313 = CARTESIAN_POINT('',(17.301709990637,8.167799093233,
    -9.852416612611));
#3314 = CARTESIAN_POINT('',(16.838461251478,8.107423803996,
    -10.14409208538));
#3315 = CARTESIAN_POINT('',(16.307302420596,8.333150503139,
    -10.38713207401));
#3316 = CARTESIAN_POINT('',(15.956979378281,8.74655290226,-10.4855768604
    ));
#3317 = CARTESIAN_POINT('',(15.870847043369,8.848194272063,
    -10.5097810328));
#3318 = CARTESIAN_POINT('',(15.795646199862,8.961180604706,
    -10.52524445082));
#3319 = CARTESIAN_POINT('',(15.7326300567,9.081512821445,-10.53249494459
    ));
#3320 = ORIENTED_EDGE('',*,*,#3321,.F.);
#3321 = EDGE_CURVE('',#3264,#3292,#3322,.T.);
#3322 = LINE('',#3323,#3324);
#3323 = CARTESIAN_POINT('',(15.265062720711,8.813288070999,
    -9.599252597696));
#3324 = VECTOR('',#3325,1.);
#3325 = DIRECTION('',(0.433012701892,0.25,-0.866025403784));
#3326 = CYLINDRICAL_SURFACE('',#3327,1.666);
#3327 = AXIS2_PLACEMENT_3D('',#3328,#3329,#3330);
#3328 = CARTESIAN_POINT('',(16.514562720711,9.534687232351,
    -8.766252597696));
#3329 = DIRECTION('',(0.433012701892,0.25,-0.866025403784));
#3330 = DIRECTION('',(0.75,0.433012701892,0.5));
#3331 = ADVANCED_FACE('',(#3332),#3398,.F.);
#3332 = FACE_BOUND('',#3333,.F.);
#3333 = EDGE_LOOP('',(#3334,#3364,#3365,#3392));
#3334 = ORIENTED_EDGE('',*,*,#3335,.F.);
#3335 = EDGE_CURVE('',#3264,#3336,#3338,.T.);
#3336 = VERTEX_POINT('',#3337);
#3337 = CARTESIAN_POINT('',(15.040467876284,8.685154604969,
    -9.153602187465));
#3338 = B_SPLINE_CURVE_WITH_KNOTS('',3,(#3339,#3340,#3341,#3342,#3343,
    #3344,#3345,#3346,#3347,#3348,#3349,#3350,#3351,#3352,#3353,#3354,
    #3355,#3356,#3357,#3358,#3359,#3360,#3361,#3362,#3363),
  .UNSPECIFIED.,.F.,.F.,(4,3,3,3,3,3,3,3,4),(-28.97912449241,
    -28.82492399326,-27.83096109694,-26.83699820062,-25.8430353043,
    -24.84907240798,-23.85510951166,-22.86114661534,-22.69593918523),
  .UNSPECIFIED.);
#3339 = CARTESIAN_POINT('',(15.344752576222,8.857820241197,
    -9.759905938584));
#3340 = CARTESIAN_POINT('',(15.384448952094,8.782079848259,
    -9.75530982615));
#3341 = CARTESIAN_POINT('',(15.429142758477,8.709342883016,
    -9.747347983567));
#3342 = CARTESIAN_POINT('',(15.478601784578,8.640629295538,
    -9.735842082007));
#3343 = CARTESIAN_POINT('',(15.797410329978,8.197707535855,
    -9.661676049455));
#3344 = CARTESIAN_POINT('',(16.314212732812,7.921956259584,
    -9.440255126385));
#3345 = CARTESIAN_POINT('',(16.786789927089,7.934544288494,
    -9.157710419862));
#3346 = CARTESIAN_POINT('',(17.259367121365,7.947132317404,
    -8.875165713339));
#3347 = CARTESIAN_POINT('',(17.687719107084,8.248059651495,
    -8.531497223363));
#3348 = CARTESIAN_POINT('',(17.869838812415,8.696321143997,
    -8.268413165571));
#3349 = CARTESIAN_POINT('',(18.051958517747,9.144582636499,
    -8.005329107779));
#3350 = CARTESIAN_POINT('',(17.987845942692,9.740178287414,
    -7.82282948217));
#3351 = CARTESIAN_POINT('',(17.699381958984,10.208138622984,
    -7.789350702723));
#3352 = CARTESIAN_POINT('',(17.410917975276,10.676098958555,
    -7.755871923276));
#3353 = CARTESIAN_POINT('',(16.898102582915,11.016423978782,
    -7.871413989992));
#3354 = CARTESIAN_POINT('',(16.386809304417,11.070197264279,
    -8.068915360368));
#3355 = CARTESIAN_POINT('',(15.875516025919,11.123970549777,
    -8.266416730743));
#3356 = CARTESIAN_POINT('',(15.365744861285,10.891192100546,
    -8.545877404778));
#3357 = CARTESIAN_POINT('',(15.081985342992,10.47349410876,
    -8.765713929479));
#3358 = CARTESIAN_POINT('',(14.798225824699,10.055796116973,
    -8.98555045418));
#3359 = CARTESIAN_POINT('',(14.740477952748,9.453178582632,
    -9.145762829546));
#3360 = CARTESIAN_POINT('',(14.92772903014,8.935412724193,
    -9.158981161278));
#3361 = CARTESIAN_POINT('',(14.958852193185,8.849354414378,
    -9.161178191594));
#3362 = CARTESIAN_POINT('',(14.99674370964,8.765640221269,-9.159314357)
  );
#3363 = CARTESIAN_POINT('',(15.040467876284,8.685154604969,
    -9.153602187465));
#3364 = ORIENTED_EDGE('',*,*,#3321,.T.);
#3365 = ORIENTED_EDGE('',*,*,#3366,.F.);
#3366 = EDGE_CURVE('',#3367,#3292,#3369,.T.);
#3367 = VERTEX_POINT('',#3368);
#3368 = CARTESIAN_POINT('',(15.12673984259,8.734429380099,
    -9.319053657069));
#3369 = B_SPLINE_CURVE_WITH_KNOTS('',3,(#3370,#3371,#3372,#3373,#3374,
    #3375,#3376,#3377,#3378,#3379,#3380,#3381,#3382,#3383,#3384,#3385,
    #3386,#3387,#3388,#3389,#3390,#3391),.UNSPECIFIED.,.F.,.F.,(4,3,3,3,
    3,3,3,4),(26.44256348389,26.836998200626,27.830961096946,
    28.824923993265,29.818886889585,30.812849785904,31.806812682224,
    32.72574879107),.UNSPECIFIED.);
#3370 = CARTESIAN_POINT('',(15.12673984259,8.734429380099,
    -9.319053657069));
#3371 = CARTESIAN_POINT('',(15.02243693585,8.927923951685,
    -9.332261847797));
#3372 = CARTESIAN_POINT('',(14.949453395198,9.139073865122,
    -9.324713697296));
#3373 = CARTESIAN_POINT('',(14.917986062535,9.353366597357,
    -9.295500189161));
#3374 = CARTESIAN_POINT('',(14.838689388623,9.893377442637,
    -9.221883081118));
#3375 = CARTESIAN_POINT('',(15.023030563239,10.453345938828,
    -9.010685771248));
#3376 = CARTESIAN_POINT('',(15.394469484173,10.782890293343,
    -8.772457308331));
#3377 = CARTESIAN_POINT('',(15.765908405106,11.112434647859,
    -8.534228845414));
#3378 = CARTESIAN_POINT('',(16.324445072358,11.2115548607,-8.26896922945
    ));
#3379 = CARTESIAN_POINT('',(16.82341981351,11.039383453048,
    -8.111805721596));
#3380 = CARTESIAN_POINT('',(17.322394554662,10.867212045396,
    -7.954642213742));
#3381 = CARTESIAN_POINT('',(17.761807369714,10.423749017251,
    -7.905574813999));
#3382 = CARTESIAN_POINT('',(17.949155568243,9.914800164964,
    -8.001443851615));
#3383 = CARTESIAN_POINT('',(18.136503766772,9.405851312676,
    -8.097312889231));
#3384 = CARTESIAN_POINT('',(18.071787348778,8.831416636246,
    -8.338118364207));
#3385 = CARTESIAN_POINT('',(17.791694648462,8.456845248025,
    -8.62891641872));
#3386 = CARTESIAN_POINT('',(17.511601948146,8.082273859804,
    -8.919714473233));
#3387 = CARTESIAN_POINT('',(17.016132965507,7.907565759793,
    -9.260505107282));
#3388 = CARTESIAN_POINT('',(16.537808006629,8.016343357055,
    -9.510888457636));
#3389 = CARTESIAN_POINT('',(16.095588203352,8.116910151176,
    -9.74237225099));
#3390 = CARTESIAN_POINT('',(15.668021956749,8.459781423488,
    -9.896581988152));
#3391 = CARTESIAN_POINT('',(15.426532264002,8.907350352523,
    -9.92752983824));
#3392 = ORIENTED_EDGE('',*,*,#3393,.F.);
#3393 = EDGE_CURVE('',#3336,#3367,#3394,.T.);
#3394 = LINE('',#3395,#3396);
#3395 = CARTESIAN_POINT('',(15.265062720711,8.813288070999,
    -9.599252597696));
#3396 = VECTOR('',#3397,1.);
#3397 = DIRECTION('',(0.433012701892,0.25,-0.866025403784));
#3398 = CYLINDRICAL_SURFACE('',#3399,1.666);
#3399 = AXIS2_PLACEMENT_3D('',#3400,#3401,#3402);
#3400 = CARTESIAN_POINT('',(16.514562720711,9.534687232351,
    -8.766252597696));
#3401 = DIRECTION('',(0.433012701892,0.25,-0.866025403784));
#3402 = DIRECTION('',(0.75,0.433012701892,0.5));
#3403 = ADVANCED_FACE('',(#3404),#3467,.F.);
#3404 = FACE_BOUND('',#3405,.F.);
#3405 = EDGE_LOOP('',(#3406,#3433,#3434,#3461));
#3406 = ORIENTED_EDGE('',*,*,#3407,.F.);
#3407 = EDGE_CURVE('',#3336,#3408,#3410,.T.);
#3408 = VERTEX_POINT('',#3409);
#3409 = CARTESIAN_POINT('',(14.740797088404,8.510731690586,
    -8.545498762826));
#3410 = B_SPLINE_CURVE_WITH_KNOTS('',3,(#3411,#3412,#3413,#3414,#3415,
    #3416,#3417,#3418,#3419,#3420,#3421,#3422,#3423,#3424,#3425,#3426,
    #3427,#3428,#3429,#3430,#3431,#3432),.UNSPECIFIED.,.F.,.F.,(4,3,3,3,
    3,3,3,4),(-22.69593918523,-21.86718371902,-20.8732208227,
    -19.87925792639,-18.88529503007,-17.89133213375,-16.89736923743,
    -16.41275387805),.UNSPECIFIED.);
#3411 = CARTESIAN_POINT('',(15.040467876284,8.685154604969,
    -9.153602187465));
#3412 = CARTESIAN_POINT('',(15.259808144976,8.281402216759,
    -9.124947352014));
#3413 = CARTESIAN_POINT('',(15.625925949148,7.958896351415,-8.9994498979
    ));
#3414 = CARTESIAN_POINT('',(16.020699880931,7.829289582569,
    -8.803939207335));
#3415 = CARTESIAN_POINT('',(16.494169627594,7.673846481923,
    -8.56945463356));
#3416 = CARTESIAN_POINT('',(17.008859094181,7.795874463166,
    -8.234261197912));
#3417 = CARTESIAN_POINT('',(17.323509815308,8.135700946607,
    -7.936214123057));
#3418 = CARTESIAN_POINT('',(17.638160536435,8.475527430048,
    -7.638167048203));
#3419 = CARTESIAN_POINT('',(17.752772512101,9.033152415685,
    -7.377266334143));
#3420 = CARTESIAN_POINT('',(17.607973511101,9.550868944492,
    -7.257591687563));
#3421 = CARTESIAN_POINT('',(17.463174510101,10.068585473299,
    -7.137917040983));
#3422 = CARTESIAN_POINT('',(17.058964532436,10.546393545275,
    -7.159468461883));
#3423 = CARTESIAN_POINT('',(16.571842095903,10.7628731515,-7.29791514224
    ));
#3424 = CARTESIAN_POINT('',(16.08471965937,10.979352757725,
    -7.436361822598));
#3425 = CARTESIAN_POINT('',(15.51468476397,10.934503898198,
    -7.691703762414));
#3426 = CARTESIAN_POINT('',(15.113624481096,10.644520821111,
    -7.933322549214));
#3427 = CARTESIAN_POINT('',(14.712564198222,10.354537744023,
    -8.174941336015));
#3428 = CARTESIAN_POINT('',(14.480478527874,9.819420449374,
    -8.402836969801));
#3429 = CARTESIAN_POINT('',(14.515613557619,9.278252649703,
    -8.498868883892));
#3430 = CARTESIAN_POINT('',(14.532743950645,9.014401525386,
    -8.545690088921));
#3431 = CARTESIAN_POINT('',(14.613396334494,8.749112113824,
    -8.561165496302));
#3432 = CARTESIAN_POINT('',(14.740797088404,8.510731690586,
    -8.545498762826));
#3433 = ORIENTED_EDGE('',*,*,#3393,.T.);
#3434 = ORIENTED_EDGE('',*,*,#3435,.F.);
#3435 = EDGE_CURVE('',#3436,#3367,#3438,.T.);
#3436 = VERTEX_POINT('',#3437);
#3437 = CARTESIAN_POINT('',(14.823710193033,8.556801273995,
    -8.71355492242));
#3438 = B_SPLINE_CURVE_WITH_KNOTS('',3,(#3439,#3440,#3441,#3442,#3443,
    #3444,#3445,#3446,#3447,#3448,#3449,#3450,#3451,#3452,#3453,#3454,
    #3455,#3456,#3457,#3458,#3459,#3460),.UNSPECIFIED.,.F.,.F.,(4,3,3,3,
    3,3,3,4),(20.159378176711,20.873220822709,21.867183719029,
    22.861146615348,23.855109511668,24.849072407987,25.843035304307,
    26.44256348389),.UNSPECIFIED.);
#3439 = CARTESIAN_POINT('',(14.823710193033,8.556801273995,
    -8.71355492242));
#3440 = CARTESIAN_POINT('',(14.639308843464,8.908505385326,
    -8.734837749335));
#3441 = CARTESIAN_POINT('',(14.557963012075,9.322199928034,
    -8.68669772104));
#3442 = CARTESIAN_POINT('',(14.614088500438,9.699041535476,
    -8.580460558916));
#3443 = CARTESIAN_POINT('',(14.69223829057,10.223760221992,
    -8.432534684841));
#3444 = CARTESIAN_POINT('',(15.036918920843,10.677028050136,
    -8.171969476852));
#3445 = CARTESIAN_POINT('',(15.498695562,10.856972286365,-7.931757988105
    ));
#3446 = CARTESIAN_POINT('',(15.960472203156,11.036916522595,
    -7.691546499359));
#3447 = CARTESIAN_POINT('',(16.539344855196,10.94353716691,
    -7.471688729854));
#3448 = CARTESIAN_POINT('',(16.979408545987,10.623482343344,
    -7.386671012174));
#3449 = CARTESIAN_POINT('',(17.419472236777,10.303427519778,
    -7.301653294494));
#3450 = CARTESIAN_POINT('',(17.720726966319,9.756697228331,
    -7.351475628639));
#3451 = CARTESIAN_POINT('',(17.753480513101,9.236045405118,
    -7.528020348836));
#3452 = CARTESIAN_POINT('',(17.786234059883,8.715393581904,
    -7.704565069033));
#3453 = CARTESIAN_POINT('',(17.550486423905,8.220820226924,
    -8.007832175282));
#3454 = CARTESIAN_POINT('',(17.160681438149,7.981367297999,
    -8.314481033091));
#3455 = CARTESIAN_POINT('',(16.770876452394,7.741914369075,-8.6211298909
    ));
#3456 = CARTESIAN_POINT('',(16.227014116861,7.757581866206,
    -8.931160500268));
#3457 = CARTESIAN_POINT('',(15.783615687874,8.025442211957,
    -9.118157351844));
#3458 = CARTESIAN_POINT('',(15.516171245084,8.187007423359,
    -9.230948163682));
#3459 = CARTESIAN_POINT('',(15.28527693162,8.440323807389,-9.29897762875
    ));
#3460 = CARTESIAN_POINT('',(15.12673984259,8.734429380099,
    -9.319053657069));
#3461 = ORIENTED_EDGE('',*,*,#3462,.F.);
#3462 = EDGE_CURVE('',#3408,#3436,#3463,.T.);
#3463 = LINE('',#3464,#3465);
#3464 = CARTESIAN_POINT('',(15.265062720711,8.813288070999,
    -9.599252597696));
#3465 = VECTOR('',#3466,1.);
#3466 = DIRECTION('',(0.433012701892,0.25,-0.866025403784));
#3467 = CYLINDRICAL_SURFACE('',#3468,1.666);
#3468 = AXIS2_PLACEMENT_3D('',#3469,#3470,#3471);
#3469 = CARTESIAN_POINT('',(16.514562720711,9.534687232351,
    -8.766252597696));
#3470 = DIRECTION('',(0.433012701892,0.25,-0.866025403784));
#3471 = DIRECTION('',(0.75,0.433012701892,0.5));
#3472 = ADVANCED_FACE('',(#3473),#3539,.F.);
#3473 = FACE_BOUND('',#3474,.F.);
#3474 = EDGE_LOOP('',(#3475,#3502,#3503,#3533));
#3475 = ORIENTED_EDGE('',*,*,#3476,.F.);
#3476 = EDGE_CURVE('',#3408,#3477,#3479,.T.);
#3477 = VERTEX_POINT('',#3478);
#3478 = CARTESIAN_POINT('',(14.435926869284,8.332942906187,
    -7.940966696786));
#3479 = B_SPLINE_CURVE_WITH_KNOTS('',3,(#3480,#3481,#3482,#3483,#3484,
    #3485,#3486,#3487,#3488,#3489,#3490,#3491,#3492,#3493,#3494,#3495,
    #3496,#3497,#3498,#3499,#3500,#3501),.UNSPECIFIED.,.F.,.F.,(4,3,3,3,
    3,3,3,4),(-16.41275387805,-15.90340634111,-14.90944344479,
    -13.91548054847,-12.92151765215,-11.92755475583,-10.93359185951,
    -10.12956857087),.UNSPECIFIED.);
#3480 = CARTESIAN_POINT('',(14.740797088404,8.510731690586,
    -8.545498762826));
#3481 = CARTESIAN_POINT('',(14.874699695807,8.260185604744,
    -8.529032483016));
#3482 = CARTESIAN_POINT('',(15.060244004936,8.039365174513,
    -8.478164294709));
#3483 = CARTESIAN_POINT('',(15.277954995121,7.881183018188,
    -8.393130653723));
#3484 = CARTESIAN_POINT('',(15.70280567304,7.57249949104,-8.227192315065
    ));
#3485 = CARTESIAN_POINT('',(16.25015129904,7.50235074144,-7.931147443353
    ));
#3486 = CARTESIAN_POINT('',(16.663887107194,7.698432870885,
    -7.625053245722));
#3487 = CARTESIAN_POINT('',(17.077622915348,7.89451500033,
    -7.318959048091));
#3488 = CARTESIAN_POINT('',(17.357748905657,8.356828008821,
    -7.002815524541));
#3489 = CARTESIAN_POINT('',(17.369645447328,8.870996679268,
    -6.805817285115));
#3490 = CARTESIAN_POINT('',(17.381541988998,9.385165349716,
    -6.608819045689));
#3491 = CARTESIAN_POINT('',(17.125209082031,9.951189682121,
    -6.530966090387));
#3492 = CARTESIAN_POINT('',(16.709916596625,10.307543552137,
    -6.593119573255));
#3493 = CARTESIAN_POINT('',(16.294624111219,10.663897422154,
    -6.655273056123));
#3494 = CARTESIAN_POINT('',(15.720372047374,10.810580829782,
    -6.857432977161));
#3495 = CARTESIAN_POINT('',(15.240964053744,10.676713309855,
    -7.093158939864));
#3496 = CARTESIAN_POINT('',(14.761556060115,10.542845789927,
    -7.328884902567));
#3497 = CARTESIAN_POINT('',(14.3769921367,10.128427342444,
    -7.598176906935));
#3498 = CARTESIAN_POINT('',(14.254840481246,9.617666454939,
    -7.764074444164));
#3499 = CARTESIAN_POINT('',(14.156031183539,9.204508529223,
    -7.898270080595));
#3500 = CARTESIAN_POINT('',(14.228926136114,8.728310843351,
    -7.964811603133));
#3501 = CARTESIAN_POINT('',(14.435926869284,8.332942906187,
    -7.940966696786));
#3502 = ORIENTED_EDGE('',*,*,#3462,.T.);
#3503 = ORIENTED_EDGE('',*,*,#3504,.F.);
#3504 = EDGE_CURVE('',#3505,#3436,#3507,.T.);
#3505 = VERTEX_POINT('',#3506);
#3506 = CARTESIAN_POINT('',(14.517160675816,8.381941635987,-8.1090169337
    ));
#3507 = B_SPLINE_CURVE_WITH_KNOTS('',3,(#3508,#3509,#3510,#3511,#3512,
    #3513,#3514,#3515,#3516,#3517,#3518,#3519,#3520,#3521,#3522,#3523,
    #3524,#3525,#3526,#3527,#3528,#3529,#3530,#3531,#3532),
  .UNSPECIFIED.,.F.,.F.,(4,3,3,3,3,3,3,3,4),(13.876192869531,
    13.915480548473,14.909443444792,15.903406341112,16.897369237431,
    17.891332133751,18.88529503007,19.87925792639,20.159378176711),
  .UNSPECIFIED.);
#3508 = CARTESIAN_POINT('',(14.517160675816,8.381941635987,-8.1090169337
    ));
#3509 = CARTESIAN_POINT('',(14.506878146107,8.401089743634,
    -8.110315316318));
#3510 = CARTESIAN_POINT('',(14.496940038226,8.420433763635,
    -8.111384932997));
#3511 = CARTESIAN_POINT('',(14.487360040542,8.439963419392,
    -8.112221906151));
#3512 = CARTESIAN_POINT('',(14.244989849673,8.934056064294,
    -8.133396999261));
#3513 = CARTESIAN_POINT('',(14.23183532123,9.54696862327,-8.00566390647)
  );
#3514 = CARTESIAN_POINT('',(14.461143043021,10.004249634721,
    -7.801626646491));
#3515 = CARTESIAN_POINT('',(14.690450764811,10.461530646171,
    -7.597589386512));
#3516 = CARTESIAN_POINT('',(15.162220736837,10.763180110098,
    -7.317247959345));
#3517 = CARTESIAN_POINT('',(15.669239963756,10.776255094581,
    -7.102586181424));
#3518 = CARTESIAN_POINT('',(16.176259190675,10.789330079065,
    -6.887924403504));
#3519 = CARTESIAN_POINT('',(16.718527672487,10.513830584105,
    -6.738942274831));
#3520 = CARTESIAN_POINT('',(17.056781625449,10.079201602387,
    -6.737904136591));
#3521 = CARTESIAN_POINT('',(17.395035578411,9.644572620669,
    -6.736865998351));
#3522 = CARTESIAN_POINT('',(17.529275002524,9.050814152192,
    -6.883771850544));
#3523 = CARTESIAN_POINT('',(17.405737469197,8.572060415914,
    -7.126367174909));
#3524 = CARTESIAN_POINT('',(17.282199935871,8.093306679637,
    -7.368962499275));
#3525 = CARTESIAN_POINT('',(16.900885445107,7.729557675559,
    -7.707247295813));
#3526 = CARTESIAN_POINT('',(16.442416509056,7.650379021471,
    -8.001960930909));
#3527 = CARTESIAN_POINT('',(15.983947573005,7.571200367383,
    -8.296674566005));
#3528 = CARTESIAN_POINT('',(15.448324191667,7.776592063284,
    -8.54781703966));
#3529 = CARTESIAN_POINT('',(15.086321975993,8.177372683679,
    -8.655745006406));
#3530 = CARTESIAN_POINT('',(14.98430191906,8.290321334101,
    -8.686161442647));
#3531 = CARTESIAN_POINT('',(14.896071451484,8.418788444056,
    -8.705203290815));
#3532 = CARTESIAN_POINT('',(14.823710193033,8.556801273995,
    -8.71355492242));
#3533 = ORIENTED_EDGE('',*,*,#3534,.F.);
#3534 = EDGE_CURVE('',#3477,#3505,#3535,.T.);
#3535 = LINE('',#3536,#3537);
#3536 = CARTESIAN_POINT('',(15.265062720711,8.813288070999,
    -9.599252597696));
#3537 = VECTOR('',#3538,1.);
#3538 = DIRECTION('',(0.433012701892,0.25,-0.866025403784));
#3539 = CYLINDRICAL_SURFACE('',#3540,1.666);
#3540 = AXIS2_PLACEMENT_3D('',#3541,#3542,#3543);
#3541 = CARTESIAN_POINT('',(16.514562720711,9.534687232351,
    -8.766252597696));
#3542 = DIRECTION('',(0.433012701892,0.25,-0.866025403784));
#3543 = DIRECTION('',(0.75,0.433012701892,0.5));
#3544 = ADVANCED_FACE('',(#3545),#3606,.F.);
#3545 = FACE_BOUND('',#3546,.F.);
#3546 = EDGE_LOOP('',(#3547,#3573,#3582,#3600));
#3547 = ORIENTED_EDGE('',*,*,#3548,.F.);
#3548 = EDGE_CURVE('',#3549,#3551,#3553,.T.);
#3549 = VERTEX_POINT('',#3550);
#3550 = CARTESIAN_POINT('',(13.702430213978,9.159477570752,
    -6.766012786934));
#3551 = VERTEX_POINT('',#3552);
#3552 = CARTESIAN_POINT('',(14.217023652346,8.209479911803,
    -7.500580480011));
#3553 = B_SPLINE_CURVE_WITH_KNOTS('',3,(#3554,#3555,#3556,#3557,#3558,
    #3559,#3560,#3561,#3562,#3563,#3564,#3565,#3566,#3567,#3568,#3569,
    #3570,#3571,#3572),.UNSPECIFIED.,.F.,.F.,(4,3,3,3,3,3,4),(
    2.014612865274,2.981888688958,3.975851585278,4.969814481597,
    5.963777377917,6.957740274236,7.593007562352),.UNSPECIFIED.);
#3554 = CARTESIAN_POINT('',(13.702427302293,9.159478116103,
    -6.766014085347));
#3555 = CARTESIAN_POINT('',(13.775012028926,9.671145066683,
    -6.62349408265));
#3556 = CARTESIAN_POINT('',(14.098104918005,10.118943923602,
    -6.374157129263));
#3557 = CARTESIAN_POINT('',(14.539825591749,10.31140352203,
    -6.139216378356));
#3558 = CARTESIAN_POINT('',(14.993733308131,10.509173067379,
    -5.897793628487));
#3559 = CARTESIAN_POINT('',(15.572904973794,10.437319404176,
    -5.671572419997));
#3560 = CARTESIAN_POINT('',(16.021776857996,10.13244348459,
    -5.577768833462));
#3561 = CARTESIAN_POINT('',(16.470648742197,9.827567565003,
    -5.483965246927));
#3562 = CARTESIAN_POINT('',(16.789220844937,9.289669389033,
    -5.522579282348));
#3563 = CARTESIAN_POINT('',(16.839685330918,8.767619777668,
    -5.690672039628));
#3564 = CARTESIAN_POINT('',(16.8901498169,8.245570166304,-5.858764796908
    ));
#3565 = CARTESIAN_POINT('',(16.672506686122,7.739369119544,
    -6.156336276048));
#3566 = CARTESIAN_POINT('',(16.293092786054,7.48327745068,
    -6.462592781504));
#3567 = CARTESIAN_POINT('',(15.913678885986,7.227185781815,
    -6.768849286961));
#3568 = CARTESIAN_POINT('',(15.372494216628,7.221203490846,
    -7.083790818736));
#3569 = CARTESIAN_POINT('',(14.92277947292,7.472280005431,
    -7.278790902393));
#3570 = CARTESIAN_POINT('',(14.635355197106,7.632749472773,
    -7.403420478392));
#3571 = CARTESIAN_POINT('',(14.385294715013,7.898222766418,
    -7.479056163839));
#3572 = CARTESIAN_POINT('',(14.217023652346,8.209479911803,
    -7.500580480011));
#3573 = ORIENTED_EDGE('',*,*,#3574,.T.);
#3574 = EDGE_CURVE('',#3549,#3575,#3577,.T.);
#3575 = VERTEX_POINT('',#3576);
#3576 = CARTESIAN_POINT('',(15.608704142692,10.258025556264,
    -5.495752335001));
#3577 = CIRCLE('',#3578,1.666);
#3578 = AXIS2_PLACEMENT_3D('',#3579,#3580,#3581);
#3579 = CARTESIAN_POINT('',(15.196580309326,8.773749732351,
    -6.130287774927));
#3580 = DIRECTION('',(0.433012701892,0.25,-0.866025403784));
#3581 = DIRECTION('',(0.75,0.433012701892,0.5));
#3582 = ORIENTED_EDGE('',*,*,#3583,.F.);
#3583 = EDGE_CURVE('',#3584,#3575,#3586,.T.);
#3584 = VERTEX_POINT('',#3585);
#3585 = CARTESIAN_POINT('',(14.130853984033,8.159720125039,
    -7.335217872209));
#3586 = B_SPLINE_CURVE_WITH_KNOTS('',3,(#3587,#3588,#3589,#3590,#3591,
    #3592,#3593,#3594,#3595,#3596,#3597,#3598,#3599),.UNSPECIFIED.,.F.,
  .F.,(4,3,3,3,4),(-3.846383263692,-2.981888688958,-1.987925792639,
    -0.993962896319,0.),.UNSPECIFIED.);
#3587 = CARTESIAN_POINT('',(14.130853984033,8.159720125039,
    -7.335217872209));
#3588 = CARTESIAN_POINT('',(14.359079274436,7.738819146583,
    -7.305538363915));
#3589 = CARTESIAN_POINT('',(14.748868871442,7.407890196844,
    -7.169104014821));
#3590 = CARTESIAN_POINT('',(15.162824513394,7.288557462285,
    -6.959504077356));
#3591 = CARTESIAN_POINT('',(15.63877492517,7.151353234595,
    -6.718514061919));
#3592 = CARTESIAN_POINT('',(16.146671696876,7.29386912102,
    -6.380802624925));
#3593 = CARTESIAN_POINT('',(16.447775067481,7.648107517347,
    -6.08536886444));
#3594 = CARTESIAN_POINT('',(16.748878438086,8.002345913674,
    -5.789935103955));
#3595 = CARTESIAN_POINT('',(16.843188407588,8.568306819903,
    -5.536779019978));
#3596 = CARTESIAN_POINT('',(16.681752047418,9.082212215673,
    -5.426523232325));
#3597 = CARTESIAN_POINT('',(16.520315687249,9.596117611444,
    -5.316267444671));
#3598 = CARTESIAN_POINT('',(16.103132997408,10.057967496755,
    -5.348911953342));
#3599 = CARTESIAN_POINT('',(15.608704142692,10.258025556264,
    -5.495752335001));
#3600 = ORIENTED_EDGE('',*,*,#3601,.T.);
#3601 = EDGE_CURVE('',#3584,#3551,#3602,.T.);
#3602 = LINE('',#3603,#3604);
#3603 = CARTESIAN_POINT('',(15.265062720711,8.813288070999,
    -9.599252597696));
#3604 = VECTOR('',#3605,1.);
#3605 = DIRECTION('',(0.433012701892,0.25,-0.866025403784));
#3606 = CYLINDRICAL_SURFACE('',#3607,1.666);
#3607 = AXIS2_PLACEMENT_3D('',#3608,#3609,#3610);
#3608 = CARTESIAN_POINT('',(16.514562720711,9.534687232351,
    -8.766252597696));
#3609 = DIRECTION('',(0.433012701892,0.25,-0.866025403784));
#3610 = DIRECTION('',(0.876542513758,0.10723414396,0.46922708782));
#3611 = ADVANCED_FACE('',(#3612),#3640,.F.);
#3612 = FACE_BOUND('',#3613,.F.);
#3613 = EDGE_LOOP('',(#3614,#3625,#3634));
#3614 = ORIENTED_EDGE('',*,*,#3615,.F.);
#3615 = EDGE_CURVE('',#3616,#3618,#3620,.T.);
#3616 = VERTEX_POINT('',#3617);
#3617 = CARTESIAN_POINT('',(-17.1737664185,8.941834835507,
    -12.12241225794));
#3618 = VERTEX_POINT('',#3619);
#3619 = CARTESIAN_POINT('',(-16.55901606478,9.560893752006,
    -12.1829758614));
#3620 = B_SPLINE_CURVE_WITH_KNOTS('',3,(#3621,#3622,#3623,#3624),
  .UNSPECIFIED.,.F.,.F.,(4,4),(-54.64127222493,-54.11186572112),
  .PIECEWISE_BEZIER_KNOTS.);
#3621 = CARTESIAN_POINT('',(-17.17376532278,8.941832119545,
    -12.12241358983));
#3622 = CARTESIAN_POINT('',(-16.92823922031,9.092141385247,
    -12.17908454111));
#3623 = CARTESIAN_POINT('',(-16.7155866186,9.310550266972,
    -12.19966007618));
#3624 = CARTESIAN_POINT('',(-16.55901606478,9.560893752006,
    -12.1829758614));
#3625 = ORIENTED_EDGE('',*,*,#3626,.T.);
#3626 = EDGE_CURVE('',#3616,#3627,#3629,.T.);
#3627 = VERTEX_POINT('',#3628);
#3628 = CARTESIAN_POINT('',(-16.58304513209,9.574225570999,
    -12.23521742046));
#3629 = CIRCLE('',#3630,1.666);
#3630 = AXIS2_PLACEMENT_3D('',#3631,#3632,#3633);
#3631 = CARTESIAN_POINT('',(-17.83254513209,10.295624732351,
    -11.40221742046));
#3632 = DIRECTION('',(0.433012701892,-0.25,0.866025403784));
#3633 = DIRECTION('',(-0.75,0.433012701892,0.5));
#3634 = ORIENTED_EDGE('',*,*,#3635,.F.);
#3635 = EDGE_CURVE('',#3618,#3627,#3636,.T.);
#3636 = LINE('',#3637,#3638);
#3637 = CARTESIAN_POINT('',(-15.26506272071,8.813288070999,
    -9.599252597696));
#3638 = VECTOR('',#3639,1.);
#3639 = DIRECTION('',(-0.433012701892,0.25,-0.866025403784));
#3640 = CYLINDRICAL_SURFACE('',#3641,1.666);
#3641 = AXIS2_PLACEMENT_3D('',#3642,#3643,#3644);
#3642 = CARTESIAN_POINT('',(-16.51456272071,9.534687232351,
    -8.766252597696));
#3643 = DIRECTION('',(-0.433012701892,0.25,-0.866025403784));
#3644 = DIRECTION('',(0.593122097389,-0.644443491138,-0.482595860238));
#3645 = ADVANCED_FACE('',(#3646),#3715,.F.);
#3646 = FACE_BOUND('',#3647,.F.);
#3647 = EDGE_LOOP('',(#3648,#3675,#3676,#3685,#3709));
#3648 = ORIENTED_EDGE('',*,*,#3649,.F.);
#3649 = EDGE_CURVE('',#3618,#3650,#3652,.T.);
#3650 = VERTEX_POINT('',#3651);
#3651 = CARTESIAN_POINT('',(-16.25251875347,9.38462765466,
    -11.57881777956));
#3652 = B_SPLINE_CURVE_WITH_KNOTS('',3,(#3653,#3654,#3655,#3656,#3657,
    #3658,#3659,#3660,#3661,#3662,#3663,#3664,#3665,#3666,#3667,#3668,
    #3669,#3670,#3671,#3672,#3673,#3674),.UNSPECIFIED.,.F.,.F.,(4,3,3,3,
    3,3,3,4),(-54.11186572112,-53.67399640125,-52.68003350493,
    -51.68607060861,-50.69210771229,-49.69814481597,-48.70418191965,
    -47.82868041394),.UNSPECIFIED.);
#3653 = CARTESIAN_POINT('',(-16.55901606478,9.560893752006,
    -12.1829758614));
#3654 = CARTESIAN_POINT('',(-16.42951738764,9.767951524698,
    -12.16917643558));
#3655 = CARTESIAN_POINT('',(-16.3383836354,9.996855301663,
    -12.12988814908));
#3656 = CARTESIAN_POINT('',(-16.29874628836,10.227142787269,
    -12.0644522177));
#3657 = CARTESIAN_POINT('',(-16.20876955222,10.749895137772,
    -11.91591272219));
#3658 = CARTESIAN_POINT('',(-16.38414839696,11.279777593931,
    -11.63263715202));
#3659 = CARTESIAN_POINT('',(-16.7382177644,11.572066376243,
    -11.32860370628));
#3660 = CARTESIAN_POINT('',(-17.09228713184,11.864355158555,
    -11.02457026054));
#3661 = CARTESIAN_POINT('',(-17.62504702198,11.919050267019,
    -10.69977893923));
#3662 = CARTESIAN_POINT('',(-18.08685448014,11.706901705982,
    -10.48749496612));
#3663 = CARTESIAN_POINT('',(-18.54866193829,11.494753144945,
    -10.27521099301));
#3664 = CARTESIAN_POINT('',(-18.93951696447,11.015760914406,
    -10.17543436809));
#3665 = CARTESIAN_POINT('',(-19.07454595242,10.483589163263,
    -10.21892236756));
#3666 = CARTESIAN_POINT('',(-19.20957494037,9.95141741212,
    -10.26241036703));
#3667 = CARTESIAN_POINT('',(-19.08877789009,9.366066140373,
    -10.44916299088));
#3668 = CARTESIAN_POINT('',(-18.75976191116,8.989407609673,
    -10.67978067395));
#3669 = CARTESIAN_POINT('',(-18.43074593222,8.612749078974,
    -10.91039835702));
#3670 = CARTESIAN_POINT('',(-17.89351102462,8.444783289321,
    -11.18488109931));
#3671 = CARTESIAN_POINT('',(-17.38505501453,8.557701967325,
    -11.36389003134));
#3672 = CARTESIAN_POINT('',(-16.93719724834,8.657162895878,
    -11.52156451809));
#3673 = CARTESIAN_POINT('',(-16.51166736791,8.974545873143,
    -11.60516638522));
#3674 = CARTESIAN_POINT('',(-16.25251875347,9.38462765466,
    -11.57881777956));
#3675 = ORIENTED_EDGE('',*,*,#3635,.T.);
#3676 = ORIENTED_EDGE('',*,*,#3677,.T.);
#3677 = EDGE_CURVE('',#3627,#3678,#3680,.T.);
#3678 = VERTEX_POINT('',#3679);
#3679 = CARTESIAN_POINT('',(-16.60564210092,11.3820742663,-11.7020379706
    ));
#3680 = CIRCLE('',#3681,1.666);
#3681 = AXIS2_PLACEMENT_3D('',#3682,#3683,#3684);
#3682 = CARTESIAN_POINT('',(-17.83254513209,10.295624732351,
    -11.40221742046));
#3683 = DIRECTION('',(0.433012701892,-0.25,0.866025403784));
#3684 = DIRECTION('',(-0.75,0.433012701892,0.5));
#3685 = ORIENTED_EDGE('',*,*,#3686,.F.);
#3686 = EDGE_CURVE('',#3687,#3678,#3689,.T.);
#3687 = VERTEX_POINT('',#3688);
#3688 = CARTESIAN_POINT('',(-16.33699057306,9.431016321396,
    -11.74600247025));
#3689 = B_SPLINE_CURVE_WITH_KNOTS('',3,(#3690,#3691,#3692,#3693,#3694,
    #3695,#3696,#3697,#3698,#3699,#3700,#3701,#3702,#3703,#3704,#3705,
    #3706,#3707,#3708),.UNSPECIFIED.,.F.,.F.,(4,3,3,3,3,3,4),(
    51.575304712609,51.686070608614,52.680033504933,53.673996401253,
    54.667959297572,55.661922193892,56.655885090211),.UNSPECIFIED.);
#3690 = CARTESIAN_POINT('',(-16.33699057306,9.431016321396,
    -11.74600247025));
#3691 = CARTESIAN_POINT('',(-16.36910053542,9.378754097519,
    -11.74978406107));
#3692 = CARTESIAN_POINT('',(-16.40383705096,9.328059580291,
    -11.75179981737));
#3693 = CARTESIAN_POINT('',(-16.44112928835,9.279312482466,
    -11.75197554118));
#3694 = CARTESIAN_POINT('',(-16.77577290728,8.841878143112,
    -11.75355240696));
#3695 = CARTESIAN_POINT('',(-17.31621483617,8.561258842084,
    -11.60696151545));
#3696 = CARTESIAN_POINT('',(-17.82377061066,8.569189086427,
    -11.39351662229));
#3697 = CARTESIAN_POINT('',(-18.33132638516,8.577119330769,
    -11.18007172914));
#3698 = CARTESIAN_POINT('',(-18.80599600525,8.873599120483,
    -10.89977283433));
#3699 = CARTESIAN_POINT('',(-19.03974257661,9.32810981444,
    -10.69431587135));
#3700 = CARTESIAN_POINT('',(-19.27348914797,9.782620508398,
    -10.48885890836));
#3701 = CARTESIAN_POINT('',(-19.2663126706,10.395162106601,
    -10.35824387719));
#3702 = CARTESIAN_POINT('',(-19.02774539073,10.891313174396,
    -10.37692329929));
#3703 = CARTESIAN_POINT('',(-18.78917811086,11.387464242192,
    -10.39560272139));
#3704 = CARTESIAN_POINT('',(-18.3192200285,11.76722477958,
    -10.56357659677));
#3705 = CARTESIAN_POINT('',(-17.84106602285,11.862333365439,
    -10.81782037422));
#3706 = CARTESIAN_POINT('',(-17.3629120172,11.957441951297,
    -11.07206415167));
#3707 = CARTESIAN_POINT('',(-16.87656208826,11.767898585624,
    -11.41257783118));
#3708 = CARTESIAN_POINT('',(-16.60564210092,11.3820742663,-11.7020379706
    ));
#3709 = ORIENTED_EDGE('',*,*,#3710,.F.);
#3710 = EDGE_CURVE('',#3650,#3687,#3711,.T.);
#3711 = LINE('',#3712,#3713);
#3712 = CARTESIAN_POINT('',(-15.26506272071,8.813288070999,
    -9.599252597696));
#3713 = VECTOR('',#3714,1.);
#3714 = DIRECTION('',(-0.433012701892,0.25,-0.866025403784));
#3715 = CYLINDRICAL_SURFACE('',#3716,1.666);
#3716 = AXIS2_PLACEMENT_3D('',#3717,#3718,#3719);
#3717 = CARTESIAN_POINT('',(-16.51456272071,9.534687232351,
    -8.766252597696));
#3718 = DIRECTION('',(-0.433012701892,0.25,-0.866025403784));
#3719 = DIRECTION('',(-0.75,0.433012701892,0.5));
#3720 = ADVANCED_FACE('',(#3721),#3787,.F.);
#3721 = FACE_BOUND('',#3722,.F.);
#3722 = EDGE_LOOP('',(#3723,#3753,#3754,#3781));
#3723 = ORIENTED_EDGE('',*,*,#3724,.F.);
#3724 = EDGE_CURVE('',#3650,#3725,#3727,.T.);
#3725 = VERTEX_POINT('',#3726);
#3726 = CARTESIAN_POINT('',(-15.95162154022,9.207998384126,
    -10.97196448777));
#3727 = B_SPLINE_CURVE_WITH_KNOTS('',3,(#3728,#3729,#3730,#3731,#3732,
    #3733,#3734,#3735,#3736,#3737,#3738,#3739,#3740,#3741,#3742,#3743,
    #3744,#3745,#3746,#3747,#3748,#3749,#3750,#3751,#3752),
  .UNSPECIFIED.,.F.,.F.,(4,3,3,3,3,3,3,3,4),(-47.82868041394,
    -47.71021902333,-46.71625612701,-45.72229323069,-44.72833033437,
    -43.73436743805,-42.74040454173,-41.74644164541,-41.54549510677),
  .UNSPECIFIED.);
#3728 = CARTESIAN_POINT('',(-16.25251875347,9.38462765466,
    -11.57881777956));
#3729 = CARTESIAN_POINT('',(-16.21745415901,9.440114547358,
    -11.57525263154));
#3730 = CARTESIAN_POINT('',(-16.18543566544,9.497298565679,
    -11.5696745151));
#3731 = CARTESIAN_POINT('',(-16.15682012073,9.555869507518,
    -11.56199455389));
#3732 = CARTESIAN_POINT('',(-15.91671834961,10.047315224047,
    -11.49755502264));
#3733 = CARTESIAN_POINT('',(-15.91619191995,10.636403511443,
    -11.28514083838));
#3734 = CARTESIAN_POINT('',(-16.1482195688,11.051129886833,
    -11.00678356327));
#3735 = CARTESIAN_POINT('',(-16.38024721765,11.465856262222,
    -10.72842628817));
#3736 = CARTESIAN_POINT('',(-16.84482894502,11.706220725605,
    -10.38412592222));
#3737 = CARTESIAN_POINT('',(-17.32348363898,11.658748324719,
    -10.11588041851));
#3738 = CARTESIAN_POINT('',(-17.80213833294,11.611275923833,
    -9.847634914807));
#3739 = CARTESIAN_POINT('',(-18.29486599349,11.275966658678,
    -9.655444273334));
#3740 = CARTESIAN_POINT('',(-18.5703941289,10.801067765126,
    -9.612149449199));
#3741 = CARTESIAN_POINT('',(-18.84592226431,10.326168871573,
    -9.568854625064));
#3742 = CARTESIAN_POINT('',(-18.90425087458,9.711680349623,
    -9.674455618265));
#3743 = CARTESIAN_POINT('',(-18.71159491512,9.232769420973,
    -9.866411016338));
#3744 = CARTESIAN_POINT('',(-18.51893895566,8.753858492323,
    -10.05836641441));
#3745 = CARTESIAN_POINT('',(-18.07529842647,8.410525156972,
    -10.33667621735));
#3746 = CARTESIAN_POINT('',(-17.57509845349,8.354663347902,
    -10.56027986064));
#3747 = CARTESIAN_POINT('',(-17.07489848052,8.298801538832,
    -10.78388350394));
#3748 = CARTESIAN_POINT('',(-16.51813906376,8.530411256042,
    -10.95278098759));
#3749 = CARTESIAN_POINT('',(-16.15067168412,8.94000082091,-10.9756540962
    ));
#3750 = CARTESIAN_POINT('',(-16.07638189093,9.022806331691,
    -10.98027828491));
#3751 = CARTESIAN_POINT('',(-16.00982874967,9.11288614811,
    -10.97893423649));
#3752 = CARTESIAN_POINT('',(-15.95162154022,9.207998384126,
    -10.97196448777));
#3753 = ORIENTED_EDGE('',*,*,#3710,.T.);
#3754 = ORIENTED_EDGE('',*,*,#3755,.F.);
#3755 = EDGE_CURVE('',#3756,#3687,#3758,.T.);
#3756 = VERTEX_POINT('',#3757);
#3757 = CARTESIAN_POINT('',(-16.03699090317,9.258284264165,
    -11.1375753782));
#3758 = B_SPLINE_CURVE_WITH_KNOTS('',3,(#3759,#3760,#3761,#3762,#3763,
    #3764,#3765,#3766,#3767,#3768,#3769,#3770,#3771,#3772,#3773,#3774,
    #3775,#3776,#3777,#3778,#3779,#3780),.UNSPECIFIED.,.F.,.F.,(4,3,3,3,
    3,3,3,4),(45.292119405429,45.722293230697,46.716256127016,
    47.710219023336,48.704181919655,49.698144815975,50.692107712294,
    51.575304712609),.UNSPECIFIED.);
#3759 = CARTESIAN_POINT('',(-16.03699090317,9.258284264165,
    -11.1375753782));
#3760 = CARTESIAN_POINT('',(-16.16319894938,9.054338118043,
    -11.15179187872));
#3761 = CARTESIAN_POINT('',(-16.32616107878,8.871951375076,
    -11.14140767403));
#3762 = CARTESIAN_POINT('',(-16.51553762177,8.731697163674,
    -11.10565364833));
#3763 = CARTESIAN_POINT('',(-16.95311249524,8.407624721333,
    -11.02304012595));
#3764 = CARTESIAN_POINT('',(-17.53171147514,8.308493960779,
    -10.80497948009));
#3765 = CARTESIAN_POINT('',(-17.99554956463,8.483567076926,
    -10.56514343842));
#3766 = CARTESIAN_POINT('',(-18.45938765412,8.658640193073,
    -10.32530739675));
#3767 = CARTESIAN_POINT('',(-18.80846485319,9.107917185922,
    -10.06369595928));
#3768 = CARTESIAN_POINT('',(-18.8913562343,9.631340989598,
    -9.913773090198));
#3769 = CARTESIAN_POINT('',(-18.97424761542,10.154764793273,
    -9.763850221108));
#3770 = CARTESIAN_POINT('',(-18.79095317859,10.752335407776,
    -9.725615920396));
#3771 = CARTESIAN_POINT('',(-18.43205303906,11.156573492152,
    -9.83099476519));
#3772 = CARTESIAN_POINT('',(-18.07315289953,11.560811576529,
    -9.936373609984));
#3773 = CARTESIAN_POINT('',(-17.53864705731,11.771717130778,
    -10.18536560028));
#3774 = CARTESIAN_POINT('',(-17.07883644226,11.697607056595,
    -10.47928690188));
#3775 = CARTESIAN_POINT('',(-16.61902582722,11.623496982411,
    -10.77320820349));
#3776 = CARTESIAN_POINT('',(-16.23391043937,11.264371279794,
    -11.1120588164));
#3777 = CARTESIAN_POINT('',(-16.10577539992,10.787683739646,
    -11.35635643438));
#3778 = CARTESIAN_POINT('',(-15.99191955792,10.364117621529,
    -11.5734298525));
#3779 = CARTESIAN_POINT('',(-16.08096030144,9.847731583253,
    -11.7158497808));
#3780 = CARTESIAN_POINT('',(-16.33699057306,9.431016321396,
    -11.74600247025));
#3781 = ORIENTED_EDGE('',*,*,#3782,.F.);
#3782 = EDGE_CURVE('',#3725,#3756,#3783,.T.);
#3783 = LINE('',#3784,#3785);
#3784 = CARTESIAN_POINT('',(-15.26506272071,8.813288070999,
    -9.599252597696));
#3785 = VECTOR('',#3786,1.);
#3786 = DIRECTION('',(-0.433012701892,0.25,-0.866025403784));
#3787 = CYLINDRICAL_SURFACE('',#3788,1.666);
#3788 = AXIS2_PLACEMENT_3D('',#3789,#3790,#3791);
#3789 = CARTESIAN_POINT('',(-16.51456272071,9.534687232351,
    -8.766252597696));
#3790 = DIRECTION('',(-0.433012701892,0.25,-0.866025403784));
#3791 = DIRECTION('',(-0.75,0.433012701892,0.5));
#3792 = ADVANCED_FACE('',(#3793),#3856,.F.);
#3793 = FACE_BOUND('',#3794,.F.);
#3794 = EDGE_LOOP('',(#3795,#3822,#3823,#3850));
#3795 = ORIENTED_EDGE('',*,*,#3796,.F.);
#3796 = EDGE_CURVE('',#3725,#3797,#3799,.T.);
#3797 = VERTEX_POINT('',#3798);
#3798 = CARTESIAN_POINT('',(-15.65006139069,9.035809559782,
    -10.36416081771));
#3799 = B_SPLINE_CURVE_WITH_KNOTS('',3,(#3800,#3801,#3802,#3803,#3804,
    #3805,#3806,#3807,#3808,#3809,#3810,#3811,#3812,#3813,#3814,#3815,
    #3816,#3817,#3818,#3819,#3820,#3821),.UNSPECIFIED.,.F.,.F.,(4,3,3,3,
    3,3,3,4),(-41.54549510677,-40.75247874909,-39.75851585278,
    -38.76455295646,-37.77059006014,-36.77662716382,-35.7826642675,
    -35.26230979959),.UNSPECIFIED.);
#3800 = CARTESIAN_POINT('',(-15.95162154022,9.207998384126,
    -10.97196448777));
#3801 = CARTESIAN_POINT('',(-15.72191233727,9.583349756103,
    -10.94445903889));
#3802 = CARTESIAN_POINT('',(-15.62218359247,10.037076583386,
    -10.82933831582));
#3803 = CARTESIAN_POINT('',(-15.68988270632,10.431388650201,
    -10.64765522741));
#3804 = CARTESIAN_POINT('',(-15.77473645067,10.925617502096,
    -10.41993451644));
#3805 = CARTESIAN_POINT('',(-16.1226192819,11.326505793358,
    -10.08764436095));
#3806 = CARTESIAN_POINT('',(-16.56810756719,11.447603315257,
    -9.787320116431));
#3807 = CARTESIAN_POINT('',(-17.01359585247,11.568700837156,
    -9.48699587191));
#3808 = CARTESIAN_POINT('',(-17.55668959182,11.410007589691,
    -9.218637538364));
#3809 = CARTESIAN_POINT('',(-17.94321698133,11.03947462332,
    -9.089715239105));
#3810 = CARTESIAN_POINT('',(-18.32974437083,10.668941656949,
    -8.960792939845));
#3811 = CARTESIAN_POINT('',(-18.5597054105,10.086568971672,
    -8.971306674874));
#3812 = CARTESIAN_POINT('',(-18.52128699902,9.552923905504,
    -9.101943683473));
#3813 = CARTESIAN_POINT('',(-18.48286858753,9.019278839335,
    -9.232580692072));
#3814 = CARTESIAN_POINT('',(-18.17607072489,8.534361392275,
    -9.483340974243));
#3815 = CARTESIAN_POINT('',(-17.73310570129,8.314433092239,
    -9.725689059213));
#3816 = CARTESIAN_POINT('',(-17.29014067769,8.094504792203,
    -9.968037144183));
#3817 = CARTESIAN_POINT('',(-16.71100849313,8.139565639191,
    -10.20197303195));
#3818 = CARTESIAN_POINT('',(-16.25173210537,8.424934429792,
    -10.30661009334));
#3819 = CARTESIAN_POINT('',(-16.01129403544,8.574329267106,
    -10.36138916267));
#3820 = CARTESIAN_POINT('',(-15.80370459642,8.789584806656,
    -10.38073156946));
#3821 = CARTESIAN_POINT('',(-15.65006139069,9.035809559782,
    -10.36416081771));
#3822 = ORIENTED_EDGE('',*,*,#3782,.T.);
#3823 = ORIENTED_EDGE('',*,*,#3824,.F.);
#3824 = EDGE_CURVE('',#3825,#3756,#3827,.T.);
#3825 = VERTEX_POINT('',#3826);
#3826 = CARTESIAN_POINT('',(-15.73113577813,9.084100853098,
    -10.53249498349));
#3827 = B_SPLINE_CURVE_WITH_KNOTS('',3,(#3828,#3829,#3830,#3831,#3832,
    #3833,#3834,#3835,#3836,#3837,#3838,#3839,#3840,#3841,#3842,#3843,
    #3844,#3845,#3846,#3847,#3848,#3849),.UNSPECIFIED.,.F.,.F.,(4,3,3,3,
    3,3,3,4),(39.00893409825,39.75851585278,40.752478749099,
    41.746441645419,42.740404541738,43.734367438058,44.728330334377,
    45.292119405429),.UNSPECIFIED.);
#3828 = CARTESIAN_POINT('',(-15.73113577813,9.084100853098,
    -10.53249498349));
#3829 = CARTESIAN_POINT('',(-15.95413419855,8.732163788689,
    -10.55473417011));
#3830 = CARTESIAN_POINT('',(-16.29430197461,8.444948144633,
    -10.49970521418));
#3831 = CARTESIAN_POINT('',(-16.66977994776,8.311474014145,
    -10.38263980758));
#3832 = CARTESIAN_POINT('',(-17.16767250109,8.134484202798,
    -10.22740834697));
#3833 = CARTESIAN_POINT('',(-17.7276523115,8.227823918339,
    -9.963095845268));
#3834 = CARTESIAN_POINT('',(-18.10240353524,8.553253643162,
    -9.724399022226));
#3835 = CARTESIAN_POINT('',(-18.47715475899,8.878683367985,
    -9.485702199185));
#3836 = CARTESIAN_POINT('',(-18.66667739607,9.43620310209,
    -9.272621054808));
#3837 = CARTESIAN_POINT('',(-18.59207586302,9.976544350986,
    -9.196560997024));
#3838 = CARTESIAN_POINT('',(-18.51747432997,10.516885599882,
    -9.12050093924));
#3839 = CARTESIAN_POINT('',(-18.1787486268,11.040048363569,
    -9.18146196805));
#3840 = CARTESIAN_POINT('',(-17.73715894839,11.312383702595,
    -9.366262625048));
#3841 = CARTESIAN_POINT('',(-17.29556926999,11.584719041622,
    -9.551063282047));
#3842 = CARTESIAN_POINT('',(-16.75111561635,11.606226955988,
    -9.859703567235));
#3843 = CARTESIAN_POINT('',(-16.35858866479,11.371324743824,
    -10.16639972917));
#3844 = CARTESIAN_POINT('',(-15.96606171322,11.136422531661,
    -10.47309589111));
#3845 = CARTESIAN_POINT('',(-15.72546146372,10.645110192967,
    -10.77784792981));
#3846 = CARTESIAN_POINT('',(-15.75343672249,10.124946961556,
    -10.95664074971));
#3847 = CARTESIAN_POINT('',(-15.76930466405,9.829903408,-11.05805443247)
  );
#3848 = CARTESIAN_POINT('',(-15.87158168264,9.525577626786,
    -11.11894312503));
#3849 = CARTESIAN_POINT('',(-16.03699090317,9.258284264165,
    -11.1375753782));
#3850 = ORIENTED_EDGE('',*,*,#3851,.F.);
#3851 = EDGE_CURVE('',#3797,#3825,#3852,.T.);
#3852 = LINE('',#3853,#3854);
#3853 = CARTESIAN_POINT('',(-15.26506272071,8.813288070999,
    -9.599252597696));
#3854 = VECTOR('',#3855,1.);
#3855 = DIRECTION('',(-0.433012701892,0.25,-0.866025403784));
#3856 = CYLINDRICAL_SURFACE('',#3857,1.666);
#3857 = AXIS2_PLACEMENT_3D('',#3858,#3859,#3860);
#3858 = CARTESIAN_POINT('',(-16.51456272071,9.534687232351,
    -8.766252597696));
#3859 = DIRECTION('',(-0.433012701892,0.25,-0.866025403784));
#3860 = DIRECTION('',(-0.75,0.433012701892,0.5));
#3861 = ADVANCED_FACE('',(#3862),#3928,.F.);
#3862 = FACE_BOUND('',#3863,.F.);
#3863 = EDGE_LOOP('',(#3864,#3891,#3892,#3922));
#3864 = ORIENTED_EDGE('',*,*,#3865,.F.);
#3865 = EDGE_CURVE('',#3797,#3866,#3868,.T.);
#3866 = VERTEX_POINT('',#3867);
#3867 = CARTESIAN_POINT('',(-15.34347387192,8.860035559315,
    -9.759905783479));
#3868 = B_SPLINE_CURVE_WITH_KNOTS('',3,(#3869,#3870,#3871,#3872,#3873,
    #3874,#3875,#3876,#3877,#3878,#3879,#3880,#3881,#3882,#3883,#3884,
    #3885,#3886,#3887,#3888,#3889,#3890),.UNSPECIFIED.,.F.,.F.,(4,3,3,3,
    3,3,3,4),(-35.26230979959,-34.78870137118,-33.79473847486,
    -32.80077557854,-31.80681268222,-30.8128497859,-29.81888688958,
    -28.97912449241),.UNSPECIFIED.);
#3869 = CARTESIAN_POINT('',(-15.65006139069,9.035809559782,
    -10.36416081771));
#3870 = CARTESIAN_POINT('',(-15.51022072112,9.259914714161,
    -10.34907869931));
#3871 = CARTESIAN_POINT('',(-15.41506912964,9.509674775647,
    -10.30424610811));
#3872 = CARTESIAN_POINT('',(-15.38051380765,9.758782224605,
    -10.22930377518));
#3873 = CARTESIAN_POINT('',(-15.30799248862,10.281584494603,
    -10.07202216058));
#3874 = CARTESIAN_POINT('',(-15.50237044152,10.801512300383,
    -9.782120696384));
#3875 = CARTESIAN_POINT('',(-15.86801162862,11.077996852078,
    -9.476863629216));
#3876 = CARTESIAN_POINT('',(-16.23365281571,11.354481403773,
    -9.171606562049));
#3877 = CARTESIAN_POINT('',(-16.77055723701,11.387522701383,
    -8.850993891919));
#3878 = CARTESIAN_POINT('',(-17.22736689618,11.157903964067,
    -8.646252023794));
#3879 = CARTESIAN_POINT('',(-17.68417655534,10.92828522675,
    -8.441510155669));
#3880 = CARTESIAN_POINT('',(-18.06089145236,10.436006454506,
    -8.352639089549));
#3881 = CARTESIAN_POINT('',(-18.17898015688,9.900675828064,
    -8.405509119485));
#3882 = CARTESIAN_POINT('',(-18.2970688614,9.365345201622,-8.45837914942
    ));
#3883 = CARTESIAN_POINT('',(-18.15653137342,8.786962720982,
    -8.652990275412));
#3884 = CARTESIAN_POINT('',(-17.81399343375,8.424281683005,
    -8.886333984254));
#3885 = CARTESIAN_POINT('',(-17.47145549409,8.061600645029,
    -9.119677693095));
#3886 = CARTESIAN_POINT('',(-16.92691710273,7.914621049715,
    -9.391753984787));
#3887 = CARTESIAN_POINT('',(-16.42067393051,8.045968568327,
    -9.564336549841));
#3888 = CARTESIAN_POINT('',(-15.99296784466,8.156939216729,
    -9.710145160079));
#3889 = CARTESIAN_POINT('',(-15.59259663184,8.466577910225,
    -9.784935809145));
#3890 = CARTESIAN_POINT('',(-15.34347387192,8.860035559315,
    -9.759905783479));
#3891 = ORIENTED_EDGE('',*,*,#3851,.T.);
#3892 = ORIENTED_EDGE('',*,*,#3893,.F.);
#3893 = EDGE_CURVE('',#3894,#3825,#3896,.T.);
#3894 = VERTEX_POINT('',#3895);
#3895 = CARTESIAN_POINT('',(-15.42725775928,8.9060936229,-9.927529877194
    ));
#3896 = B_SPLINE_CURVE_WITH_KNOTS('',3,(#3897,#3898,#3899,#3900,#3901,
    #3902,#3903,#3904,#3905,#3906,#3907,#3908,#3909,#3910,#3911,#3912,
    #3913,#3914,#3915,#3916,#3917,#3918,#3919,#3920,#3921),
  .UNSPECIFIED.,.F.,.F.,(4,3,3,3,3,3,3,3,4),(32.72574879107,
    32.800775578543,33.794738474863,34.788701371182,35.782664267502,
    36.776627163821,37.770590060141,38.76455295646,39.00893409825),
  .UNSPECIFIED.);
#3897 = CARTESIAN_POINT('',(-15.42725775928,8.9060936229,-9.927529877194
    ));
#3898 = CARTESIAN_POINT('',(-15.4490457165,8.870747695611,
    -9.930056622801));
#3899 = CARTESIAN_POINT('',(-15.47205826955,8.836127011705,
    -9.931761710763));
#3900 = CARTESIAN_POINT('',(-15.49627720831,8.802349813537,
    -9.93262011251));
#3901 = CARTESIAN_POINT('',(-15.81713229661,8.354865883433,
    -9.943992310558));
#3902 = CARTESIAN_POINT('',(-16.34972295837,8.055424104288,
    -9.806760634021));
#3903 = CARTESIAN_POINT('',(-16.85918529015,8.044354248769,
    -9.597847318607));
#3904 = CARTESIAN_POINT('',(-17.36864762193,8.033284393249,
    -9.388934003194));
#3905 = CARTESIAN_POINT('',(-17.85498162373,8.310586461354,
    -9.108339048905));
#3906 = CARTESIAN_POINT('',(-18.10435294076,8.754386598473,
    -8.898161584519));
#3907 = CARTESIAN_POINT('',(-18.35372425778,9.198186735592,
    -8.687984120134));
#3908 = CARTESIAN_POINT('',(-18.36613289004,9.808484941724,
    -8.548224145652));
#3909 = CARTESIAN_POINT('',(-18.14320400393,10.312018153328,
    -8.556953329518));
#3910 = CARTESIAN_POINT('',(-17.92027511783,10.815551364932,
    -8.565682513384));
#3911 = CARTESIAN_POINT('',(-17.46200871335,11.212319582007,
    -8.722900855599));
#3912 = CARTESIAN_POINT('',(-16.98401177514,11.326136349895,
    -8.971665512358));
#3913 = CARTESIAN_POINT('',(-16.50601483694,11.439953117783,
    -9.220430169117));
#3914 = CARTESIAN_POINT('',(-16.008287365,11.270818436485,
    -9.560741140421));
#3915 = CARTESIAN_POINT('',(-15.72437644716,10.899820886965,
    -9.852416625323));
#3916 = CARTESIAN_POINT('',(-15.44046552933,10.528823337445,
    -10.14409211022));
#3917 = CARTESIAN_POINT('',(-15.37037116561,9.955962919703,
    -10.38713210872));
#3918 = CARTESIAN_POINT('',(-15.55322663189,9.445873041714,
    -10.48557689821));
#3919 = CARTESIAN_POINT('',(-15.59818447467,9.320459560729,
    -10.50978107138));
#3920 = CARTESIAN_POINT('',(-15.65843308991,9.198840547759,
    -10.52524448975));
#3921 = CARTESIAN_POINT('',(-15.73113577813,9.084100853098,
    -10.53249498349));
#3922 = ORIENTED_EDGE('',*,*,#3923,.F.);
#3923 = EDGE_CURVE('',#3866,#3894,#3924,.T.);
#3924 = LINE('',#3925,#3926);
#3925 = CARTESIAN_POINT('',(-15.26506272071,8.813288070999,
    -9.599252597696));
#3926 = VECTOR('',#3927,1.);
#3927 = DIRECTION('',(-0.433012701892,0.25,-0.866025403784));
#3928 = CYLINDRICAL_SURFACE('',#3929,1.666);
#3929 = AXIS2_PLACEMENT_3D('',#3930,#3931,#3932);
#3930 = CARTESIAN_POINT('',(-16.51456272071,9.534687232351,
    -8.766252597696));
#3931 = DIRECTION('',(-0.433012701892,0.25,-0.866025403784));
#3932 = DIRECTION('',(-0.75,0.433012701892,0.5));
#3933 = ADVANCED_FACE('',(#3934),#4000,.F.);
#3934 = FACE_BOUND('',#3935,.F.);
#3935 = EDGE_LOOP('',(#3936,#3966,#3967,#3994));
#3936 = ORIENTED_EDGE('',*,*,#3937,.F.);
#3937 = EDGE_CURVE('',#3866,#3938,#3940,.T.);
#3938 = VERTEX_POINT('',#3939);
#3939 = CARTESIAN_POINT('',(-15.04179869435,8.682850097706,
    -9.153602032377));
#3940 = B_SPLINE_CURVE_WITH_KNOTS('',3,(#3941,#3942,#3943,#3944,#3945,
    #3946,#3947,#3948,#3949,#3950,#3951,#3952,#3953,#3954,#3955,#3956,
    #3957,#3958,#3959,#3960,#3961,#3962,#3963,#3964,#3965),
  .UNSPECIFIED.,.F.,.F.,(4,3,3,3,3,3,3,3,4),(-28.97912449241,
    -28.82492399326,-27.83096109694,-26.83699820062,-25.8430353043,
    -24.84907240798,-23.85510951166,-22.86114661534,-22.69593918523),
  .UNSPECIFIED.);
#3941 = CARTESIAN_POINT('',(-15.34347387192,8.860035559315,
    -9.759905783479));
#3942 = CARTESIAN_POINT('',(-15.29772896352,8.932283812019,
    -9.755309670978));
#3943 = CARTESIAN_POINT('',(-15.25708381412,9.007358252126,
    -9.747347828954));
#3944 = CARTESIAN_POINT('',(-15.22230562084,9.084547804286,
    -9.735841928612));
#3945 = CARTESIAN_POINT('',(-14.9981284365,9.582104889097,
    -9.661675903911));
#3946 = CARTESIAN_POINT('',(-15.01772202092,10.167544426181,
    -9.44025501609));
#3947 = CARTESIAN_POINT('',(-15.26491212192,10.570514190526,
    -9.157710356189));
#3948 = CARTESIAN_POINT('',(-15.51210222291,10.973483954871,
    -8.875165696288));
#3949 = CARTESIAN_POINT('',(-15.98688884047,11.193983946476,
    -8.531497264307));
#3950 = CARTESIAN_POINT('',(-16.46615444104,11.127573502211,
    -8.268413249516));
#3951 = CARTESIAN_POINT('',(-16.9454200416,11.061163057946,
    -8.005329234725));
#3952 = CARTESIAN_POINT('',(-17.42916462517,10.707842177812,
    -7.822829637123));
#3953 = CARTESIAN_POINT('',(-17.69019812035,10.224044960355,
    -7.789350857958));
#3954 = CARTESIAN_POINT('',(-17.95123161552,9.740247742899,
    -7.755872078793));
#3955 = CARTESIAN_POINT('',(-17.9895540223,9.125974188121,
    -7.871414118063));
#3956 = CARTESIAN_POINT('',(-17.78047645026,8.65629466308,
    -8.068915445745));
#3957 = CARTESIAN_POINT('',(-17.57139887822,8.186615138039,
    -8.266416773426));
#3958 = CARTESIAN_POINT('',(-17.11492132737,7.861529642734,
    -8.545877389518));
#3959 = CARTESIAN_POINT('',(-16.61130458696,7.824635692366,
    -8.765713867369));
#3960 = CARTESIAN_POINT('',(-16.10768784654,7.787741741999,
    -8.985550345219));
#3961 = CARTESIAN_POINT('',(-15.55693191656,8.039039336568,
    -9.145762684828));
#3962 = CARTESIAN_POINT('',(-15.20215913167,8.460086375642,
    -9.158981008154));
#3963 = CARTESIAN_POINT('',(-15.14319204117,8.530068967086,
    -9.161178037073));
#3964 = CARTESIAN_POINT('',(-15.08963919097,8.6047410653,-9.159314201836
    ));
#3965 = CARTESIAN_POINT('',(-15.04179869435,8.682850097706,
    -9.153602032377));
#3966 = ORIENTED_EDGE('',*,*,#3923,.T.);
#3967 = ORIENTED_EDGE('',*,*,#3968,.F.);
#3968 = EDGE_CURVE('',#3969,#3894,#3971,.T.);
#3969 = VERTEX_POINT('',#3970);
#3970 = CARTESIAN_POINT('',(-15.12760759376,8.732926256393,
    -9.319053695918));
#3971 = B_SPLINE_CURVE_WITH_KNOTS('',3,(#3972,#3973,#3974,#3975,#3976,
    #3977,#3978,#3979,#3980,#3981,#3982,#3983,#3984,#3985,#3986,#3987,
    #3988,#3989,#3990,#3991,#3992,#3993),.UNSPECIFIED.,.F.,.F.,(4,3,3,3,
    3,3,3,4),(26.44256348389,26.836998200626,27.830961096946,
    28.824923993265,29.818886889585,30.812849785904,31.806812682224,
    32.72574879107),.UNSPECIFIED.);
#3972 = CARTESIAN_POINT('',(-15.12760759376,8.732926256393,
    -9.319053695918));
#3973 = CARTESIAN_POINT('',(-15.24302735998,8.545849994767,
    -9.33226188667));
#3974 = CARTESIAN_POINT('',(-15.38939678523,8.377069429733,
    -9.324713735224));
#3975 = CARTESIAN_POINT('',(-15.5592460765,8.242671547693,
    -9.295500225132));
#3976 = CARTESIAN_POINT('',(-15.98726086912,7.903993174762,
    -9.221883112159));
#3977 = CARTESIAN_POINT('',(-16.56437842565,7.783653060797,
    -9.010685790933));
#3978 = CARTESIAN_POINT('',(-17.03549169005,7.940556431918,
    -8.772457315399));
#3979 = CARTESIAN_POINT('',(-17.50660495446,8.09745980304,
    -8.534228839864));
#3980 = CARTESIAN_POINT('',(-17.87171392674,8.531606659248,
    -8.26896921002));
#3981 = CARTESIAN_POINT('',(-17.97209648842,9.049817188527,
    -8.111805693333));
#3982 = CARTESIAN_POINT('',(-18.07247905011,9.568027717806,
    -7.954642176647));
#3983 = CARTESIAN_POINT('',(-17.9081352012,10.170301920156,
    -7.905574773119));
#3984 = CARTESIAN_POINT('',(-17.5610466482,10.587024664609,
    -8.00144381372));
#3985 = CARTESIAN_POINT('',(-17.2139580952,11.003747409062,
    -8.09731285432));
#3986 = CARTESIAN_POINT('',(-16.68412483811,11.234918695617,
    -8.338118339049));
#3987 = CARTESIAN_POINT('',(-16.21969012779,11.179636992827,
    -8.628916405649));
#3988 = CARTESIAN_POINT('',(-15.75525541747,11.124355290036,
    -8.919714472249));
#3989 = CARTESIAN_POINT('',(-15.35621925391,10.7826205979,-9.26050512072
    ));
#3990 = CARTESIAN_POINT('',(-15.21126092955,10.313990211301,
    -9.510888481273));
#3991 = CARTESIAN_POINT('',(-15.07724441945,9.880733209915,
    -9.742372284057));
#3992 = CARTESIAN_POINT('',(-15.16039653139,9.339014316704,
    -9.896582027041));
#3993 = CARTESIAN_POINT('',(-15.42725775928,8.9060936229,-9.927529877194
    ));
#3994 = ORIENTED_EDGE('',*,*,#3995,.F.);
#3995 = EDGE_CURVE('',#3938,#3969,#3996,.T.);
#3996 = LINE('',#3997,#3998);
#3997 = CARTESIAN_POINT('',(-15.26506272071,8.813288070999,
    -9.599252597696));
#3998 = VECTOR('',#3999,1.);
#3999 = DIRECTION('',(-0.433012701892,0.25,-0.866025403784));
#4000 = CYLINDRICAL_SURFACE('',#4001,1.666);
#4001 = AXIS2_PLACEMENT_3D('',#4002,#4003,#4004);
#4002 = CARTESIAN_POINT('',(-16.51456272071,9.534687232351,
    -8.766252597696));
#4003 = DIRECTION('',(-0.433012701892,0.25,-0.866025403784));
#4004 = DIRECTION('',(-0.75,0.433012701892,0.5));
#4005 = ADVANCED_FACE('',(#4006),#4069,.F.);
#4006 = FACE_BOUND('',#4007,.F.);
#4007 = EDGE_LOOP('',(#4008,#4035,#4036,#4063));
#4008 = ORIENTED_EDGE('',*,*,#4009,.F.);
#4009 = EDGE_CURVE('',#3938,#4010,#4012,.T.);
#4010 = VERTEX_POINT('',#4011);
#4011 = CARTESIAN_POINT('',(-14.74090862504,8.51053903944,
    -8.545498608102));
#4012 = B_SPLINE_CURVE_WITH_KNOTS('',3,(#4013,#4014,#4015,#4016,#4017,
    #4018,#4019,#4020,#4021,#4022,#4023,#4024,#4025,#4026,#4027,#4028,
    #4029,#4030,#4031,#4032,#4033,#4034),.UNSPECIFIED.,.F.,.F.,(4,3,3,3,
    3,3,3,4),(-22.69593918523,-21.86718371902,-20.8732208227,
    -19.87925792639,-18.88529503007,-17.89133213375,-16.89736923743,
    -16.41275387805),.UNSPECIFIED.);
#4013 = CARTESIAN_POINT('',(-15.04179869435,8.682850097706,
    -9.153602032377));
#4014 = CARTESIAN_POINT('',(-14.80180904583,9.074680462239,
    -9.124947197298));
#4015 = CARTESIAN_POINT('',(-14.70556969108,9.55300062368,
    -8.999449761575));
#4016 = CARTESIAN_POINT('',(-14.79071388433,9.959688184678,
    -8.803939102427));
#4017 = CARTESIAN_POINT('',(-14.89283106169,10.447446471062,
    -8.569454566332));
#4018 = CARTESIAN_POINT('',(-15.25585505621,10.832166560253,
    -8.2342611871));
#4019 = CARTESIAN_POINT('',(-15.7074786973,10.934748815551,
    -7.936214161752));
#4020 = CARTESIAN_POINT('',(-16.1591023384,11.037331070849,
    -7.638167136405));
#4021 = CARTESIAN_POINT('',(-16.69932562607,10.857775492255,
    -7.377266464942));
#4022 = CARTESIAN_POINT('',(-17.07528171856,10.473517684308,
    -7.257591834679));
#4023 = CARTESIAN_POINT('',(-17.45123781106,10.08925987636,
    -7.137917204417));
#4024 = CARTESIAN_POINT('',(-17.66292670837,9.50029983906,
    -7.159468615354));
#4025 = CARTESIAN_POINT('',(-17.60684233594,8.970199728092,
    -7.297915264008));
#4026 = CARTESIAN_POINT('',(-17.55075796351,8.440099617124,
    -7.436361912661));
#4027 = CARTESIAN_POINT('',(-17.22690032133,7.968859432489,
    -7.69170379903));
#4028 = CARTESIAN_POINT('',(-16.77523754956,7.766522613502,
    -7.933322534924));
#4029 = CARTESIAN_POINT('',(-16.3235747778,7.564185794514,
    -8.174941270817));
#4030 = CARTESIAN_POINT('',(-15.74410687644,7.630752341176,
    -8.402836856235));
#4031 = CARTESIAN_POINT('',(-15.29300940998,7.931764011689,
    -8.49886874652));
#4032 = CARTESIAN_POINT('',(-15.07307286945,8.078524901279,
    -8.545689939942));
#4033 = CARTESIAN_POINT('',(-14.88365172532,8.281016581938,
    -8.561165341555));
#4034 = CARTESIAN_POINT('',(-14.74090862504,8.51053903944,
    -8.545498608102));
#4035 = ORIENTED_EDGE('',*,*,#3995,.T.);
#4036 = ORIENTED_EDGE('',*,*,#4037,.F.);
#4037 = EDGE_CURVE('',#4038,#3969,#4040,.T.);
#4038 = VERTEX_POINT('',#4039);
#4039 = CARTESIAN_POINT('',(-14.82226231657,8.559308934898,
    -8.713554961301));
#4040 = B_SPLINE_CURVE_WITH_KNOTS('',3,(#4041,#4042,#4043,#4044,#4045,
    #4046,#4047,#4048,#4049,#4050,#4051,#4052,#4053,#4054,#4055,#4056,
    #4057,#4058,#4059,#4060,#4061,#4062),.UNSPECIFIED.,.F.,.F.,(4,3,3,3,
    3,3,3,4),(20.159378176711,20.873220822709,21.867183719029,
    22.861146615348,23.855109511668,24.849072407987,25.843035304307,
    26.44256348389),.UNSPECIFIED.);
#4041 = CARTESIAN_POINT('',(-14.82226231657,8.559308934898,
    -8.713554961301));
#4042 = CARTESIAN_POINT('',(-15.03464634619,8.223760610033,
    -8.734837788139));
#4043 = CARTESIAN_POINT('',(-15.35224342819,7.94646576894,
    -8.686697756524));
#4044 = CARTESIAN_POINT('',(-15.70666059363,7.806651057102,
    -8.580460588367));
#4045 = CARTESIAN_POINT('',(-16.20015522336,7.611971407874,
    -8.432534705892));
#4046 = CARTESIAN_POINT('',(-16.76503701802,7.683839678741,
    -8.171969484241));
#4047 = CARTESIAN_POINT('',(-17.15176163575,7.993777876786,
    -7.931757982783));
#4048 = CARTESIAN_POINT('',(-17.53848625348,8.303716074831,
    -7.691546481326));
#4049 = CARTESIAN_POINT('',(-17.74705369428,8.851724200054,
    -7.471688700062));
#4050 = CARTESIAN_POINT('',(-17.68990992845,9.392857972183,
    -7.386670976919));
#4051 = CARTESIAN_POINT('',(-17.63276616262,9.933991744313,
    -7.301653253776));
#4052 = CARTESIAN_POINT('',(-17.30991119016,10.46825116335,
    -7.351475588754));
#4053 = CARTESIAN_POINT('',(-16.87539023708,10.756942491585,
    -7.528020315703));
#4054 = CARTESIAN_POINT('',(-16.440869284,11.04563381982,-7.704565042651
    ));
#4055 = CARTESIAN_POINT('',(-15.89468235031,11.088757057253,
    -8.007832161571));
#4056 = CARTESIAN_POINT('',(-15.49240751845,10.870902490925,
    -8.314481032207));
#4057 = CARTESIAN_POINT('',(-15.09013268658,10.653047924596,
    -8.621129902843));
#4058 = CARTESIAN_POINT('',(-14.83176995653,10.174215554506,
    -8.931160525197));
#4059 = CARTESIAN_POINT('',(-14.84204460585,9.656291053513,
    -9.118157384012));
#4060 = CARTESIAN_POINT('',(-14.84824196174,9.343894751405,
    -9.230948200218));
#4061 = CARTESIAN_POINT('',(-14.95217323318,9.017276202829,
    -9.298977667562));
#4062 = CARTESIAN_POINT('',(-15.12760759376,8.732926256393,
    -9.319053695918));
#4063 = ORIENTED_EDGE('',*,*,#4064,.F.);
#4064 = EDGE_CURVE('',#4010,#4038,#4065,.T.);
#4065 = LINE('',#4066,#4067);
#4066 = CARTESIAN_POINT('',(-15.26506272071,8.813288070999,
    -9.599252597696));
#4067 = VECTOR('',#4068,1.);
#4068 = DIRECTION('',(-0.433012701892,0.25,-0.866025403784));
#4069 = CYLINDRICAL_SURFACE('',#4070,1.666);
#4070 = AXIS2_PLACEMENT_3D('',#4071,#4072,#4073);
#4071 = CARTESIAN_POINT('',(-16.51456272071,9.534687232351,
    -8.766252597696));
#4072 = DIRECTION('',(-0.433012701892,0.25,-0.866025403784));
#4073 = DIRECTION('',(-0.75,0.433012701892,0.5));
#4074 = ADVANCED_FACE('',(#4075),#4141,.F.);
#4075 = FACE_BOUND('',#4076,.F.);
#4076 = EDGE_LOOP('',(#4077,#4104,#4105,#4135));
#4077 = ORIENTED_EDGE('',*,*,#4078,.F.);
#4078 = EDGE_CURVE('',#4010,#4079,#4081,.T.);
#4079 = VERTEX_POINT('',#4080);
#4080 = CARTESIAN_POINT('',(-14.43450390541,8.33540808433,
    -7.940966543088));
#4081 = B_SPLINE_CURVE_WITH_KNOTS('',3,(#4082,#4083,#4084,#4085,#4086,
    #4087,#4088,#4089,#4090,#4091,#4092,#4093,#4094,#4095,#4096,#4097,
    #4098,#4099,#4100,#4101,#4102,#4103),.UNSPECIFIED.,.F.,.F.,(4,3,3,3,
    3,3,3,4),(-16.41275387805,-15.90340634111,-14.90944344479,
    -13.91548054847,-12.92151765215,-11.92755475583,-10.93359185951,
    -10.12956857087),.UNSPECIFIED.);
#4082 = CARTESIAN_POINT('',(-14.74090862504,8.51053903944,
    -8.545498608102));
#4083 = CARTESIAN_POINT('',(-14.59088067991,8.751775096321,
    -8.529032328317));
#4084 = CARTESIAN_POINT('',(-14.49241674897,9.022871345405,
    -8.478164146432));
#4085 = CARTESIAN_POINT('',(-14.46428248203,9.290505621003,
    -8.39313051821));
#4086 = CARTESIAN_POINT('',(-14.40938005211,9.812778765437,
    -8.227192204461));
#4087 = CARTESIAN_POINT('',(-14.62230222383,10.32186825994,
    -7.931147381809));
#4088 = CARTESIAN_POINT('',(-14.99898215996,10.582132865652,
    -7.625053235217));
#4089 = CARTESIAN_POINT('',(-15.37566209609,10.842397471364,
    -7.318959088625));
#4090 = CARTESIAN_POINT('',(-15.91609979662,10.853837188284,
    -7.002815618091));
#4091 = CARTESIAN_POINT('',(-16.36733111137,10.607055604096,
    -6.805817409301));
#4092 = CARTESIAN_POINT('',(-16.81856242612,10.360274019908,
    -6.608819200512));
#4093 = CARTESIAN_POINT('',(-17.18058735509,9.855271134612,
    -6.530966253466));
#4094 = CARTESIAN_POINT('',(-17.28155259405,9.317440456428,
    -6.593119718958));
#4095 = CARTESIAN_POINT('',(-17.382517833,8.779609778244,-6.655273184449
    ));
#4096 = CARTESIAN_POINT('',(-17.22242338194,8.208951307173,
    -6.857433062478));
#4097 = CARTESIAN_POINT('',(-16.86678677672,7.860705627468,
    -7.093158975109));
#4098 = CARTESIAN_POINT('',(-16.51115017149,7.512459947762,
    -7.328884887739));
#4099 = CARTESIAN_POINT('',(-15.95997141209,7.386627059421,
    -7.598176834972));
#4100 = CARTESIAN_POINT('',(-15.45656376866,7.536221039497,
    -7.764074335909));
#4101 = CARTESIAN_POINT('',(-15.04935393166,7.657228618619,
    -7.898269942984));
#4102 = CARTESIAN_POINT('',(-14.6734021746,7.958456293077,
    -7.964811449805));
#4103 = CARTESIAN_POINT('',(-14.43450390541,8.33540808433,
    -7.940966543088));
#4104 = ORIENTED_EDGE('',*,*,#4064,.T.);
#4105 = ORIENTED_EDGE('',*,*,#4106,.F.);
#4106 = EDGE_CURVE('',#4107,#4038,#4109,.T.);
#4107 = VERTEX_POINT('',#4108);
#4108 = CARTESIAN_POINT('',(-14.51755466925,8.381259084496,
    -8.109016972624));
#4109 = B_SPLINE_CURVE_WITH_KNOTS('',3,(#4110,#4111,#4112,#4113,#4114,
    #4115,#4116,#4117,#4118,#4119,#4120,#4121,#4122,#4123,#4124,#4125,
    #4126,#4127,#4128,#4129,#4130,#4131,#4132,#4133,#4134),
  .UNSPECIFIED.,.F.,.F.,(4,3,3,3,3,3,3,3,4),(13.876192869531,
    13.915480548473,14.909443444792,15.903406341112,16.897369237431,
    17.891332133751,18.88529503007,19.87925792639,20.159378176711),
  .UNSPECIFIED.);
#4110 = CARTESIAN_POINT('',(-14.51755466925,8.381259084496,
    -8.109016972624));
#4111 = CARTESIAN_POINT('',(-14.52899615255,8.362780097856,
    -8.110315355243));
#4112 = CARTESIAN_POINT('',(-14.54077951187,8.344501433102,
    -8.111384971912));
#4113 = CARTESIAN_POINT('',(-14.55290269157,8.326440083007,
    -8.112221945044));
#4114 = CARTESIAN_POINT('',(-14.85961439199,7.869494996523,
    -8.133397037621));
#4115 = CARTESIAN_POINT('',(-15.38383499794,7.551646545594,
    -8.005663937447));
#4116 = CARTESIAN_POINT('',(-15.89450585453,7.521592350307,
    -7.801626666464));
#4117 = CARTESIAN_POINT('',(-16.40517671113,7.49153815502,-7.59758939548
    ));
#4118 = CARTESIAN_POINT('',(-16.90229781838,7.749278215374,
    -7.317247953687));
#4119 = CARTESIAN_POINT('',(-17.16713071217,8.181832273665,
    -7.10258616424));
#4120 = CARTESIAN_POINT('',(-17.43196360596,8.614386331956,
    -6.887924374793));
#4121 = CARTESIAN_POINT('',(-17.46450828629,9.221754388184,
    -6.738942237693));
#4122 = CARTESIAN_POINT('',(-17.25723551296,9.732005418612,
    -6.737904097916));
#4123 = CARTESIAN_POINT('',(-17.04996273963,10.242256449039,
    -6.73686595814));
#4124 = CARTESIAN_POINT('',(-16.60287251264,10.655390453667,
    -6.883771815688));
#4125 = CARTESIAN_POINT('',(-16.12649082521,10.787780685389,
    -7.126367149887));
#4126 = CARTESIAN_POINT('',(-15.65010913778,10.920170917111,
    -7.368962484086));
#4127 = CARTESIAN_POINT('',(-15.1444359899,10.771817375928,
    -7.707247294935));
#4128 = CARTESIAN_POINT('',(-14.84663078135,10.414360940375,
    -8.001960942303));
#4129 = CARTESIAN_POINT('',(-14.54882557279,10.056904504822,
    -8.296674589671));
#4130 = CARTESIAN_POINT('',(-14.45888830355,9.490345174899,
    -8.547817073557));
#4131 = CARTESIAN_POINT('',(-14.62497340133,8.976451725277,
    -8.65574504385));
#4132 = CARTESIAN_POINT('',(-14.67177977543,8.831625432183,
    -8.68616148109));
#4133 = CARTESIAN_POINT('',(-14.73892032534,8.690982044207,
    -8.705203329727));
#4134 = CARTESIAN_POINT('',(-14.82226231657,8.559308934898,
    -8.713554961301));
#4135 = ORIENTED_EDGE('',*,*,#4136,.F.);
#4136 = EDGE_CURVE('',#4079,#4107,#4137,.T.);
#4137 = LINE('',#4138,#4139);
#4138 = CARTESIAN_POINT('',(-15.26506272071,8.813288070999,
    -9.599252597696));
#4139 = VECTOR('',#4140,1.);
#4140 = DIRECTION('',(-0.433012701892,0.25,-0.866025403784));
#4141 = CYLINDRICAL_SURFACE('',#4142,1.666);
#4142 = AXIS2_PLACEMENT_3D('',#4143,#4144,#4145);
#4143 = CARTESIAN_POINT('',(-16.51456272071,9.534687232351,
    -8.766252597696));
#4144 = DIRECTION('',(-0.433012701892,0.25,-0.866025403784));
#4145 = DIRECTION('',(-0.75,0.433012701892,0.5));
#4146 = ADVANCED_FACE('',(#4147),#4208,.F.);
#4147 = FACE_BOUND('',#4148,.F.);
#4148 = EDGE_LOOP('',(#4149,#4175,#4184,#4202));
#4149 = ORIENTED_EDGE('',*,*,#4150,.F.);
#4150 = EDGE_CURVE('',#4151,#4153,#4155,.T.);
#4151 = VERTEX_POINT('',#4152);
#4152 = CARTESIAN_POINT('',(-14.78355524019,7.286913958363,
    -6.766012826668));
#4153 = VERTEX_POINT('',#4154);
#4154 = CARTESIAN_POINT('',(-14.21812992478,8.207563656589,
    -7.500580519022));
#4155 = B_SPLINE_CURVE_WITH_KNOTS('',3,(#4156,#4157,#4158,#4159,#4160,
    #4161,#4162,#4163,#4164,#4165,#4166,#4167,#4168,#4169,#4170,#4171,
    #4172,#4173,#4174),.UNSPECIFIED.,.F.,.F.,(4,3,3,3,3,3,4),(
    2.014612865274,2.981888688958,3.975851585278,4.969814481597,
    5.963777377917,6.957740274236,7.593007562352),.UNSPECIFIED.);
#4156 = CARTESIAN_POINT('',(-14.78355425491,7.286911159677,
    -6.76601412722));
#4157 = CARTESIAN_POINT('',(-15.26296312699,7.093937979237,
    -6.623494136461));
#4158 = CARTESIAN_POINT('',(-15.81231498455,7.149844922818,
    -6.374157149664));
#4159 = CARTESIAN_POINT('',(-16.19985029182,7.436156406233,
    -6.139216376465));
#4160 = CARTESIAN_POINT('',(-16.59807767123,7.730367203544,
    -5.897793603689));
#4161 = CARTESIAN_POINT('',(-16.8254363102,8.267871616032,
    -5.671572384031));
#4162 = CARTESIAN_POINT('',(-16.78584193205,8.809044090611,
    -5.57776879461));
#4163 = CARTESIAN_POINT('',(-16.74624755391,9.350216565191,
    -5.483965205189));
#4164 = CARTESIAN_POINT('',(-16.43970015865,9.895057101861,
    -5.522579246005));
#4165 = CARTESIAN_POINT('',(-16.0128241687,10.199785425985,
    -5.690672009443));
#4166 = CARTESIAN_POINT('',(-15.58594817876,10.504513750109,
    -5.858764772881));
#4167 = CARTESIAN_POINT('',(-15.03874359411,10.569129861686,
    -6.15633625894));
#4168 = CARTESIAN_POINT('',(-14.6272547265,10.368593623967,
    -6.462592776605));
#4169 = CARTESIAN_POINT('',(-14.21576585889,10.168057386247,
    -6.768849294269));
#4170 = CARTESIAN_POINT('',(-13.93999270832,9.702368799231,
    -7.083790843539));
#4171 = CARTESIAN_POINT('',(-13.93257397867,9.18736611678,
    -7.278790935479));
#4172 = CARTESIAN_POINT('',(-13.92783247748,8.858214637721,
    -7.403420516771));
#4173 = CARTESIAN_POINT('',(-14.03270885513,8.508919251513,
    -7.479056203749));
#4174 = CARTESIAN_POINT('',(-14.21812992478,8.207563656589,
    -7.500580519022));
#4175 = ORIENTED_EDGE('',*,*,#4176,.T.);
#4176 = EDGE_CURVE('',#4151,#4177,#4179,.T.);
#4177 = VERTEX_POINT('',#4178);
#4178 = CARTESIAN_POINT('',(-16.68806279574,8.388521529594,
    -5.495752335001));
#4179 = CIRCLE('',#4180,1.666);
#4180 = AXIS2_PLACEMENT_3D('',#4181,#4182,#4183);
#4181 = CARTESIAN_POINT('',(-15.19658030932,8.773749732351,
    -6.130287774927));
#4182 = DIRECTION('',(-0.433012701892,0.25,-0.866025403784));
#4183 = DIRECTION('',(-0.75,0.433012701892,0.5));
#4184 = ORIENTED_EDGE('',*,*,#4185,.F.);
#4185 = EDGE_CURVE('',#4186,#4177,#4188,.T.);
#4186 = VERTEX_POINT('',#4187);
#4187 = CARTESIAN_POINT('',(-14.13195201465,8.157818712796,
    -7.335217747334));
#4188 = B_SPLINE_CURVE_WITH_KNOTS('',3,(#4189,#4190,#4191,#4192,#4193,
    #4194,#4195,#4196,#4197,#4198,#4199,#4200,#4201),.UNSPECIFIED.,.F.,
  .F.,(4,3,3,3,4),(-3.846383263692,-2.981888688958,-1.987925792639,
    -0.993962896319,0.),.UNSPECIFIED.);
#4189 = CARTESIAN_POINT('',(-14.13195201465,8.157818712796,
    -7.335217747334));
#4190 = CARTESIAN_POINT('',(-13.88155399989,8.565917909193,
    -7.305538154566));
#4191 = CARTESIAN_POINT('',(-13.78985643626,9.068949699815,
    -7.169103656818));
#4192 = CARTESIAN_POINT('',(-13.89348881229,9.487112152342,
    -6.959503856841));
#4193 = CARTESIAN_POINT('',(-14.01264136643,9.9678993945,-6.718513999482
    ));
#4194 = CARTESIAN_POINT('',(-14.39001079352,10.336493415637,
    -6.38080309883));
#4195 = CARTESIAN_POINT('',(-14.84734240558,10.420137243278,
    -6.085369141155));
#4196 = CARTESIAN_POINT('',(-15.30467401763,10.503781070919,
    -5.789935183481));
#4197 = CARTESIAN_POINT('',(-15.84196781465,10.302474705063,
    -5.536778168784));
#4198 = CARTESIAN_POINT('',(-16.20630477558,9.905714064308,
    -5.42652236125));
#4199 = CARTESIAN_POINT('',(-16.5706417365,9.508953423553,
    -5.316266553715));
#4200 = CARTESIAN_POINT('',(-16.76202186133,8.916738507897,
    -5.348911953342));
#4201 = CARTESIAN_POINT('',(-16.68806279574,8.388521529594,
    -5.495752335001));
#4202 = ORIENTED_EDGE('',*,*,#4203,.T.);
#4203 = EDGE_CURVE('',#4186,#4153,#4204,.T.);
#4204 = LINE('',#4205,#4206);
#4205 = CARTESIAN_POINT('',(-15.26506272071,8.813288070999,
    -9.599252597696));
#4206 = VECTOR('',#4207,1.);
#4207 = DIRECTION('',(-0.433012701892,0.25,-0.866025403784));
#4208 = CYLINDRICAL_SURFACE('',#4209,1.666);
#4209 = AXIS2_PLACEMENT_3D('',#4210,#4211,#4212);
#4210 = CARTESIAN_POINT('',(-16.51456272071,9.534687232351,
    -8.766252597696));
#4211 = DIRECTION('',(-0.433012701892,0.25,-0.866025403784));
#4212 = DIRECTION('',(-0.531138783225,0.705490981906,0.469227095769));
#4213 = ADVANCED_FACE('',(#4214),#4256,.F.);
#4214 = FACE_BOUND('',#4215,.F.);
#4215 = EDGE_LOOP('',(#4216,#4230,#4239,#4250));
#4216 = ORIENTED_EDGE('',*,*,#4217,.T.);
#4217 = EDGE_CURVE('',#4218,#4220,#4222,.T.);
#4218 = VERTEX_POINT('',#4219);
#4219 = CARTESIAN_POINT('',(16.14116354568,9.320522905162,
    -12.13497935242));
#4220 = VERTEX_POINT('',#4221);
#4221 = CARTESIAN_POINT('',(19.294305115378,11.318871215698,
    -10.37595161252));
#4222 = B_SPLINE_CURVE_WITH_KNOTS('',3,(#4223,#4224,#4225,#4226,#4227,
    #4228,#4229),.UNSPECIFIED.,.F.,.F.,(4,1,1,1,4),(65.973445725386,
    66.084211621391,67.07817451771,68.07213741403,69.039413237714),
  .UNSPECIFIED.);
#4223 = CARTESIAN_POINT('',(16.14116354568,9.320522905162,
    -12.13497935242));
#4224 = CARTESIAN_POINT('',(16.104727599306,9.386808440758,
    -12.13881210718));
#4225 = CARTESIAN_POINT('',(15.774186845869,10.066248456383,
    -12.15531707187));
#4226 = CARTESIAN_POINT('',(15.83713789048,11.645913721748,
    -11.75782575084));
#4227 = CARTESIAN_POINT('',(17.637849595093,12.603308562794,
    -10.70781621727));
#4228 = CARTESIAN_POINT('',(18.911639969766,11.857399401401,
    -10.37034660238));
#4229 = CARTESIAN_POINT('',(19.294308088087,11.31887297582,
    -10.37594961806));
#4230 = ORIENTED_EDGE('',*,*,#4231,.T.);
#4231 = EDGE_CURVE('',#4220,#4232,#4234,.T.);
#4232 = VERTEX_POINT('',#4233);
#4233 = CARTESIAN_POINT('',(18.528506583741,12.032364859813,
    -10.55288300459));
#4234 = CIRCLE('',#4235,2.05475);
#4235 = AXIS2_PLACEMENT_3D('',#4236,#4237,#4238);
#4236 = CARTESIAN_POINT('',(17.832545132095,10.295624732351,
    -11.40221742046));
#4237 = DIRECTION('',(-0.433012701892,-0.25,0.866025403784));
#4238 = DIRECTION('',(0.75,0.433012701892,0.5));
#4239 = ORIENTED_EDGE('',*,*,#4240,.F.);
#4240 = EDGE_CURVE('',#4241,#4232,#4243,.T.);
#4241 = VERTEX_POINT('',#4242);
#4242 = CARTESIAN_POINT('',(16.171196518863,9.335777315524,
    -12.18270448529));
#4243 = B_SPLINE_CURVE_WITH_KNOTS('',3,(#4244,#4245,#4246,#4247,#4248,
    #4249),.UNSPECIFIED.,.F.,.F.,(4,1,1,4),(65.973445725386,
    66.529539301829,67.523502198148,68.517465094468),.UNSPECIFIED.);
#4244 = CARTESIAN_POINT('',(16.171196518863,9.335777315524,
    -12.18270448529));
#4245 = CARTESIAN_POINT('',(15.989657186539,9.672399186941,
    -12.20014571187));
#4246 = CARTESIAN_POINT('',(15.694902259543,10.734360879588,
    -12.1074294237));
#4247 = CARTESIAN_POINT('',(16.537013890113,12.347051873254,
    -11.32992026011));
#4248 = CARTESIAN_POINT('',(17.943845696318,12.344681510576,
    -10.71243313866));
#4249 = CARTESIAN_POINT('',(18.528506583741,12.032364859813,
    -10.55288300459));
#4250 = ORIENTED_EDGE('',*,*,#4251,.F.);
#4251 = EDGE_CURVE('',#4218,#4241,#4252,.T.);
#4252 = LINE('',#4253,#4254);
#4253 = CARTESIAN_POINT('',(12.986112526677,7.497535563004,
    -5.818852209629));
#4254 = VECTOR('',#4255,1.);
#4255 = DIRECTION('',(0.433012701892,0.25,-0.866025403784));
#4256 = CYLINDRICAL_SURFACE('',#4257,2.05475);
#4257 = AXIS2_PLACEMENT_3D('',#4258,#4259,#4260);
#4258 = CARTESIAN_POINT('',(14.527175026677,8.387268412217,
    -4.791477209629));
#4259 = DIRECTION('',(0.433012701892,0.25,-0.866025403784));
#4260 = DIRECTION('',(-0.528055258001,0.848998712836,-1.894281130203E-02
    ));
#4261 = ADVANCED_FACE('',(#4262),#4301,.F.);
#4262 = FACE_BOUND('',#4263,.F.);
#4263 = EDGE_LOOP('',(#4264,#4279,#4280,#4295));
#4264 = ORIENTED_EDGE('',*,*,#4265,.T.);
#4265 = EDGE_CURVE('',#4266,#4218,#4268,.T.);
#4266 = VERTEX_POINT('',#4267);
#4267 = CARTESIAN_POINT('',(15.842394436848,9.147445357936,
    -11.52603671421));
#4268 = B_SPLINE_CURVE_WITH_KNOTS('',3,(#4269,#4270,#4271,#4272,#4273,
    #4274,#4275,#4276,#4277,#4278),.UNSPECIFIED.,.F.,.F.,(4,1,1,1,1,1,1,
    4),(59.690260418206,60.120434243474,61.114397139793,62.108360036113,
    63.102322932432,64.096285828752,65.090248725071,65.973445725386),
  .UNSPECIFIED.);
#4269 = CARTESIAN_POINT('',(15.842394436848,9.147445357936,
    -11.52603671421));
#4270 = CARTESIAN_POINT('',(15.700773008588,9.407084895735,
    -11.54034229226));
#4271 = CARTESIAN_POINT('',(15.383191435613,10.352600193491,
    -11.48725492378));
#4272 = CARTESIAN_POINT('',(15.98456109379,11.999555949243,
    -10.81482577956));
#4273 = CARTESIAN_POINT('',(18.058797471506,12.280481910962,
    -9.824478026231));
#4274 = CARTESIAN_POINT('',(19.623318596422,10.581173533369,
    -9.660632313727));
#4275 = CARTESIAN_POINT('',(19.29909482209,8.471807494187,
    -10.55953250149));
#4276 = CARTESIAN_POINT('',(17.494310518535,7.917102907104,
    -11.74517108246));
#4277 = CARTESIAN_POINT('',(16.4316872511,8.791992118026,-12.10441870486
    ));
#4278 = CARTESIAN_POINT('',(16.14116354568,9.320522905162,
    -12.13497935242));
#4279 = ORIENTED_EDGE('',*,*,#4251,.T.);
#4280 = ORIENTED_EDGE('',*,*,#4281,.F.);
#4281 = EDGE_CURVE('',#4282,#4241,#4284,.T.);
#4282 = VERTEX_POINT('',#4283);
#4283 = CARTESIAN_POINT('',(15.864645637957,9.157938472219,
    -11.57902720091));
#4284 = B_SPLINE_CURVE_WITH_KNOTS('',3,(#4285,#4286,#4287,#4288,#4289,
    #4290,#4291,#4292,#4293,#4294),.UNSPECIFIED.,.F.,.F.,(4,1,1,1,1,1,1,
    4),(59.690260418206,60.565761923912,61.559724820231,62.553687716551,
    63.54765061287,64.54161350919,65.535576405509,65.973445725386),
  .UNSPECIFIED.);
#4285 = CARTESIAN_POINT('',(15.864645637957,9.157938472219,
    -11.57902720091));
#4286 = CARTESIAN_POINT('',(15.583159014708,9.685726098491,
    -11.60495384789));
#4287 = CARTESIAN_POINT('',(15.412608331187,11.070122158662,
    -11.3707532285));
#4288 = CARTESIAN_POINT('',(16.873106778791,12.418608163486,
    -10.37401664205));
#4289 = CARTESIAN_POINT('',(18.961047883945,11.716312251898,
    -9.660648231612));
#4290 = CARTESIAN_POINT('',(19.761615231842,9.571283976139,
    -10.00744765921));
#4291 = CARTESIAN_POINT('',(18.589552851126,7.958878564423,
    -11.18680697415));
#4292 = CARTESIAN_POINT('',(16.93523443116,8.293929486226,
    -12.02126616507));
#4293 = CARTESIAN_POINT('',(16.314140993215,9.070720504698,
    -12.16897122466));
#4294 = CARTESIAN_POINT('',(16.171196518863,9.335777315524,
    -12.18270448529));
#4295 = ORIENTED_EDGE('',*,*,#4296,.F.);
#4296 = EDGE_CURVE('',#4266,#4282,#4297,.T.);
#4297 = LINE('',#4298,#4299);
#4298 = CARTESIAN_POINT('',(12.986112526677,7.497535563004,
    -5.818852209629));
#4299 = VECTOR('',#4300,1.);
#4300 = DIRECTION('',(0.433012701892,0.25,-0.866025403784));
#4301 = CYLINDRICAL_SURFACE('',#4302,2.05475);
#4302 = AXIS2_PLACEMENT_3D('',#4303,#4304,#4305);
#4303 = CARTESIAN_POINT('',(14.527175026677,8.387268412217,
    -4.791477209629));
#4304 = DIRECTION('',(0.433012701892,0.25,-0.866025403784));
#4305 = DIRECTION('',(0.75,0.433012701892,0.5));
#4306 = ADVANCED_FACE('',(#4307),#4347,.F.);
#4307 = FACE_BOUND('',#4308,.F.);
#4308 = EDGE_LOOP('',(#4309,#4324,#4325,#4341));
#4309 = ORIENTED_EDGE('',*,*,#4310,.T.);
#4310 = EDGE_CURVE('',#4311,#4266,#4313,.T.);
#4311 = VERTEX_POINT('',#4312);
#4312 = CARTESIAN_POINT('',(15.538464225534,8.969008521361,
    -10.92122172081));
#4313 = B_SPLINE_CURVE_WITH_KNOTS('',3,(#4314,#4315,#4316,#4317,#4318,
    #4319,#4320,#4321,#4322,#4323),.UNSPECIFIED.,.F.,.F.,(4,1,1,1,1,1,1,
    4),(53.407075111027,54.156656865557,55.150619761876,56.144582658196,
    57.138545554515,58.132508450835,59.126471347154,59.690260418206),
  .UNSPECIFIED.);
#4314 = CARTESIAN_POINT('',(15.538464225534,8.969008521361,
    -10.92122172081));
#4315 = CARTESIAN_POINT('',(15.297262096525,9.422600345368,
    -10.94302502186));
#4316 = CARTESIAN_POINT('',(15.065083719779,10.675929923117,
    -10.77207430152));
#4317 = CARTESIAN_POINT('',(16.280458034754,12.158769437807,
    -9.853715681838));
#4318 = CARTESIAN_POINT('',(18.406360463569,11.728180888302,
    -9.042931450248));
#4319 = CARTESIAN_POINT('',(19.444904860701,9.668476613627,
    -9.246111435733));
#4320 = CARTESIAN_POINT('',(18.495386894322,7.877623139117,
    -10.36571206205));
#4321 = CARTESIAN_POINT('',(16.757704547254,7.990165616063,
    -11.3114854538));
#4322 = CARTESIAN_POINT('',(16.02800455255,8.807159814684,
    -11.50728771535));
#4323 = CARTESIAN_POINT('',(15.842394436848,9.147445357936,
    -11.52603671421));
#4324 = ORIENTED_EDGE('',*,*,#4296,.T.);
#4325 = ORIENTED_EDGE('',*,*,#4326,.F.);
#4326 = EDGE_CURVE('',#4327,#4282,#4329,.T.);
#4327 = VERTEX_POINT('',#4328);
#4328 = CARTESIAN_POINT('',(15.561160400154,8.986305510696,
    -10.97202561121));
#4329 = B_SPLINE_CURVE_WITH_KNOTS('',3,(#4330,#4331,#4332,#4333,#4334,
    #4335,#4336,#4337,#4338,#4339,#4340),.UNSPECIFIED.,.F.,.F.,(4,1,1,1,
    1,1,1,1,4),(53.407075111027,53.608021649675,54.601984545995,
    55.595947442314,56.589910338634,57.583873234954,58.577836131273,
    59.571799027592,59.690260418206),.UNSPECIFIED.);
#4330 = CARTESIAN_POINT('',(15.561160400154,8.986305510696,
    -10.97202561121));
#4331 = CARTESIAN_POINT('',(15.494711107541,9.106694737966,
    -10.97911369705));
#4332 = CARTESIAN_POINT('',(15.162143976637,9.857132333594,
    -10.98000366294));
#4333 = CARTESIAN_POINT('',(15.365237257165,11.476501238354,
    -10.50484681894));
#4334 = CARTESIAN_POINT('',(17.274940277435,12.256435896227,
    -9.452714341803));
#4335 = CARTESIAN_POINT('',(19.124860851734,10.926259262944,
    -9.039609748636));
#4336 = CARTESIAN_POINT('',(19.276556636415,8.720614701801,
    -9.728343372186));
#4337 = CARTESIAN_POINT('',(17.635679724727,7.670164007969,
    -10.97988759879));
#4338 = CARTESIAN_POINT('',(16.295055700623,8.436635923582,
    -11.51926250336));
#4339 = CARTESIAN_POINT('',(15.902732719032,9.086525167102,
    -11.5755191468));
#4340 = CARTESIAN_POINT('',(15.864645637957,9.157938472219,
    -11.57902720091));
#4341 = ORIENTED_EDGE('',*,*,#4342,.F.);
#4342 = EDGE_CURVE('',#4311,#4327,#4343,.T.);
#4343 = LINE('',#4344,#4345);
#4344 = CARTESIAN_POINT('',(12.986112526677,7.497535563004,
    -5.818852209629));
#4345 = VECTOR('',#4346,1.);
#4346 = DIRECTION('',(0.433012701892,0.25,-0.866025403784));
#4347 = CYLINDRICAL_SURFACE('',#4348,2.05475);
#4348 = AXIS2_PLACEMENT_3D('',#4349,#4350,#4351);
#4349 = CARTESIAN_POINT('',(14.527175026677,8.387268412217,
    -4.791477209629));
#4350 = DIRECTION('',(0.433012701892,0.25,-0.866025403784));
#4351 = DIRECTION('',(0.75,0.433012701892,0.5));
#4352 = ADVANCED_FACE('',(#4353),#4393,.F.);
#4353 = FACE_BOUND('',#4354,.F.);
#4354 = EDGE_LOOP('',(#4355,#4371,#4372,#4387));
#4355 = ORIENTED_EDGE('',*,*,#4356,.T.);
#4356 = EDGE_CURVE('',#4357,#4311,#4359,.T.);
#4357 = VERTEX_POINT('',#4358);
#4358 = CARTESIAN_POINT('',(15.231668992614,8.795041484736,
    -10.31654891812));
#4359 = B_SPLINE_CURVE_WITH_KNOTS('',3,(#4360,#4361,#4362,#4363,#4364,
    #4365,#4366,#4367,#4368,#4369,#4370),.UNSPECIFIED.,.F.,.F.,(4,1,1,1,
    1,1,1,1,4),(47.123889803847,47.19891659132,48.19287948764,
    49.186842383959,50.180805280279,51.174768176598,52.168731072918,
    53.162693969237,53.407075111027),.UNSPECIFIED.);
#4360 = CARTESIAN_POINT('',(15.231668992614,8.795041484736,
    -10.31654891812));
#4361 = CARTESIAN_POINT('',(15.207070269318,8.839947641219,
    -10.3191022229));
#4362 = CARTESIAN_POINT('',(14.878381938972,9.4920395837,-10.34104315116
    ));
#4363 = CARTESIAN_POINT('',(14.888485815269,11.051489815334,
    -9.974278458292));
#4364 = CARTESIAN_POINT('',(16.665586672005,12.090386672657,
    -8.91369111514));
#4365 = CARTESIAN_POINT('',(18.632944654526,10.994627244255,
    -8.374197399692));
#4366 = CARTESIAN_POINT('',(19.045328417415,8.78570812515,
    -8.933532317598));
#4367 = CARTESIAN_POINT('',(17.571374734466,7.497271929792,
    -10.17031542651));
#4368 = CARTESIAN_POINT('',(16.091729370306,8.117681550747,
    -10.8267651357));
#4369 = CARTESIAN_POINT('',(15.617101747503,8.821127003184,
    -10.91411333594));
#4370 = CARTESIAN_POINT('',(15.538464225534,8.969008521361,
    -10.92122172081));
#4371 = ORIENTED_EDGE('',*,*,#4342,.T.);
#4372 = ORIENTED_EDGE('',*,*,#4373,.F.);
#4373 = EDGE_CURVE('',#4374,#4327,#4376,.T.);
#4374 = VERTEX_POINT('',#4375);
#4375 = CARTESIAN_POINT('',(15.26200921068,8.811226159941,
    -10.36385188423));
#4376 = B_SPLINE_CURVE_WITH_KNOTS('',3,(#4377,#4378,#4379,#4380,#4381,
    #4382,#4383,#4384,#4385,#4386),.UNSPECIFIED.,.F.,.F.,(4,1,1,1,1,1,1,
    4),(47.123889803847,47.644244271759,48.638207168078,49.632170064397,
    50.626132960717,51.620095857037,52.614058753356,53.407075111027),
  .UNSPECIFIED.);
#4377 = CARTESIAN_POINT('',(15.26200921068,8.811226159941,
    -10.36385188423));
#4378 = CARTESIAN_POINT('',(15.091809785007,9.126046099042,
    -10.38038429964));
#4379 = CARTESIAN_POINT('',(14.789577868261,10.154330906077,
    -10.29959565225));
#4380 = CARTESIAN_POINT('',(15.559944071325,11.780003282217,
    -9.552679266493));
#4381 = CARTESIAN_POINT('',(17.670166948743,11.859517390994,
    -8.602480857065));
#4382 = CARTESIAN_POINT('',(19.099655443696,10.038790215473,
    -8.541202047377));
#4383 = CARTESIAN_POINT('',(18.592238894039,7.998498948749,
    -9.511758453574));
#4384 = CARTESIAN_POINT('',(16.78357790139,7.64453717504,-10.63751887198
    ));
#4385 = CARTESIAN_POINT('',(15.823396198554,8.511200902507,
    -10.9440531562));
#4386 = CARTESIAN_POINT('',(15.561160400154,8.986305510696,
    -10.97202561121));
#4387 = ORIENTED_EDGE('',*,*,#4388,.F.);
#4388 = EDGE_CURVE('',#4357,#4374,#4389,.T.);
#4389 = LINE('',#4390,#4391);
#4390 = CARTESIAN_POINT('',(12.986112526677,7.497535563004,
    -5.818852209629));
#4391 = VECTOR('',#4392,1.);
#4392 = DIRECTION('',(0.433012701892,0.25,-0.866025403784));
#4393 = CYLINDRICAL_SURFACE('',#4394,2.05475);
#4394 = AXIS2_PLACEMENT_3D('',#4395,#4396,#4397);
#4395 = CARTESIAN_POINT('',(14.527175026677,8.387268412217,
    -4.791477209629));
#4396 = DIRECTION('',(0.433012701892,0.25,-0.866025403784));
#4397 = DIRECTION('',(0.75,0.433012701892,0.5));
#4398 = ADVANCED_FACE('',(#4399),#4438,.F.);
#4399 = FACE_BOUND('',#4400,.F.);
#4400 = EDGE_LOOP('',(#4401,#4416,#4417,#4432));
#4401 = ORIENTED_EDGE('',*,*,#4402,.T.);
#4402 = EDGE_CURVE('',#4403,#4357,#4405,.T.);
#4403 = VERTEX_POINT('',#4404);
#4404 = CARTESIAN_POINT('',(14.93265044736,8.622605639545,
    -9.707545754706));
#4405 = B_SPLINE_CURVE_WITH_KNOTS('',3,(#4406,#4407,#4408,#4409,#4410,
    #4411,#4412,#4413,#4414,#4415),.UNSPECIFIED.,.F.,.F.,(4,1,1,1,1,1,1,
    4),(40.840704496667,41.235139213403,42.229102109723,43.223065006042,
    44.217027902362,45.210990798681,46.204953695001,47.123889803847),
  .UNSPECIFIED.);
#4406 = CARTESIAN_POINT('',(14.93265044736,8.622605639545,
    -9.707545754706));
#4407 = CARTESIAN_POINT('',(14.80252913054,8.860396389279,
    -9.720875945285));
#4408 = CARTESIAN_POINT('',(14.480473926562,9.774059889135,
    -9.677687680778));
#4409 = CARTESIAN_POINT('',(15.016468370446,11.424229996052,
    -9.03548570686));
#4410 = CARTESIAN_POINT('',(17.071881979549,11.784517888658,
    -8.031639521752));
#4411 = CARTESIAN_POINT('',(18.686533760366,10.137231505606,
    -7.827711025022));
#4412 = CARTESIAN_POINT('',(18.435892248986,8.005346093175,
    -8.69632086442));
#4413 = CARTESIAN_POINT('',(16.637860930718,7.368888139164,
    -9.903715650526));
#4414 = CARTESIAN_POINT('',(15.532956783674,8.245026082345,
    -10.28527576836));
#4415 = CARTESIAN_POINT('',(15.231668992614,8.795041484736,
    -10.31654891812));
#4416 = ORIENTED_EDGE('',*,*,#4388,.T.);
#4417 = ORIENTED_EDGE('',*,*,#4418,.F.);
#4418 = EDGE_CURVE('',#4419,#4374,#4421,.T.);
#4419 = VERTEX_POINT('',#4420);
#4420 = CARTESIAN_POINT('',(14.955928432762,8.632987918352,
    -9.760054844706));
#4421 = B_SPLINE_CURVE_WITH_KNOTS('',3,(#4422,#4423,#4424,#4425,#4426,
    #4427,#4428,#4429,#4430,#4431),.UNSPECIFIED.,.F.,.F.,(4,1,1,1,1,1,1,
    4),(40.840704496667,41.680466893841,42.674429790161,43.668392686481,
    44.6623555828,45.656318479119,46.650281375439,47.123889803847),
  .UNSPECIFIED.);
#4422 = CARTESIAN_POINT('',(14.955928432762,8.632987918352,
    -9.760054844706));
#4423 = CARTESIAN_POINT('',(14.686149584924,9.139892640897,
    -9.784623445439));
#4424 = CARTESIAN_POINT('',(14.496216677422,10.486676452283,
    -9.569439125435));
#4425 = CARTESIAN_POINT('',(15.887530356078,11.87734140703,
    -8.59358637583));
#4426 = CARTESIAN_POINT('',(17.989660919188,11.251192228683,
    -7.851141567945));
#4427 = CARTESIAN_POINT('',(18.858962745176,9.126893769567,
    -8.15758957389));
#4428 = CARTESIAN_POINT('',(17.748617580654,7.461146913887,
    -9.32148862925));
#4429 = CARTESIAN_POINT('',(16.067244070199,7.735677883946,
    -10.18847850421));
#4430 = CARTESIAN_POINT('',(15.416918772294,8.524688067575,
    -10.34880465822));
#4431 = CARTESIAN_POINT('',(15.26200921068,8.811226159941,
    -10.36385188423));
#4432 = ORIENTED_EDGE('',*,*,#4433,.F.);
#4433 = EDGE_CURVE('',#4403,#4419,#4434,.T.);
#4434 = LINE('',#4435,#4436);
#4435 = CARTESIAN_POINT('',(12.986112526677,7.497535563004,
    -5.818852209629));
#4436 = VECTOR('',#4437,1.);
#4437 = DIRECTION('',(0.433012701892,0.25,-0.866025403784));
#4438 = CYLINDRICAL_SURFACE('',#4439,2.05475);
#4439 = AXIS2_PLACEMENT_3D('',#4440,#4441,#4442);
#4440 = CARTESIAN_POINT('',(14.527175026677,8.387268412217,
    -4.791477209629));
#4441 = DIRECTION('',(0.433012701892,0.25,-0.866025403784));
#4442 = DIRECTION('',(0.75,0.433012701892,0.5));
#4443 = ADVANCED_FACE('',(#4444),#4484,.F.);
#4444 = FACE_BOUND('',#4445,.F.);
#4445 = EDGE_LOOP('',(#4446,#4461,#4462,#4478));
#4446 = ORIENTED_EDGE('',*,*,#4447,.T.);
#4447 = EDGE_CURVE('',#4448,#4403,#4450,.T.);
#4448 = VERTEX_POINT('',#4449);
#4449 = CARTESIAN_POINT('',(14.629639288341,8.444364282391,
    -9.102214805117));
#4450 = B_SPLINE_CURVE_WITH_KNOTS('',3,(#4451,#4452,#4453,#4454,#4455,
    #4456,#4457,#4458,#4459,#4460),.UNSPECIFIED.,.F.,.F.,(4,1,1,1,1,1,1,
    4),(34.557519189488,35.271361835486,36.265324731806,37.259287628125,
    38.253250524445,39.247213420764,40.241176317084,40.840704496667),
  .UNSPECIFIED.);
#4451 = CARTESIAN_POINT('',(14.629639288341,8.444364282391,
    -9.102214805117));
#4452 = CARTESIAN_POINT('',(14.399530589037,8.876589758599,
    -9.123106791057));
#4453 = CARTESIAN_POINT('',(14.153098151867,10.093564074399,
    -8.968245427482));
#4454 = CARTESIAN_POINT('',(15.298484018316,11.607267497902,
    -8.074438855438));
#4455 = CARTESIAN_POINT('',(17.429141381457,11.255301209665,
    -7.238580864831));
#4456 = CARTESIAN_POINT('',(18.532604099486,9.225922853137,
    -7.400547351365));
#4457 = CARTESIAN_POINT('',(17.649141948574,7.389526726871,
    -8.500267101075));
#4458 = CARTESIAN_POINT('',(15.893307725219,7.434223443441,
    -9.476234348561));
#4459 = CARTESIAN_POINT('',(15.13043069562,8.261171289928,
    -9.687284290508));
#4460 = CARTESIAN_POINT('',(14.93265044736,8.622605639545,
    -9.707545754706));
#4461 = ORIENTED_EDGE('',*,*,#4433,.T.);
#4462 = ORIENTED_EDGE('',*,*,#4463,.F.);
#4463 = EDGE_CURVE('',#4464,#4419,#4466,.T.);
#4464 = VERTEX_POINT('',#4465);
#4465 = CARTESIAN_POINT('',(14.651369365718,8.460866990356,
    -9.153731033418));
#4466 = B_SPLINE_CURVE_WITH_KNOTS('',3,(#4467,#4468,#4469,#4470,#4471,
    #4472,#4473,#4474,#4475,#4476,#4477),.UNSPECIFIED.,.F.,.F.,(4,1,1,1,
    1,1,1,1,4),(34.557519189488,34.722726619605,35.716689515925,
    36.710652412244,37.704615308564,38.698578204883,39.692541101203,
    40.686503997522,40.840704496667),.UNSPECIFIED.);
#4467 = CARTESIAN_POINT('',(14.651369365718,8.460866990356,
    -9.153731033418));
#4468 = CARTESIAN_POINT('',(14.596822554826,8.5597754888,-9.159536297094
    ));
#4469 = CARTESIAN_POINT('',(14.264571353729,9.281701538483,
    -9.166966338857));
#4470 = CARTESIAN_POINT('',(14.410776172113,10.887039317787,
    -8.722771629375));
#4471 = CARTESIAN_POINT('',(16.285755957982,11.741866696389,
    -7.666381103201));
#4472 = CARTESIAN_POINT('',(18.171999477802,10.476194038011,
    -7.216494343636));
#4473 = CARTESIAN_POINT('',(18.398029107118,8.266012384907,-7.8693707905
    ));
#4474 = CARTESIAN_POINT('',(16.801925081724,7.146112347638,
    -9.118576872523));
#4475 = CARTESIAN_POINT('',(15.420214099086,7.874425210933,
    -9.691043359516));
#4476 = CARTESIAN_POINT('',(15.00546629387,8.539908064457,-9.75554346088
    ));
#4477 = CARTESIAN_POINT('',(14.955928432762,8.632987918352,
    -9.760054844706));
#4478 = ORIENTED_EDGE('',*,*,#4479,.F.);
#4479 = EDGE_CURVE('',#4448,#4464,#4480,.T.);
#4480 = LINE('',#4481,#4482);
#4481 = CARTESIAN_POINT('',(12.986112526677,7.497535563004,
    -5.818852209629));
#4482 = VECTOR('',#4483,1.);
#4483 = DIRECTION('',(0.433012701892,0.25,-0.866025403784));
#4484 = CYLINDRICAL_SURFACE('',#4485,2.05475);
#4485 = AXIS2_PLACEMENT_3D('',#4486,#4487,#4488);
#4486 = CARTESIAN_POINT('',(14.527175026677,8.387268412217,
    -4.791477209629));
#4487 = DIRECTION('',(0.433012701892,0.25,-0.866025403784));
#4488 = DIRECTION('',(0.75,0.433012701892,0.5));
#4489 = ADVANCED_FACE('',(#4490),#4530,.F.);
#4490 = FACE_BOUND('',#4491,.F.);
#4491 = EDGE_LOOP('',(#4492,#4508,#4509,#4524));
#4492 = ORIENTED_EDGE('',*,*,#4493,.T.);
#4493 = EDGE_CURVE('',#4494,#4448,#4496,.T.);
#4494 = VERTEX_POINT('',#4495);
#4495 = CARTESIAN_POINT('',(14.322286923996,8.269537396919,
    -8.498068785118));
#4496 = B_SPLINE_CURVE_WITH_KNOTS('',3,(#4497,#4498,#4499,#4500,#4501,
    #4502,#4503,#4504,#4505,#4506,#4507),.UNSPECIFIED.,.F.,.F.,(4,1,1,1,
    1,1,1,1,4),(28.274333882308,28.31362156125,29.307584457569,
    30.301547353889,31.295510250208,32.289473146528,33.283436042847,
    34.277398939167,34.557519189488),.UNSPECIFIED.);
#4497 = CARTESIAN_POINT('',(14.322286923996,8.269537396919,
    -8.498068785118));
#4498 = CARTESIAN_POINT('',(14.30945761689,8.293068476319,
    -8.499375301474));
#4499 = CARTESIAN_POINT('',(13.983223682971,8.918281352888,
    -8.526315815901));
#4500 = CARTESIAN_POINT('',(13.942527673605,10.45563208601,
    -8.189798107986));
#4501 = CARTESIAN_POINT('',(15.676901906328,11.56528428594,
    -7.13014876879));
#4502 = CARTESIAN_POINT('',(17.672122741064,10.539468016596,
    -6.556532776379));
#4503 = CARTESIAN_POINT('',(18.157623816539,8.336083993648,
    -7.077711193365));
#4504 = CARTESIAN_POINT('',(16.735559934164,6.983741892021,
    -8.306997448091));
#4505 = CARTESIAN_POINT('',(15.219661082668,7.55685605647,
    -8.996759456806));
#4506 = CARTESIAN_POINT('',(14.719936648427,8.274753921804,
    -9.094016544108));
#4507 = CARTESIAN_POINT('',(14.629639288341,8.444364282391,
    -9.102214805117));
#4508 = ORIENTED_EDGE('',*,*,#4479,.T.);
#4509 = ORIENTED_EDGE('',*,*,#4510,.F.);
#4510 = EDGE_CURVE('',#4511,#4464,#4513,.T.);
#4511 = VERTEX_POINT('',#4512);
#4512 = CARTESIAN_POINT('',(14.35250083637,8.286578735057,
    -8.545187606784));
#4513 = B_SPLINE_CURVE_WITH_KNOTS('',3,(#4514,#4515,#4516,#4517,#4518,
    #4519,#4520,#4521,#4522,#4523),.UNSPECIFIED.,.F.,.F.,(4,1,1,1,1,1,1,
    4),(28.274333882308,28.758949241688,29.752912138008,30.746875034327,
    31.740837930647,32.734800826966,33.728763723286,34.557519189488),
  .UNSPECIFIED.);
#4514 = CARTESIAN_POINT('',(14.35250083637,8.286578735057,
    -8.545187606784));
#4515 = CARTESIAN_POINT('',(14.193553562391,8.579533786364,
    -8.56087326219));
#4516 = CARTESIAN_POINT('',(13.884512787851,9.574607603796,
    -8.49154369701));
#4517 = CARTESIAN_POINT('',(14.587277273135,11.210998560412,
    -7.773801448891));
#4518 = CARTESIAN_POINT('',(16.685234671471,11.370480816962,
    -6.806650963181));
#4519 = CARTESIAN_POINT('',(18.169634897452,9.59611674097,
    -6.704532413982));
#4520 = CARTESIAN_POINT('',(17.734378325218,7.526427688965,
    -7.64749524109));
#4521 = CARTESIAN_POINT('',(15.924951728628,7.093833659822,
    -8.797870171977));
#4522 = CARTESIAN_POINT('',(14.925000930949,7.964697062154,
    -9.124609195494));
#4523 = CARTESIAN_POINT('',(14.651369365718,8.460866990356,
    -9.153731033418));
#4524 = ORIENTED_EDGE('',*,*,#4525,.F.);
#4525 = EDGE_CURVE('',#4494,#4511,#4526,.T.);
#4526 = LINE('',#4527,#4528);
#4527 = CARTESIAN_POINT('',(12.986112526677,7.497535563004,
    -5.818852209629));
#4528 = VECTOR('',#4529,1.);
#4529 = DIRECTION('',(0.433012701892,0.25,-0.866025403784));
#4530 = CYLINDRICAL_SURFACE('',#4531,2.05475);
#4531 = AXIS2_PLACEMENT_3D('',#4532,#4533,#4534);
#4532 = CARTESIAN_POINT('',(14.527175026677,8.387268412217,
    -4.791477209629));
#4533 = DIRECTION('',(0.433012701892,0.25,-0.866025403784));
#4534 = DIRECTION('',(0.75,0.433012701892,0.5));
#4535 = ADVANCED_FACE('',(#4536),#4575,.F.);
#4536 = FACE_BOUND('',#4537,.F.);
#4537 = EDGE_LOOP('',(#4538,#4553,#4554,#4569));
#4538 = ORIENTED_EDGE('',*,*,#4539,.T.);
#4539 = EDGE_CURVE('',#4540,#4494,#4542,.T.);
#4540 = VERTEX_POINT('',#4541);
#4541 = CARTESIAN_POINT('',(14.022843366089,8.097667962485,
    -7.889114619324));
#4542 = B_SPLINE_CURVE_WITH_KNOTS('',3,(#4543,#4544,#4545,#4546,#4547,
    #4548,#4549,#4550,#4551,#4552),.UNSPECIFIED.,.F.,.F.,(4,1,1,1,1,1,1,
    4),(21.991148575128,22.349844183333,23.343807079652,24.337769975972,
    25.331732872291,26.325695768611,27.31965866493,28.274333882308),
  .UNSPECIFIED.);
#4543 = CARTESIAN_POINT('',(14.022843366089,8.097667962485,
    -7.889114619324));
#4544 = CARTESIAN_POINT('',(13.904314882883,8.313647774409,
    -7.90141213492));
#4545 = CARTESIAN_POINT('',(13.57861632703,9.196006812205,
    -7.867549832564));
#4546 = CARTESIAN_POINT('',(14.050335828039,10.846507504987,
    -7.255857364581));
#4547 = CARTESIAN_POINT('',(16.084333902106,11.285727749432,
    -6.239933139699));
#4548 = CARTESIAN_POINT('',(17.7471467648,9.692625725803,-5.996282424781
    ));
#4549 = CARTESIAN_POINT('',(17.570420434181,7.540926594375,
    -6.833654401797));
#4550 = CARTESIAN_POINT('',(15.782332654553,6.821837403021,
    -8.061463535729));
#4551 = CARTESIAN_POINT('',(14.634034064065,7.697741379793,
    -8.46632094916));
#4552 = CARTESIAN_POINT('',(14.322286923996,8.269537396919,
    -8.498068785118));
#4553 = ORIENTED_EDGE('',*,*,#4525,.T.);
#4554 = ORIENTED_EDGE('',*,*,#4555,.F.);
#4555 = EDGE_CURVE('',#4556,#4511,#4558,.T.);
#4556 = VERTEX_POINT('',#4557);
#4557 = CARTESIAN_POINT('',(14.047219623144,8.108139206399,
    -7.941048891483));
#4558 = B_SPLINE_CURVE_WITH_KNOTS('',3,(#4559,#4560,#4561,#4562,#4563,
    #4564,#4565,#4566,#4567,#4568),.UNSPECIFIED.,.F.,.F.,(4,1,1,1,1,1,1,
    4),(21.991148575128,22.795171863771,23.789134760091,24.78309765641,
    25.77706055273,26.771023449049,27.764986345369,28.274333882308),
  .UNSPECIFIED.);
#4559 = CARTESIAN_POINT('',(14.047219623144,8.108139206399,
    -7.941048891483));
#4560 = CARTESIAN_POINT('',(13.788899743402,8.594021806777,
    -7.96442403853));
#4561 = CARTESIAN_POINT('',(13.581105502149,9.903502460657,
    -7.767406345831));
#4562 = CARTESIAN_POINT('',(14.902892032296,11.33314313343,
    -6.813533316248));
#4563 = CARTESIAN_POINT('',(17.016453080444,10.78395025324,
    -6.043157896116));
#4564 = CARTESIAN_POINT('',(17.953703706753,8.683183366116,
    -6.308838522189));
#4565 = CARTESIAN_POINT('',(16.906040312935,6.966151490058,
    -7.456201402357));
#4566 = CARTESIAN_POINT('',(15.200608572704,7.178111589381,
    -8.354815580322));
#4567 = CARTESIAN_POINT('',(14.519559929601,7.978672823844,
    -8.528701439369));
#4568 = CARTESIAN_POINT('',(14.35250083637,8.286578735057,
    -8.545187606784));
#4569 = ORIENTED_EDGE('',*,*,#4570,.F.);
#4570 = EDGE_CURVE('',#4540,#4556,#4571,.T.);
#4571 = LINE('',#4572,#4573);
#4572 = CARTESIAN_POINT('',(12.986112526677,7.497535563004,
    -5.818852209629));
#4573 = VECTOR('',#4574,1.);
#4574 = DIRECTION('',(0.433012701892,0.25,-0.866025403784));
#4575 = CYLINDRICAL_SURFACE('',#4576,2.05475);
#4576 = AXIS2_PLACEMENT_3D('',#4577,#4578,#4579);
#4577 = CARTESIAN_POINT('',(14.527175026677,8.387268412217,
    -4.791477209629));
#4578 = DIRECTION('',(0.433012701892,0.25,-0.866025403784));
#4579 = DIRECTION('',(0.75,0.433012701892,0.5));
#4580 = ADVANCED_FACE('',(#4581),#4620,.F.);
#4581 = FACE_BOUND('',#4582,.F.);
#4582 = EDGE_LOOP('',(#4583,#4595,#4604,#4614));
#4583 = ORIENTED_EDGE('',*,*,#4584,.F.);
#4584 = EDGE_CURVE('',#4585,#4587,#4589,.T.);
#4585 = VERTEX_POINT('',#4586);
#4586 = CARTESIAN_POINT('',(16.58940631908,7.281620056074,
    -5.864615505183));
#4587 = VERTEX_POINT('',#4588);
#4588 = CARTESIAN_POINT('',(13.741688452995,7.93533112743,
    -7.335409495148));
#4589 = B_SPLINE_CURVE_WITH_KNOTS('',3,(#4590,#4591,#4592,#4593,#4594),
  .UNSPECIFIED.,.F.,.F.,(4,1,4),(13.876192869531,14.843468693215,
    15.707963267949),.UNSPECIFIED.);
#4590 = CARTESIAN_POINT('',(16.589409172454,7.281617336525,
    -5.864614863562));
#4591 = CARTESIAN_POINT('',(16.211265340475,6.868059040128,
    -6.214548662872));
#4592 = CARTESIAN_POINT('',(15.051931017203,6.55723324347,
    -6.962491899337));
#4593 = CARTESIAN_POINT('',(14.026412402994,7.418088523781,
    -7.305292088676));
#4594 = CARTESIAN_POINT('',(13.741688452995,7.93533112743,
    -7.335409495148));
#4595 = ORIENTED_EDGE('',*,*,#4596,.T.);
#4596 = EDGE_CURVE('',#4585,#4597,#4599,.T.);
#4597 = VERTEX_POINT('',#4598);
#4598 = CARTESIAN_POINT('',(15.791539809271,6.824967897171,
    -6.395372883521));
#4599 = CIRCLE('',#4600,2.05475);
#4600 = AXIS2_PLACEMENT_3D('',#4601,#4602,#4603);
#4601 = CARTESIAN_POINT('',(15.196580309326,8.773749732351,
    -6.130287774927));
#4602 = DIRECTION('',(0.433012701892,0.25,-0.866025403784));
#4603 = DIRECTION('',(0.75,0.433012701892,0.5));
#4604 = ORIENTED_EDGE('',*,*,#4605,.T.);
#4605 = EDGE_CURVE('',#4597,#4606,#4608,.T.);
#4606 = VERTEX_POINT('',#4607);
#4607 = CARTESIAN_POINT('',(13.721464532137,7.919377942183,
    -7.282981555043));
#4608 = B_SPLINE_CURVE_WITH_KNOTS('',3,(#4609,#4610,#4611,#4612,#4613),
  .UNSPECIFIED.,.F.,.F.,(4,1,4),(14.398141012777,15.392103909096,
    15.707963267949),.UNSPECIFIED.);
#4609 = CARTESIAN_POINT('',(15.791539809271,6.824967897171,
    -6.395372883521));
#4610 = CARTESIAN_POINT('',(15.226397496473,6.701513495343,
    -6.756204514429));
#4611 = CARTESIAN_POINT('',(14.348947184585,6.996334219544,
    -7.165988924799));
#4612 = CARTESIAN_POINT('',(13.823568909584,7.728044378354,
    -7.273618200388));
#4613 = CARTESIAN_POINT('',(13.721464532137,7.919377942183,
    -7.282981555043));
#4614 = ORIENTED_EDGE('',*,*,#4615,.T.);
#4615 = EDGE_CURVE('',#4606,#4587,#4616,.T.);
#4616 = LINE('',#4617,#4618);
#4617 = CARTESIAN_POINT('',(12.986112526677,7.497535563004,
    -5.818852209629));
#4618 = VECTOR('',#4619,1.);
#4619 = DIRECTION('',(0.433012701892,0.25,-0.866025403784));
#4620 = CYLINDRICAL_SURFACE('',#4621,2.05475);
#4621 = AXIS2_PLACEMENT_3D('',#4622,#4623,#4624);
#4622 = CARTESIAN_POINT('',(14.527175026677,8.387268412217,
    -4.791477209629));
#4623 = DIRECTION('',(0.433012701892,0.25,-0.866025403784));
#4624 = DIRECTION('',(-6.050876310254E-02,-0.950539891093,-0.30465161255
    ));
#4625 = ADVANCED_FACE('',(#4626),#4668,.F.);
#4626 = FACE_BOUND('',#4627,.F.);
#4627 = EDGE_LOOP('',(#4628,#4642,#4651,#4662));
#4628 = ORIENTED_EDGE('',*,*,#4629,.T.);
#4629 = EDGE_CURVE('',#4630,#4632,#4634,.T.);
#4630 = VERTEX_POINT('',#4631);
#4631 = CARTESIAN_POINT('',(1.226268427206E-03,-18.63892102673,
    -12.13497825721));
#4632 = VERTEX_POINT('',#4633);
#4633 = CARTESIAN_POINT('',(0.155285462061,-22.36879485931,
    -10.37595110838));
#4634 = B_SPLINE_CURVE_WITH_KNOTS('',3,(#4635,#4636,#4637,#4638,#4639,
    #4640,#4641),.UNSPECIFIED.,.F.,.F.,(4,1,1,1,4),(65.973445725386,
    66.084211621391,67.07817451771,68.07213741403,69.039413237714),
  .UNSPECIFIED.);
#4635 = CARTESIAN_POINT('',(1.226268427206E-03,-18.63892102673,
    -12.13497825721));
#4636 = CARTESIAN_POINT('',(7.684909750845E-02,-18.64050934778,
    -12.13881100711));
#4637 = CARTESIAN_POINT('',(0.83053114314,-18.69397296826,
    -12.15531579736));
#4638 = CARTESIAN_POINT('',(2.167093281507,-19.53832865562,
    -11.75782109834));
#4639 = CARTESIAN_POINT('',(2.095840470871,-21.57646892621,
    -10.70782266781));
#4640 = CARTESIAN_POINT('',(0.813001781546,-22.3066626761,
    -10.37034525464));
#4641 = CARTESIAN_POINT('',(0.155285505713,-22.36879808978,
    -10.37594924327));
#4642 = ORIENTED_EDGE('',*,*,#4643,.T.);
#4643 = EDGE_CURVE('',#4632,#4644,#4646,.T.);
#4644 = VERTEX_POINT('',#4645);
#4645 = CARTESIAN_POINT('',(1.156080344331,-22.06233982561,
    -10.55288300459));
#4646 = CIRCLE('',#4647,2.05475);
#4647 = AXIS2_PLACEMENT_3D('',#4648,#4649,#4650);
#4648 = CARTESIAN_POINT('',(-1.26085038737E-15,-20.5912494647,
    -11.40221742046));
#4649 = DIRECTION('',(3.061616997868E-17,0.5,0.866025403784));
#4650 = DIRECTION('',(-2.703884704078E-14,-0.866025403784,0.5));
#4651 = ORIENTED_EDGE('',*,*,#4652,.F.);
#4652 = EDGE_CURVE('',#4653,#4644,#4655,.T.);
#4653 = VERTEX_POINT('',#4654);
#4654 = CARTESIAN_POINT('',(-5.811289327978E-04,-18.67255589059,
    -12.18270434794));
#4655 = B_SPLINE_CURVE_WITH_KNOTS('',3,(#4656,#4657,#4658,#4659,#4660,
    #4661),.UNSPECIFIED.,.F.,.F.,(4,1,1,4),(65.973445725386,
    66.529539301829,67.523502198148,68.517465094468),.UNSPECIFIED.);
#4656 = CARTESIAN_POINT('',(-5.811289327979E-04,-18.67255589059,
    -12.18270434794));
#4657 = CARTESIAN_POINT('',(0.38170868903,-18.68364514169,
    -12.20014789028));
#4658 = CARTESIAN_POINT('',(1.44876585349,-18.95935113987,
    -12.10743714091));
#4659 = CARTESIAN_POINT('',(2.424385513147,-20.49505089923,
    -11.3298909128));
#4660 = CARTESIAN_POINT('',(1.718884941628,-21.71216696988,
    -10.71243313866));
#4661 = CARTESIAN_POINT('',(1.156080344331,-22.06233982561,
    -10.55288300459));
#4662 = ORIENTED_EDGE('',*,*,#4663,.F.);
#4663 = EDGE_CURVE('',#4630,#4653,#4664,.T.);
#4664 = LINE('',#4665,#4666);
#4665 = CARTESIAN_POINT('',(5.478256111664E-14,-14.995071126,
    -5.818852209629));
#4666 = VECTOR('',#4667,1.);
#4667 = DIRECTION('',(-3.061616997877E-17,-0.5,-0.866025403784));
#4668 = CYLINDRICAL_SURFACE('',#4669,2.05475);
#4669 = AXIS2_PLACEMENT_3D('',#4670,#4671,#4672);
#4670 = CARTESIAN_POINT('',(-1.027144141461E-15,-16.77453682443,
    -4.791477209629));
#4671 = DIRECTION('',(-3.061616997868E-17,-0.5,-0.866025403784));
#4672 = DIRECTION('',(0.999281979666,3.281225130976E-02,
    -1.894416212641E-02));
#4673 = ADVANCED_FACE('',(#4674),#4713,.F.);
#4674 = FACE_BOUND('',#4675,.F.);
#4675 = EDGE_LOOP('',(#4676,#4691,#4692,#4707));
#4676 = ORIENTED_EDGE('',*,*,#4677,.T.);
#4677 = EDGE_CURVE('',#4678,#4630,#4680,.T.);
#4678 = VERTEX_POINT('',#4679);
#4679 = CARTESIAN_POINT('',(7.228108864264E-04,-18.29364191685,
    -11.52603486738));
#4680 = B_SPLINE_CURVE_WITH_KNOTS('',3,(#4681,#4682,#4683,#4684,#4685,
    #4686,#4687,#4688,#4689,#4690),.UNSPECIFIED.,.F.,.F.,(4,1,1,1,1,1,1,
    4),(59.690260418206,60.120434243474,61.114397139793,62.108360036113,
    63.102322932432,64.096285828752,65.090248725071,65.973445725386),
  .UNSPECIFIED.);
#4681 = CARTESIAN_POINT('',(7.228108864266E-04,-18.29364191685,
    -11.52603486738));
#4682 = CARTESIAN_POINT('',(0.296387411268,-18.30081391784,
    -11.54034045311));
#4683 = CARTESIAN_POINT('',(1.274016667888,-18.4985375194,
    -11.48725327941));
#4684 = CARTESIAN_POINT('',(2.399635601693,-19.84281479614,
    -10.81482529115));
#4685 = CARTESIAN_POINT('',(1.605807215511,-21.77961495652,
    -9.824479972527));
#4686 = CARTESIAN_POINT('',(-0.648092239989,-22.28487636621,
    -9.660633936964));
#4687 = CARTESIAN_POINT('',(-2.312744163031,-20.94940748639,
    -10.55953402955));
#4688 = CARTESIAN_POINT('',(-1.890737028147,-19.10907342691,
    -11.74516840204));
#4689 = CARTESIAN_POINT('',(-0.601755860628,-18.62625647531,
    -12.10441764842));
#4690 = CARTESIAN_POINT('',(1.226268427206E-03,-18.63892102673,
    -12.13497825721));
#4691 = ORIENTED_EDGE('',*,*,#4663,.T.);
#4692 = ORIENTED_EDGE('',*,*,#4693,.F.);
#4693 = EDGE_CURVE('',#4694,#4653,#4696,.T.);
#4694 = VERTEX_POINT('',#4695);
#4695 = CARTESIAN_POINT('',(-1.31545744775E-03,-18.31815893377,
    -11.57902514949));
#4696 = B_SPLINE_CURVE_WITH_KNOTS('',3,(#4697,#4698,#4699,#4700,#4701,
    #4702,#4703,#4704,#4705,#4706),.UNSPECIFIED.,.F.,.F.,(4,1,1,1,1,1,1,
    4),(59.690260418206,60.565761923912,61.559724820231,62.553687716551,
    63.54765061287,64.54161350919,65.535576405509,65.973445725386),
  .UNSPECIFIED.);
#4697 = CARTESIAN_POINT('',(-1.31545744775E-03,-18.31815893377,
    -11.57902514949));
#4698 = CARTESIAN_POINT('',(0.596504177834,-18.33827797029,
    -11.60495191774));
#4699 = CARTESIAN_POINT('',(1.880699147886,-18.88277282765,
    -11.37075242313));
#4700 = CARTESIAN_POINT('',(2.318272531429,-20.82184407006,
    -10.37401613564));
#4701 = CARTESIAN_POINT('',(0.66609820486,-22.27889779432,
    -9.660652551054));
#4702 = CARTESIAN_POINT('',(-1.591827985609,-21.89970586238,
    -10.00744589037));
#4703 = CARTESIAN_POINT('',(-2.402184238758,-20.07845461191,
    -11.18681256542));
#4704 = CARTESIAN_POINT('',(-1.284855363759,-18.81332285756,
    -12.02125757523));
#4705 = CARTESIAN_POINT('',(-0.301596982519,-18.66382418959,
    -12.16896926387));
#4706 = CARTESIAN_POINT('',(-5.811289327979E-04,-18.67255589059,
    -12.18270434794));
#4707 = ORIENTED_EDGE('',*,*,#4708,.F.);
#4708 = EDGE_CURVE('',#4678,#4694,#4709,.T.);
#4709 = LINE('',#4710,#4711);
#4710 = CARTESIAN_POINT('',(5.478256111664E-14,-14.995071126,
    -5.818852209629));
#4711 = VECTOR('',#4712,1.);
#4712 = DIRECTION('',(-3.061616997877E-17,-0.5,-0.866025403784));
#4713 = CYLINDRICAL_SURFACE('',#4714,2.05475);
#4714 = AXIS2_PLACEMENT_3D('',#4715,#4716,#4717);
#4715 = CARTESIAN_POINT('',(-1.027144141461E-15,-16.77453682443,
    -4.791477209629));
#4716 = DIRECTION('',(-3.061616997868E-17,-0.5,-0.866025403784));
#4717 = DIRECTION('',(-2.703884704078E-14,-0.866025403784,0.5));
#4718 = ADVANCED_FACE('',(#4719),#4759,.F.);
#4719 = FACE_BOUND('',#4720,.F.);
#4720 = EDGE_LOOP('',(#4721,#4736,#4737,#4753));
#4721 = ORIENTED_EDGE('',*,*,#4722,.T.);
#4722 = EDGE_CURVE('',#4723,#4678,#4725,.T.);
#4723 = VERTEX_POINT('',#4724);
#4724 = CARTESIAN_POINT('',(-1.84288315972E-03,-17.94121225563,
    -10.92121985029));
#4725 = B_SPLINE_CURVE_WITH_KNOTS('',3,(#4726,#4727,#4728,#4729,#4730,
    #4731,#4732,#4733,#4734,#4735),.UNSPECIFIED.,.F.,.F.,(4,1,1,1,1,1,1,
    4),(53.407075111027,54.156656865557,55.150619761876,56.144582658196,
    57.138545554515,58.132508450835,59.126471347154,59.690260418206),
  .UNSPECIFIED.);
#4726 = CARTESIAN_POINT('',(-1.84288315972E-03,-17.94121225563,
    -10.92121985029));
#4727 = CARTESIAN_POINT('',(0.511579288465,-17.95912098837,
    -10.94302315601));
#4728 = CARTESIAN_POINT('',(1.713081541004,-18.38471268612,
    -10.77207285059));
#4729 = CARTESIAN_POINT('',(2.389569848788,-20.17867431302,
    -9.853716056666));
#4730 = CARTESIAN_POINT('',(0.953720610845,-21.80446266456,
    -9.042933489592));
#4731 = CARTESIAN_POINT('',(-1.349303590998,-21.67401673926,
    -9.246113255014));
#4732 = CARTESIAN_POINT('',(-2.4254673065,-19.95628647263,
    -10.36571206218));
#4733 = CARTESIAN_POINT('',(-1.459163160639,-18.50768349908,
    -11.3114838118));
#4734 = CARTESIAN_POINT('',(-0.386777452033,-18.28424223806,
    -11.50728585845));
#4735 = CARTESIAN_POINT('',(7.228108864266E-04,-18.29364191685,
    -11.52603486738));
#4736 = ORIENTED_EDGE('',*,*,#4708,.T.);
#4737 = ORIENTED_EDGE('',*,*,#4738,.F.);
#4738 = EDGE_CURVE('',#4739,#4694,#4741,.T.);
#4739 = VERTEX_POINT('',#4740);
#4740 = CARTESIAN_POINT('',(1.788654363691E-03,-17.96951641241,
    -10.97202362618));
#4741 = B_SPLINE_CURVE_WITH_KNOTS('',3,(#4742,#4743,#4744,#4745,#4746,
    #4747,#4748,#4749,#4750,#4751,#4752),.UNSPECIFIED.,.F.,.F.,(4,1,1,1,
    1,1,1,1,4),(53.407075111027,53.608021649675,54.601984545995,
    55.595947442314,56.589910338634,57.583873234953,58.577836131273,
    59.571799027592,59.690260418206),.UNSPECIFIED.);
#4742 = CARTESIAN_POINT('',(1.788654363691E-03,-17.96951641241,
    -10.97202362618));
#4743 = CARTESIAN_POINT('',(0.139273164704,-17.97216425279,
    -10.97911171074));
#4744 = CARTESIAN_POINT('',(0.955453178203,-18.05937133988,
    -10.98000174989));
#4745 = CARTESIAN_POINT('',(2.256318642366,-19.04493787189,
    -10.50484598014));
#4746 = CARTESIAN_POINT('',(1.976910891717,-21.08875279249,
    -9.452715660899));
#4747 = CARTESIAN_POINT('',(-0.10001213838,-22.0257408121,
    -9.039612150883));
#4748 = CARTESIAN_POINT('',(-2.086000431499,-21.05429323447,
    -9.728344446665));
#4749 = CARTESIAN_POINT('',(-2.175278788358,-19.10803007953,
    -10.97988677841));
#4750 = CARTESIAN_POINT('',(-0.841185179606,-18.33025388233,
    -11.51926035116));
#4751 = CARTESIAN_POINT('',(-8.220457627863E-02,-18.3154366894,
    -11.57551707897));
#4752 = CARTESIAN_POINT('',(-1.31545744775E-03,-18.31815893377,
    -11.57902514949));
#4753 = ORIENTED_EDGE('',*,*,#4754,.F.);
#4754 = EDGE_CURVE('',#4723,#4739,#4755,.T.);
#4755 = LINE('',#4756,#4757);
#4756 = CARTESIAN_POINT('',(5.478256111664E-14,-14.995071126,
    -5.818852209629));
#4757 = VECTOR('',#4758,1.);
#4758 = DIRECTION('',(-3.061616997877E-17,-0.5,-0.866025403784));
#4759 = CYLINDRICAL_SURFACE('',#4760,2.05475);
#4760 = AXIS2_PLACEMENT_3D('',#4761,#4762,#4763);
#4761 = CARTESIAN_POINT('',(-1.027144141461E-15,-16.77453682443,
    -4.791477209629));
#4762 = DIRECTION('',(-3.061616997868E-17,-0.5,-0.866025403784));
#4763 = DIRECTION('',(-2.703884704078E-14,-0.866025403784,0.5));
#4764 = ADVANCED_FACE('',(#4765),#4805,.F.);
#4765 = FACE_BOUND('',#4766,.F.);
#4766 = EDGE_LOOP('',(#4767,#4783,#4784,#4799));
#4767 = ORIENTED_EDGE('',*,*,#4768,.T.);
#4768 = EDGE_CURVE('',#4769,#4723,#4771,.T.);
#4769 = VERTEX_POINT('',#4770);
#4770 = CARTESIAN_POINT('',(8.948551927473E-04,-17.58853627672,
    -10.31654704478));
#4771 = B_SPLINE_CURVE_WITH_KNOTS('',3,(#4772,#4773,#4774,#4775,#4776,
    #4777,#4778,#4779,#4780,#4781,#4782),.UNSPECIFIED.,.F.,.F.,(4,1,1,1,
    1,1,1,1,4),(47.123889803847,47.19891659132,48.19287948764,
    49.186842383959,50.180805280279,51.174768176598,52.168731072918,
    53.162693969237,53.407075111027),.UNSPECIFIED.);
#4772 = CARTESIAN_POINT('',(8.948551927475E-04,-17.58853627672,
    -10.31654704478));
#4773 = CARTESIAN_POINT('',(5.208399593141E-02,-17.58968623613,
    -10.31910034931));
#4774 = CARTESIAN_POINT('',(0.781155021327,-17.63107972413,
    -10.34104130022));
#4775 = CARTESIAN_POINT('',(2.126624149683,-18.41955368739,
    -9.974277396069));
#4776 = CARTESIAN_POINT('',(2.13778477153,-20.47801295597,
    -8.913692158575));
#4777 = CARTESIAN_POINT('',(0.205153797611,-21.63391322843,
    -8.37419960045));
#4778 = CARTESIAN_POINT('',(-1.91401429644,-20.88658994636,
    -8.933533673859));
#4779 = CARTESIAN_POINT('',(-2.292855242712,-18.96589411142,
    -10.17031470652));
#4780 = CARTESIAN_POINT('',(-1.015744391865,-17.9946902947,
    -10.82676334949));
#4781 = CARTESIAN_POINT('',(-0.169230490667,-17.9353735909,
    -10.91411146389));
#4782 = CARTESIAN_POINT('',(-1.84288315972E-03,-17.94121225563,
    -10.92121985029));
#4783 = ORIENTED_EDGE('',*,*,#4754,.T.);
#4784 = ORIENTED_EDGE('',*,*,#4785,.F.);
#4785 = EDGE_CURVE('',#4786,#4739,#4788,.T.);
#4786 = VERTEX_POINT('',#4787);
#4787 = CARTESIAN_POINT('',(-2.589118531624E-04,-17.62290419497,
    -10.36384990636));
#4788 = B_SPLINE_CURVE_WITH_KNOTS('',3,(#4789,#4790,#4791,#4792,#4793,
    #4794,#4795,#4796,#4797,#4798),.UNSPECIFIED.,.F.,.F.,(4,1,1,1,1,1,1,
    4),(47.123889803847,47.644244271759,48.638207168078,49.632170064397,
    50.626132960717,51.620095857037,52.614058753356,53.407075111027),
  .UNSPECIFIED.);
#4789 = CARTESIAN_POINT('',(-2.589118531624E-04,-17.62290419497,
    -10.36384990636));
#4790 = CARTESIAN_POINT('',(0.357482176062,-17.63291713756,
    -10.38038232213));
#4791 = CARTESIAN_POINT('',(1.399116891166,-17.88531859099,
    -10.29959392436));
#4792 = CARTESIAN_POINT('',(2.421805393825,-19.36530871614,
    -9.552679134971));
#4793 = CARTESIAN_POINT('',(1.435557094616,-21.23256889877,
    -8.602482741216));
#4794 = CARTESIAN_POINT('',(-0.855978721131,-21.56017813262,
    -8.541204237201));
#4795 = CARTESIAN_POINT('',(-2.369211597595,-20.10059980643,
    -9.511758952065));
#4796 = CARTESIAN_POINT('',(-1.771422140375,-18.35727599967,
    -10.6375173806));
#4797 = CARTESIAN_POINT('',(-0.540780858699,-17.95906696277,
    -10.94405117621));
#4798 = CARTESIAN_POINT('',(1.788654363691E-03,-17.96951641241,
    -10.97202362618));
#4799 = ORIENTED_EDGE('',*,*,#4800,.F.);
#4800 = EDGE_CURVE('',#4769,#4786,#4801,.T.);
#4801 = LINE('',#4802,#4803);
#4802 = CARTESIAN_POINT('',(5.478256111664E-14,-14.995071126,
    -5.818852209629));
#4803 = VECTOR('',#4804,1.);
#4804 = DIRECTION('',(-3.061616997877E-17,-0.5,-0.866025403784));
#4805 = CYLINDRICAL_SURFACE('',#4806,2.05475);
#4806 = AXIS2_PLACEMENT_3D('',#4807,#4808,#4809);
#4807 = CARTESIAN_POINT('',(-1.027144141461E-15,-16.77453682443,
    -4.791477209629));
#4808 = DIRECTION('',(-3.061616997868E-17,-0.5,-0.866025403784));
#4809 = DIRECTION('',(-2.703884704078E-14,-0.866025403784,0.5));
#4810 = ADVANCED_FACE('',(#4811),#4850,.F.);
#4811 = FACE_BOUND('',#4812,.F.);
#4812 = EDGE_LOOP('',(#4813,#4828,#4829,#4844));
#4813 = ORIENTED_EDGE('',*,*,#4814,.T.);
#4814 = EDGE_CURVE('',#4815,#4769,#4817,.T.);
#4815 = VERTEX_POINT('',#4816);
#4816 = CARTESIAN_POINT('',(1.070305033879E-03,-17.24336068893,
    -9.707543886448));
#4817 = B_SPLINE_CURVE_WITH_KNOTS('',3,(#4818,#4819,#4820,#4821,#4822,
    #4823,#4824,#4825,#4826,#4827),.UNSPECIFIED.,.F.,.F.,(4,1,1,1,1,1,1,
    4),(40.840704496667,41.235139213403,42.229102109723,43.223065006042,
    44.217027902362,45.210990798681,46.204953695001,47.123889803847),
  .UNSPECIFIED.);
#4818 = CARTESIAN_POINT('',(1.070305033879E-03,-17.24336068893,
    -9.707543886448));
#4819 = CARTESIAN_POINT('',(0.272063300046,-17.24956769989,
    -9.720874075853));
#4820 = CARTESIAN_POINT('',(1.224344969408,-17.42749118472,
    -9.677685971291));
#4821 = CARTESIAN_POINT('',(2.385434866408,-18.71675877579,
    -9.035485306275));
#4822 = CARTESIAN_POINT('',(1.669747832717,-20.6769396544,
    -8.031641123681));
#4823 = CARTESIAN_POINT('',(-0.564165845,-21.25162497769,-7.827713172915
    ));
#4824 = CARTESIAN_POINT('',(-2.285108880761,-19.96862279244,
    -8.696321605276));
#4825 = CARTESIAN_POINT('',(-1.937282611623,-18.0932565301,
    -9.903714363102));
#4826 = CARTESIAN_POINT('',(-0.626075209629,-17.57445145102,
    -10.28527389815));
#4827 = CARTESIAN_POINT('',(8.948551927475E-04,-17.58853627672,
    -10.31654704478));
#4828 = ORIENTED_EDGE('',*,*,#4800,.T.);
#4829 = ORIENTED_EDGE('',*,*,#4830,.F.);
#4830 = EDGE_CURVE('',#4831,#4786,#4833,.T.);
#4831 = VERTEX_POINT('',#4832);
#4832 = CARTESIAN_POINT('',(-1.577365481559E-03,-17.26871135289,
    -9.76005286222));
#4833 = B_SPLINE_CURVE_WITH_KNOTS('',3,(#4834,#4835,#4836,#4837,#4838,
    #4839,#4840,#4841,#4842,#4843),.UNSPECIFIED.,.F.,.F.,(4,1,1,1,1,1,1,
    4),(40.840704496667,41.680466893841,42.674429790161,43.668392686481,
    44.6623555828,45.656318479119,46.650281375439,47.123889803847),
  .UNSPECIFIED.);
#4834 = CARTESIAN_POINT('',(-1.577365481559E-03,-17.26871135289,
    -9.76005286222));
#4835 = CARTESIAN_POINT('',(0.572303318909,-17.28852837039,
    -9.784621467654));
#4836 = CARTESIAN_POINT('',(1.833616334672,-17.79743263757,
    -9.569437676274));
#4837 = CARTESIAN_POINT('',(2.342309693459,-19.69767454248,
    -8.593586983661));
#4838 = CARTESIAN_POINT('',(0.748986389114,-21.20509562325,
    -7.851143792228));
#4839 = CARTESIAN_POINT('',(-1.525356569313,-20.89578456162,
    -8.157591392258));
#4840 = CARTESIAN_POINT('',(-2.412761369295,-19.10132758134,
    -9.321488388204));
#4841 = CARTESIAN_POINT('',(-1.334325899249,-17.78248352387,
    -10.18847674427));
#4842 = CARTESIAN_POINT('',(-0.325862331968,-17.613790765,
    -10.34880268003));
#4843 = CARTESIAN_POINT('',(-2.589118531624E-04,-17.62290419497,
    -10.36384990636));
#4844 = ORIENTED_EDGE('',*,*,#4845,.F.);
#4845 = EDGE_CURVE('',#4815,#4831,#4846,.T.);
#4846 = LINE('',#4847,#4848);
#4847 = CARTESIAN_POINT('',(5.478256111664E-14,-14.995071126,
    -5.818852209629));
#4848 = VECTOR('',#4849,1.);
#4849 = DIRECTION('',(-3.061616997877E-17,-0.5,-0.866025403784));
#4850 = CYLINDRICAL_SURFACE('',#4851,2.05475);
#4851 = AXIS2_PLACEMENT_3D('',#4852,#4853,#4854);
#4852 = CARTESIAN_POINT('',(-1.027144141461E-15,-16.77453682443,
    -4.791477209629));
#4853 = DIRECTION('',(-3.061616997868E-17,-0.5,-0.866025403784));
#4854 = DIRECTION('',(-2.703884704078E-14,-0.866025403784,0.5));
#4855 = ADVANCED_FACE('',(#4856),#4896,.F.);
#4856 = FACE_BOUND('',#4857,.F.);
#4857 = EDGE_LOOP('',(#4858,#4873,#4874,#4890));
#4858 = ORIENTED_EDGE('',*,*,#4859,.T.);
#4859 = EDGE_CURVE('',#4860,#4815,#4862,.T.);
#4860 = VERTEX_POINT('',#4861);
#4861 = CARTESIAN_POINT('',(-1.785653304958E-03,-16.8918246517,
    -9.102212935306));
#4862 = B_SPLINE_CURVE_WITH_KNOTS('',3,(#4863,#4864,#4865,#4866,#4867,
    #4868,#4869,#4870,#4871,#4872),.UNSPECIFIED.,.F.,.F.,(4,1,1,1,1,1,1,
    4),(34.557519189488,35.271361835486,36.265324731806,37.259287628125,
    38.253250524445,39.247213420764,40.241176317084,40.840704496667),
  .UNSPECIFIED.);
#4863 = CARTESIAN_POINT('',(-1.785653304958E-03,-16.8918246517,
    -9.102212935306));
#4864 = CARTESIAN_POINT('',(0.48758604775,-16.90865740409,
    -9.123104924992));
#4865 = CARTESIAN_POINT('',(1.664730795539,-17.30372714969,
    -8.968243943272));
#4866 = CARTESIAN_POINT('',(2.402942137274,-19.05250902565,
    -8.07443915713));
#4867 = CARTESIAN_POINT('',(1.032804203332,-20.72172634628,
    -7.238582863063));
#4868 = CARTESIAN_POINT('',(-1.276416161282,-20.66266412224,
    -7.400549229348));
#4869 = CARTESIAN_POINT('',(-2.425048691145,-18.97936855911,
    -8.500267151181));
#4870 = CARTESIAN_POINT('',(-1.508424756483,-17.48112269074,
    -9.476232773073));
#4871 = CARTESIAN_POINT('',(-0.410830397633,-17.23392623039,
    -9.687282424036));
#4872 = CARTESIAN_POINT('',(1.070305033879E-03,-17.24336068893,
    -9.707543886448));
#4873 = ORIENTED_EDGE('',*,*,#4845,.T.);
#4874 = ORIENTED_EDGE('',*,*,#4875,.F.);
#4875 = EDGE_CURVE('',#4876,#4831,#4878,.T.);
#4876 = VERTEX_POINT('',#4877);
#4877 = CARTESIAN_POINT('',(1.6410656814E-03,-16.91889499953,
    -9.153729051135));
#4878 = B_SPLINE_CURVE_WITH_KNOTS('',3,(#4879,#4880,#4881,#4882,#4883,
    #4884,#4885,#4886,#4887,#4888,#4889),.UNSPECIFIED.,.F.,.F.,(4,1,1,1,
    1,1,1,1,4),(34.557519189488,34.722726619605,35.716689515925,
    36.710652412244,37.704615308563,38.698578204883,39.692541101203,
    40.686503997522,40.840704496667),.UNSPECIFIED.);
#4879 = CARTESIAN_POINT('',(1.6410656814E-03,-16.91889499953,
    -9.153729051135));
#4880 = CARTESIAN_POINT('',(0.11457152569,-16.92111032647,
    -9.159534313861));
#4881 = CARTESIAN_POINT('',(0.905901899143,-16.99433527104,
    -9.166964413177));
#4882 = CARTESIAN_POINT('',(2.223060248588,-17.9236195328,
    -8.722770693714));
#4883 = CARTESIAN_POINT('',(2.025872961709,-19.97480949994,
    -7.666382389363));
#4884 = CARTESIAN_POINT('',(-1.334954129054E-02,-20.97550615386,
    -7.216496682179));
#4885 = CARTESIAN_POINT('',(-2.040433905879,-20.06616458845,
    -7.86937205509));
#4886 = CARTESIAN_POINT('',(-2.212243443894,-18.12395178845,
    -9.118575913323));
#4887 = CARTESIAN_POINT('',(-0.890653059326,-17.29151309024,
    -9.691041429336));
#4888 = CARTESIAN_POINT('',(-0.1069556109,-17.26507247361,-9.75554147753
    ));
#4889 = CARTESIAN_POINT('',(-1.577365481559E-03,-17.26871135289,
    -9.76005286222));
#4890 = ORIENTED_EDGE('',*,*,#4891,.F.);
#4891 = EDGE_CURVE('',#4860,#4876,#4892,.T.);
#4892 = LINE('',#4893,#4894);
#4893 = CARTESIAN_POINT('',(5.478256111664E-14,-14.995071126,
    -5.818852209629));
#4894 = VECTOR('',#4895,1.);
#4895 = DIRECTION('',(-3.061616997877E-17,-0.5,-0.866025403784));
#4896 = CYLINDRICAL_SURFACE('',#4897,2.05475);
#4897 = AXIS2_PLACEMENT_3D('',#4898,#4899,#4900);
#4898 = CARTESIAN_POINT('',(-1.027144141461E-15,-16.77453682443,
    -4.791477209629));
#4899 = DIRECTION('',(-3.061616997868E-17,-0.5,-0.866025403784));
#4900 = DIRECTION('',(-2.703884704078E-14,-0.866025403784,0.5));
#4901 = ADVANCED_FACE('',(#4902),#4942,.F.);
#4902 = FACE_BOUND('',#4903,.F.);
#4903 = EDGE_LOOP('',(#4904,#4920,#4921,#4936));
#4904 = ORIENTED_EDGE('',*,*,#4905,.T.);
#4905 = EDGE_CURVE('',#4906,#4860,#4908,.T.);
#4906 = VERTEX_POINT('',#4907);
#4907 = CARTESIAN_POINT('',(4.860086396249E-04,-16.538236257,
    -8.498066913304));
#4908 = B_SPLINE_CURVE_WITH_KNOTS('',3,(#4909,#4910,#4911,#4912,#4913,
    #4914,#4915,#4916,#4917,#4918,#4919),.UNSPECIFIED.,.F.,.F.,(4,1,1,1,
    1,1,1,1,4),(28.274333882308,28.31362156125,29.307584457569,
    30.301547353889,31.295510250208,32.289473146528,33.283436042847,
    34.277398939167,34.557519189488),.UNSPECIFIED.);
#4909 = CARTESIAN_POINT('',(4.860086396252E-04,-16.538236257,
    -8.498066913304));
#4910 = CARTESIAN_POINT('',(2.727912631015E-02,-16.53889129084,
    -8.499373429655));
#4911 = CARTESIAN_POINT('',(0.731845052938,-16.56897083193,
    -8.526313957273));
#4912 = CARTESIAN_POINT('',(2.083575349782,-17.30240116697,
    -8.189796973113));
#4913 = CARTESIAN_POINT('',(2.177375085692,-19.35923575667,
    -7.130149744402));
#4914 = CARTESIAN_POINT('',(0.291385138236,-20.57423744558,
    -6.556534967582));
#4915 = CARTESIAN_POINT('',(-1.859548012746,-19.89300303694,
    -7.077712612126));
#4916 = CARTESIAN_POINT('',(-2.319677852778,-17.98529211459,
    -8.30699680201));
#4917 = CARTESIAN_POINT('',(-1.065399283446,-16.95904422646,
    -8.996757688005));
#4918 = CARTESIAN_POINT('',(-0.193820864661,-16.88521928169,
    -9.094014672827));
#4919 = CARTESIAN_POINT('',(-1.785653304958E-03,-16.8918246517,
    -9.102212935306));
#4920 = ORIENTED_EDGE('',*,*,#4891,.T.);
#4921 = ORIENTED_EDGE('',*,*,#4922,.F.);
#4922 = EDGE_CURVE('',#4923,#4876,#4925,.T.);
#4923 = VERTEX_POINT('',#4924);
#4924 = CARTESIAN_POINT('',(1.372745206121E-04,-16.57292312496,
    -8.545185629184));
#4925 = B_SPLINE_CURVE_WITH_KNOTS('',3,(#4926,#4927,#4928,#4929,#4930,
    #4931,#4932,#4933,#4934,#4935),.UNSPECIFIED.,.F.,.F.,(4,1,1,1,1,1,1,
    4),(28.274333882308,28.758949241688,29.752912138008,30.746875034327,
    31.740837930647,32.734800826966,33.728763723286,34.557519189488),
  .UNSPECIFIED.);
#4926 = CARTESIAN_POINT('',(1.372745206121E-04,-16.57292312496,
    -8.545185629184));
#4927 = CARTESIAN_POINT('',(0.333316786999,-16.58174827402,
    -8.560871284282));
#4928 = CARTESIAN_POINT('',(1.349594424541,-16.81164763166,
    -8.491541943994));
#4929 = CARTESIAN_POINT('',(2.415366257896,-18.23845234331,
    -7.77380123381));
#4930 = CARTESIAN_POINT('',(1.50450500584,-20.13507432504,
    -6.806652797446));
#4931 = CARTESIAN_POINT('',(-0.774335081274,-20.53341993043,
    -6.704534630275));
#4932 = CARTESIAN_POINT('',(-2.349107054174,-19.12163498484,
    -7.647495823981));
#4933 = CARTESIAN_POINT('',(-1.819032197485,-17.33833211064,
    -8.797868711453));
#4934 = CARTESIAN_POINT('',(-0.564869387063,-16.90778191395,
    -9.124607217973));
#4935 = CARTESIAN_POINT('',(1.6410656814E-03,-16.91889499953,
    -9.153729051135));
#4936 = ORIENTED_EDGE('',*,*,#4937,.F.);
#4937 = EDGE_CURVE('',#4906,#4923,#4938,.T.);
#4938 = LINE('',#4939,#4940);
#4939 = CARTESIAN_POINT('',(5.478256111664E-14,-14.995071126,
    -5.818852209629));
#4940 = VECTOR('',#4941,1.);
#4941 = DIRECTION('',(-3.061616997877E-17,-0.5,-0.866025403784));
#4942 = CYLINDRICAL_SURFACE('',#4943,2.05475);
#4943 = AXIS2_PLACEMENT_3D('',#4944,#4945,#4946);
#4944 = CARTESIAN_POINT('',(-1.027144141461E-15,-16.77453682443,
    -4.791477209629));
#4945 = DIRECTION('',(-3.061616997868E-17,-0.5,-0.866025403784));
#4946 = DIRECTION('',(-2.703884704078E-14,-0.866025403784,0.5));
#4947 = ADVANCED_FACE('',(#4948),#4987,.F.);
#4948 = FACE_BOUND('',#4949,.F.);
#4949 = EDGE_LOOP('',(#4950,#4965,#4966,#4981));
#4950 = ORIENTED_EDGE('',*,*,#4951,.T.);
#4951 = EDGE_CURVE('',#4952,#4906,#4954,.T.);
#4952 = VERTEX_POINT('',#4953);
#4953 = CARTESIAN_POINT('',(1.364318898652E-03,-16.19297581887,
    -7.889112743336));
#4954 = B_SPLINE_CURVE_WITH_KNOTS('',3,(#4955,#4956,#4957,#4958,#4959,
    #4960,#4961,#4962,#4963,#4964),.UNSPECIFIED.,.F.,.F.,(4,1,1,1,1,1,1,
    4),(21.991148575128,22.349844183333,23.343807079652,24.337769975972,
    25.331732872291,26.325695768611,27.31965866493,28.274333882308),
  .UNSPECIFIED.);
#4955 = CARTESIAN_POINT('',(1.364318898652E-03,-16.19297581887,
    -7.889112743336));
#4956 = CARTESIAN_POINT('',(0.247672323199,-16.19831700357,
    -7.901410284178));
#4957 = CARTESIAN_POINT('',(1.174666037564,-16.35743289159,
    -7.867548217111));
#4958 = CARTESIAN_POINT('',(2.368178124912,-17.59120252738,
    -7.25585677793));
#4959 = CARTESIAN_POINT('',(1.731557209666,-19.57230284427,
    -6.239934752016));
#4960 = CARTESIAN_POINT('',(-0.479512612,-20.21578912345,-5.996284550847
    ));
#4961 = CARTESIAN_POINT('',(-2.254571997498,-18.98689229822,
    -6.833655239033));
#4962 = CARTESIAN_POINT('',(-1.983278285069,-17.07882189555,
    -8.061462274667));
#4963 = CARTESIAN_POINT('',(-0.650576261398,-16.52231919109,
    -8.466319077463));
#4964 = CARTESIAN_POINT('',(4.860086396252E-04,-16.538236257,
    -8.498066913304));
#4965 = ORIENTED_EDGE('',*,*,#4937,.T.);
#4966 = ORIENTED_EDGE('',*,*,#4967,.F.);
#4967 = EDGE_CURVE('',#4968,#4923,#4970,.T.);
#4968 = VERTEX_POINT('',#4969);
#4969 = CARTESIAN_POINT('',(-1.755411231943E-03,-16.21932204981,
    -7.94104692824));
#4970 = B_SPLINE_CURVE_WITH_KNOTS('',3,(#4971,#4972,#4973,#4974,#4975,
    #4976,#4977,#4978,#4979,#4980),.UNSPECIFIED.,.F.,.F.,(4,1,1,1,1,1,1,
    4),(21.991148575128,22.795171863771,23.789134760091,24.78309765641,
    25.77706055273,26.771023449049,27.764986345369,28.274333882308),
  .UNSPECIFIED.);
#4971 = CARTESIAN_POINT('',(-1.755411231943E-03,-16.21932204981,
    -7.94104692824));
#4972 = CARTESIAN_POINT('',(0.54819015411,-16.23855176379,
    -7.964422079937));
#4973 = CARTESIAN_POINT('',(1.786128730008,-16.71333622635,
    -7.767404833355));
#4974 = CARTESIAN_POINT('',(2.363339157326,-18.57285371787,
    -6.813533858187));
#4975 = CARTESIAN_POINT('',(0.830946800481,-20.1286519846,
    -6.043160085422));
#4976 = CARTESIAN_POINT('',(-1.456991701898,-19.88995193979,
    -6.308840395881));
#4977 = CARTESIAN_POINT('',(-2.420151311853,-18.1241364101,
    -7.45620124262));
#4978 = CARTESIAN_POINT('',(-1.383874636561,-16.75317197673,
    -8.354813845329));
#4979 = CARTESIAN_POINT('',(-0.350045939352,-16.56364758746,
    -8.528699462093));
#4980 = CARTESIAN_POINT('',(1.372745206121E-04,-16.57292312496,
    -8.545185629184));
#4981 = ORIENTED_EDGE('',*,*,#4982,.F.);
#4982 = EDGE_CURVE('',#4952,#4968,#4983,.T.);
#4983 = LINE('',#4984,#4985);
#4984 = CARTESIAN_POINT('',(5.478256111664E-14,-14.995071126,
    -5.818852209629));
#4985 = VECTOR('',#4986,1.);
#4986 = DIRECTION('',(-3.061616997877E-17,-0.5,-0.866025403784));
#4987 = CYLINDRICAL_SURFACE('',#4988,2.05475);
#4988 = AXIS2_PLACEMENT_3D('',#4989,#4990,#4991);
#4989 = CARTESIAN_POINT('',(-1.027144141461E-15,-16.77453682443,
    -4.791477209629));
#4990 = DIRECTION('',(-3.061616997868E-17,-0.5,-0.866025403784));
#4991 = DIRECTION('',(-2.703884704078E-14,-0.866025403784,0.5));
#4992 = ADVANCED_FACE('',(#4993),#5032,.F.);
#4993 = FACE_BOUND('',#4994,.F.);
#4994 = EDGE_LOOP('',(#4995,#5007,#5016,#5026));
#4995 = ORIENTED_EDGE('',*,*,#4996,.F.);
#4996 = EDGE_CURVE('',#4997,#4999,#5001,.T.);
#4997 = VERTEX_POINT('',#4998);
#4998 = CARTESIAN_POINT('',(-1.988639025416,-18.00765070402,
    -5.864619333039));
#4999 = VERTEX_POINT('',#5000);
#5000 = CARTESIAN_POINT('',(1.351969743262E-03,-15.8683195797,
    -7.335407921981));
#5001 = B_SPLINE_CURVE_WITH_KNOTS('',3,(#5002,#5003,#5004,#5005,#5006),
  .UNSPECIFIED.,.F.,.F.,(4,1,4),(13.876192869531,14.843468693215,
    15.707963267949),.UNSPECIFIED.);
#5002 = CARTESIAN_POINT('',(-1.988642550554,-18.007651732,-5.86461873953
    ));
#5003 = CARTESIAN_POINT('',(-2.157726197075,-17.47338698164,
    -6.214554523418));
#5004 = CARTESIAN_POINT('',(-1.847216784324,-16.31398321304,
    -6.962484997464));
#5005 = CARTESIAN_POINT('',(-0.588951233257,-15.85627839114,
    -7.305289395741));
#5006 = CARTESIAN_POINT('',(1.351969743263E-03,-15.8683195797,
    -7.335407921981));
#5007 = ORIENTED_EDGE('',*,*,#5008,.T.);
#5008 = EDGE_CURVE('',#4997,#5009,#5011,.T.);
#5009 = VERTEX_POINT('',#5010);
#5010 = CARTESIAN_POINT('',(-1.985174325672,-17.08835858828,
    -6.395372883521));
#5011 = CIRCLE('',#5012,2.05475);
#5012 = AXIS2_PLACEMENT_3D('',#5013,#5014,#5015);
#5013 = CARTESIAN_POINT('',(-1.074474452624E-15,-17.5474994647,
    -6.130287774927));
#5014 = DIRECTION('',(0.,-0.5,-0.866025403784));
#5015 = DIRECTION('',(-2.703884704078E-14,-0.866025403784,0.5));
#5016 = ORIENTED_EDGE('',*,*,#5017,.T.);
#5017 = EDGE_CURVE('',#5009,#5018,#5020,.T.);
#5018 = VERTEX_POINT('',#5019);
#5019 = CARTESIAN_POINT('',(-2.373209041285E-03,-15.84282373585,
    -7.28298276586));
#5020 = B_SPLINE_CURVE_WITH_KNOTS('',3,(#5021,#5022,#5023,#5024,#5025),
  .UNSPECIFIED.,.F.,.F.,(4,1,4),(14.398141012777,15.392103909096,
    15.707963267949),.UNSPECIFIED.);
#5021 = CARTESIAN_POINT('',(-1.985174325672,-17.08835858828,
    -6.395372883521));
#5022 = CARTESIAN_POINT('',(-1.809517817465,-16.53720378773,
    -6.756204514429));
#5023 = CARTESIAN_POINT('',(-1.115511431448,-15.92471412602,
    -7.165992252161));
#5024 = CARTESIAN_POINT('',(-0.219129627909,-15.83558106205,
    -7.273619917303));
#5025 = CARTESIAN_POINT('',(-2.373209041285E-03,-15.84282373585,
    -7.28298276586));
#5026 = ORIENTED_EDGE('',*,*,#5027,.T.);
#5027 = EDGE_CURVE('',#5018,#4999,#5028,.T.);
#5028 = LINE('',#5029,#5030);
#5029 = CARTESIAN_POINT('',(5.478256111664E-14,-14.995071126,
    -5.818852209629));
#5030 = VECTOR('',#5031,1.);
#5031 = DIRECTION('',(-3.061616997877E-17,-0.5,-0.866025403784));
#5032 = CYLINDRICAL_SURFACE('',#5033,2.05475);
#5033 = AXIS2_PLACEMENT_3D('',#5034,#5035,#5036);
#5034 = CARTESIAN_POINT('',(-1.027144141461E-15,-16.77453682443,
    -4.791477209629));
#5035 = DIRECTION('',(-3.061616997868E-17,-0.5,-0.866025403784));
#5036 = DIRECTION('',(-0.792936384854,0.52767311584,-0.304652215475));
#5037 = ADVANCED_FACE('',(#5038),#5080,.F.);
#5038 = FACE_BOUND('',#5039,.F.);
#5039 = EDGE_LOOP('',(#5040,#5054,#5063,#5074));
#5040 = ORIENTED_EDGE('',*,*,#5041,.T.);
#5041 = EDGE_CURVE('',#5042,#5044,#5046,.T.);
#5042 = VERTEX_POINT('',#5043);
#5043 = CARTESIAN_POINT('',(-16.14239136118,9.318396166334,
    -12.13497938128));
#5044 = VERTEX_POINT('',#5045);
#5045 = CARTESIAN_POINT('',(-19.44958245962,11.049922930345,
    -10.37595162287));
#5046 = B_SPLINE_CURVE_WITH_KNOTS('',3,(#5047,#5048,#5049,#5050,#5051,
    #5052,#5053),.UNSPECIFIED.,.F.,.F.,(4,1,1,1,4),(65.973445725386,
    66.084211621391,67.07817451771,68.07213741403,69.039413237714),
  .UNSPECIFIED.);
#5047 = CARTESIAN_POINT('',(-16.14239136118,9.318396166334,
    -12.13497938128));
#5048 = CARTESIAN_POINT('',(-16.18157834685,9.253698940973,
    -12.13881213617));
#5049 = CARTESIAN_POINT('',(-16.60472028611,8.627722225065,
    -12.15531710519));
#5050 = CARTESIAN_POINT('',(-18.0042258441,7.892406879933,
    -11.75782586679));
#5051 = CARTESIAN_POINT('',(-19.73371067611,8.973171242042,
    -10.70781605642));
#5052 = CARTESIAN_POINT('',(-19.72462888424,10.449261184294,
    -10.3703466345));
#5053 = CARTESIAN_POINT('',(-19.44958547502,11.049924627636,
    -10.3759496252));
#5054 = ORIENTED_EDGE('',*,*,#5055,.T.);
#5055 = EDGE_CURVE('',#5044,#5056,#5058,.T.);
#5056 = VERTEX_POINT('',#5057);
#5057 = CARTESIAN_POINT('',(-19.68458692807,10.029974965801,
    -10.55288300459));
#5058 = CIRCLE('',#5059,2.05475);
#5059 = AXIS2_PLACEMENT_3D('',#5060,#5061,#5062);
#5060 = CARTESIAN_POINT('',(-17.83254513209,10.295624732351,
    -11.40221742046));
#5061 = DIRECTION('',(0.433012701892,-0.25,0.866025403784));
#5062 = DIRECTION('',(-0.75,0.433012701892,0.5));
#5063 = ORIENTED_EDGE('',*,*,#5064,.F.);
#5064 = EDGE_CURVE('',#5065,#5056,#5067,.T.);
#5065 = VERTEX_POINT('',#5066);
#5066 = CARTESIAN_POINT('',(-16.17061845504,9.336778612429,
    -12.18270446768));
#5067 = B_SPLINE_CURVE_WITH_KNOTS('',3,(#5068,#5069,#5070,#5071,#5072,
    #5073),.UNSPECIFIED.,.F.,.F.,(4,1,1,4),(65.973445725386,
    66.529539301829,67.523502198148,68.517465094468),.UNSPECIFIED.);
#5068 = CARTESIAN_POINT('',(-16.17061845504,9.336778612429,
    -12.18270446768));
#5069 = CARTESIAN_POINT('',(-16.3713714194,9.011250055011,
    -12.20014591008));
#5070 = CARTESIAN_POINT('',(-17.1436787054,8.225004001417,
    -12.10743013533));
#5071 = CARTESIAN_POINT('',(-18.96137322377,8.147947990016,
    -11.32991747195));
#5072 = CARTESIAN_POINT('',(-19.66273063794,9.367485459312,
    -10.71243313866));
#5073 = CARTESIAN_POINT('',(-19.68458692807,10.029974965801,
    -10.55288300459));
#5074 = ORIENTED_EDGE('',*,*,#5075,.F.);
#5075 = EDGE_CURVE('',#5042,#5065,#5076,.T.);
#5076 = LINE('',#5077,#5078);
#5077 = CARTESIAN_POINT('',(-12.98611252667,7.497535563004,
    -5.818852209629));
#5078 = VECTOR('',#5079,1.);
#5079 = DIRECTION('',(-0.433012701892,0.25,-0.866025403784));
#5080 = CYLINDRICAL_SURFACE('',#5081,2.05475);
#5081 = AXIS2_PLACEMENT_3D('',#5082,#5083,#5084);
#5082 = CARTESIAN_POINT('',(-14.52717502667,8.387268412217,
    -4.791477209629));
#5083 = DIRECTION('',(-0.433012701892,0.25,-0.866025403784));
#5084 = DIRECTION('',(-0.471226803995,-0.88180863491,-1.894282437184E-02
    ));
#5085 = ADVANCED_FACE('',(#5086),#5125,.F.);
#5086 = FACE_BOUND('',#5087,.F.);
#5087 = EDGE_LOOP('',(#5088,#5103,#5104,#5119));
#5088 = ORIENTED_EDGE('',*,*,#5089,.T.);
#5089 = EDGE_CURVE('',#5090,#5042,#5092,.T.);
#5090 = VERTEX_POINT('',#5091);
#5091 = CARTESIAN_POINT('',(-15.8431172074,9.146193318438,-11.5260367616
    ));
#5092 = B_SPLINE_CURVE_WITH_KNOTS('',3,(#5093,#5094,#5095,#5096,#5097,
    #5098,#5099,#5100,#5101,#5102),.UNSPECIFIED.,.F.,.F.,(4,1,1,1,1,1,1,
    4),(59.690260418206,60.120434243474,61.114397139793,62.108360036113,
    63.102322932432,64.096285828752,65.090248725071,65.973445725386),
  .UNSPECIFIED.);
#5093 = CARTESIAN_POINT('',(-15.8431172074,9.146193318438,-11.5260367616
    ));
#5094 = CARTESIAN_POINT('',(-15.99716093614,8.893725782921,
    -11.54034233946));
#5095 = CARTESIAN_POINT('',(-16.65721044767,8.145934388488,
    -11.48725496602));
#5096 = CARTESIAN_POINT('',(-18.38420086785,7.843257898071,
    -10.81482579187));
#5097 = CARTESIAN_POINT('',(-19.66460815837,9.499136385612,
    -9.824477976682));
#5098 = CARTESIAN_POINT('',(-18.97522441853,11.703705723862,
    -9.660632271494));
#5099 = CARTESIAN_POINT('',(-16.98634793816,12.477602734584,
    -10.55953246328));
#5100 = CARTESIAN_POINT('',(-15.60356732502,11.191965949174,
    -11.74517114976));
#5101 = CARTESIAN_POINT('',(-15.82993211655,9.834262488264,
    -12.10441873272));
#5102 = CARTESIAN_POINT('',(-16.14239136118,9.318396166334,
    -12.13497938128));
#5103 = ORIENTED_EDGE('',*,*,#5075,.T.);
#5104 = ORIENTED_EDGE('',*,*,#5105,.F.);
#5105 = EDGE_CURVE('',#5106,#5065,#5108,.T.);
#5106 = VERTEX_POINT('',#5107);
#5107 = CARTESIAN_POINT('',(-15.86333047849,9.160217079704,
    -11.57902700331));
#5108 = B_SPLINE_CURVE_WITH_KNOTS('',3,(#5109,#5110,#5111,#5112,#5113,
    #5114,#5115,#5116,#5117,#5118),.UNSPECIFIED.,.F.,.F.,(4,1,1,1,1,1,1,
    4),(59.690260418206,60.565761923912,61.559724820231,62.553687716551,
    63.54765061287,64.54161350919,65.535576405509,65.973445725386),
  .UNSPECIFIED.);
#5109 = CARTESIAN_POINT('',(-15.86333047849,9.160217079704,
    -11.57902700331));
#5110 = CARTESIAN_POINT('',(-16.17966458596,8.65254878783,
    -11.60495366147));
#5111 = CARTESIAN_POINT('',(-17.29331112061,7.812649652128,
    -11.37075314805));
#5112 = CARTESIAN_POINT('',(-19.19138339933,8.403235422386,
    -10.37401659826));
#5113 = CARTESIAN_POINT('',(-19.62714728818,10.562592825712,
    -9.66064864013));
#5114 = CARTESIAN_POINT('',(-18.16978313845,12.328418584522,
    -10.00744750173));
#5115 = CARTESIAN_POINT('',(-16.18736673322,12.119585171991,
    -11.18680749315));
#5116 = CARTESIAN_POINT('',(-15.6503724452,10.519378523512,
    -12.02126535767));
#5117 = CARTESIAN_POINT('',(-16.01254512405,9.593100523121,
    -12.16897103712));
#5118 = CARTESIAN_POINT('',(-16.17061845504,9.336778612429,
    -12.18270446768));
#5119 = ORIENTED_EDGE('',*,*,#5120,.F.);
#5120 = EDGE_CURVE('',#5090,#5106,#5121,.T.);
#5121 = LINE('',#5122,#5123);
#5122 = CARTESIAN_POINT('',(-12.98611252667,7.497535563004,
    -5.818852209629));
#5123 = VECTOR('',#5124,1.);
#5124 = DIRECTION('',(-0.433012701892,0.25,-0.866025403784));
#5125 = CYLINDRICAL_SURFACE('',#5126,2.05475);
#5126 = AXIS2_PLACEMENT_3D('',#5127,#5128,#5129);
#5127 = CARTESIAN_POINT('',(-14.52717502667,8.387268412217,
    -4.791477209629));
#5128 = DIRECTION('',(-0.433012701892,0.25,-0.866025403784));
#5129 = DIRECTION('',(-0.75,0.433012701892,0.5));
#5130 = ADVANCED_FACE('',(#5131),#5171,.F.);
#5131 = FACE_BOUND('',#5132,.F.);
#5132 = EDGE_LOOP('',(#5133,#5148,#5149,#5165));
#5133 = ORIENTED_EDGE('',*,*,#5134,.T.);
#5134 = EDGE_CURVE('',#5135,#5090,#5137,.T.);
#5135 = VERTEX_POINT('',#5136);
#5136 = CARTESIAN_POINT('',(-15.53662126702,8.972200452957,
    -10.92122176879));
#5137 = B_SPLINE_CURVE_WITH_KNOTS('',3,(#5138,#5139,#5140,#5141,#5142,
    #5143,#5144,#5145,#5146,#5147),.UNSPECIFIED.,.F.,.F.,(4,1,1,1,1,1,1,
    4),(53.407075111027,54.156656865557,55.150619761876,56.144582658196,
    57.138545554515,58.132508450835,59.126471347154,59.690260418206),
  .UNSPECIFIED.);
#5138 = CARTESIAN_POINT('',(-15.53662126702,8.972200452957,
    -10.92122176879));
#5139 = CARTESIAN_POINT('',(-15.80884225723,8.536517349112,
    -10.94302506972));
#5140 = CARTESIAN_POINT('',(-16.77816836653,7.708780148355,
    -10.77207433874));
#5141 = CARTESIAN_POINT('',(-18.67003229943,8.019905436242,
    -9.853715672217));
#5142 = CARTESIAN_POINT('',(-19.36008292205,10.076285315015,
    -9.04293139796));
#5143 = CARTESIAN_POINT('',(-18.09559883193,12.005543372116,
    -9.24611138905));
#5144 = CARTESIAN_POINT('',(-16.0699151508,12.078663431066,
    -10.36571206209));
#5145 = CARTESIAN_POINT('',(-15.29853857981,10.517515062676,
    -11.31148549585));
#5146 = CARTESIAN_POINT('',(-15.64122633067,9.477079181219,
    -11.50728776298));
#5147 = CARTESIAN_POINT('',(-15.8431172074,9.146193318438,-11.5260367616
    ));
#5148 = ORIENTED_EDGE('',*,*,#5120,.T.);
#5149 = ORIENTED_EDGE('',*,*,#5150,.F.);
#5150 = EDGE_CURVE('',#5151,#5106,#5153,.T.);
#5151 = VERTEX_POINT('',#5152);
#5152 = CARTESIAN_POINT('',(-15.56294934559,8.983207629746,
    -10.97202541969));
#5153 = B_SPLINE_CURVE_WITH_KNOTS('',3,(#5154,#5155,#5156,#5157,#5158,
    #5159,#5160,#5161,#5162,#5163,#5164),.UNSPECIFIED.,.F.,.F.,(4,1,1,1,
    1,1,1,1,4),(53.407075111027,53.608021649675,54.601984545995,
    55.595947442314,56.589910338634,57.583873234953,58.577836131273,
    59.571799027592,59.690260418206),.UNSPECIFIED.);
#5154 = CARTESIAN_POINT('',(-15.56294934559,8.983207629746,
    -10.97202541969));
#5155 = CARTESIAN_POINT('',(-15.63398481584,8.865466262906,
    -10.9791135054));
#5156 = CARTESIAN_POINT('',(-16.11759918563,8.202236006656,
    -10.98000347836));
#5157 = CARTESIAN_POINT('',(-17.62156015936,7.568435614242,
    -10.50484673788));
#5158 = CARTESIAN_POINT('',(-19.25185460937,8.832319389458,
    -9.452714469292));
#5159 = CARTESIAN_POINT('',(-19.02484817828,11.099485493004,
    -9.03960998008));
#5160 = CARTESIAN_POINT('',(-17.19055222396,12.333679967679,
    -9.728343476486));
#5161 = CARTESIAN_POINT('',(-15.46039706714,11.43786436964,
    -10.97988751856));
#5162 = CARTESIAN_POINT('',(-15.45386927159,9.893614273343,
    -11.51926229666));
#5163 = CARTESIAN_POINT('',(-15.82052829252,9.228908100146,
    -11.57551894769));
#5164 = CARTESIAN_POINT('',(-15.86333047849,9.160217079704,
    -11.57902700331));
#5165 = ORIENTED_EDGE('',*,*,#5166,.F.);
#5166 = EDGE_CURVE('',#5135,#5151,#5167,.T.);
#5167 = LINE('',#5168,#5169);
#5168 = CARTESIAN_POINT('',(-12.98611252667,7.497535563004,
    -5.818852209629));
#5169 = VECTOR('',#5170,1.);
#5170 = DIRECTION('',(-0.433012701892,0.25,-0.866025403784));
#5171 = CYLINDRICAL_SURFACE('',#5172,2.05475);
#5172 = AXIS2_PLACEMENT_3D('',#5173,#5174,#5175);
#5173 = CARTESIAN_POINT('',(-14.52717502667,8.387268412217,
    -4.791477209629));
#5174 = DIRECTION('',(-0.433012701892,0.25,-0.866025403784));
#5175 = DIRECTION('',(-0.75,0.433012701892,0.5));
#5176 = ADVANCED_FACE('',(#5177),#5217,.F.);
#5177 = FACE_BOUND('',#5178,.F.);
#5178 = EDGE_LOOP('',(#5179,#5195,#5196,#5211));
#5179 = ORIENTED_EDGE('',*,*,#5180,.T.);
#5180 = EDGE_CURVE('',#5181,#5135,#5183,.T.);
#5181 = VERTEX_POINT('',#5182);
#5182 = CARTESIAN_POINT('',(-15.23256377738,8.793491505628,
    -10.31654896616));
#5183 = B_SPLINE_CURVE_WITH_KNOTS('',3,(#5184,#5185,#5186,#5187,#5188,
    #5189,#5190,#5191,#5192,#5193,#5194),.UNSPECIFIED.,.F.,.F.,(4,1,1,1,
    1,1,1,1,4),(47.123889803847,47.19891659132,48.19287948764,
    49.186842383959,50.180805280279,51.174768176598,52.168731072918,
    53.162693969237,53.407075111027),.UNSPECIFIED.);
#5184 = CARTESIAN_POINT('',(-15.23256377738,8.793491505628,
    -10.31654896616));
#5185 = CARTESIAN_POINT('',(-15.25915428922,8.749735306036,
    -10.31910227095));
#5186 = CARTESIAN_POINT('',(-15.65953832973,8.139036861805,
    -10.34104319863));
#5187 = CARTESIAN_POINT('',(-17.01511384617,7.36806192264,
    -9.974278485534));
#5188 = CARTESIAN_POINT('',(-18.80337542615,8.387628027319,
    -8.91369108838));
#5189 = CARTESIAN_POINT('',(-18.83809891538,10.639289836579,
    -8.374197343251));
#5190 = CARTESIAN_POINT('',(-17.1313106428,12.100884277864,
    -8.933532282814));
#5191 = CARTESIAN_POINT('',(-15.27851523628,11.468621011288,
    -10.17031544498));
#5192 = CARTESIAN_POINT('',(-15.07598303549,9.877005651563,
    -10.82676518151));
#5193 = CARTESIAN_POINT('',(-15.44787087254,9.114243310501,
    -10.91411338395));
#5194 = CARTESIAN_POINT('',(-15.53662126702,8.972200452957,
    -10.92122176879));
#5195 = ORIENTED_EDGE('',*,*,#5166,.T.);
#5196 = ORIENTED_EDGE('',*,*,#5197,.F.);
#5197 = EDGE_CURVE('',#5198,#5151,#5200,.T.);
#5198 = VERTEX_POINT('',#5199);
#5199 = CARTESIAN_POINT('',(-15.26175058463,8.811674774511,
    -10.36385169338));
#5200 = B_SPLINE_CURVE_WITH_KNOTS('',3,(#5201,#5202,#5203,#5204,#5205,
    #5206,#5207,#5208,#5209,#5210),.UNSPECIFIED.,.F.,.F.,(4,1,1,1,1,1,1,
    4),(47.123889803847,47.644244271759,48.638207168078,49.632170064397,
    50.626132960717,51.620095857036,52.614058753356,53.407075111027),
  .UNSPECIFIED.);
#5201 = CARTESIAN_POINT('',(-15.26175058463,8.811674774511,
    -10.36385169338));
#5202 = CARTESIAN_POINT('',(-15.44929290334,8.506867836233,
    -10.38038410882));
#5203 = CARTESIAN_POINT('',(-16.18869757716,7.73098506196,
    -10.29959548552));
#5204 = CARTESIAN_POINT('',(-17.98175392847,7.585305607336,
    -9.552679253799));
#5205 = CARTESIAN_POINT('',(-19.10572640531,9.3730548451,-8.60248103888)
  );
#5206 = CARTESIAN_POINT('',(-18.24367483442,11.521391389094,
    -8.54120225867));
#5207 = CARTESIAN_POINT('',(-16.22302287697,12.102101297716,
    -9.511758501695));
#5208 = CARTESIAN_POINT('',(-15.0121527252,10.712736080628,
    -10.63751872804));
#5209 = CARTESIAN_POINT('',(-15.2826146344,9.447862709183,
    -10.94405296516));
#5210 = CARTESIAN_POINT('',(-15.56294934559,8.983207629746,
    -10.97202541969));
#5211 = ORIENTED_EDGE('',*,*,#5212,.F.);
#5212 = EDGE_CURVE('',#5181,#5198,#5213,.T.);
#5213 = LINE('',#5214,#5215);
#5214 = CARTESIAN_POINT('',(-12.98611252667,7.497535563004,
    -5.818852209629));
#5215 = VECTOR('',#5216,1.);
#5216 = DIRECTION('',(-0.433012701892,0.25,-0.866025403784));
#5217 = CYLINDRICAL_SURFACE('',#5218,2.05475);
#5218 = AXIS2_PLACEMENT_3D('',#5219,#5220,#5221);
#5219 = CARTESIAN_POINT('',(-14.52717502667,8.387268412217,
    -4.791477209629));
#5220 = DIRECTION('',(-0.433012701892,0.25,-0.866025403784));
#5221 = DIRECTION('',(-0.75,0.433012701892,0.5));
#5222 = ADVANCED_FACE('',(#5223),#5262,.F.);
#5223 = FACE_BOUND('',#5224,.F.);
#5224 = EDGE_LOOP('',(#5225,#5240,#5241,#5256));
#5225 = ORIENTED_EDGE('',*,*,#5226,.T.);
#5226 = EDGE_CURVE('',#5227,#5181,#5229,.T.);
#5227 = VERTEX_POINT('',#5228);
#5228 = CARTESIAN_POINT('',(-14.93372068249,8.620751771937,
    -9.70754580262));
#5229 = B_SPLINE_CURVE_WITH_KNOTS('',3,(#5230,#5231,#5232,#5233,#5234,
    #5235,#5236,#5237,#5238,#5239),.UNSPECIFIED.,.F.,.F.,(4,1,1,1,1,1,1,
    4),(40.840704496667,41.235139213403,42.229102109723,43.223065006042,
    44.217027902362,45.210990798681,46.204953695001,47.123889803847),
  .UNSPECIFIED.);
#5230 = CARTESIAN_POINT('',(-14.93372068249,8.620751771937,
    -9.70754580262));
#5231 = CARTESIAN_POINT('',(-15.07459286042,8.389168020144,
    -9.720875993229));
#5232 = CARTESIAN_POINT('',(-15.7048210882,7.653428247189,
    -9.677687724619));
#5233 = CARTESIAN_POINT('',(-17.40190762076,7.292527980535,
    -9.035485717134));
#5234 = CARTESIAN_POINT('',(-18.74163295331,8.89242450842,
    -8.031639480669));
#5235 = CARTESIAN_POINT('',(-18.12236695753,11.114397262871,
    -7.827710969936));
#5236 = CARTESIAN_POINT('',(-16.15077918241,11.963278091338,
    -8.69632084542));
#5237 = CARTESIAN_POINT('',(-14.70057469676,10.724366210807,
    -9.903715683543));
#5238 = CARTESIAN_POINT('',(-14.90688034744,9.329422113158,
    -10.28527581632));
#5239 = CARTESIAN_POINT('',(-15.23256377738,8.793491505628,
    -10.31654896616));
#5240 = ORIENTED_EDGE('',*,*,#5212,.T.);
#5241 = ORIENTED_EDGE('',*,*,#5242,.F.);
#5242 = EDGE_CURVE('',#5243,#5198,#5245,.T.);
#5243 = VERTEX_POINT('',#5244);
#5244 = CARTESIAN_POINT('',(-14.95435135133,8.635720166192,
    -9.760054653409));
#5245 = B_SPLINE_CURVE_WITH_KNOTS('',3,(#5246,#5247,#5248,#5249,#5250,
    #5251,#5252,#5253,#5254,#5255),.UNSPECIFIED.,.F.,.F.,(4,1,1,1,1,1,1,
    4),(40.840704496667,41.680466893841,42.674429790161,43.668392686481,
    44.6623555828,45.656318479119,46.650281375439,47.123889803847),
  .UNSPECIFIED.);
#5246 = CARTESIAN_POINT('',(-14.95435135133,8.635720166192,
    -9.760054653409));
#5247 = CARTESIAN_POINT('',(-15.25845424036,8.148632561365,
    -9.784623254596));
#5248 = CARTESIAN_POINT('',(-16.32983658682,7.310754091823,-9.5694389856
    ));
#5249 = CARTESIAN_POINT('',(-18.22984426006,7.820334514869,
    -8.593586434482));
#5250 = CARTESIAN_POINT('',(-18.73864836087,9.953907181954,
    -7.851141782574));
#5251 = CARTESIAN_POINT('',(-17.33360311338,11.768893543827,
    -8.15758974935));
#5252 = CARTESIAN_POINT('',(-15.33585181846,11.640179881332,
    -9.321488605991));
#5253 = CARTESIAN_POINT('',(-14.73291597695,10.046802523692,
    -10.18847833438));
#5254 = CARTESIAN_POINT('',(-15.09105612864,9.089099383904,
    -10.34880446734));
#5255 = CARTESIAN_POINT('',(-15.26175058463,8.811674774511,
    -10.36385169338));
#5256 = ORIENTED_EDGE('',*,*,#5257,.F.);
#5257 = EDGE_CURVE('',#5227,#5243,#5258,.T.);
#5258 = LINE('',#5259,#5260);
#5259 = CARTESIAN_POINT('',(-12.98611252667,7.497535563004,
    -5.818852209629));
#5260 = VECTOR('',#5261,1.);
#5261 = DIRECTION('',(-0.433012701892,0.25,-0.866025403784));
#5262 = CYLINDRICAL_SURFACE('',#5263,2.05475);
#5263 = AXIS2_PLACEMENT_3D('',#5264,#5265,#5266);
#5264 = CARTESIAN_POINT('',(-14.52717502667,8.387268412217,
    -4.791477209629));
#5265 = DIRECTION('',(-0.433012701892,0.25,-0.866025403784));
#5266 = DIRECTION('',(-0.75,0.433012701892,0.5));
#5267 = ADVANCED_FACE('',(#5268),#5308,.F.);
#5268 = FACE_BOUND('',#5269,.F.);
#5269 = EDGE_LOOP('',(#5270,#5285,#5286,#5302));
#5270 = ORIENTED_EDGE('',*,*,#5271,.T.);
#5271 = EDGE_CURVE('',#5272,#5227,#5274,.T.);
#5272 = VERTEX_POINT('',#5273);
#5273 = CARTESIAN_POINT('',(-14.62785355955,8.447457089259,
    -9.102214853071));
#5274 = B_SPLINE_CURVE_WITH_KNOTS('',3,(#5275,#5276,#5277,#5278,#5279,
    #5280,#5281,#5282,#5283,#5284),.UNSPECIFIED.,.F.,.F.,(4,1,1,1,1,1,1,
    4),(34.557519189488,35.271361835486,36.265324731806,37.259287628125,
    38.253250524445,39.247213420764,40.241176317084,40.840704496667),
  .UNSPECIFIED.);
#5275 = CARTESIAN_POINT('',(-14.62785355955,8.447457089259,
    -9.102214853071));
#5276 = CARTESIAN_POINT('',(-14.88711746403,8.032064352216,
    -9.123106838914));
#5277 = CARTESIAN_POINT('',(-15.81783196086,7.210160404274,
    -8.968245465546));
#5278 = CARTESIAN_POINT('',(-17.70143059857,7.445241959825,
    -8.074438847701));
#5279 = CARTESIAN_POINT('',(-18.46194756653,9.466428600269,
    -7.238580813584));
#5280 = CARTESIAN_POINT('',(-17.25618565635,11.4367446152,
    -7.400547303202));
#5281 = CARTESIAN_POINT('',(-15.224088787,11.589842018215,-8.50026709979
    ));
#5282 = CARTESIAN_POINT('',(-14.38488012621,10.046896544496,
    -9.476234388966));
#5283 = CARTESIAN_POINT('',(-14.7195994685,8.972751682803,
    -9.687284338376));
#5284 = CARTESIAN_POINT('',(-14.93372068249,8.620751771937,
    -9.70754580262));
#5285 = ORIENTED_EDGE('',*,*,#5257,.T.);
#5286 = ORIENTED_EDGE('',*,*,#5287,.F.);
#5287 = EDGE_CURVE('',#5288,#5243,#5290,.T.);
#5288 = VERTEX_POINT('',#5289);
#5289 = CARTESIAN_POINT('',(-14.65301072131,8.458024741678,
    -9.153730842141));
#5290 = B_SPLINE_CURVE_WITH_KNOTS('',3,(#5291,#5292,#5293,#5294,#5295,
    #5296,#5297,#5298,#5299,#5300,#5301),.UNSPECIFIED.,.F.,.F.,(4,1,1,1,
    1,1,1,1,4),(34.557519189488,34.722726619605,35.716689515925,
    36.710652412244,37.704615308563,38.698578204883,39.692541101203,
    40.686503997522,40.840704496667),.UNSPECIFIED.);
#5291 = CARTESIAN_POINT('',(-14.65301072131,8.458024741678,
    -9.153730842141));
#5292 = CARTESIAN_POINT('',(-14.7113945778,8.361331586802,
    -9.159536105724));
#5293 = CARTESIAN_POINT('',(-15.17047519398,7.712630704067,
    -9.166966153042));
#5294 = CARTESIAN_POINT('',(-16.63384063587,7.036579030807,
    -8.722771539089));
#5295 = CARTESIAN_POINT('',(-18.31163245129,8.2329452502,-7.666381227308
    ));
#5296 = CARTESIAN_POINT('',(-18.15864957355,10.499315968757,
    -7.21649456929));
#5297 = CARTESIAN_POINT('',(-16.35759127366,11.800153959422,
    -7.869370912525));
#5298 = CARTESIAN_POINT('',(-14.58967771685,10.977837503133,
    -9.118576779967));
#5299 = CARTESIAN_POINT('',(-14.52955968464,9.417084553922,
    -9.691043173266));
#5300 = CARTESIAN_POINT('',(-14.89851077375,8.725161122401,
    -9.755543269499));
#5301 = CARTESIAN_POINT('',(-14.95435135133,8.635720166192,
    -9.760054653409));
#5302 = ORIENTED_EDGE('',*,*,#5303,.F.);
#5303 = EDGE_CURVE('',#5272,#5288,#5304,.T.);
#5304 = LINE('',#5305,#5306);
#5305 = CARTESIAN_POINT('',(-12.98611252667,7.497535563004,
    -5.818852209629));
#5306 = VECTOR('',#5307,1.);
#5307 = DIRECTION('',(-0.433012701892,0.25,-0.866025403784));
#5308 = CYLINDRICAL_SURFACE('',#5309,2.05475);
#5309 = AXIS2_PLACEMENT_3D('',#5310,#5311,#5312);
#5310 = CARTESIAN_POINT('',(-14.52717502667,8.387268412217,
    -4.791477209629));
#5311 = DIRECTION('',(-0.433012701892,0.25,-0.866025403784));
#5312 = DIRECTION('',(-0.75,0.433012701892,0.5));
#5313 = ADVANCED_FACE('',(#5314),#5354,.F.);
#5314 = FACE_BOUND('',#5315,.F.);
#5315 = EDGE_LOOP('',(#5316,#5332,#5333,#5348));
#5316 = ORIENTED_EDGE('',*,*,#5317,.T.);
#5317 = EDGE_CURVE('',#5318,#5272,#5320,.T.);
#5318 = VERTEX_POINT('',#5319);
#5319 = CARTESIAN_POINT('',(-14.32277285317,8.268695576586,
    -8.498068833126));
#5320 = B_SPLINE_CURVE_WITH_KNOTS('',3,(#5321,#5322,#5323,#5324,#5325,
    #5326,#5327,#5328,#5329,#5330,#5331),.UNSPECIFIED.,.F.,.F.,(4,1,1,1,
    1,1,1,1,4),(28.274333882308,28.31362156125,29.307584457569,
    30.301547353889,31.295510250208,32.289473146528,33.283436042847,
    34.277398939167,34.557519189488),.UNSPECIFIED.);
#5321 = CARTESIAN_POINT('',(-14.32277285317,8.268695576586,
    -8.498068833126));
#5322 = CARTESIAN_POINT('',(-14.33673671278,8.245819529943,
    -8.499375349482));
#5323 = CARTESIAN_POINT('',(-14.71506999655,7.650686189286,
    -8.526315863572));
#5324 = CARTESIAN_POINT('',(-16.02610684113,6.846767005455,
    -8.189798137085));
#5325 = CARTESIAN_POINT('',(-17.85428103502,7.79395309436,
    -7.130148743773));
#5326 = CARTESIAN_POINT('',(-17.96350850644,10.034773261034,
    -6.556532720181));
#5327 = CARTESIAN_POINT('',(-16.29807242597,11.556921607435,
    -7.07771115698));
#5328 = CARTESIAN_POINT('',(-14.41587778004,11.001549182965,
    -8.30699746466));
#5329 = CARTESIAN_POINT('',(-14.15425976605,9.402185110152,
    -8.996759502169));
#5330 = CARTESIAN_POINT('',(-14.52611535404,8.610462085015,
    -9.094016592099));
#5331 = CARTESIAN_POINT('',(-14.62785355955,8.447457089259,
    -9.102214853071));
#5332 = ORIENTED_EDGE('',*,*,#5303,.T.);
#5333 = ORIENTED_EDGE('',*,*,#5334,.F.);
#5334 = EDGE_CURVE('',#5335,#5288,#5337,.T.);
#5335 = VERTEX_POINT('',#5336);
#5336 = CARTESIAN_POINT('',(-14.35263839934,8.286341130049,
    -8.545187415956));
#5337 = B_SPLINE_CURVE_WITH_KNOTS('',3,(#5338,#5339,#5340,#5341,#5342,
    #5343,#5344,#5345,#5346,#5347),.UNSPECIFIED.,.F.,.F.,(4,1,1,1,1,1,1,
    4),(28.274333882308,28.758949241688,29.752912138008,30.746875034327,
    31.740837930647,32.734800826966,33.728763723286,34.557519189488),
  .UNSPECIFIED.);
#5338 = CARTESIAN_POINT('',(-14.35263839934,8.286341130049,
    -8.545187415956));
#5339 = CARTESIAN_POINT('',(-14.52687124805,8.002211280875,
    -8.560873071334));
#5340 = CARTESIAN_POINT('',(-15.23410993846,7.237037355144,
    -8.491543527859));
#5341 = CARTESIAN_POINT('',(-17.00264799795,7.027453817804,
    -7.773801428134));
#5342 = CARTESIAN_POINT('',(-18.18974217109,8.764596774116,
    -6.806651140178));
#5343 = CARTESIAN_POINT('',(-17.39529807529,10.937306718297,
    -6.70453262784));
#5344 = CARTESIAN_POINT('',(-15.38526687518,11.595207878216,
    -7.647495297336));
#5345 = CARTESIAN_POINT('',(-14.10591640455,10.244495750088,
    -8.797870031046));
#5346 = CARTESIAN_POINT('',(-14.36013079352,8.94308150087,
    -9.124609004676));
#5347 = CARTESIAN_POINT('',(-14.65301072131,8.458024741678,
    -9.153730842141));
#5348 = ORIENTED_EDGE('',*,*,#5349,.F.);
#5349 = EDGE_CURVE('',#5318,#5335,#5350,.T.);
#5350 = LINE('',#5351,#5352);
#5351 = CARTESIAN_POINT('',(-12.98611252667,7.497535563004,
    -5.818852209629));
#5352 = VECTOR('',#5353,1.);
#5353 = DIRECTION('',(-0.433012701892,0.25,-0.866025403784));
#5354 = CYLINDRICAL_SURFACE('',#5355,2.05475);
#5355 = AXIS2_PLACEMENT_3D('',#5356,#5357,#5358);
#5356 = CARTESIAN_POINT('',(-14.52717502667,8.387268412217,
    -4.791477209629));
#5357 = DIRECTION('',(-0.433012701892,0.25,-0.866025403784));
#5358 = DIRECTION('',(-0.75,0.433012701892,0.5));
#5359 = ADVANCED_FACE('',(#5360),#5399,.F.);
#5360 = FACE_BOUND('',#5361,.F.);
#5361 = EDGE_LOOP('',(#5362,#5377,#5378,#5393));
#5362 = ORIENTED_EDGE('',*,*,#5363,.T.);
#5363 = EDGE_CURVE('',#5364,#5318,#5366,.T.);
#5364 = VERTEX_POINT('',#5365);
#5365 = CARTESIAN_POINT('',(-14.02420777983,8.095304561885,
    -7.889114667439));
#5366 = B_SPLINE_CURVE_WITH_KNOTS('',3,(#5367,#5368,#5369,#5370,#5371,
    #5372,#5373,#5374,#5375,#5376),.UNSPECIFIED.,.F.,.F.,(4,1,1,1,1,1,1,
    4),(21.991148575128,22.349844183333,23.343807079652,24.337769975972,
    25.331732872291,26.325695768611,27.31965866493,28.274333882308),
  .UNSPECIFIED.);
#5367 = CARTESIAN_POINT('',(-14.02420777983,8.095304561885,
    -7.889114667439));
#5368 = CARTESIAN_POINT('',(-14.15198754622,7.884665973352,
    -7.901412182409));
#5369 = CARTESIAN_POINT('',(-14.75328363132,7.161423215318,
    -7.867549874092));
#5370 = CARTESIAN_POINT('',(-16.41851899693,6.744693883068,
    -7.255857379521));
#5371 = CARTESIAN_POINT('',(-17.81589397998,8.286577861194,
    -6.239933098418));
#5372 = CARTESIAN_POINT('',(-17.26763356351,10.523167142356,
    -5.996282370212));
#5373 = CARTESIAN_POINT('',(-15.31584419402,11.445967266144,
    -6.833654380352));
#5374 = CARTESIAN_POINT('',(-13.79905072471,10.256982359263,
    -8.061463568055));
#5375 = CARTESIAN_POINT('',(-13.98345653151,8.824574554155,
    -8.466320997162));
#5376 = CARTESIAN_POINT('',(-14.32277285317,8.268695576586,
    -8.498068833126));
#5377 = ORIENTED_EDGE('',*,*,#5349,.T.);
#5378 = ORIENTED_EDGE('',*,*,#5379,.F.);
#5379 = EDGE_CURVE('',#5380,#5335,#5382,.T.);
#5380 = VERTEX_POINT('',#5381);
#5381 = CARTESIAN_POINT('',(-14.04546462013,8.111179617437,
    -7.941048701921));
#5382 = B_SPLINE_CURVE_WITH_KNOTS('',3,(#5383,#5384,#5385,#5386,#5387,
    #5388,#5389,#5390,#5391,#5392),.UNSPECIFIED.,.F.,.F.,(4,1,1,1,1,1,1,
    4),(21.991148575128,22.795171863771,23.789134760091,24.78309765641,
    25.77706055273,26.771023449049,27.764986345369,28.274333882308),
  .UNSPECIFIED.);
#5383 = CARTESIAN_POINT('',(-14.04546462013,8.111179617437,
    -7.941048701921));
#5384 = CARTESIAN_POINT('',(-14.33709130408,7.644526826479,
    -7.964423849424));
#5385 = CARTESIAN_POINT('',(-15.36723753041,6.809831543595,
    -7.767406200073));
#5386 = CARTESIAN_POINT('',(-17.26623557046,7.239711868822,
    -6.813533368429));
#5387 = CARTESIAN_POINT('',(-17.8474010216,9.344705468686,
    -6.043158107431));
#5388 = CARTESIAN_POINT('',(-16.49670909679,11.206771430732,
    -6.308838702955));
#5389 = CARTESIAN_POINT('',(-14.48588456266,11.157984265094,
    -7.456201386961));
#5390 = CARTESIAN_POINT('',(-13.81673165354,9.575057304744,
    -8.354815412901));
#5391 = CARTESIAN_POINT('',(-14.16951363733,8.584971447984,
    -8.528701248571));
#5392 = CARTESIAN_POINT('',(-14.35263839934,8.286341130049,
    -8.545187415956));
#5393 = ORIENTED_EDGE('',*,*,#5394,.F.);
#5394 = EDGE_CURVE('',#5364,#5380,#5395,.T.);
#5395 = LINE('',#5396,#5397);
#5396 = CARTESIAN_POINT('',(-12.98611252667,7.497535563004,
    -5.818852209629));
#5397 = VECTOR('',#5398,1.);
#5398 = DIRECTION('',(-0.433012701892,0.25,-0.866025403784));
#5399 = CYLINDRICAL_SURFACE('',#5400,2.05475);
#5400 = AXIS2_PLACEMENT_3D('',#5401,#5402,#5403);
#5401 = CARTESIAN_POINT('',(-14.52717502667,8.387268412217,
    -4.791477209629));
#5402 = DIRECTION('',(-0.433012701892,0.25,-0.866025403784));
#5403 = DIRECTION('',(-0.75,0.433012701892,0.5));
#5404 = ADVANCED_FACE('',(#5405),#5444,.F.);
#5405 = FACE_BOUND('',#5406,.F.);
#5406 = EDGE_LOOP('',(#5407,#5419,#5428,#5438));
#5407 = ORIENTED_EDGE('',*,*,#5408,.F.);
#5408 = EDGE_CURVE('',#5409,#5411,#5413,.T.);
#5409 = VERTEX_POINT('',#5410);
#5410 = CARTESIAN_POINT('',(-14.6007704085,10.726037263182,
    -5.864615859607));
#5411 = VERTEX_POINT('',#5412);
#5412 = CARTESIAN_POINT('',(-13.74304270174,7.932986033308,
    -7.335409341134));
#5413 = B_SPLINE_CURVE_WITH_KNOTS('',3,(#5414,#5415,#5416,#5417,#5418),
  .UNSPECIFIED.,.F.,.F.,(4,1,4),(13.876192869531,14.843468693215,
    15.707963267949),.UNSPECIFIED.);
#5414 = CARTESIAN_POINT('',(-14.60076948521,10.726041069349,
    -5.864615222506));
#5415 = CARTESIAN_POINT('',(-14.05354512105,10.605338185837,
    -6.214549212174));
#5416 = CARTESIAN_POINT('',(-13.20469789895,9.75673709785,-6.96249125266
    ));
#5417 = CARTESIAN_POINT('',(-13.43745978723,8.438185271964,
    -7.305291830476));
#5418 = CARTESIAN_POINT('',(-13.74304270174,7.932986033308,
    -7.335409341134));
#5419 = ORIENTED_EDGE('',*,*,#5420,.T.);
#5420 = EDGE_CURVE('',#5409,#5421,#5423,.T.);
#5421 = VERTEX_POINT('',#5422);
#5422 = CARTESIAN_POINT('',(-13.80636548359,10.263390691116,
    -6.395372883521));
#5423 = CIRCLE('',#5424,2.05475);
#5424 = AXIS2_PLACEMENT_3D('',#5425,#5426,#5427);
#5425 = CARTESIAN_POINT('',(-15.19658030932,8.773749732351,
    -6.130287774927));
#5426 = DIRECTION('',(-0.433012701892,0.25,-0.866025403784));
#5427 = DIRECTION('',(-0.75,0.433012701892,0.5));
#5428 = ORIENTED_EDGE('',*,*,#5429,.T.);
#5429 = EDGE_CURVE('',#5421,#5430,#5432,.T.);
#5430 = VERTEX_POINT('',#5431);
#5431 = CARTESIAN_POINT('',(-13.71911508983,7.923447401202,
    -7.282981524564));
#5432 = B_SPLINE_CURVE_WITH_KNOTS('',3,(#5433,#5434,#5435,#5436,#5437),
  .UNSPECIFIED.,.F.,.F.,(4,1,4),(14.398141012777,15.392103909096,
    15.707963267949),.UNSPECIFIED.);
#5433 = CARTESIAN_POINT('',(-13.80636548359,10.263390691116,
    -6.395372883521));
#5434 = CARTESIAN_POINT('',(-13.416879679,9.835690292394,-6.756204514429
    ));
#5435 = CARTESIAN_POINT('',(-13.2334774023,8.928384846495,
    -7.165988841159));
#5436 = CARTESIAN_POINT('',(-13.60446762705,8.107539081338,
    -7.273618157193));
#5437 = CARTESIAN_POINT('',(-13.71911508983,7.923447401202,
    -7.282981524564));
#5438 = ORIENTED_EDGE('',*,*,#5439,.T.);
#5439 = EDGE_CURVE('',#5430,#5411,#5440,.T.);
#5440 = LINE('',#5441,#5442);
#5441 = CARTESIAN_POINT('',(-12.98611252667,7.497535563004,
    -5.818852209629));
#5442 = VECTOR('',#5443,1.);
#5443 = DIRECTION('',(-0.433012701892,0.25,-0.866025403784));
#5444 = CYLINDRICAL_SURFACE('',#5445,2.05475);
#5445 = AXIS2_PLACEMENT_3D('',#5446,#5447,#5448);
#5446 = CARTESIAN_POINT('',(-14.52717502667,8.387268412217,
    -4.791477209629));
#5447 = DIRECTION('',(-0.433012701892,0.25,-0.866025403784));
#5448 = DIRECTION('',(0.853446115084,0.422867697818,-0.304651667959));
#5449 = ADVANCED_FACE('',(#5450),#5547,.F.);
#5450 = FACE_BOUND('',#5451,.F.);
#5451 = EDGE_LOOP('',(#5452,#5462,#5522,#5531));
#5452 = ORIENTED_EDGE('',*,*,#5453,.F.);
#5453 = EDGE_CURVE('',#5454,#5456,#5458,.T.);
#5454 = VERTEX_POINT('',#5455);
#5455 = CARTESIAN_POINT('',(-2.905994093914,3.879943902444E-15,-19.4));
#5456 = VERTEX_POINT('',#5457);
#5457 = CARTESIAN_POINT('',(-2.06925056759,2.762764087912E-15,
    -17.27580280768));
#5458 = LINE('',#5459,#5460);
#5459 = CARTESIAN_POINT('',(-2.905994093914,3.879943902444E-15,-19.4));
#5460 = VECTOR('',#5461,1.);
#5461 = DIRECTION('',(0.366501226724,-4.893348554442E-16,0.930417567982)
  );
#5462 = ORIENTED_EDGE('',*,*,#5463,.T.);
#5463 = EDGE_CURVE('',#5454,#5464,#5466,.T.);
#5464 = VERTEX_POINT('',#5465);
#5465 = CARTESIAN_POINT('',(2.905994093914,-4.235825538989E-15,-19.4));
#5466 = B_SPLINE_CURVE_WITH_KNOTS('',3,(#5467,#5468,#5469,#5470,#5471,
    #5472,#5473,#5474,#5475,#5476,#5477,#5478,#5479,#5480,#5481,#5482,
    #5483,#5484,#5485,#5486,#5487,#5488,#5489,#5490,#5491,#5492,#5493,
    #5494,#5495,#5496,#5497,#5498,#5499,#5500,#5501,#5502,#5503,#5504,
    #5505,#5506,#5507,#5508,#5509,#5510,#5511,#5512,#5513,#5514,#5515,
    #5516,#5517,#5518,#5519,#5520,#5521),.UNSPECIFIED.,.F.,.F.,(4,3,3,3,
    3,3,3,3,3,3,3,3,3,3,3,3,3,3,4),(-3.14159265359,-2.895370789651,
    -2.692424662298,-2.435367261042,-2.174948013926,-1.933246015929,
    -1.793531763187,-1.556902561314,-1.333951609577,-1.115761757312,
    -0.915422384117,-0.897571905048,-0.89159265359,-0.744008606671,
    -0.589603459791,-0.426494682856,-0.262564314279,-0.104449271137,0.),
  .UNSPECIFIED.);
#5467 = CARTESIAN_POINT('',(-2.905994093914,3.168180629353E-15,-19.4));
#5468 = CARTESIAN_POINT('',(-2.905994093914,-0.238506427466,-19.4));
#5469 = CARTESIAN_POINT('',(-2.877099188467,-0.477461314347,
    -19.39998595202));
#5470 = CARTESIAN_POINT('',(-2.819875877937,-0.709060085931,
    -19.39996108129));
#5471 = CARTESIAN_POINT('',(-2.772710085749,-0.899953262681,
    -19.39994058182));
#5472 = CARTESIAN_POINT('',(-2.706297911523,-1.085850384678,
    -19.39991272966));
#5473 = CARTESIAN_POINT('',(-2.620934563677,-1.262395580663,
    -19.39987933082));
#5474 = CARTESIAN_POINT('',(-2.512810892404,-1.486012803006,
    -19.3998370269));
#5475 = CARTESIAN_POINT('',(-2.374285093643,-1.694628346322,
    -19.39978582418));
#5476 = CARTESIAN_POINT('',(-2.211839846104,-1.88306068859,
    -19.39972939269));
#5477 = CARTESIAN_POINT('',(-2.047270108548,-2.073957385071,
    -19.39967222317));
#5478 = CARTESIAN_POINT('',(-1.858149523655,-2.244141074147,
    -19.39960968723));
#5479 = CARTESIAN_POINT('',(-1.651174362276,-2.388194528311,
    -19.39954560077));
#5480 = CARTESIAN_POINT('',(-1.459075235214,-2.521894353019,
    -19.39948612044));
#5481 = CARTESIAN_POINT('',(-1.25159425919,-2.633085781835,
    -19.39942530445));
#5482 = CARTESIAN_POINT('',(-1.034071253836,-2.717397255583,
    -19.39936620367));
#5483 = CARTESIAN_POINT('',(-0.908333509014,-2.76613294933,
    -19.39933204085));
#5484 = CARTESIAN_POINT('',(-0.779240236584,-2.805886317885,
    -19.39929845114));
#5485 = CARTESIAN_POINT('',(-0.647823336534,-2.83580487318,
    -19.39926602378));
#5486 = CARTESIAN_POINT('',(-0.42524707419,-2.886476896411,
    -19.39921110269));
#5487 = CARTESIAN_POINT('',(-0.196003139331,-2.908938556847,
    -19.39915951583));
#5488 = CARTESIAN_POINT('',(3.341951444673E-02,-2.904602646325,
    -19.39911412596));
#5489 = CARTESIAN_POINT('',(0.249580489529,-2.900517371263,
    -19.39907135982));
#5490 = CARTESIAN_POINT('',(0.465900978277,-2.872642563497,
    -19.39903409495));
#5491 = CARTESIAN_POINT('',(0.676916665324,-2.822138049054,
    -19.3990047258));
#5492 = CARTESIAN_POINT('',(0.883426129507,-2.772712054416,
    -19.39897598382));
#5493 = CARTESIAN_POINT('',(1.084855829286,-2.701612276126,
    -19.39895480394));
#5494 = CARTESIAN_POINT('',(1.276034903186,-2.609909281001,
    -19.39894343046));
#5495 = CARTESIAN_POINT('',(1.451573295258,-2.525708662262,
    -19.39893298747));
#5496 = CARTESIAN_POINT('',(1.618469773519,-2.424137794398,
    -19.39893081196));
#5497 = CARTESIAN_POINT('',(1.772674037757,-2.306015479163,
    -19.39893864125));
#5498 = CARTESIAN_POINT('',(1.786413823138,-2.295490638827,
    -19.39893933885));
#5499 = CARTESIAN_POINT('',(1.800052810597,-2.284834390738,
    -19.39894011587));
#5500 = CARTESIAN_POINT('',(1.81358811449,-2.274047311023,
    -19.39894097356));
#5501 = CARTESIAN_POINT('',(1.818121941577,-2.270434037571,
    -19.39894126085));
#5502 = CARTESIAN_POINT('',(1.82264413531,-2.266806084771,
    -19.39894155719));
#5503 = CARTESIAN_POINT('',(1.827154648536,-2.263163546179,
    -19.39894186263));
#5504 = CARTESIAN_POINT('',(1.938486275966,-2.173255872923,
    -19.39894940167));
#5505 = CARTESIAN_POINT('',(2.042444327658,-2.074686036503,
    -19.39898343751));
#5506 = CARTESIAN_POINT('',(2.1384545904,-1.968921638902,-19.39903499163
    ));
#5507 = CARTESIAN_POINT('',(2.238902294812,-1.85826897903,
    -19.39908892849));
#5508 = CARTESIAN_POINT('',(2.330651128563,-1.739740712,-19.39916204039)
  );
#5509 = CARTESIAN_POINT('',(2.413021973823,-1.614963772742,
    -19.39924404545));
#5510 = CARTESIAN_POINT('',(2.500035963298,-1.483153309403,
    -19.39933067304));
#5511 = CARTESIAN_POINT('',(2.576585736306,-1.344368983247,
    -19.39942722465));
#5512 = CARTESIAN_POINT('',(2.641836204541,-1.200481846435,
    -19.39952157983));
#5513 = CARTESIAN_POINT('',(2.707415344477,-1.055869938884,
    -19.39961641028));
#5514 = CARTESIAN_POINT('',(2.761581657634,-0.906102322309,
    -19.39970902213));
#5515 = CARTESIAN_POINT('',(2.803442943043,-0.753050293668,
    -19.39978711085));
#5516 = CARTESIAN_POINT('',(2.843819226009,-0.605427688281,
    -19.39986242941));
#5517 = CARTESIAN_POINT('',(2.872748227765,-0.454748316106,
    -19.39992423697));
#5518 = CARTESIAN_POINT('',(2.889382802824,-0.302684443859,
    -19.39996149258));
#5519 = CARTESIAN_POINT('',(2.900371442527,-0.202232517801,
    -19.39998610327));
#5520 = CARTESIAN_POINT('',(2.905994093914,-0.101176321679,-19.4));
#5521 = CARTESIAN_POINT('',(2.905994093914,-3.552713678801E-15,-19.4));
#5522 = ORIENTED_EDGE('',*,*,#5523,.T.);
#5523 = EDGE_CURVE('',#5464,#5524,#5526,.T.);
#5524 = VERTEX_POINT('',#5525);
#5525 = CARTESIAN_POINT('',(2.06925056759,-3.016174196335E-15,
    -17.27580280768));
#5526 = B_SPLINE_CURVE_WITH_KNOTS('',3,(#5527,#5528,#5529,#5530),
  .UNSPECIFIED.,.F.,.F.,(4,4),(0.,0.212419719232),
  .PIECEWISE_BEZIER_KNOTS.);
#5527 = CARTESIAN_POINT('',(2.905994093914,-3.524062265899E-15,-19.4));
#5528 = CARTESIAN_POINT('',(2.627079585139,-3.185826170428E-15,
    -18.69193426922));
#5529 = CARTESIAN_POINT('',(2.348165076365,-2.847590074958E-15,
    -17.98386853845));
#5530 = CARTESIAN_POINT('',(2.06925056759,-2.509353979488E-15,
    -17.27580280768));
#5531 = ORIENTED_EDGE('',*,*,#5532,.T.);
#5532 = EDGE_CURVE('',#5524,#5456,#5533,.T.);
#5533 = B_SPLINE_CURVE_WITH_KNOTS('',3,(#5534,#5535,#5536,#5537,#5538,
    #5539,#5540,#5541,#5542,#5543,#5544,#5545,#5546),.UNSPECIFIED.,.F.,
  .F.,(4,3,3,3,4),(0.,0.186265024324,0.372530048648,0.558795072972,
    0.651927585134),.UNSPECIFIED.);
#5534 = CARTESIAN_POINT('',(2.06925056759,-2.775557561563E-15,
    -17.27580280768));
#5535 = CARTESIAN_POINT('',(2.06925056759,-0.619118322055,
    -17.27580280768));
#5536 = CARTESIAN_POINT('',(1.773818649206,-1.235152905813,
    -17.27580280768));
#5537 = CARTESIAN_POINT('',(1.291574198481,-1.619497234847,
    -17.27580280768));
#5538 = CARTESIAN_POINT('',(0.809329747757,-2.003841563881,
    -17.27580280768));
#5539 = CARTESIAN_POINT('',(0.140272764692,-2.156495638193,
    -17.27580280768));
#5540 = CARTESIAN_POINT('',(-0.461336798765,-2.019472335958,
    -17.27580280768));
#5541 = CARTESIAN_POINT('',(-1.062946362222,-1.882449033724,
    -17.27580280768));
#5542 = CARTESIAN_POINT('',(-1.597108506071,-1.455748354944,
    -17.27580280768));
#5543 = CARTESIAN_POINT('',(-1.866300771618,-0.898919748894,
    -17.27580280768));
#5544 = CARTESIAN_POINT('',(-2.000896904392,-0.62050544587,
    -17.27580280768));
#5545 = CARTESIAN_POINT('',(-2.06925056759,-0.309559161028,
    -17.27580280768));
#5546 = CARTESIAN_POINT('',(-2.06925056759,2.255943871065E-15,
    -17.27580280768));
#5547 = B_SPLINE_SURFACE_WITH_KNOTS('',3,3,(
    (#5548,#5549,#5550,#5551)
    ,(#5552,#5553,#5554,#5555)
    ,(#5556,#5557,#5558,#5559)
    ,(#5560,#5561,#5562,#5563)
    ,(#5564,#5565,#5566,#5567)
    ,(#5568,#5569,#5570,#5571)
    ,(#5572,#5573,#5574,#5575
    )),.UNSPECIFIED.,.F.,.F.,.F.,(4,1,1,1,4),(4,4),(-9.424777960769,
    -8.975979010257,-8.078381109231,-7.180783208205,-6.28318530718),(0.,
    0.212419719232),.UNSPECIFIED.);
#5548 = CARTESIAN_POINT('',(-2.905994093914,3.168180629353E-15,-19.4));
#5549 = CARTESIAN_POINT('',(-2.627079585139,2.864101709924E-15,
    -18.69193426922));
#5550 = CARTESIAN_POINT('',(-2.348165076365,2.560022790494E-15,
    -17.98386853845));
#5551 = CARTESIAN_POINT('',(-2.06925056759,2.255943871065E-15,
    -17.27580280768));
#5552 = CARTESIAN_POINT('',(-2.905994093914,-0.434735699848,-19.4));
#5553 = CARTESIAN_POINT('',(-2.627695168005,-0.393285180885,
    -18.69193426922));
#5554 = CARTESIAN_POINT('',(-2.347549493499,-0.35100967999,
    -17.98386853845));
#5555 = CARTESIAN_POINT('',(-2.06925056759,-0.309559161027,
    -17.27580280768));
#5556 = CARTESIAN_POINT('',(-2.618012525133,-1.744786905964,-19.4));
#5557 = CARTESIAN_POINT('',(-2.36626580461,-1.57716432895,
    -18.69193426922));
#5558 = CARTESIAN_POINT('',(-2.115936298518,-1.410020592568,
    -17.98386853845));
#5559 = CARTESIAN_POINT('',(-1.864189577995,-1.242398015554,
    -17.27580280768));
#5560 = CARTESIAN_POINT('',(-0.742608865072,-3.242901334233,-19.4));
#5561 = CARTESIAN_POINT('',(-0.671728678492,-2.931789418003,
    -18.69193426922));
#5562 = CARTESIAN_POINT('',(-0.599664404953,-2.620261628733,
    -17.98386853845));
#5563 = CARTESIAN_POINT('',(-0.528784218373,-2.309149712503,
    -17.27580280768));
#5564 = CARTESIAN_POINT('',(2.076202454927,-2.599752777975,-19.4));
#5565 = CARTESIAN_POINT('',(1.877369493113,-2.34999093596,
    -18.69193426922));
#5566 = CARTESIAN_POINT('',(1.677219692635,-2.100949331584,
    -17.98386853845));
#5567 = CARTESIAN_POINT('',(1.478386730821,-1.851187489569,
    -17.27580280768));
#5568 = CARTESIAN_POINT('',(2.905994093914,-0.869471399697,-19.4));
#5569 = CARTESIAN_POINT('',(2.626367450832,-0.786334827511,
    -18.69193426922));
#5570 = CARTESIAN_POINT('',(2.348877210672,-0.702254894241,
    -17.98386853845));
#5571 = CARTESIAN_POINT('',(2.06925056759,-0.619118322055,
    -17.27580280768));
#5572 = CARTESIAN_POINT('',(2.905994093914,-3.524062265899E-15,-19.4));
#5573 = CARTESIAN_POINT('',(2.627079585139,-3.185826170428E-15,
    -18.69193426922));
#5574 = CARTESIAN_POINT('',(2.348165076365,-2.847590074958E-15,
    -17.98386853845));
#5575 = CARTESIAN_POINT('',(2.06925056759,-2.509353979488E-15,
    -17.27580280768));
#5576 = ADVANCED_FACE('',(#5577),#5603,.F.);
#5577 = FACE_BOUND('',#5578,.T.);
#5578 = EDGE_LOOP('',(#5579,#5588,#5596,#5602));
#5579 = ORIENTED_EDGE('',*,*,#5580,.F.);
#5580 = EDGE_CURVE('',#5581,#5524,#5583,.T.);
#5581 = VERTEX_POINT('',#5582);
#5582 = CARTESIAN_POINT('',(1.900382450167,3.900382450167,
    -16.84710611674));
#5583 = CIRCLE('',#5584,16.739051547888);
#5584 = AXIS2_PLACEMENT_3D('',#5585,#5586,#5587);
#5585 = CARTESIAN_POINT('',(-4.065632358912,-2.300124382602E-15,
    -1.701495176175));
#5586 = DIRECTION('',(-0.930417567982,-5.26382108659E-16,-0.366501226724
    ));
#5587 = DIRECTION('',(0.366501226724,0.,-0.930417567982));
#5588 = ORIENTED_EDGE('',*,*,#5589,.F.);
#5589 = EDGE_CURVE('',#5590,#5581,#5592,.T.);
#5590 = VERTEX_POINT('',#5591);
#5591 = CARTESIAN_POINT('',(2.905994093914,4.905994093914,-19.4));
#5592 = LINE('',#5593,#5594);
#5593 = CARTESIAN_POINT('',(2.561874978914,4.561874978914,
    -18.52640273284));
#5594 = VECTOR('',#5595,1.);
#5595 = DIRECTION('',(-0.344117718609,-0.344117718609,0.873593722207));
#5596 = ORIENTED_EDGE('',*,*,#5597,.F.);
#5597 = EDGE_CURVE('',#5464,#5590,#5598,.T.);
#5598 = LINE('',#5599,#5600);
#5599 = CARTESIAN_POINT('',(2.905994093914,2.452997046957,-19.4));
#5600 = VECTOR('',#5601,1.);
#5601 = DIRECTION('',(-5.657482476397E-16,1.,0.));
#5602 = ORIENTED_EDGE('',*,*,#5523,.T.);
#5603 = PLANE('',#5604);
#5604 = AXIS2_PLACEMENT_3D('',#5605,#5606,#5607);
#5605 = CARTESIAN_POINT('',(2.905994093914,4.905994093914,-19.4));
#5606 = DIRECTION('',(0.930417567982,5.26382108659E-16,0.366501226724));
#5607 = DIRECTION('',(-5.657482476397E-16,1.,1.725633230171E-31));
#5608 = ADVANCED_FACE('',(#5609,#5646,#5657,#5668),#5679,.F.);
#5609 = FACE_BOUND('',#5610,.F.);
#5610 = EDGE_LOOP('',(#5611,#5622,#5631,#5638,#5639));
#5611 = ORIENTED_EDGE('',*,*,#5612,.T.);
#5612 = EDGE_CURVE('',#5613,#5615,#5617,.T.);
#5613 = VERTEX_POINT('',#5614);
#5614 = CARTESIAN_POINT('',(17.270600809562,-2.115038600078E-15,
    -1.578982033865));
#5615 = VERTEX_POINT('',#5616);
#5616 = CARTESIAN_POINT('',(-17.27060080956,2.115038600078E-15,
    -1.578982033865));
#5617 = CIRCLE('',#5618,17.270600809562);
#5618 = AXIS2_PLACEMENT_3D('',#5619,#5620,#5621);
#5619 = CARTESIAN_POINT('',(0.,0.,-1.578982033865));
#5620 = DIRECTION('',(0.,0.,-1.));
#5621 = DIRECTION('',(1.,0.,0.));
#5622 = ORIENTED_EDGE('',*,*,#5623,.T.);
#5623 = EDGE_CURVE('',#5615,#5624,#5626,.T.);
#5624 = VERTEX_POINT('',#5625);
#5625 = CARTESIAN_POINT('',(-15.66843197996,-1.918829507192E-15,
    -7.434182932622));
#5626 = CIRCLE('',#5627,17.342630613218);
#5627 = AXIS2_PLACEMENT_3D('',#5628,#5629,#5630);
#5628 = CARTESIAN_POINT('',(0.,0.,-2.22044604925E-15));
#5629 = DIRECTION('',(1.224646799147E-16,-1.,0.));
#5630 = DIRECTION('',(-1.,-1.224646799147E-16,0.));
#5631 = ORIENTED_EDGE('',*,*,#5632,.T.);
#5632 = EDGE_CURVE('',#5624,#5624,#5633,.T.);
#5633 = CIRCLE('',#5634,15.668431979966);
#5634 = AXIS2_PLACEMENT_3D('',#5635,#5636,#5637);
#5635 = CARTESIAN_POINT('',(0.,0.,-7.434182932622));
#5636 = DIRECTION('',(0.,-0.,1.));
#5637 = DIRECTION('',(0.,1.,0.));
#5638 = ORIENTED_EDGE('',*,*,#5623,.F.);
#5639 = ORIENTED_EDGE('',*,*,#5640,.T.);
#5640 = EDGE_CURVE('',#5615,#5613,#5641,.T.);
#5641 = CIRCLE('',#5642,17.270600809562);
#5642 = AXIS2_PLACEMENT_3D('',#5643,#5644,#5645);
#5643 = CARTESIAN_POINT('',(0.,0.,-1.578982033865));
#5644 = DIRECTION('',(0.,0.,-1.));
#5645 = DIRECTION('',(1.,0.,0.));
#5646 = FACE_BOUND('',#5647,.F.);
#5647 = EDGE_LOOP('',(#5648));
#5648 = ORIENTED_EDGE('',*,*,#5649,.T.);
#5649 = EDGE_CURVE('',#5650,#5650,#5652,.T.);
#5650 = VERTEX_POINT('',#5651);
#5651 = CARTESIAN_POINT('',(-14.15185280461,7.558329754742,
    -6.585100614382));
#5652 = CIRCLE('',#5653,1.06895668415);
#5653 = AXIS2_PLACEMENT_3D('',#5654,#5655,#5656);
#5654 = CARTESIAN_POINT('',(-14.15185280461,8.170576026278,
    -5.708845574124));
#5655 = DIRECTION('',(0.817569877725,-0.472024188986,0.329807004244));
#5656 = DIRECTION('',(1.387778780781E-16,0.572751244848,0.819729230615)
  );
#5657 = FACE_BOUND('',#5658,.F.);
#5658 = EDGE_LOOP('',(#5659));
#5659 = ORIENTED_EDGE('',*,*,#5660,.T.);
#5660 = EDGE_CURVE('',#5661,#5661,#5663,.T.);
#5661 = VERTEX_POINT('',#5662);
#5662 = CARTESIAN_POINT('',(14.151852804617,7.558329754742,
    -6.585100614382));
#5663 = CIRCLE('',#5664,1.06895668415);
#5664 = AXIS2_PLACEMENT_3D('',#5665,#5666,#5667);
#5665 = CARTESIAN_POINT('',(14.151852804617,8.170576026278,
    -5.708845574124));
#5666 = DIRECTION('',(-0.817569877725,-0.472024188986,0.329807004244));
#5667 = DIRECTION('',(3.885780586188E-16,0.572751244848,0.819729230615)
  );
#5668 = FACE_BOUND('',#5669,.F.);
#5669 = EDGE_LOOP('',(#5670));
#5670 = ORIENTED_EDGE('',*,*,#5671,.T.);
#5671 = EDGE_CURVE('',#5672,#5672,#5674,.T.);
#5672 = VERTEX_POINT('',#5673);
#5673 = CARTESIAN_POINT('',(-8.6969753961E-16,-16.69370145422,
    -4.69969875033));
#5674 = CIRCLE('',#5675,1.06895668415);
#5675 = AXIS2_PLACEMENT_3D('',#5676,#5677,#5678);
#5676 = CARTESIAN_POINT('',(-1.000606977777E-15,-16.34115205255,
    -5.708845574124));
#5677 = DIRECTION('',(5.780629121619E-17,0.944048377972,0.329807004244)
  );
#5678 = DIRECTION('',(0.,0.329807004244,-0.944048377972));
#5679 = SPHERICAL_SURFACE('',#5680,17.342630613218);
#5680 = AXIS2_PLACEMENT_3D('',#5681,#5682,#5683);
#5681 = CARTESIAN_POINT('',(0.,0.,-2.22044604925E-15));
#5682 = DIRECTION('',(6.123233995737E-17,0.,1.));
#5683 = DIRECTION('',(1.,0.,-6.123233995737E-17));
#5684 = ADVANCED_FACE('',(#5685),#5715,.T.);
#5685 = FACE_BOUND('',#5686,.T.);
#5686 = EDGE_LOOP('',(#5687,#5698,#5705,#5706,#5707,#5708));
#5687 = ORIENTED_EDGE('',*,*,#5688,.T.);
#5688 = EDGE_CURVE('',#5689,#5691,#5693,.T.);
#5689 = VERTEX_POINT('',#5690);
#5690 = CARTESIAN_POINT('',(-17.43023695646,-4.269176779424E-15,
    -1.508125298455));
#5691 = VERTEX_POINT('',#5692);
#5692 = CARTESIAN_POINT('',(17.430236956469,-2.134588389712E-15,
    -1.508125298455));
#5693 = CIRCLE('',#5694,17.430236956469);
#5694 = AXIS2_PLACEMENT_3D('',#5695,#5696,#5697);
#5695 = CARTESIAN_POINT('',(0.,-1.067294194856E-15,-1.508125298455));
#5696 = DIRECTION('',(0.,0.,1.));
#5697 = DIRECTION('',(1.,6.123233995737E-17,-0.));
#5698 = ORIENTED_EDGE('',*,*,#5699,.T.);
#5699 = EDGE_CURVE('',#5691,#5613,#5700,.T.);
#5700 = CIRCLE('',#5701,0.1);
#5701 = AXIS2_PLACEMENT_3D('',#5702,#5703,#5704);
#5702 = CARTESIAN_POINT('',(17.37018547578,-2.127234204351E-15,
    -1.588086662044));
#5703 = DIRECTION('',(-1.224646799147E-16,-1.,0.));
#5704 = DIRECTION('',(1.,-1.224646799147E-16,0.));
#5705 = ORIENTED_EDGE('',*,*,#5612,.T.);
#5706 = ORIENTED_EDGE('',*,*,#5640,.T.);
#5707 = ORIENTED_EDGE('',*,*,#5699,.F.);
#5708 = ORIENTED_EDGE('',*,*,#5709,.T.);
#5709 = EDGE_CURVE('',#5691,#5689,#5710,.T.);
#5710 = CIRCLE('',#5711,17.430236956469);
#5711 = AXIS2_PLACEMENT_3D('',#5712,#5713,#5714);
#5712 = CARTESIAN_POINT('',(0.,-1.067294194856E-15,-1.508125298455));
#5713 = DIRECTION('',(0.,0.,1.));
#5714 = DIRECTION('',(1.,6.123233995737E-17,-0.));
#5715 = TOROIDAL_SURFACE('',#5716,17.37018547578,0.1);
#5716 = AXIS2_PLACEMENT_3D('',#5717,#5718,#5719);
#5717 = CARTESIAN_POINT('',(0.,0.,-1.588086662044));
#5718 = DIRECTION('',(0.,0.,-1.));
#5719 = DIRECTION('',(-1.,0.,0.));
#5720 = ADVANCED_FACE('',(#5721),#5835,.T.);
#5721 = FACE_BOUND('',#5722,.T.);
#5722 = EDGE_LOOP('',(#5723,#5724,#5732,#5747,#5756,#5779,#5788,#5811,
    #5820,#5833,#5834));
#5723 = ORIENTED_EDGE('',*,*,#5688,.F.);
#5724 = ORIENTED_EDGE('',*,*,#5725,.T.);
#5725 = EDGE_CURVE('',#5689,#5726,#5728,.T.);
#5726 = VERTEX_POINT('',#5727);
#5727 = CARTESIAN_POINT('',(-18.1976306132,4.816620937726E-16,
    -2.084442700881));
#5728 = LINE('',#5729,#5730);
#5729 = CARTESIAN_POINT('',(-18.37521971852,-2.250315401192E-15,
    -2.21781322197));
#5730 = VECTOR('',#5731,1.);
#5731 = DIRECTION('',(-0.799613635892,-9.792442797493E-17,
    -0.600514806892));
#5732 = ORIENTED_EDGE('',*,*,#5733,.T.);
#5733 = EDGE_CURVE('',#5726,#5734,#5736,.T.);
#5734 = VERTEX_POINT('',#5735);
#5735 = CARTESIAN_POINT('',(-19.41961325534,-1.574230608669,-3.05));
#5736 = B_SPLINE_CURVE_WITH_KNOTS('',3,(#5737,#5738,#5739,#5740,#5741,
    #5742,#5743,#5744,#5745,#5746),.UNSPECIFIED.,.F.,.F.,(4,2,2,2,4),(
    0.262025841344,0.31925439857,0.376482955795,0.450267319242,
    0.490853788344),.UNSPECIFIED.);
#5737 = CARTESIAN_POINT('',(-18.1976306132,3.157196726278E-15,
    -2.084442700881));
#5738 = CARTESIAN_POINT('',(-18.1976306132,-0.190761857419,
    -2.084442700881));
#5739 = CARTESIAN_POINT('',(-18.23344749645,-0.390821470645,
    -2.11382465928));
#5740 = CARTESIAN_POINT('',(-18.37007676249,-0.753877712921,
    -2.22490658202));
#5741 = CARTESIAN_POINT('',(-18.47051603475,-0.917150281068,
    -2.306162669565));
#5742 = CARTESIAN_POINT('',(-18.72059385668,-1.214057735876,
    -2.50621876021));
#5743 = CARTESIAN_POINT('',(-18.89826217854,-1.353871274491,
    -2.646860671764));
#5744 = CARTESIAN_POINT('',(-19.19772834543,-1.504753281153,
    -2.879703255307));
#5745 = CARTESIAN_POINT('',(-19.30862628392,-1.545816934246,
    -2.965196465134));
#5746 = CARTESIAN_POINT('',(-19.41961325534,-1.574230608669,-3.05));
#5747 = ORIENTED_EDGE('',*,*,#5748,.T.);
#5748 = EDGE_CURVE('',#5734,#5749,#5751,.T.);
#5749 = VERTEX_POINT('',#5750);
#5750 = CARTESIAN_POINT('',(8.346482929152,-17.60499371513,-3.05));
#5751 = CIRCLE('',#5752,19.483315451858);
#5752 = AXIS2_PLACEMENT_3D('',#5753,#5754,#5755);
#5753 = CARTESIAN_POINT('',(0.,0.,-3.05));
#5754 = DIRECTION('',(0.,0.,1.));
#5755 = DIRECTION('',(1.,0.,-0.));
#5756 = ORIENTED_EDGE('',*,*,#5757,.T.);
#5757 = EDGE_CURVE('',#5749,#5758,#5760,.T.);
#5758 = VERTEX_POINT('',#5759);
#5759 = CARTESIAN_POINT('',(11.073130326197,-16.03076310646,-3.05));
#5760 = B_SPLINE_CURVE_WITH_KNOTS('',3,(#5761,#5762,#5763,#5764,#5765,
    #5766,#5767,#5768,#5769,#5770,#5771,#5772,#5773,#5774,#5775,#5776,
    #5777,#5778),.UNSPECIFIED.,.F.,.F.,(4,2,2,2,2,2,2,2,4),(
    3.319789434401E-02,7.378436344615E-02,0.147568726892,0.204797284118,
    0.262025841344,0.31925439857,0.376482955795,0.450267319242,
    0.490853788344),.UNSPECIFIED.);
#5761 = CARTESIAN_POINT('',(8.346482929152,-17.60499371513,-3.05));
#5762 = CARTESIAN_POINT('',(8.315596407303,-17.49466934117,
    -2.965196465134));
#5763 = CARTESIAN_POINT('',(8.295709604812,-17.37809708267,
    -2.879703255307));
#5764 = CARTESIAN_POINT('',(8.27664417211,-17.04331077124,
    -2.646860671764));
#5765 = CARTESIAN_POINT('',(8.308892087413,-16.81953872175,
    -2.50621876021));
#5766 = CARTESIAN_POINT('',(8.440982574886,-16.45451124764,
    -2.306162669565));
#5767 = CARTESIAN_POINT('',(8.532161130513,-16.28589200225,
    -2.22490658202));
#5768 = CARTESIAN_POINT('',(8.778262426304,-15.98603946582,
    -2.11382465928));
#5769 = CARTESIAN_POINT('',(8.933610692002,-15.85499132842,
    -2.084442700881));
#5770 = CARTESIAN_POINT('',(9.264019921198,-15.664229471,-2.084442700881
    ));
#5771 = CARTESIAN_POINT('',(9.455185070149,-15.59521799517,
    -2.11382465928));
#5772 = CARTESIAN_POINT('',(9.837915631986,-15.53201428933,
    -2.22490658202));
#5773 = CARTESIAN_POINT('',(10.029533459872,-15.53736096657,
    -2.306162669565));
#5774 = CARTESIAN_POINT('',(10.411701769272,-15.60548098588,
    -2.50621876021));
#5775 = CARTESIAN_POINT('',(10.621618006436,-15.68943949675,
    -2.646860671764));
#5776 = CARTESIAN_POINT('',(10.902018740625,-15.87334380152,
    -2.879703255307));
#5777 = CARTESIAN_POINT('',(10.993029876618,-15.94885240693,
    -2.965196465134));
#5778 = CARTESIAN_POINT('',(11.073130326197,-16.03076310646,-3.05));
#5779 = ORIENTED_EDGE('',*,*,#5780,.T.);
#5780 = EDGE_CURVE('',#5758,#5781,#5783,.T.);
#5781 = VERTEX_POINT('',#5782);
#5782 = CARTESIAN_POINT('',(11.073130326197,16.030763106467,-3.05));
#5783 = CIRCLE('',#5784,19.483315451858);
#5784 = AXIS2_PLACEMENT_3D('',#5785,#5786,#5787);
#5785 = CARTESIAN_POINT('',(0.,0.,-3.05));
#5786 = DIRECTION('',(0.,0.,1.));
#5787 = DIRECTION('',(1.,0.,-0.));
#5788 = ORIENTED_EDGE('',*,*,#5789,.T.);
#5789 = EDGE_CURVE('',#5781,#5790,#5792,.T.);
#5790 = VERTEX_POINT('',#5791);
#5791 = CARTESIAN_POINT('',(8.346482929152,17.604993715136,-3.05));
#5792 = B_SPLINE_CURVE_WITH_KNOTS('',3,(#5793,#5794,#5795,#5796,#5797,
    #5798,#5799,#5800,#5801,#5802,#5803,#5804,#5805,#5806,#5807,#5808,
    #5809,#5810),.UNSPECIFIED.,.F.,.F.,(4,2,2,2,2,2,2,2,4),(
    3.319789434401E-02,7.378436344615E-02,0.147568726892,0.204797284118,
    0.262025841344,0.31925439857,0.376482955795,0.450267319242,
    0.490853788344),.UNSPECIFIED.);
#5793 = CARTESIAN_POINT('',(11.073130326197,16.030763106467,-3.05));
#5794 = CARTESIAN_POINT('',(10.993029876618,15.948852406932,
    -2.965196465134));
#5795 = CARTESIAN_POINT('',(10.902018740625,15.873343801524,
    -2.879703255307));
#5796 = CARTESIAN_POINT('',(10.621618006436,15.689439496754,
    -2.646860671764));
#5797 = CARTESIAN_POINT('',(10.411701769272,15.605480985882,
    -2.50621876021));
#5798 = CARTESIAN_POINT('',(10.029533459872,15.537360966574,
    -2.306162669565));
#5799 = CARTESIAN_POINT('',(9.837915631986,15.532014289333,
    -2.22490658202));
#5800 = CARTESIAN_POINT('',(9.455185070149,15.595217995176,
    -2.11382465928));
#5801 = CARTESIAN_POINT('',(9.264019921198,15.664229471007,
    -2.084442700881));
#5802 = CARTESIAN_POINT('',(8.933610692002,15.854991328426,
    -2.084442700881));
#5803 = CARTESIAN_POINT('',(8.778262426304,15.986039465821,
    -2.11382465928));
#5804 = CARTESIAN_POINT('',(8.532161130513,16.285892002255,
    -2.22490658202));
#5805 = CARTESIAN_POINT('',(8.440982574886,16.454511247642,
    -2.306162669565));
#5806 = CARTESIAN_POINT('',(8.308892087413,16.819538721757,
    -2.50621876021));
#5807 = CARTESIAN_POINT('',(8.27664417211,17.043310771245,
    -2.646860671764));
#5808 = CARTESIAN_POINT('',(8.295709604812,17.378097082677,
    -2.879703255307));
#5809 = CARTESIAN_POINT('',(8.315596407303,17.494669341178,
    -2.965196465134));
#5810 = CARTESIAN_POINT('',(8.346482929152,17.604993715136,-3.05));
#5811 = ORIENTED_EDGE('',*,*,#5812,.T.);
#5812 = EDGE_CURVE('',#5790,#5813,#5815,.T.);
#5813 = VERTEX_POINT('',#5814);
#5814 = CARTESIAN_POINT('',(-19.41961325534,1.574230608669,-3.05));
#5815 = CIRCLE('',#5816,19.483315451858);
#5816 = AXIS2_PLACEMENT_3D('',#5817,#5818,#5819);
#5817 = CARTESIAN_POINT('',(0.,0.,-3.05));
#5818 = DIRECTION('',(0.,0.,1.));
#5819 = DIRECTION('',(1.,0.,-0.));
#5820 = ORIENTED_EDGE('',*,*,#5821,.T.);
#5821 = EDGE_CURVE('',#5813,#5726,#5822,.T.);
#5822 = B_SPLINE_CURVE_WITH_KNOTS('',3,(#5823,#5824,#5825,#5826,#5827,
    #5828,#5829,#5830,#5831,#5832),.UNSPECIFIED.,.F.,.F.,(4,2,2,2,4),(
    3.319789434401E-02,7.378436344615E-02,0.147568726892,0.204797284118,
    0.262025841344),.UNSPECIFIED.);
#5823 = CARTESIAN_POINT('',(-19.41961325534,1.574230608669,-3.05));
#5824 = CARTESIAN_POINT('',(-19.30862628392,1.545816934246,
    -2.965196465134));
#5825 = CARTESIAN_POINT('',(-19.19772834543,1.504753281153,
    -2.879703255307));
#5826 = CARTESIAN_POINT('',(-18.89826217854,1.353871274491,
    -2.646860671764));
#5827 = CARTESIAN_POINT('',(-18.72059385668,1.214057735876,
    -2.50621876021));
#5828 = CARTESIAN_POINT('',(-18.47051603475,0.917150281068,
    -2.306162669565));
#5829 = CARTESIAN_POINT('',(-18.37007676249,0.753877712921,
    -2.22490658202));
#5830 = CARTESIAN_POINT('',(-18.23344749645,0.390821470645,
    -2.11382465928));
#5831 = CARTESIAN_POINT('',(-18.1976306132,0.190761857419,
    -2.084442700881));
#5832 = CARTESIAN_POINT('',(-18.1976306132,3.261280134836E-15,
    -2.084442700881));
#5833 = ORIENTED_EDGE('',*,*,#5725,.F.);
#5834 = ORIENTED_EDGE('',*,*,#5709,.F.);
#5835 = CONICAL_SURFACE('',#5836,18.375219718523,0.926651553979);
#5836 = AXIS2_PLACEMENT_3D('',#5837,#5838,#5839);
#5837 = CARTESIAN_POINT('',(0.,0.,-2.21781322197));
#5838 = DIRECTION('',(0.,0.,-1.));
#5839 = DIRECTION('',(1.,0.,0.));
#5840 = ADVANCED_FACE('',(#5841),#5877,.T.);
#5841 = FACE_BOUND('',#5842,.T.);
#5842 = EDGE_LOOP('',(#5843,#5852,#5860,#5869,#5876));
#5843 = ORIENTED_EDGE('',*,*,#5844,.T.);
#5844 = EDGE_CURVE('',#5845,#5845,#5847,.T.);
#5845 = VERTEX_POINT('',#5846);
#5846 = CARTESIAN_POINT('',(22.092354994152,-2.705533182922E-15,-3.05));
#5847 = CIRCLE('',#5848,22.092354994152);
#5848 = AXIS2_PLACEMENT_3D('',#5849,#5850,#5851);
#5849 = CARTESIAN_POINT('',(0.,0.,-3.05));
#5850 = DIRECTION('',(0.,0.,-1.));
#5851 = DIRECTION('',(-1.,0.,0.));
#5852 = ORIENTED_EDGE('',*,*,#5853,.T.);
#5853 = EDGE_CURVE('',#5845,#5854,#5856,.T.);
#5854 = VERTEX_POINT('',#5855);
#5855 = CARTESIAN_POINT('',(22.42803216721,2.746641780475E-15,
    -3.444794343848));
#5856 = LINE('',#5857,#5858);
#5857 = CARTESIAN_POINT('',(22.260193580681,2.726087481698E-15,
    -3.247397171924));
#5858 = VECTOR('',#5859,1.);
#5859 = DIRECTION('',(0.647762662032,7.932804706641E-17,-0.76184219736)
  );
#5860 = ORIENTED_EDGE('',*,*,#5861,.T.);
#5861 = EDGE_CURVE('',#5854,#5862,#5864,.T.);
#5862 = VERTEX_POINT('',#5863);
#5863 = CARTESIAN_POINT('',(-22.42803216721,-2.746641780475E-15,
    -3.444794343848));
#5864 = CIRCLE('',#5865,22.42803216721);
#5865 = AXIS2_PLACEMENT_3D('',#5866,#5867,#5868);
#5866 = CARTESIAN_POINT('',(0.,0.,-3.444794343848));
#5867 = DIRECTION('',(0.,0.,1.));
#5868 = DIRECTION('',(-1.,0.,0.));
#5869 = ORIENTED_EDGE('',*,*,#5870,.T.);
#5870 = EDGE_CURVE('',#5862,#5854,#5871,.T.);
#5871 = CIRCLE('',#5872,22.42803216721);
#5872 = AXIS2_PLACEMENT_3D('',#5873,#5874,#5875);
#5873 = CARTESIAN_POINT('',(0.,0.,-3.444794343848));
#5874 = DIRECTION('',(0.,0.,1.));
#5875 = DIRECTION('',(-1.,0.,0.));
#5876 = ORIENTED_EDGE('',*,*,#5853,.F.);
#5877 = CONICAL_SURFACE('',#5878,22.260193580681,0.704644009539);
#5878 = AXIS2_PLACEMENT_3D('',#5879,#5880,#5881);
#5879 = CARTESIAN_POINT('',(0.,0.,-3.247397171924));
#5880 = DIRECTION('',(0.,0.,-1.));
#5881 = DIRECTION('',(-1.,0.,0.));
#5882 = ADVANCED_FACE('',(#5883,#6167,#6215,#6263,#6311,#6339),#6367,.F.
  );
#5883 = FACE_BOUND('',#5884,.F.);
#5884 = EDGE_LOOP('',(#5885,#5893,#5906,#5915,#5923,#5932,#5947,#5968,
    #5989,#6008,#6025,#6037,#6052,#6073,#6098,#6119,#6136,#6143,#6144,
    #6153,#6164,#6165,#6166));
#5885 = ORIENTED_EDGE('',*,*,#5886,.T.);
#5886 = EDGE_CURVE('',#5862,#5887,#5889,.T.);
#5887 = VERTEX_POINT('',#5888);
#5888 = CARTESIAN_POINT('',(-21.4476306132,-2.643165180114E-15,
    -7.209496948845));
#5889 = ( BOUNDED_CURVE() B_SPLINE_CURVE(2,(#5890,#5891,#5892),
.UNSPECIFIED.,.F.,.F.) B_SPLINE_CURVE_WITH_KNOTS((3,3),(0.170193348081,
0.341857016415),.PIECEWISE_BEZIER_KNOTS.) CURVE() 
GEOMETRIC_REPRESENTATION_ITEM() RATIONAL_B_SPLINE_CURVE((1.,
0.981915599157,0.971086587625)) REPRESENTATION_ITEM('') );
#5890 = CARTESIAN_POINT('',(-22.42803216721,0.,-3.444794343848));
#5891 = CARTESIAN_POINT('',(-22.09739771163,0.,-5.368699810364));
#5892 = CARTESIAN_POINT('',(-21.44763061319,0.,-7.209496948857));
#5893 = ORIENTED_EDGE('',*,*,#5894,.F.);
#5894 = EDGE_CURVE('',#5895,#5887,#5897,.T.);
#5895 = VERTEX_POINT('',#5896);
#5896 = CARTESIAN_POINT('',(-21.31470273188,0.643696972678,-7.55));
#5897 = B_SPLINE_CURVE_WITH_KNOTS('',3,(#5898,#5899,#5900,#5901,#5902,
    #5903,#5904,#5905),.UNSPECIFIED.,.F.,.F.,(4,2,2,4),(-0.152526749827,
    -0.119786173958,-9.419686507249E-02,-7.609983159737E-02),
  .UNSPECIFIED.);
#5898 = CARTESIAN_POINT('',(-21.31470273188,0.643696972678,-7.55));
#5899 = CARTESIAN_POINT('',(-21.34536670015,0.572618726175,
    -7.473120029337));
#5900 = CARTESIAN_POINT('',(-21.3740613427,0.492076975052,
    -7.399989220747));
#5901 = CARTESIAN_POINT('',(-21.41468256326,0.333404627437,
    -7.295423150655));
#5902 = CARTESIAN_POINT('',(-21.42919889913,0.257472658895,
    -7.25764192506));
#5903 = CARTESIAN_POINT('',(-21.4443600411,0.118254241078,
    -7.218073208242));
#5904 = CARTESIAN_POINT('',(-21.4476306132,5.956300237259E-02,
    -7.209496948845));
#5905 = CARTESIAN_POINT('',(-21.4476306132,-2.659753142252E-15,
    -7.209496948845));
#5906 = ORIENTED_EDGE('',*,*,#5907,.F.);
#5907 = EDGE_CURVE('',#5908,#5895,#5910,.T.);
#5908 = VERTEX_POINT('',#5909);
#5909 = CARTESIAN_POINT('',(-21.32442023459,-2.611488298396E-15,-7.55));
#5910 = CIRCLE('',#5911,21.32442023459);
#5911 = AXIS2_PLACEMENT_3D('',#5912,#5913,#5914);
#5912 = CARTESIAN_POINT('',(0.,0.,-7.55));
#5913 = DIRECTION('',(0.,0.,-1.));
#5914 = DIRECTION('',(1.,0.,0.));
#5915 = ORIENTED_EDGE('',*,*,#5916,.T.);
#5916 = EDGE_CURVE('',#5908,#5917,#5919,.T.);
#5917 = VERTEX_POINT('',#5918);
#5918 = CARTESIAN_POINT('',(-11.68239619176,-5.017454675553E-15,
    -19.22951262983));
#5919 = ( BOUNDED_CURVE() B_SPLINE_CURVE(2,(#5920,#5921,#5922),
.UNSPECIFIED.,.F.,.F.) B_SPLINE_CURVE_WITH_KNOTS((3,3),(0.357587319013,
1.025178325281),.PIECEWISE_BEZIER_KNOTS.) CURVE() 
GEOMETRIC_REPRESENTATION_ITEM() RATIONAL_B_SPLINE_CURVE((0.969162889555,
0.929634972851,0.999836934477)) REPRESENTATION_ITEM('') );
#5920 = CARTESIAN_POINT('',(-21.32442023458,0.,-7.550000000017));
#5921 = CARTESIAN_POINT('',(-18.53683749701,0.,-15.06845427652));
#5922 = CARTESIAN_POINT('',(-11.68239619176,0.,-19.22951262983));
#5923 = ORIENTED_EDGE('',*,*,#5924,.F.);
#5924 = EDGE_CURVE('',#5925,#5917,#5927,.T.);
#5925 = VERTEX_POINT('',#5926);
#5926 = CARTESIAN_POINT('',(-11.68239619176,3.823150458278,
    -18.84623467349));
#5927 = B_SPLINE_CURVE_WITH_KNOTS('',3,(#5928,#5929,#5930,#5931),
  .UNSPECIFIED.,.F.,.F.,(4,4),(-0.36367473206,0.),
  .PIECEWISE_BEZIER_KNOTS.);
#5928 = CARTESIAN_POINT('',(-11.68239619176,3.823150458278,
    -18.84623467349));
#5929 = CARTESIAN_POINT('',(-11.68239619176,2.529413724452,
    -19.10806727374));
#5930 = CARTESIAN_POINT('',(-11.68239619176,1.212249106867,
    -19.22951262983));
#5931 = CARTESIAN_POINT('',(-11.68239619176,-8.049116928532E-15,
    -19.22951262983));
#5932 = ORIENTED_EDGE('',*,*,#5933,.F.);
#5933 = EDGE_CURVE('',#5934,#5925,#5936,.T.);
#5934 = VERTEX_POINT('',#5935);
#5935 = CARTESIAN_POINT('',(-4.598849328939,12.855167701989,
    -17.88894709063));
#5936 = B_SPLINE_CURVE_WITH_KNOTS('',3,(#5937,#5938,#5939,#5940,#5941,
    #5942,#5943,#5944,#5945,#5946),.UNSPECIFIED.,.F.,.F.,(4,2,2,2,4),(
    -1.250385005656,-1.09796024716,-0.740897419208,-0.375984607502,
    -5.614482521057E-04),.UNSPECIFIED.);
#5937 = CARTESIAN_POINT('',(-4.598849328666,12.855167702056,
    -17.88894708702));
#5938 = CARTESIAN_POINT('',(-5.08992519767,12.734657895561,
    -17.84952864399));
#5939 = CARTESIAN_POINT('',(-5.571149332636,12.574105688816,
    -17.81980759082));
#5940 = CARTESIAN_POINT('',(-7.130395236871,11.907629557434,
    -17.75465708197));
#5941 = CARTESIAN_POINT('',(-8.122887198309,11.235751807237,
    -17.7661488996));
#5942 = CARTESIAN_POINT('',(-9.819651067427,9.537151674746,
    -17.90281040203));
#5943 = CARTESIAN_POINT('',(-10.49725562408,8.522922203616,
    -18.02873989402));
#5944 = CARTESIAN_POINT('',(-11.43975131601,6.270143652241,
    -18.37694485235));
#5945 = CARTESIAN_POINT('',(-11.68239619176,5.049660556458,
    -18.59800771985));
#5946 = CARTESIAN_POINT('',(-11.68239619176,3.823150458278,
    -18.84623467349));
#5947 = ORIENTED_EDGE('',*,*,#5948,.F.);
#5948 = EDGE_CURVE('',#5949,#5934,#5951,.T.);
#5949 = VERTEX_POINT('',#5950);
#5950 = CARTESIAN_POINT('',(-2.644728358019,14.246082481151,
    -17.2230292154));
#5951 = B_SPLINE_CURVE_WITH_KNOTS('',3,(#5952,#5953,#5954,#5955,#5956,
    #5957,#5958,#5959,#5960,#5961,#5962,#5963,#5964,#5965,#5966,#5967),
  .UNSPECIFIED.,.F.,.F.,(4,2,2,2,2,2,2,4),(-1.420406824726,
    -1.364023234716,-1.29587514334,-1.24455608213,-1.219683706531,
    -1.200750688296,-1.18060540331,-1.178789112566),.UNSPECIFIED.);
#5952 = CARTESIAN_POINT('',(-2.644728358019,14.246082481151,
    -17.22302921541));
#5953 = CARTESIAN_POINT('',(-2.738782255105,14.100711117703,
    -17.32800828521));
#5954 = CARTESIAN_POINT('',(-2.846998715289,13.95888743519,
    -17.42441524095));
#5955 = CARTESIAN_POINT('',(-3.119481210016,13.659640333228,
    -17.61312316562));
#5956 = CARTESIAN_POINT('',(-3.289596529035,13.506450569331,
    -17.69953545139));
#5957 = CARTESIAN_POINT('',(-3.62430086947,13.266635382885,
    -17.81374043156));
#5958 = CARTESIAN_POINT('',(-3.778317234689,13.174053225623,
    -17.8501933376));
#5959 = CARTESIAN_POINT('',(-4.02060164197,13.055142507398,
    -17.88368408474));
#5960 = CARTESIAN_POINT('',(-4.101435121921,13.019461697667,
    -17.89129388833));
#5961 = CARTESIAN_POINT('',(-4.246519372995,12.96239601743,
    -17.89874524784));
#5962 = CARTESIAN_POINT('',(-4.309959470937,12.939695275168,
    -17.89999949549));
#5963 = CARTESIAN_POINT('',(-4.442208921646,12.896957460774,
    -17.89853662364));
#5964 = CARTESIAN_POINT('',(-4.510951123311,12.877232740468,
    -17.89556179873));
#5965 = CARTESIAN_POINT('',(-4.586368485393,12.858250123735,
    -17.88993143134));
#5966 = CARTESIAN_POINT('',(-4.592607881722,12.856699350573,
    -17.88944808512));
#5967 = CARTESIAN_POINT('',(-4.598849328666,12.855167702056,
    -17.88894708702));
#5968 = ORIENTED_EDGE('',*,*,#5969,.F.);
#5969 = EDGE_CURVE('',#5970,#5949,#5972,.T.);
#5970 = VERTEX_POINT('',#5971);
#5971 = CARTESIAN_POINT('',(2.646106132657,14.243951086214,
    -17.22456832442));
#5972 = B_SPLINE_CURVE_WITH_KNOTS('',3,(#5973,#5974,#5975,#5976,#5977,
    #5978,#5979,#5980,#5981,#5982,#5983,#5984,#5985,#5986,#5987,#5988),
  .UNSPECIFIED.,.F.,.F.,(4,2,2,2,2,2,2,4),(-0.827452469518,
    -0.740629261814,-0.626226470697,-0.526123210894,-0.424657834245,
    -0.31246454977,-0.172989635059,-0.148835938434),.UNSPECIFIED.);
#5973 = CARTESIAN_POINT('',(2.646106132657,14.243951086214,
    -17.22456832442));
#5974 = CARTESIAN_POINT('',(2.51230631554,14.451120233325,
    -17.07497502918));
#5975 = CARTESIAN_POINT('',(2.351974605249,14.646024616535,
    -16.93235480636));
#5976 = CARTESIAN_POINT('',(1.920108006064,15.054889530264,
    -16.63007034888));
#5977 = CARTESIAN_POINT('',(1.630022981324,15.254530955743,
    -16.4798949242));
#5978 = CARTESIAN_POINT('',(1.013163299474,15.534286995415,
    -16.26782940109));
#5979 = CARTESIAN_POINT('',(0.70116896118,15.623570656026,
    -16.19935821923));
#5980 = CARTESIAN_POINT('',(4.22787209087E-02,15.702347433645,
    -16.13894699033));
#5981 = CARTESIAN_POINT('',(-0.292089366167,15.688893553243,
    -16.14932559855));
#5982 = CARTESIAN_POINT('',(-0.977124357055,15.551968879765,
    -16.2541444255));
#5983 = CARTESIAN_POINT('',(-1.31120204435,15.420015184849,
    -16.35496536056));
#5984 = CARTESIAN_POINT('',(-1.97988168112,15.022618782635,
    -16.65408968996));
#5985 = CARTESIAN_POINT('',(-2.287622749418,14.737132799204,
    -16.86641811201));
#5986 = CARTESIAN_POINT('',(-2.568070466404,14.360432535028,
    -17.14030860153));
#5987 = CARTESIAN_POINT('',(-2.607421939963,14.303743939381,
    -17.18138933459));
#5988 = CARTESIAN_POINT('',(-2.644728358019,14.246082481151,
    -17.22302921541));
#5989 = ORIENTED_EDGE('',*,*,#5990,.F.);
#5990 = EDGE_CURVE('',#5991,#5970,#5993,.T.);
#5991 = VERTEX_POINT('',#5992);
#5992 = CARTESIAN_POINT('',(4.597093050088,12.851958669802,
    -17.89168828909));
#5993 = B_SPLINE_CURVE_WITH_KNOTS('',3,(#5994,#5995,#5996,#5997,#5998,
    #5999,#6000,#6001,#6002,#6003,#6004,#6005,#6006,#6007),
  .UNSPECIFIED.,.F.,.F.,(4,2,2,2,2,2,4),(-1.228869533425,-1.219456035595
    ,-1.200517884035,-1.180373238161,-1.149739962614,-1.073538075418,
    -0.985272099029),.UNSPECIFIED.);
#5994 = CARTESIAN_POINT('',(4.597093050088,12.851958669802,
    -17.89168828909));
#5995 = CARTESIAN_POINT('',(4.564624740735,12.859976089677,
    -17.89425687744));
#5996 = CARTESIAN_POINT('',(4.532250443307,12.868502025504,
    -17.8963445176));
#5997 = CARTESIAN_POINT('',(4.435067942188,12.895710952383,
    -17.90117418094));
#5998 = CARTESIAN_POINT('',(4.370753364514,12.915895786157,
    -17.90243289623));
#5999 = CARTESIAN_POINT('',(4.239470813847,12.961625705669,
    -17.9009774324));
#6000 = CARTESIAN_POINT('',(4.172744504507,12.987378199808,
    -17.89800675448));
#6001 = CARTESIAN_POINT('',(4.007187857121,13.057605464002,
    -17.88499948332));
#6002 = CARTESIAN_POINT('',(3.910112178584,13.104685400918,
    -17.87212003018));
#6003 = CARTESIAN_POINT('',(3.582350394795,13.284033746705,
    -17.81038288057));
#6004 = CARTESIAN_POINT('',(3.371577635917,13.43670155818,
    -17.73729018115));
#6005 = CARTESIAN_POINT('',(2.969925570456,13.80323028854,
    -17.52847548346));
#6006 = CARTESIAN_POINT('',(2.791104029996,14.019443374829,
    -17.38668150017));
#6007 = CARTESIAN_POINT('',(2.646106132657,14.243951086214,
    -17.22456832442));
#6008 = ORIENTED_EDGE('',*,*,#6009,.F.);
#6009 = EDGE_CURVE('',#6010,#5991,#6012,.T.);
#6010 = VERTEX_POINT('',#6011);
#6011 = CARTESIAN_POINT('',(11.667603808238,3.823150458278,
    -18.85537483661));
#6012 = B_SPLINE_CURVE_WITH_KNOTS('',3,(#6013,#6014,#6015,#6016,#6017,
    #6018,#6019,#6020,#6021,#6022,#6023,#6024),.UNSPECIFIED.,.F.,.F.,(4,
    2,2,2,2,4),(-1.475017603026,-1.275203368964,-1.066907345931,
    -0.718238664935,-0.363333506193,-0.22780398525),.UNSPECIFIED.);
#6013 = CARTESIAN_POINT('',(11.667603808238,3.823150458278,
    -18.85537483661));
#6014 = CARTESIAN_POINT('',(11.667603808238,4.476064736328,
    -18.72329425739));
#6015 = CARTESIAN_POINT('',(11.598845000059,5.12880290047,
    -18.59856570524));
#6016 = CARTESIAN_POINT('',(11.318236332428,6.439263428256,
    -18.36432692378));
#6017 = CARTESIAN_POINT('',(11.10124141419,7.0922354658,-18.25637294707)
  );
#6018 = CARTESIAN_POINT('',(10.330988127809,8.762867387452,
    -18.00633266465));
#6019 = CARTESIAN_POINT('',(9.656925117393,9.714001588546,
    -17.89274349974));
#6020 = CARTESIAN_POINT('',(7.971109974083,11.338843641644,
    -17.76894140591));
#6021 = CARTESIAN_POINT('',(6.972309877826,11.989117504872,
    -17.76211486154));
#6022 = CARTESIAN_POINT('',(5.460193160911,12.605491661627,
    -17.83040214187));
#6023 = CARTESIAN_POINT('',(5.032042606685,12.744556304565,
    -17.85727915649));
#6024 = CARTESIAN_POINT('',(4.597093050088,12.851958669802,
    -17.89168828909));
#6025 = ORIENTED_EDGE('',*,*,#6026,.F.);
#6026 = EDGE_CURVE('',#6027,#6010,#6029,.T.);
#6027 = VERTEX_POINT('',#6028);
#6028 = CARTESIAN_POINT('',(11.667603808238,-3.226849541722,
    -18.96629386133));
#6029 = B_SPLINE_CURVE_WITH_KNOTS('',3,(#6030,#6031,#6032,#6033,#6034,
    #6035,#6036),.UNSPECIFIED.,.F.,.F.,(4,3,4),(-0.307905453099,0.,
    0.36367170745),.UNSPECIFIED.);
#6030 = CARTESIAN_POINT('',(11.667603808238,-3.226849541722,
    -18.96629386133));
#6031 = CARTESIAN_POINT('',(11.667603808238,-2.128129683531,
    -19.15287668171));
#6032 = CARTESIAN_POINT('',(11.667603808238,-1.026351510331,
    -19.23848489419));
#6033 = CARTESIAN_POINT('',(11.667603808238,-1.102437650222E-14,
    -19.23848489419));
#6034 = CARTESIAN_POINT('',(11.667603808238,1.212239024834,
    -19.23848489419));
#6035 = CARTESIAN_POINT('',(11.667603808238,2.529392773492,
    -19.11709413135));
#6036 = CARTESIAN_POINT('',(11.667603808238,3.823150458278,
    -18.85537483661));
#6037 = ORIENTED_EDGE('',*,*,#6038,.F.);
#6038 = EDGE_CURVE('',#6039,#6027,#6041,.T.);
#6039 = VERTEX_POINT('',#6040);
#6040 = CARTESIAN_POINT('',(5.366345381574,-12.03011876266,
    -18.24367338656));
#6041 = B_SPLINE_CURVE_WITH_KNOTS('',3,(#6042,#6043,#6044,#6045,#6046,
    #6047,#6048,#6049,#6050,#6051),.UNSPECIFIED.,.F.,.F.,(4,2,2,2,4),(
    -1.165445959688,-1.094067963921,-0.737251709923,-0.372636190132,
    -5.137202392342E-04),.UNSPECIFIED.);
#6042 = CARTESIAN_POINT('',(5.366345381574,-12.03011876266,
    -18.24367338656));
#6043 = CARTESIAN_POINT('',(5.590647829171,-11.9537124802,
    -18.22814933047));
#6044 = CARTESIAN_POINT('',(5.812206675419,-11.8686735602,
    -18.21448133612));
#6045 = CARTESIAN_POINT('',(7.121856305538,-11.30749200109,
    -18.1439509296));
#6046 = CARTESIAN_POINT('',(8.11384367151,-10.63510348284,
    -18.13408633056));
#6047 = CARTESIAN_POINT('',(9.810037068798,-8.93421894081,
    -18.21472630223));
#6048 = CARTESIAN_POINT('',(10.488228562343,-7.917628629044,
    -18.3064490673));
#6049 = CARTESIAN_POINT('',(11.426404081357,-5.665444462292,
    -18.57903196451));
#6050 = CARTESIAN_POINT('',(11.667603808238,-4.449717928923,
    -18.75862833956));
#6051 = CARTESIAN_POINT('',(11.667603808238,-3.226849541722,
    -18.96629386133));
#6052 = ORIENTED_EDGE('',*,*,#6053,.F.);
#6053 = EDGE_CURVE('',#6054,#6039,#6056,.T.);
#6054 = VERTEX_POINT('',#6055);
#6055 = CARTESIAN_POINT('',(3.076560228677,-14.59156174456,
    -16.86127377885));
#6056 = B_SPLINE_CURVE_WITH_KNOTS('',3,(#6057,#6058,#6059,#6060,#6061,
    #6062,#6063,#6064,#6065,#6066,#6067,#6068,#6069,#6070,#6071,#6072),
  .UNSPECIFIED.,.F.,.F.,(4,2,2,2,2,2,2,4),(-1.627951524053,
    -1.569722205258,-1.462968870509,-1.387625699644,-1.332311455,
    -1.304088696109,-1.282947669784,-1.262031362406),.UNSPECIFIED.);
#6057 = CARTESIAN_POINT('',(3.076560228677,-14.59156174456,
    -16.86127377885));
#6058 = CARTESIAN_POINT('',(3.11197556983,-14.43049290012,-16.9930248246
    ));
#6059 = CARTESIAN_POINT('',(3.159527843118,-14.26841330462,
    -17.11957796823));
#6060 = CARTESIAN_POINT('',(3.332458023649,-13.81044464558,
    -17.45937416111));
#6061 = CARTESIAN_POINT('',(3.489756710609,-13.51554545314,
    -17.65693667699));
#6062 = CARTESIAN_POINT('',(3.846945573704,-13.04129504907,
    -17.93344673496));
#6063 = CARTESIAN_POINT('',(4.019543288738,-12.85513312151,
    -18.0292234874));
#6064 = CARTESIAN_POINT('',(4.362326187638,-12.56133569745,
    -18.15462654032));
#6065 = CARTESIAN_POINT('',(4.519413450575,-12.44732513332,
    -18.19449065794));
#6066 = CARTESIAN_POINT('',(4.773242973803,-12.29425734469,
    -18.23272992944));
#6067 = CARTESIAN_POINT('',(4.861395424695,-12.24611799105,
    -18.24179079013));
#6068 = CARTESIAN_POINT('',(5.019364664685,-12.16851723881,
    -18.25077319084));
#6069 = CARTESIAN_POINT('',(5.088049175685,-12.13748974845,
    -18.25240696364));
#6070 = CARTESIAN_POINT('',(5.226504863895,-12.08024657647,
    -18.25126353475));
#6071 = CARTESIAN_POINT('',(5.29611217443,-12.05404297,-18.24853425303)
  );
#6072 = CARTESIAN_POINT('',(5.366345381574,-12.03011876266,
    -18.24367338656));
#6073 = ORIENTED_EDGE('',*,*,#6074,.F.);
#6074 = EDGE_CURVE('',#6075,#6054,#6077,.T.);
#6075 = VERTEX_POINT('',#6076);
#6076 = CARTESIAN_POINT('',(-3.075887537693,-14.59415385594,
    -16.85917173056));
#6077 = B_SPLINE_CURVE_WITH_KNOTS('',3,(#6078,#6079,#6080,#6081,#6082,
    #6083,#6084,#6085,#6086,#6087,#6088,#6089,#6090,#6091,#6092,#6093,
    #6094,#6095,#6096,#6097),.UNSPECIFIED.,.F.,.F.,(4,2,2,2,2,2,2,2,2,4)
  ,(-1.469083737354,-1.393597736361,-1.227911177552,-1.103498532165,
    -1.001476010079,-0.899949869191,-0.789054712083,-0.645688340885,
    -0.460507881219,-0.418732202535),.UNSPECIFIED.);
#6078 = CARTESIAN_POINT('',(-3.075887537693,-14.59415385594,
    -16.85917173057));
#6079 = CARTESIAN_POINT('',(-3.036683686716,-14.77173924037,
    -16.71389303337));
#6080 = CARTESIAN_POINT('',(-2.98204649146,-14.94620843486,
    -16.56936372191));
#6081 = CARTESIAN_POINT('',(-2.758943846008,-15.48742831942,
    -16.11552671243));
#6082 = CARTESIAN_POINT('',(-2.530279768403,-15.83989032635,
    -15.81103914167));
#6083 = CARTESIAN_POINT('',(-1.997670057206,-16.37190311765,
    -15.34069108727));
#6084 = CARTESIAN_POINT('',(-1.724843079986,-16.57420015762,
    -15.15792756933));
#6085 = CARTESIAN_POINT('',(-1.152886177145,-16.86066474635,
    -14.89614103168));
#6086 = CARTESIAN_POINT('',(-0.870243931458,-16.95800148115,
    -14.80589068494));
#6087 = CARTESIAN_POINT('',(-0.268229006824,-17.06847540864,
    -14.70323093215));
#6088 = CARTESIAN_POINT('',(3.934715584956E-02,-17.07987661314,
    -14.69254301571));
#6089 = CARTESIAN_POINT('',(0.679685870766,-17.00924853379,
    -14.7583019779));
#6090 = CARTESIAN_POINT('',(0.995836764694,-16.92033945899,-14.841094445
    ));
#6091 = CARTESIAN_POINT('',(1.659464932859,-16.62376562543,
    -15.11305878538));
#6092 = CARTESIAN_POINT('',(1.979784395466,-16.39330147683,
    -15.32194538518));
#6093 = CARTESIAN_POINT('',(2.578659713488,-15.7870037397,
    -15.85752750546));
#6094 = CARTESIAN_POINT('',(2.835832869709,-15.37033668889,
    -16.21667226604));
#6095 = CARTESIAN_POINT('',(3.023934794932,-14.80430960769,
    -16.68660095472));
#6096 = CARTESIAN_POINT('',(3.053042405547,-14.69852071974,
    -16.77378350795));
#6097 = CARTESIAN_POINT('',(3.076560228677,-14.59156174456,
    -16.86127377885));
#6098 = ORIENTED_EDGE('',*,*,#6099,.F.);
#6099 = EDGE_CURVE('',#6100,#6075,#6102,.T.);
#6100 = VERTEX_POINT('',#6101);
#6101 = CARTESIAN_POINT('',(-5.369440385075,-12.03409468349,
    -18.24015625104));
#6102 = B_SPLINE_CURVE_WITH_KNOTS('',3,(#6103,#6104,#6105,#6106,#6107,
    #6108,#6109,#6110,#6111,#6112,#6113,#6114,#6115,#6116,#6117,#6118),
  .UNSPECIFIED.,.F.,.F.,(4,2,2,2,2,2,2,4),(-1.310011346961,
    -1.304377363933,-1.283246064247,-1.261120732175,-1.228234584521,
    -1.150051076523,-1.037998007735,-0.939129695411),.UNSPECIFIED.);
#6103 = CARTESIAN_POINT('',(-5.369440385075,-12.03409468349,
    -18.24015625104));
#6104 = CARTESIAN_POINT('',(-5.350441039411,-12.04053845611,
    -18.24149173674));
#6105 = CARTESIAN_POINT('',(-5.331487144293,-12.04714896459,
    -18.24267131445));
#6106 = CARTESIAN_POINT('',(-5.241670551973,-12.07934432457,
    -18.24753178585));
#6107 = CARTESIAN_POINT('',(-5.171624646315,-12.10703634884,
    -18.24915785368));
#6108 = CARTESIAN_POINT('',(-5.030243555571,-12.16827075568,
    -18.24796899172));
#6109 = CARTESIAN_POINT('',(-4.959163301639,-12.2019574846,
    -18.24494296107));
#6110 = CARTESIAN_POINT('',(-4.785785715872,-12.2913661042,
    -18.23149224607));
#6111 = CARTESIAN_POINT('',(-4.685492912351,-12.34964399435,
    -18.21821483131));
#6112 = CARTESIAN_POINT('',(-4.359060699731,-12.56139754364,
    -18.15639530003));
#6113 = CARTESIAN_POINT('',(-4.15322216526,-12.73322249113,
    -18.08515629075));
#6114 = CARTESIAN_POINT('',(-3.713696652379,-13.18961154473,
    -17.85567892472));
#6115 = CARTESIAN_POINT('',(-3.511815164163,-13.48498063511,
    -17.67606811441));
#6116 = CARTESIAN_POINT('',(-3.227990567264,-14.05451383167,
    -17.28391838089));
#6117 = CARTESIAN_POINT('',(-3.135078342517,-14.32603168,-17.07851658564
    ));
#6118 = CARTESIAN_POINT('',(-3.075887537693,-14.59415385594,
    -16.85917173057));
#6119 = ORIENTED_EDGE('',*,*,#6120,.F.);
#6120 = EDGE_CURVE('',#6121,#6100,#6123,.T.);
#6121 = VERTEX_POINT('',#6122);
#6122 = CARTESIAN_POINT('',(-11.68239619176,-3.226849541722,
    -18.95720316537));
#6123 = B_SPLINE_CURVE_WITH_KNOTS('',3,(#6124,#6125,#6126,#6127,#6128,
    #6129,#6130,#6131,#6132,#6133,#6134,#6135),.UNSPECIFIED.,.F.,.F.,(4,
    2,2,2,2,4),(-1.472324594803,-1.278284381191,-1.076700668549,
    -0.725560520917,-0.366118411018,-0.307317328265),.UNSPECIFIED.);
#6124 = CARTESIAN_POINT('',(-11.68239619176,-3.226849541722,
    -18.95720316537));
#6125 = CARTESIAN_POINT('',(-11.68239619176,-3.864501013448,
    -18.84887027765));
#6126 = CARTESIAN_POINT('',(-11.61681501711,-4.501784338275,
    -18.7479623399));
#6127 = CARTESIAN_POINT('',(-11.34987698185,-5.779638606717,
    -18.56160465025));
#6128 = CARTESIAN_POINT('',(-11.14410224352,-6.415710508386,
    -18.47744957387));
#6129 = CARTESIAN_POINT('',(-10.39588510132,-8.087740392738,
    -18.28194563984));
#6130 = CARTESIAN_POINT('',(-9.724213868963,-9.053997362864,
    -18.19875163378));
#6131 = CARTESIAN_POINT('',(-8.03298179605,-10.70978142152,
    -18.1267677647));
#6132 = CARTESIAN_POINT('',(-7.024314547825,-11.37383196722,
    -18.14112021916));
#6133 = CARTESIAN_POINT('',(-5.737011495372,-11.90295724106,
    -18.21544627652));
#6134 = CARTESIAN_POINT('',(-5.554065202242,-11.97147777216,
    -18.22717876185));
#6135 = CARTESIAN_POINT('',(-5.369440385075,-12.03409468349,
    -18.24015625104));
#6136 = ORIENTED_EDGE('',*,*,#6137,.F.);
#6137 = EDGE_CURVE('',#5917,#6121,#6138,.T.);
#6138 = B_SPLINE_CURVE_WITH_KNOTS('',3,(#6139,#6140,#6141,#6142),
  .UNSPECIFIED.,.F.,.F.,(4,4),(0.,0.307907306336),
  .PIECEWISE_BEZIER_KNOTS.);
#6139 = CARTESIAN_POINT('',(-11.68239619176,-8.604228440845E-15,
    -19.22951262983));
#6140 = CARTESIAN_POINT('',(-11.68239619176,-1.026357687787,
    -19.22951262983));
#6141 = CARTESIAN_POINT('',(-11.68239619176,-2.128142498019,
    -19.14386643219));
#6142 = CARTESIAN_POINT('',(-11.68239619176,-3.226849541722,
    -18.95720316537));
#6143 = ORIENTED_EDGE('',*,*,#5916,.F.);
#6144 = ORIENTED_EDGE('',*,*,#6145,.F.);
#6145 = EDGE_CURVE('',#6146,#5908,#6148,.T.);
#6146 = VERTEX_POINT('',#6147);
#6147 = CARTESIAN_POINT('',(-21.31470273188,-0.643696972678,-7.55));
#6148 = CIRCLE('',#6149,21.32442023459);
#6149 = AXIS2_PLACEMENT_3D('',#6150,#6151,#6152);
#6150 = CARTESIAN_POINT('',(0.,0.,-7.55));
#6151 = DIRECTION('',(0.,0.,-1.));
#6152 = DIRECTION('',(1.,0.,0.));
#6153 = ORIENTED_EDGE('',*,*,#6154,.F.);
#6154 = EDGE_CURVE('',#5887,#6146,#6155,.T.);
#6155 = B_SPLINE_CURVE_WITH_KNOTS('',3,(#6156,#6157,#6158,#6159,#6160,
    #6161,#6162,#6163),.UNSPECIFIED.,.F.,.F.,(4,2,2,4),(
    -7.609983159737E-02,-7.095303078824E-02,-4.485418880951E-02,0.),
  .UNSPECIFIED.);
#6156 = CARTESIAN_POINT('',(-21.4476306132,-2.659753142252E-15,
    -7.209496948845));
#6157 = CARTESIAN_POINT('',(-21.4476306132,-1.693973264883E-02,
    -7.209496948845));
#6158 = CARTESIAN_POINT('',(-21.44736576779,-3.394997660666E-02,
    -7.210190507911));
#6159 = CARTESIAN_POINT('',(-21.44410863095,-0.137624582734,
    -7.218716550904));
#6160 = CARTESIAN_POINT('',(-21.43460551375,-0.219848386068,
    -7.243616004817));
#6161 = CARTESIAN_POINT('',(-21.3955605363,-0.429819474615,
    -7.344908257344));
#6162 = CARTESIAN_POINT('',(-21.35672536318,-0.546289653446,
    -7.444641860015));
#6163 = CARTESIAN_POINT('',(-21.31470273188,-0.643696972678,-7.55));
#6164 = ORIENTED_EDGE('',*,*,#5886,.F.);
#6165 = ORIENTED_EDGE('',*,*,#5870,.T.);
#6166 = ORIENTED_EDGE('',*,*,#5861,.T.);
#6167 = FACE_BOUND('',#6168,.F.);
#6168 = EDGE_LOOP('',(#6169,#6206));
#6169 = ORIENTED_EDGE('',*,*,#6170,.F.);
#6170 = EDGE_CURVE('',#6171,#6173,#6175,.T.);
#6171 = VERTEX_POINT('',#6172);
#6172 = CARTESIAN_POINT('',(-2.0974630842,-18.62911321935,-12.5350573099
    ));
#6173 = VERTEX_POINT('',#6174);
#6174 = CARTESIAN_POINT('',(2.0974630842,-18.62911321935,-12.5350573099)
  );
#6175 = B_SPLINE_CURVE_WITH_KNOTS('',3,(#6176,#6177,#6178,#6179,#6180,
    #6181,#6182,#6183,#6184,#6185,#6186,#6187,#6188,#6189,#6190,#6191,
    #6192,#6193,#6194,#6195,#6196,#6197,#6198,#6199,#6200,#6201,#6202,
    #6203,#6204,#6205),.UNSPECIFIED.,.F.,.F.,(4,2,2,2,2,2,2,2,2,2,2,2,2,
    2,4),(-1.719875003951,-1.707502393704,-1.60853215449,-1.458741218781
    ,-1.296380079354,-1.158229980689,-1.044350124543,-0.93510733055,
    -0.834756498136,-0.724711771407,-0.588150209395,-0.426383314449,
    -0.258839145838,-0.118690863388,-7.320946658509E-02),.UNSPECIFIED.);
#6176 = CARTESIAN_POINT('',(-2.0974630842,-18.62911321935,-12.5350573099
    ));
#6177 = CARTESIAN_POINT('',(-2.125568502752,-18.64399908007,
    -12.50880294573));
#6178 = CARTESIAN_POINT('',(-2.153122251538,-18.65914031307,
    -12.48206995045));
#6179 = CARTESIAN_POINT('',(-2.396038752791,-18.79757362808,
    -12.23737690336));
#6180 = CARTESIAN_POINT('',(-2.574285495148,-18.93499343238,
    -11.99249061212));
#6181 = CARTESIAN_POINT('',(-2.924711992577,-19.30023243896,
    -11.333548785));
#6182 = CARTESIAN_POINT('',(-3.045549526126,-19.53662179436,
    -10.89990472081));
#6183 = CARTESIAN_POINT('',(-3.113863152459,-20.02692468453,
    -9.980277855421));
#6184 = CARTESIAN_POINT('',(-3.045948595219,-20.28060799786,
    -9.492857993339));
#6185 = CARTESIAN_POINT('',(-2.734949662239,-20.7131574902,
    -8.641121488248));
#6186 = CARTESIAN_POINT('',(-2.519093249864,-20.89800713893,
    -8.268431738277));
#6187 = CARTESIAN_POINT('',(-1.997511809071,-21.18674206616,
    -7.675874107942));
#6188 = CARTESIAN_POINT('',(-1.715151323928,-21.29856347565,
    -7.441992799935));
#6189 = CARTESIAN_POINT('',(-1.082194517419,-21.46497955122,
    -7.090768415388));
#6190 = CARTESIAN_POINT('',(-0.741554860711,-21.51995604984,
    -6.973002806318));
#6191 = CARTESIAN_POINT('',(-5.261976773762E-02,-21.56436166285,
    -6.877902830766));
#6192 = CARTESIAN_POINT('',(0.280542921854,-21.55795979668,
    -6.891703193848));
#6193 = CARTESIAN_POINT('',(0.960302366488,-21.4877894177,
    -7.041720061304));
#6194 = CARTESIAN_POINT('',(1.291716229177,-21.41992908625,
    -7.186527216807));
#6195 = CARTESIAN_POINT('',(1.955628325668,-21.21211956794,
    -7.62292527767));
#6196 = CARTESIAN_POINT('',(2.261134421846,-21.06130991626,
    -7.935704117319));
#6197 = CARTESIAN_POINT('',(2.77682395321,-20.68373979106,
    -8.700243588066));
#6198 = CARTESIAN_POINT('',(2.958635887715,-20.44860786986,
    -9.165731039813));
#6199 = CARTESIAN_POINT('',(3.122905923927,-19.94631436331,
    -10.13379375645));
#6200 = CARTESIAN_POINT('',(3.098238482337,-19.67764378201,
    -10.63845938389));
#6201 = CARTESIAN_POINT('',(2.846980840249,-19.20023453961,
    -11.51566113757));
#6202 = CARTESIAN_POINT('',(2.654357845043,-18.98964774619,
    -11.89507372558));
#6203 = CARTESIAN_POINT('',(2.296120304607,-18.7416945329,
    -12.33611591038));
#6204 = CARTESIAN_POINT('',(2.200519414869,-18.6836963661,
    -12.43878838472));
#6205 = CARTESIAN_POINT('',(2.0974630842,-18.62911321935,-12.5350573099)
  );
#6206 = ORIENTED_EDGE('',*,*,#6207,.F.);
#6207 = EDGE_CURVE('',#6173,#6171,#6208,.T.);
#6208 = B_SPLINE_CURVE_WITH_KNOTS('',3,(#6209,#6210,#6211,#6212,#6213,
    #6214),.UNSPECIFIED.,.F.,.F.,(4,2,4),(2.76565865301,2.965901476862,
    3.166144300715),.UNSPECIFIED.);
#6209 = CARTESIAN_POINT('',(2.0974630842,-18.62911321935,-12.5350573099)
  );
#6210 = CARTESIAN_POINT('',(1.389023332784,-18.76137742311,
    -12.45869453625));
#6211 = CARTESIAN_POINT('',(0.667476079508,-18.82269683733,
    -12.42329175595));
#6212 = CARTESIAN_POINT('',(-0.667476079508,-18.82269683733,
    -12.42329175595));
#6213 = CARTESIAN_POINT('',(-1.389023332784,-18.76137742311,
    -12.45869453625));
#6214 = CARTESIAN_POINT('',(-2.0974630842,-18.62911321935,-12.5350573099
    ));
#6215 = FACE_BOUND('',#6216,.F.);
#6216 = EDGE_LOOP('',(#6217,#6254));
#6217 = ORIENTED_EDGE('',*,*,#6218,.F.);
#6218 = EDGE_CURVE('',#6219,#6221,#6223,.T.);
#6219 = VERTEX_POINT('',#6220);
#6220 = CARTESIAN_POINT('',(17.182016840037,7.498100295259,
    -12.5350573099));
#6221 = VERTEX_POINT('',#6222);
#6222 = CARTESIAN_POINT('',(15.084553755837,11.131012924094,
    -12.5350573099));
#6223 = B_SPLINE_CURVE_WITH_KNOTS('',3,(#6224,#6225,#6226,#6227,#6228,
    #6229,#6230,#6231,#6232,#6233,#6234,#6235,#6236,#6237,#6238,#6239,
    #6240,#6241,#6242,#6243,#6244,#6245,#6246,#6247,#6248,#6249,#6250,
    #6251,#6252,#6253),.UNSPECIFIED.,.F.,.F.,(4,2,2,2,2,2,2,2,2,2,2,2,2,
    2,4),(-1.719446417155,-1.659600950093,-1.507515201805,
    -1.342836948705,-1.200020085617,-1.082956952876,-0.977391460269,
    -0.896883153763,-0.816603282133,-0.715481751459,-0.578704616992,
    -0.416327396523,-0.258236649642,-0.123433472657,-7.322226715373E-02)
  ,.UNSPECIFIED.);
#6224 = CARTESIAN_POINT('',(17.182016840037,7.498100295259,
    -12.5350573099));
#6225 = CARTESIAN_POINT('',(17.312317044924,7.416387385724,
    -12.40809330302));
#6226 = CARTESIAN_POINT('',(17.44087273368,7.349121114088,-12.2703903558
    ));
#6227 = CARTESIAN_POINT('',(17.884398258074,7.160945639072,
    -11.75302440957));
#6228 = CARTESIAN_POINT('',(18.178239045059,7.118081711022,
    -11.33119580267));
#6229 = CARTESIAN_POINT('',(18.703472145022,7.198879902715,
    -10.4148701764));
#6230 = CARTESIAN_POINT('',(18.927002784573,7.336470373247,
    -9.918299409133));
#6231 = CARTESIAN_POINT('',(19.2226708713,7.747009159037,-9.022930093314
    ));
#6232 = CARTESIAN_POINT('',(19.311351679236,8.000086144861,
    -8.618797386306));
#6233 = CARTESIAN_POINT('',(19.365603541072,8.558641675852,
    -7.957376341214));
#6234 = CARTESIAN_POINT('',(19.350398693499,8.846260178872,
    -7.687198515817));
#6235 = CARTESIAN_POINT('',(19.235794302437,9.446466282524,
    -7.266904213688));
#6236 = CARTESIAN_POINT('',(19.145487622473,9.750170559013,
    -7.110353408851));
#6237 = CARTESIAN_POINT('',(18.921397136506,10.300620040516,
    -6.93721783405));
#6238 = CARTESIAN_POINT('',(18.805092782229,10.538643523677,
    -6.897916645496));
#6239 = CARTESIAN_POINT('',(18.538332551809,11.002124682436,
    -6.896374093176));
#6240 = CARTESIAN_POINT('',(18.391290315829,11.221854700303,
    -6.933934201493));
#6241 = CARTESIAN_POINT('',(18.036627407657,11.681310671729,
    -7.099132700306));
#6242 = CARTESIAN_POINT('',(17.828519595095,11.904545119016,
    -7.24504612594));
#6243 = CARTESIAN_POINT('',(17.334340893534,12.342511679858,
    -7.683002497826));
#6244 = CARTESIAN_POINT('',(17.05178854827,12.522041767402,
    -8.003440707366));
#6245 = CARTESIAN_POINT('',(16.470342770744,12.758988105016,
    -8.780976889269));
#6246 = CARTESIAN_POINT('',(16.178624791139,12.787326290587,
    -9.251555141437));
#6247 = CARTESIAN_POINT('',(15.68545143574,12.658416438332,
    -10.19604444941));
#6248 = CARTESIAN_POINT('',(15.481275120914,12.505917824434,
    -10.67069727265));
#6249 = CARTESIAN_POINT('',(15.208100658461,12.070423650574,
    -11.50535049778));
#6250 = CARTESIAN_POINT('',(15.124073121762,11.810518768327,
    -11.87084046949));
#6251 = CARTESIAN_POINT('',(15.08329909394,11.382465555813,
    -12.31476505239));
#6252 = CARTESIAN_POINT('',(15.079854599538,11.259635133261,
    -12.4288086539));
#6253 = CARTESIAN_POINT('',(15.084553755837,11.131012924094,
    -12.5350573099));
#6254 = ORIENTED_EDGE('',*,*,#6255,.F.);
#6255 = EDGE_CURVE('',#6221,#6219,#6256,.T.);
#6256 = B_SPLINE_CURVE_WITH_KNOTS('',3,(#6257,#6258,#6259,#6260,#6261,
    #6262),.UNSPECIFIED.,.F.,.F.,(4,2,4),(2.76565865301,2.965901476862,
    3.166144300715),.UNSPECIFIED.);
#6257 = CARTESIAN_POINT('',(15.084553755837,11.131012924094,
    -12.5350573099));
#6258 = CARTESIAN_POINT('',(15.553317792014,10.583618204198,
    -12.45869453625));
#6259 = CARTESIAN_POINT('',(15.967195589113,9.989399659941,
    -12.42329175595));
#6260 = CARTESIAN_POINT('',(16.634671668622,8.833297177396,
    -12.42329175595));
#6261 = CARTESIAN_POINT('',(16.942341124798,8.177759218918,
    -12.45869453625));
#6262 = CARTESIAN_POINT('',(17.182016840037,7.498100295259,
    -12.5350573099));
#6263 = FACE_BOUND('',#6264,.F.);
#6264 = EDGE_LOOP('',(#6265,#6302));
#6265 = ORIENTED_EDGE('',*,*,#6266,.F.);
#6266 = EDGE_CURVE('',#6267,#6269,#6271,.T.);
#6267 = VERTEX_POINT('',#6268);
#6268 = CARTESIAN_POINT('',(-15.08455375583,11.131012924095,
    -12.5350573099));
#6269 = VERTEX_POINT('',#6270);
#6270 = CARTESIAN_POINT('',(-17.18201684003,7.498100295259,
    -12.5350573099));
#6271 = B_SPLINE_CURVE_WITH_KNOTS('',3,(#6272,#6273,#6274,#6275,#6276,
    #6277,#6278,#6279,#6280,#6281,#6282,#6283,#6284,#6285,#6286,#6287,
    #6288,#6289,#6290,#6291,#6292,#6293,#6294,#6295,#6296,#6297,#6298,
    #6299,#6300,#6301),.UNSPECIFIED.,.F.,.F.,(4,2,2,2,2,2,2,2,2,2,2,2,2,
    2,4),(-1.719446417156,-1.659600950093,-1.507515201806,
    -1.342836948705,-1.200020085618,-1.082956952877,-0.977391460269,
    -0.896883153763,-0.816603282134,-0.71548175146,-0.578704616993,
    -0.416327396524,-0.258236649642,-0.123433472657,-7.322226715375E-02)
  ,.UNSPECIFIED.);
#6272 = CARTESIAN_POINT('',(-15.08455375583,11.131012924095,
    -12.5350573099));
#6273 = CARTESIAN_POINT('',(-15.0789384028,11.284712666413,
    -12.40809330302));
#6274 = CARTESIAN_POINT('',(-15.08496194712,11.429678294494,
    -12.2703903558));
#6275 = CARTESIAN_POINT('',(-15.14375996759,11.907870403355,
    -11.75302440957));
#6276 = CARTESIAN_POINT('',(-15.25355911048,12.183775953576,
    -11.33119580267));
#6277 = CARTESIAN_POINT('',(-15.58614894705,12.598242065207,
    -10.4148701764));
#6278 = CARTESIAN_POINT('',(-15.81707110963,12.723030042315,
    -9.918299409133));
#6279 = CARTESIAN_POINT('',(-16.32044217072,12.773816723614,
    -9.022930093314));
#6280 = CARTESIAN_POINT('',(-16.58395367353,12.724078063203,
    -8.618797386306));
#6281 = CARTESIAN_POINT('',(-17.09480288371,12.49178378826,
    -7.957376341214));
#6282 = CARTESIAN_POINT('',(-17.33628539013,12.334806752491,
    -7.687198515817));
#6283 = CARTESIAN_POINT('',(-17.79877692787,11.935453386621,
    -7.266904213688));
#6284 = CARTESIAN_POINT('',(-18.01663920657,11.705393369396,
    -7.110353408851));
#6285 = CARTESIAN_POINT('',(-18.38129719807,11.236100575051,
    -6.93721783405));
#6286 = CARTESIAN_POINT('',(-18.52927940404,11.016366308095,
    -6.897916645496));
#6287 = CARTESIAN_POINT('',(-18.79728574649,10.553604592453,
    -6.896374093176));
#6288 = CARTESIAN_POINT('',(-18.91405640595,10.316397271731,
    -6.933934201493));
#6289 = CARTESIAN_POINT('',(-19.13462549504,9.779522197761,
    -7.099132700306));
#6290 = CARTESIAN_POINT('',(-19.22389829111,9.487678321713,
    -7.24504612594));
#6291 = CARTESIAN_POINT('',(-19.35609910803,8.84072373173,
    -7.683002497826));
#6292 = CARTESIAN_POINT('',(-19.37030055195,8.506261179061,
    -8.003440707366));
#6293 = CARTESIAN_POINT('',(-19.28477921089,7.884241195993,
    -8.780976889269));
#6294 = CARTESIAN_POINT('',(-19.16346180969,7.61743692213,
    -9.251555141437));
#6295 = CARTESIAN_POINT('',(-18.80523592514,7.254791194012,
    -10.19604444941));
#6296 = CARTESIAN_POINT('',(-18.57108009405,7.154218625471,
    -10.67069727265));
#6297 = CARTESIAN_POINT('',(-18.05734384506,7.135389688251,
    -11.50535049778));
#6298 = CARTESIAN_POINT('',(-17.79024584612,7.192572147976,
    -11.87084046949));
#6299 = CARTESIAN_POINT('',(-17.399153876,7.371287410324,-12.31476505239
    ));
#6300 = CARTESIAN_POINT('',(-17.29105736251,7.429719601945,
    -12.4288086539));
#6301 = CARTESIAN_POINT('',(-17.18201684003,7.498100295259,
    -12.5350573099));
#6302 = ORIENTED_EDGE('',*,*,#6303,.F.);
#6303 = EDGE_CURVE('',#6269,#6267,#6304,.T.);
#6304 = B_SPLINE_CURVE_WITH_KNOTS('',3,(#6305,#6306,#6307,#6308,#6309,
    #6310),.UNSPECIFIED.,.F.,.F.,(4,2,4),(2.76565865301,2.965901476862,
    3.166144300715),.UNSPECIFIED.);
#6305 = CARTESIAN_POINT('',(-17.18201684003,7.498100295259,
    -12.5350573099));
#6306 = CARTESIAN_POINT('',(-16.94234112479,8.177759218918,
    -12.45869453625));
#6307 = CARTESIAN_POINT('',(-16.63467166862,8.833297177396,
    -12.42329175595));
#6308 = CARTESIAN_POINT('',(-15.96719558911,9.989399659942,
    -12.42329175595));
#6309 = CARTESIAN_POINT('',(-15.55331779201,10.583618204198,
    -12.45869453625));
#6310 = CARTESIAN_POINT('',(-15.08455375583,11.131012924095,
    -12.5350573099));
#6311 = FACE_BOUND('',#6312,.F.);
#6312 = EDGE_LOOP('',(#6313,#6332));
#6313 = ORIENTED_EDGE('',*,*,#6314,.F.);
#6314 = EDGE_CURVE('',#6315,#6317,#6319,.T.);
#6315 = VERTEX_POINT('',#6316);
#6316 = CARTESIAN_POINT('',(10.099893435266,-18.78092252626,-7.55));
#6317 = VERTEX_POINT('',#6318);
#6318 = CARTESIAN_POINT('',(11.214809296622,-18.13722555359,-7.55));
#6319 = B_SPLINE_CURVE_WITH_KNOTS('',3,(#6320,#6321,#6322,#6323,#6324,
    #6325,#6326,#6327,#6328,#6329,#6330,#6331),.UNSPECIFIED.,.F.,.F.,(4,
    2,2,2,2,4),(-0.152625484806,-0.131496704011,-9.601287824896E-02,
    -7.193045083481E-02,-4.569497848828E-02,0.),.UNSPECIFIED.);
#6320 = CARTESIAN_POINT('',(10.099893435266,-18.78092252626,-7.55));
#6321 = CARTESIAN_POINT('',(10.149509000524,-18.77512556864,
    -7.500389326505));
#6322 = CARTESIAN_POINT('',(10.201796785818,-18.7666931207,
    -7.452677123869));
#6323 = CARTESIAN_POINT('',(10.347280647476,-18.73510645683,
    -7.33685367485));
#6324 = CARTESIAN_POINT('',(10.447073723087,-18.70519131836,
    -7.274558189128));
#6325 = CARTESIAN_POINT('',(10.621306678749,-18.63059863494,
    -7.215829709602));
#6326 = CARTESIAN_POINT('',(10.691010271855,-18.59487457436,
    -7.205548538011));
#6327 = CARTESIAN_POINT('',(10.833664505282,-18.50761021816,
    -7.216664215026));
#6328 = CARTESIAN_POINT('',(10.900918347225,-18.45825931119,
    -7.240549266603));
#6329 = CARTESIAN_POINT('',(11.066906377967,-18.31769571306,
    -7.341091601614));
#6330 = CARTESIAN_POINT('',(11.150275983406,-18.2239170061,
    -7.442666926591));
#6331 = CARTESIAN_POINT('',(11.214809296622,-18.13722555359,-7.55));
#6332 = ORIENTED_EDGE('',*,*,#6333,.F.);
#6333 = EDGE_CURVE('',#6317,#6315,#6334,.T.);
#6334 = CIRCLE('',#6335,21.32442023459);
#6335 = AXIS2_PLACEMENT_3D('',#6336,#6337,#6338);
#6336 = CARTESIAN_POINT('',(0.,0.,-7.55));
#6337 = DIRECTION('',(0.,0.,-1.));
#6338 = DIRECTION('',(1.,0.,0.));
#6339 = FACE_BOUND('',#6340,.F.);
#6340 = EDGE_LOOP('',(#6341,#6360));
#6341 = ORIENTED_EDGE('',*,*,#6342,.F.);
#6342 = EDGE_CURVE('',#6343,#6345,#6347,.T.);
#6343 = VERTEX_POINT('',#6344);
#6344 = CARTESIAN_POINT('',(11.214809296622,18.13722555359,-7.55));
#6345 = VERTEX_POINT('',#6346);
#6346 = CARTESIAN_POINT('',(10.099893435266,18.780922526267,-7.55));
#6347 = B_SPLINE_CURVE_WITH_KNOTS('',3,(#6348,#6349,#6350,#6351,#6352,
    #6353,#6354,#6355,#6356,#6357,#6358,#6359),.UNSPECIFIED.,.F.,.F.,(4,
    2,2,2,2,4),(-0.152625484806,-0.131496704011,-9.60128782489E-02,
    -7.193045083477E-02,-4.569497848827E-02,0.),.UNSPECIFIED.);
#6348 = CARTESIAN_POINT('',(11.214809296622,18.13722555359,-7.55));
#6349 = CARTESIAN_POINT('',(11.184981201424,18.177295414713,
    -7.500389326505));
#6350 = CARTESIAN_POINT('',(11.151534594649,18.218361741117,
    -7.452677123869));
#6351 = CARTESIAN_POINT('',(11.051437810485,18.328561129218,
    -7.33685367485));
#6352 = CARTESIAN_POINT('',(10.975634002807,18.400026898584,
    -7.274558189128));
#6353 = CARTESIAN_POINT('',(10.823918366196,18.513620722652,
    -7.215829709602));
#6354 = CARTESIAN_POINT('',(10.758128625662,18.556123774731,
    -7.205548538011));
#6355 = CARTESIAN_POINT('',(10.611228359631,18.636033786735,
    -7.216664215026));
#6356 = CARTESIAN_POINT('',(10.534862299521,18.669601868872,
    -7.240549266603));
#6357 = CARTESIAN_POINT('',(10.330136637324,18.743069921155,
    -7.341091601614));
#6358 = CARTESIAN_POINT('',(10.20723709204,18.768380763888,
    -7.442666926591));
#6359 = CARTESIAN_POINT('',(10.099893435266,18.780922526267,-7.55));
#6360 = ORIENTED_EDGE('',*,*,#6361,.F.);
#6361 = EDGE_CURVE('',#6345,#6343,#6362,.T.);
#6362 = CIRCLE('',#6363,21.32442023459);
#6363 = AXIS2_PLACEMENT_3D('',#6364,#6365,#6366);
#6364 = CARTESIAN_POINT('',(0.,0.,-7.55));
#6365 = DIRECTION('',(0.,0.,-1.));
#6366 = DIRECTION('',(1.,0.,0.));
#6367 = ( BOUNDED_SURFACE() B_SPLINE_SURFACE(2,2,(
    (#6368,#6369,#6370,#6371,#6372,#6373,#6374,#6375,#6376)
    ,(#6377,#6378,#6379,#6380,#6381,#6382,#6383,#6384,#6385)
    ,(#6386,#6387,#6388,#6389,#6390,#6391,#6392,#6393,#6394
)),.UNSPECIFIED.,.F.,.T.,.F.) B_SPLINE_SURFACE_WITH_KNOTS((3,3),(1,2,2,2
    ,2,2,1),(-1.025952964926,-0.170193348081),(-4.712388980385,
    -3.14159265359,-1.570796326795,0.,1.570796326795,3.14159265359,
4.712388980385),.UNSPECIFIED.) GEOMETRIC_REPRESENTATION_ITEM() 
RATIONAL_B_SPLINE_SURFACE((
    (1.,0.707106781187,1.,0.707106781187,1.,0.707106781187,1.
      ,0.707106781187,1.)
    ,(0.909847551981,0.643359373852,0.909847551981,0.643359373852
      ,0.909847551981,0.643359373852,0.909847551981,0.643359373852
      ,0.909847551981)
    ,(1.,0.707106781187,1.,0.707106781187,1.,0.707106781187,1.
,0.707106781187,1.))) REPRESENTATION_ITEM('') SURFACE() );
#6368 = CARTESIAN_POINT('',(-11.66760380823,0.,-19.23848489419));
#6369 = CARTESIAN_POINT('',(-11.66760380823,-11.66760380823,
    -19.23848489419));
#6370 = CARTESIAN_POINT('',(0.,-11.66760380823,-19.23848489419));
#6371 = CARTESIAN_POINT('',(11.667603808238,-11.66760380823,
    -19.23848489419));
#6372 = CARTESIAN_POINT('',(11.667603808238,0.,-19.23848489419));
#6373 = CARTESIAN_POINT('',(11.667603808238,11.667603808238,
    -19.23848489419));
#6374 = CARTESIAN_POINT('',(0.,11.667603808238,-19.23848489419));
#6375 = CARTESIAN_POINT('',(-11.66760380823,11.667603808238,
    -19.23848489419));
#6376 = CARTESIAN_POINT('',(-11.66760380823,0.,-19.23848489419));
#6377 = CARTESIAN_POINT('',(-20.64923250757,0.,-13.79532596979));
#6378 = CARTESIAN_POINT('',(-20.64923250757,-20.64923250757,
    -13.79532596979));
#6379 = CARTESIAN_POINT('',(0.,-20.64923250757,-13.79532596979));
#6380 = CARTESIAN_POINT('',(20.649232507572,-20.64923250757,
    -13.79532596979));
#6381 = CARTESIAN_POINT('',(20.649232507572,0.,-13.79532596979));
#6382 = CARTESIAN_POINT('',(20.649232507572,20.649232507572,
    -13.79532596979));
#6383 = CARTESIAN_POINT('',(0.,20.649232507572,-13.79532596979));
#6384 = CARTESIAN_POINT('',(-20.64923250757,20.649232507572,
    -13.79532596979));
#6385 = CARTESIAN_POINT('',(-20.64923250757,0.,-13.79532596979));
#6386 = CARTESIAN_POINT('',(-22.42803216721,0.,-3.444794343848));
#6387 = CARTESIAN_POINT('',(-22.42803216721,-22.42803216721,
    -3.444794343848));
#6388 = CARTESIAN_POINT('',(0.,-22.42803216721,-3.444794343848));
#6389 = CARTESIAN_POINT('',(22.42803216721,-22.42803216721,
    -3.444794343848));
#6390 = CARTESIAN_POINT('',(22.42803216721,0.,-3.444794343848));
#6391 = CARTESIAN_POINT('',(22.42803216721,22.42803216721,
    -3.444794343848));
#6392 = CARTESIAN_POINT('',(0.,22.42803216721,-3.444794343848));
#6393 = CARTESIAN_POINT('',(-22.42803216721,22.42803216721,
    -3.444794343848));
#6394 = CARTESIAN_POINT('',(-22.42803216721,0.,-3.444794343848));
#6395 = ADVANCED_FACE('',(#6396,#6399),#6452,.T.);
#6396 = FACE_BOUND('',#6397,.T.);
#6397 = EDGE_LOOP('',(#6398));
#6398 = ORIENTED_EDGE('',*,*,#5844,.F.);
#6399 = FACE_BOUND('',#6400,.T.);
#6400 = EDGE_LOOP('',(#6401,#6410,#6417,#6418,#6427,#6434,#6435,#6444,
    #6451));
#6401 = ORIENTED_EDGE('',*,*,#6402,.T.);
#6402 = EDGE_CURVE('',#5790,#6403,#6405,.T.);
#6403 = VERTEX_POINT('',#6404);
#6404 = CARTESIAN_POINT('',(11.5363153066,17.166901680866,-3.05));
#6405 = CIRCLE('',#6406,1.625);
#6406 = AXIS2_PLACEMENT_3D('',#6407,#6408,#6409);
#6407 = CARTESIAN_POINT('',(9.9113153066,17.166901680866,-3.05));
#6408 = DIRECTION('',(0.,0.,-1.));
#6409 = DIRECTION('',(-1.,0.,0.));
#6410 = ORIENTED_EDGE('',*,*,#6411,.T.);
#6411 = EDGE_CURVE('',#6403,#5781,#6412,.T.);
#6412 = CIRCLE('',#6413,1.625);
#6413 = AXIS2_PLACEMENT_3D('',#6414,#6415,#6416);
#6414 = CARTESIAN_POINT('',(9.9113153066,17.166901680866,-3.05));
#6415 = DIRECTION('',(0.,0.,-1.));
#6416 = DIRECTION('',(-1.,0.,0.));
#6417 = ORIENTED_EDGE('',*,*,#5780,.F.);
#6418 = ORIENTED_EDGE('',*,*,#6419,.T.);
#6419 = EDGE_CURVE('',#5758,#6420,#6422,.T.);
#6420 = VERTEX_POINT('',#6421);
#6421 = CARTESIAN_POINT('',(9.0988153066,-18.57419296201,-3.05));
#6422 = CIRCLE('',#6423,1.625);
#6423 = AXIS2_PLACEMENT_3D('',#6424,#6425,#6426);
#6424 = CARTESIAN_POINT('',(9.9113153066,-17.16690168086,-3.05));
#6425 = DIRECTION('',(0.,0.,-1.));
#6426 = DIRECTION('',(0.5,0.866025403784,0.));
#6427 = ORIENTED_EDGE('',*,*,#6428,.T.);
#6428 = EDGE_CURVE('',#6420,#5749,#6429,.T.);
#6429 = CIRCLE('',#6430,1.625);
#6430 = AXIS2_PLACEMENT_3D('',#6431,#6432,#6433);
#6431 = CARTESIAN_POINT('',(9.9113153066,-17.16690168086,-3.05));
#6432 = DIRECTION('',(0.,0.,-1.));
#6433 = DIRECTION('',(0.5,0.866025403784,0.));
#6434 = ORIENTED_EDGE('',*,*,#5748,.F.);
#6435 = ORIENTED_EDGE('',*,*,#6436,.T.);
#6436 = EDGE_CURVE('',#5734,#6437,#6439,.T.);
#6437 = VERTEX_POINT('',#6438);
#6438 = CARTESIAN_POINT('',(-20.6351306132,1.40729128115,-3.05));
#6439 = CIRCLE('',#6440,1.625);
#6440 = AXIS2_PLACEMENT_3D('',#6441,#6442,#6443);
#6441 = CARTESIAN_POINT('',(-19.8226306132,3.330669073875E-15,-3.05));
#6442 = DIRECTION('',(0.,0.,-1.));
#6443 = DIRECTION('',(0.5,-0.866025403784,0.));
#6444 = ORIENTED_EDGE('',*,*,#6445,.T.);
#6445 = EDGE_CURVE('',#6437,#5813,#6446,.T.);
#6446 = CIRCLE('',#6447,1.625);
#6447 = AXIS2_PLACEMENT_3D('',#6448,#6449,#6450);
#6448 = CARTESIAN_POINT('',(-19.8226306132,3.330669073875E-15,-3.05));
#6449 = DIRECTION('',(0.,0.,-1.));
#6450 = DIRECTION('',(0.5,-0.866025403784,0.));
#6451 = ORIENTED_EDGE('',*,*,#5812,.F.);
#6452 = PLANE('',#6453);
#6453 = AXIS2_PLACEMENT_3D('',#6454,#6455,#6456);
#6454 = CARTESIAN_POINT('',(19.483315451858,0.,-3.05));
#6455 = DIRECTION('',(0.,0.,1.));
#6456 = DIRECTION('',(1.,0.,-0.));
#6457 = ADVANCED_FACE('',(#6458),#6510,.T.);
#6458 = FACE_BOUND('',#6459,.T.);
#6459 = EDGE_LOOP('',(#6460,#6477,#6485,#6504));
#6460 = ORIENTED_EDGE('',*,*,#6461,.T.);
#6461 = EDGE_CURVE('',#6462,#6464,#6466,.T.);
#6462 = VERTEX_POINT('',#6463);
#6463 = CARTESIAN_POINT('',(-1.5,15.304896046822,-22.4));
#6464 = VERTEX_POINT('',#6465);
#6465 = CARTESIAN_POINT('',(-1.,15.522023656178,-21.9));
#6466 = B_SPLINE_CURVE_WITH_KNOTS('',3,(#6467,#6468,#6469,#6470,#6471,
    #6472,#6473,#6474,#6475,#6476),.UNSPECIFIED.,.F.,.F.,(4,2,2,2,4),(
    8.297952569788E-02,0.103829661125,0.124679796553,0.143361151241,
    0.162042505928),.UNSPECIFIED.);
#6467 = CARTESIAN_POINT('',(-1.5,15.304896046822,-22.4));
#6468 = CARTESIAN_POINT('',(-1.43888532308,15.337991499881,-22.4));
#6469 = CARTESIAN_POINT('',(-1.371956933508,15.371341593171,
    -22.38809223279));
#6470 = CARTESIAN_POINT('',(-1.246193625921,15.428803249162,
    -22.33613230957));
#6471 = CARTESIAN_POINT('',(-1.187441074683,15.453013898636,
    -22.29599049084));
#6472 = CARTESIAN_POINT('',(-1.098958362903,15.487391469514,
    -22.20459707867));
#6473 = CARTESIAN_POINT('',(-1.061868098892,15.500709798144,
    -22.14964595216));
#6474 = CARTESIAN_POINT('',(-1.012377425911,15.517966526487,
    -22.02847922771));
#6475 = CARTESIAN_POINT('',(-1.,15.522023656178,-21.96227118229));
#6476 = CARTESIAN_POINT('',(-1.,15.522023656178,-21.9));
#6477 = ORIENTED_EDGE('',*,*,#6478,.F.);
#6478 = EDGE_CURVE('',#6479,#6464,#6481,.T.);
#6479 = VERTEX_POINT('',#6480);
#6480 = CARTESIAN_POINT('',(-1.,13.84740872477,-21.9));
#6481 = LINE('',#6482,#6483);
#6482 = CARTESIAN_POINT('',(-1.,15.144106071764,-21.9));
#6483 = VECTOR('',#6484,1.);
#6484 = DIRECTION('',(0.,1.,0.));
#6485 = ORIENTED_EDGE('',*,*,#6486,.T.);
#6486 = EDGE_CURVE('',#6479,#6487,#6489,.T.);
#6487 = VERTEX_POINT('',#6488);
#6488 = CARTESIAN_POINT('',(-1.5,13.222354604172,-22.4));
#6489 = B_SPLINE_CURVE_WITH_KNOTS('',3,(#6490,#6491,#6492,#6493,#6494,
    #6495,#6496,#6497,#6498,#6499,#6500,#6501,#6502,#6503),
  .UNSPECIFIED.,.F.,.F.,(4,2,2,2,2,2,4),(0.17302394196,0.183961249326,
    0.194898556691,0.208375708851,0.221852861011,0.252901616738,
    0.276860970743),.UNSPECIFIED.);
#6490 = CARTESIAN_POINT('',(-1.,13.84740872477,-21.9));
#6491 = CARTESIAN_POINT('',(-1.,13.84740872477,-21.93645769121));
#6492 = CARTESIAN_POINT('',(-1.00427684871,13.844186653548,
    -21.97591348998));
#6493 = CARTESIAN_POINT('',(-1.021913743732,13.830467044606,
    -22.05145237762));
#6494 = CARTESIAN_POINT('',(-1.035236369929,13.819944092651,
    -22.08753958073));
#6495 = CARTESIAN_POINT('',(-1.068676532359,13.792347780357,
    -22.15641013173));
#6496 = CARTESIAN_POINT('',(-1.093026353039,13.771556501274,
    -22.19343456537));
#6497 = CARTESIAN_POINT('',(-1.14712777475,13.721541050547,
    -22.25666869602));
#6498 = CARTESIAN_POINT('',(-1.176744668672,13.692285995583,
    -22.28296910939));
#6499 = CARTESIAN_POINT('',(-1.26743860152,13.595466782916,
    -22.3495202616));
#6500 = CARTESIAN_POINT('',(-1.329134452273,13.517944581389,
    -22.37332674773));
#6501 = CARTESIAN_POINT('',(-1.427147715638,13.366777782662,
    -22.39660633486));
#6502 = CARTESIAN_POINT('',(-1.466123254427,13.296279723642,-22.4));
#6503 = CARTESIAN_POINT('',(-1.5,13.222354604172,-22.4));
#6504 = ORIENTED_EDGE('',*,*,#6505,.T.);
#6505 = EDGE_CURVE('',#6487,#6462,#6506,.T.);
#6506 = LINE('',#6507,#6508);
#6507 = CARTESIAN_POINT('',(-1.5,7.415976903016,-22.4));
#6508 = VECTOR('',#6509,1.);
#6509 = DIRECTION('',(0.,1.,0.));
#6510 = CYLINDRICAL_SURFACE('',#6511,0.5);
#6511 = AXIS2_PLACEMENT_3D('',#6512,#6513,#6514);
#6512 = CARTESIAN_POINT('',(-1.5,7.415976903016,-21.9));
#6513 = DIRECTION('',(0.,-1.,0.));
#6514 = DIRECTION('',(0.707106781187,0.,-0.707106781187));
#6515 = ADVANCED_FACE('',(#6516,#6604),#6650,.T.);
#6516 = FACE_BOUND('',#6517,.T.);
#6517 = EDGE_LOOP('',(#6518,#6519,#6528,#6534,#6535,#6543,#6552,#6567,
    #6582,#6591));
#6518 = ORIENTED_EDGE('',*,*,#6461,.F.);
#6519 = ORIENTED_EDGE('',*,*,#6520,.F.);
#6520 = EDGE_CURVE('',#6521,#6462,#6523,.T.);
#6521 = VERTEX_POINT('',#6522);
#6522 = CARTESIAN_POINT('',(-2.64472835802,14.24608248115,-22.4));
#6523 = CIRCLE('',#6524,3.15);
#6524 = AXIS2_PLACEMENT_3D('',#6525,#6526,#6527);
#6525 = CARTESIAN_POINT('',(4.396498263205E-15,12.534968249929,-22.4));
#6526 = DIRECTION('',(0.,0.,-1.));
#6527 = DIRECTION('',(1.,0.,0.));
#6528 = ORIENTED_EDGE('',*,*,#6529,.F.);
#6529 = EDGE_CURVE('',#5949,#6521,#6530,.T.);
#6530 = LINE('',#6531,#6532);
#6531 = CARTESIAN_POINT('',(-2.64472835802,14.24608248115,-19.4));
#6532 = VECTOR('',#6533,1.);
#6533 = DIRECTION('',(0.,0.,-1.));
#6534 = ORIENTED_EDGE('',*,*,#5969,.F.);
#6535 = ORIENTED_EDGE('',*,*,#6536,.F.);
#6536 = EDGE_CURVE('',#6537,#5970,#6539,.T.);
#6537 = VERTEX_POINT('',#6538);
#6538 = CARTESIAN_POINT('',(2.646106132657,14.243951086213,-22.4));
#6539 = LINE('',#6540,#6541);
#6540 = CARTESIAN_POINT('',(2.646106132657,14.243951086213,-19.4));
#6541 = VECTOR('',#6542,1.);
#6542 = DIRECTION('',(0.,0.,1.));
#6543 = ORIENTED_EDGE('',*,*,#6544,.F.);
#6544 = EDGE_CURVE('',#6545,#6537,#6547,.T.);
#6545 = VERTEX_POINT('',#6546);
#6546 = CARTESIAN_POINT('',(1.5,15.304896046822,-22.4));
#6547 = CIRCLE('',#6548,3.15);
#6548 = AXIS2_PLACEMENT_3D('',#6549,#6550,#6551);
#6549 = CARTESIAN_POINT('',(4.396498263205E-15,12.534968249929,-22.4));
#6550 = DIRECTION('',(0.,0.,-1.));
#6551 = DIRECTION('',(1.,0.,0.));
#6552 = ORIENTED_EDGE('',*,*,#6553,.F.);
#6553 = EDGE_CURVE('',#6554,#6545,#6556,.T.);
#6554 = VERTEX_POINT('',#6555);
#6555 = CARTESIAN_POINT('',(1.,15.522023656178,-21.9));
#6556 = B_SPLINE_CURVE_WITH_KNOTS('',3,(#6557,#6558,#6559,#6560,#6561,
    #6562,#6563,#6564,#6565,#6566),.UNSPECIFIED.,.F.,.F.,(4,2,2,2,4),(
    0.162042505928,0.180723860616,0.199405215304,0.220255350732,
    0.241105486159),.UNSPECIFIED.);
#6557 = CARTESIAN_POINT('',(1.,15.522023656178,-21.9));
#6558 = CARTESIAN_POINT('',(1.,15.522023656178,-21.96227118229));
#6559 = CARTESIAN_POINT('',(1.012377425911,15.517966526487,
    -22.02847922771));
#6560 = CARTESIAN_POINT('',(1.061868098892,15.500709798144,
    -22.14964595216));
#6561 = CARTESIAN_POINT('',(1.098958362903,15.487391469514,
    -22.20459707867));
#6562 = CARTESIAN_POINT('',(1.187441074683,15.453013898636,
    -22.29599049084));
#6563 = CARTESIAN_POINT('',(1.246193625921,15.428803249162,
    -22.33613230957));
#6564 = CARTESIAN_POINT('',(1.371956933508,15.371341593171,
    -22.38809223279));
#6565 = CARTESIAN_POINT('',(1.43888532308,15.337991499881,-22.4));
#6566 = CARTESIAN_POINT('',(1.5,15.304896046822,-22.4));
#6567 = ORIENTED_EDGE('',*,*,#6568,.F.);
#6568 = EDGE_CURVE('',#6569,#6554,#6571,.T.);
#6569 = VERTEX_POINT('',#6570);
#6570 = CARTESIAN_POINT('',(0.5,15.645032557946,-21.4));
#6571 = B_SPLINE_CURVE_WITH_KNOTS('',3,(#6572,#6573,#6574,#6575,#6576,
    #6577,#6578,#6579,#6580,#6581),.UNSPECIFIED.,.F.,.F.,(4,2,2,2,4),(
    -7.641010774458E-02,-5.708704367897E-02,-3.776397961336E-02,
    -1.888198980668E-02,0.),.UNSPECIFIED.);
#6572 = CARTESIAN_POINT('',(0.5,15.645032557946,-21.4));
#6573 = CARTESIAN_POINT('',(0.563593621029,15.634808714525,-21.4));
#6574 = CARTESIAN_POINT('',(0.631016499443,15.621768267293,
    -21.41284049675));
#6575 = CARTESIAN_POINT('',(0.754659182752,15.593890558198,
    -21.46452508584));
#6576 = CARTESIAN_POINT('',(0.810907696161,15.579153084134,
    -21.50335427057));
#6577 = CARTESIAN_POINT('',(0.89878302661,15.554359814487,
    -21.59213089089));
#6578 = CARTESIAN_POINT('',(0.936765588082,15.542571399312,
    -21.64776007709));
#6579 = CARTESIAN_POINT('',(0.987384865043,15.526335431673,
    -21.77021120672));
#6580 = CARTESIAN_POINT('',(1.,15.522023656178,-21.83706003397));
#6581 = CARTESIAN_POINT('',(1.,15.522023656178,-21.9));
#6582 = ORIENTED_EDGE('',*,*,#6583,.T.);
#6583 = EDGE_CURVE('',#6569,#6584,#6586,.T.);
#6584 = VERTEX_POINT('',#6585);
#6585 = CARTESIAN_POINT('',(-0.5,15.645032557946,-21.4));
#6586 = CIRCLE('',#6587,3.15);
#6587 = AXIS2_PLACEMENT_3D('',#6588,#6589,#6590);
#6588 = CARTESIAN_POINT('',(4.396498263205E-15,12.534968249929,-21.4));
#6589 = DIRECTION('',(0.,0.,1.));
#6590 = DIRECTION('',(1.,0.,-0.));
#6591 = ORIENTED_EDGE('',*,*,#6592,.F.);
#6592 = EDGE_CURVE('',#6464,#6584,#6593,.T.);
#6593 = B_SPLINE_CURVE_WITH_KNOTS('',3,(#6594,#6595,#6596,#6597,#6598,
    #6599,#6600,#6601,#6602,#6603),.UNSPECIFIED.,.F.,.F.,(4,2,2,2,4),(0.
    ,1.888198980668E-02,3.776397961336E-02,5.708704367897E-02,
    7.641010774458E-02),.UNSPECIFIED.);
#6594 = CARTESIAN_POINT('',(-1.,15.522023656178,-21.9));
#6595 = CARTESIAN_POINT('',(-1.,15.522023656178,-21.83706003397));
#6596 = CARTESIAN_POINT('',(-0.987384865043,15.526335431673,
    -21.77021120672));
#6597 = CARTESIAN_POINT('',(-0.936765588082,15.542571399312,
    -21.64776007709));
#6598 = CARTESIAN_POINT('',(-0.89878302661,15.554359814487,
    -21.59213089089));
#6599 = CARTESIAN_POINT('',(-0.810907696161,15.579153084134,
    -21.50335427057));
#6600 = CARTESIAN_POINT('',(-0.754659182752,15.593890558198,
    -21.46452508584));
#6601 = CARTESIAN_POINT('',(-0.631016499443,15.621768267293,
    -21.41284049675));
#6602 = CARTESIAN_POINT('',(-0.563593621029,15.634808714525,-21.4));
#6603 = CARTESIAN_POINT('',(-0.5,15.645032557946,-21.4));
#6604 = FACE_BOUND('',#6605,.T.);
#6605 = EDGE_LOOP('',(#6606));
#6606 = ORIENTED_EDGE('',*,*,#6607,.T.);
#6607 = EDGE_CURVE('',#6608,#6608,#6610,.T.);
#6608 = VERTEX_POINT('',#6609);
#6609 = CARTESIAN_POINT('',(2.540005100471E-05,15.684968249827,-17.4));
#6610 = B_SPLINE_CURVE_WITH_KNOTS('',3,(#6611,#6612,#6613,#6614,#6615,
    #6616,#6617,#6618,#6619,#6620,#6621,#6622,#6623,#6624,#6625,#6626,
    #6627,#6628,#6629,#6630,#6631,#6632,#6633,#6634,#6635,#6636,#6637,
    #6638,#6639,#6640,#6641,#6642,#6643,#6644,#6645,#6646,#6647,#6648,
    #6649),.UNSPECIFIED.,.T.,.F.,(1,3,2,3,2,2,2,2,2,2,2,2,2,2,2,2,2,2,2,
    3,1),(0.292801196098,0.295764798632,0.304042468515,0.315634524729,
    0.334703942462,0.35461978063,0.373861356224,0.393540302261,
    0.412651982304,0.432579288087,0.45187987567,0.471637564569,
    0.490776554148,0.510877720727,0.530224076039,0.549883901099,
    0.569048474688,0.589045680555,0.608435720827,0.611399323361,
    0.619676993244),.UNSPECIFIED.);
#6611 = CARTESIAN_POINT('',(2.540005096491E-05,15.684968249827,
    -17.39999999935));
#6612 = CARTESIAN_POINT('',(-2.752877799293E-02,15.68496847201,
    -17.39999999935));
#6613 = CARTESIAN_POINT('',(-5.504779102488E-02,15.684604819424,
    -17.40227736288));
#6614 = CARTESIAN_POINT('',(-0.120357845639,15.682898799964,
    -17.41317348865));
#6615 = CARTESIAN_POINT('',(-0.157564365686,15.681227042407,
    -17.42391833494));
#6616 = CARTESIAN_POINT('',(-0.19314723062,15.679041109661,
    -17.43882288128));
#6617 = CARTESIAN_POINT('',(-0.251682532994,15.675445158787,
    -17.46334148394));
#6618 = CARTESIAN_POINT('',(-0.304963881392,15.670501265194,
    -17.49875783874));
#6619 = CARTESIAN_POINT('',(-0.397407077774,15.660160361492,
    -17.58947564496));
#6620 = CARTESIAN_POINT('',(-0.435006286866,15.654895539731,
    -17.64477477257));
#6621 = CARTESIAN_POINT('',(-0.4856047967,15.647414184551,
    -17.76485781708));
#6622 = CARTESIAN_POINT('',(-0.498921695512,15.645205886035,
    -17.82812126337));
#6623 = CARTESIAN_POINT('',(-0.500930239483,15.644883032199,
    -17.95785662775));
#6624 = CARTESIAN_POINT('',(-0.489033795659,15.64687100499,
    -18.02292622305));
#6625 = CARTESIAN_POINT('',(-0.44156594879,15.653955046787,
    -18.14298782468));
#6626 = CARTESIAN_POINT('',(-0.407129086383,15.658855485206,
    -18.19708013444));
#6627 = CARTESIAN_POINT('',(-0.318093112876,15.669200242476,
    -18.29138654672));
#6628 = CARTESIAN_POINT('',(-0.263497183842,15.674515502065,
    -18.33006093351));
#6629 = CARTESIAN_POINT('',(-0.144202182622,15.682215481006,
    -18.38303495189));
#6630 = CARTESIAN_POINT('',(-8.100267408716E-02,15.684583105658,
    -18.39756821098));
#6631 = CARTESIAN_POINT('',(4.912907438604E-02,15.685272948691,
    -18.4019232085));
#6632 = CARTESIAN_POINT('',(0.114662906977,15.68348417582,
    -18.39110437507));
#6633 = CARTESIAN_POINT('',(0.235832687469,15.676695289506,
    -18.34548124958));
#6634 = CARTESIAN_POINT('',(0.290554293379,15.671894325262,
    -18.31186877611));
#6635 = CARTESIAN_POINT('',(0.386752063616,15.661528562124,
    -18.22388599253));
#6636 = CARTESIAN_POINT('',(0.426540723581,15.656083094576,
    -18.16936392482));
#6637 = CARTESIAN_POINT('',(0.481289862535,15.648101134374,
    -18.05009063347));
#6638 = CARTESIAN_POINT('',(0.496617130772,15.645575917745,
    -17.9869239312));
#6639 = CARTESIAN_POINT('',(0.502467843373,15.644636236422,
    -17.85702811643));
#6640 = CARTESIAN_POINT('',(0.492522446766,15.646306732648,
    -17.79169725033));
#6641 = CARTESIAN_POINT('',(0.448619167925,15.652935730308,
    -17.67014482888));
#6642 = CARTESIAN_POINT('',(0.415688821316,15.65771101174,
    -17.61490782915));
#6643 = CARTESIAN_POINT('',(0.329137495195,15.668041757292,
    -17.51777135263));
#6644 = CARTESIAN_POINT('',(0.275465015306,15.673477456349,
    -17.47743823263));
#6645 = CARTESIAN_POINT('',(0.157219869371,15.681583316642,
    -17.4209899021));
#6646 = CARTESIAN_POINT('',(9.414189005587E-02,15.684222219446,
    -17.40470249797));
#6647 = CARTESIAN_POINT('',(1.976000866129E-02,15.684921709581,
    -17.40029195013));
#6648 = CARTESIAN_POINT('',(9.890450606371E-03,15.68496817028,
    -17.39999999935));
#6649 = CARTESIAN_POINT('',(2.540005096491E-05,15.684968249827,
    -17.39999999935));
#6650 = CYLINDRICAL_SURFACE('',#6651,3.15);
#6651 = AXIS2_PLACEMENT_3D('',#6652,#6653,#6654);
#6652 = CARTESIAN_POINT('',(4.396498263205E-15,12.534968249929,-19.4));
#6653 = DIRECTION('',(0.,0.,-1.));
#6654 = DIRECTION('',(1.,0.,0.));
#6655 = ADVANCED_FACE('',(#6656),#6692,.T.);
#6656 = FACE_BOUND('',#6657,.T.);
#6657 = EDGE_LOOP('',(#6658,#6659,#6667,#6686));
#6658 = ORIENTED_EDGE('',*,*,#6553,.T.);
#6659 = ORIENTED_EDGE('',*,*,#6660,.T.);
#6660 = EDGE_CURVE('',#6545,#6661,#6663,.T.);
#6661 = VERTEX_POINT('',#6662);
#6662 = CARTESIAN_POINT('',(1.5,13.222354604172,-22.4));
#6663 = LINE('',#6664,#6665);
#6664 = CARTESIAN_POINT('',(1.5,6.578669437312,-22.4));
#6665 = VECTOR('',#6666,1.);
#6666 = DIRECTION('',(0.,-1.,0.));
#6667 = ORIENTED_EDGE('',*,*,#6668,.T.);
#6668 = EDGE_CURVE('',#6661,#6669,#6671,.T.);
#6669 = VERTEX_POINT('',#6670);
#6670 = CARTESIAN_POINT('',(1.,13.84740872477,-21.9));
#6671 = B_SPLINE_CURVE_WITH_KNOTS('',3,(#6672,#6673,#6674,#6675,#6676,
    #6677,#6678,#6679,#6680,#6681,#6682,#6683,#6684,#6685),
  .UNSPECIFIED.,.F.,.F.,(4,2,2,2,2,2,4),(0.415234797096,0.439194151101,
    0.470242906829,0.483720058988,0.497197211148,0.508134518514,
    0.51907182588),.UNSPECIFIED.);
#6672 = CARTESIAN_POINT('',(1.5,13.222354604172,-22.4));
#6673 = CARTESIAN_POINT('',(1.466123254427,13.296279723642,-22.4));
#6674 = CARTESIAN_POINT('',(1.427147715638,13.366777782662,
    -22.39660633486));
#6675 = CARTESIAN_POINT('',(1.329134452273,13.517944581389,
    -22.37332674773));
#6676 = CARTESIAN_POINT('',(1.26743860152,13.595466782916,-22.3495202616
    ));
#6677 = CARTESIAN_POINT('',(1.176744668672,13.692285995583,
    -22.28296910939));
#6678 = CARTESIAN_POINT('',(1.14712777475,13.721541050547,
    -22.25666869602));
#6679 = CARTESIAN_POINT('',(1.093026353039,13.771556501274,
    -22.19343456537));
#6680 = CARTESIAN_POINT('',(1.068676532359,13.792347780357,
    -22.15641013173));
#6681 = CARTESIAN_POINT('',(1.035236369929,13.819944092651,
    -22.08753958073));
#6682 = CARTESIAN_POINT('',(1.021913743732,13.830467044607,
    -22.05145237762));
#6683 = CARTESIAN_POINT('',(1.00427684871,13.844186653548,
    -21.97591348998));
#6684 = CARTESIAN_POINT('',(1.,13.84740872477,-21.93645769121));
#6685 = CARTESIAN_POINT('',(1.,13.84740872477,-21.9));
#6686 = ORIENTED_EDGE('',*,*,#6687,.F.);
#6687 = EDGE_CURVE('',#6554,#6669,#6688,.T.);
#6688 = LINE('',#6689,#6690);
#6689 = CARTESIAN_POINT('',(1.,14.30679860606,-21.9));
#6690 = VECTOR('',#6691,1.);
#6691 = DIRECTION('',(0.,-1.,0.));
#6692 = CYLINDRICAL_SURFACE('',#6693,0.5);
#6693 = AXIS2_PLACEMENT_3D('',#6694,#6695,#6696);
#6694 = CARTESIAN_POINT('',(1.5,6.578669437312,-21.9));
#6695 = DIRECTION('',(0.,1.,0.));
#6696 = DIRECTION('',(-0.707106781187,0.,-0.707106781187));
#6697 = ADVANCED_FACE('',(#6698),#6750,.T.);
#6698 = FACE_BOUND('',#6699,.T.);
#6699 = EDGE_LOOP('',(#6700,#6717,#6725,#6744));
#6700 = ORIENTED_EDGE('',*,*,#6701,.T.);
#6701 = EDGE_CURVE('',#6702,#6704,#6706,.T.);
#6702 = VERTEX_POINT('',#6703);
#6703 = CARTESIAN_POINT('',(1.5,-16.6850632563,-22.4));
#6704 = VERTEX_POINT('',#6705);
#6705 = CARTESIAN_POINT('',(1.,-16.90218036273,-21.9));
#6706 = B_SPLINE_CURVE_WITH_KNOTS('',3,(#6707,#6708,#6709,#6710,#6711,
    #6712,#6713,#6714,#6715,#6716),.UNSPECIFIED.,.F.,.F.,(4,2,2,2,4),(
    8.297891604864E-02,0.103828870406,0.124678824763,0.143360191935,
    0.162041559107),.UNSPECIFIED.);
#6707 = CARTESIAN_POINT('',(1.5,-16.6850632563,-22.4));
#6708 = CARTESIAN_POINT('',(1.438885246875,-16.71815730112,-22.4));
#6709 = CARTESIAN_POINT('',(1.371956873184,-16.75150587768,
    -22.38809220072));
#6710 = CARTESIAN_POINT('',(1.246193776006,-16.80896474458,
    -22.33613237873));
#6711 = CARTESIAN_POINT('',(1.187441415336,-16.83317412291,
    -22.29599069906));
#6712 = CARTESIAN_POINT('',(1.098958648555,-16.86754997117,
    -22.20459750241));
#6713 = CARTESIAN_POINT('',(1.061868254,-16.8808676304,-22.14964625457)
  );
#6714 = CARTESIAN_POINT('',(1.012377439755,-16.89812346155,
    -22.02847933893));
#6715 = CARTESIAN_POINT('',(1.,-16.90218036273,-21.9622712239));
#6716 = CARTESIAN_POINT('',(1.,-16.90218036273,-21.9));
#6717 = ORIENTED_EDGE('',*,*,#6718,.F.);
#6718 = EDGE_CURVE('',#6719,#6704,#6721,.T.);
#6719 = VERTEX_POINT('',#6720);
#6720 = CARTESIAN_POINT('',(1.,-15.2275871301,-21.9));
#6721 = LINE('',#6722,#6723);
#6722 = CARTESIAN_POINT('',(1.,-16.52424459815,-21.9));
#6723 = VECTOR('',#6724,1.);
#6724 = DIRECTION('',(0.,-1.,0.));
#6725 = ORIENTED_EDGE('',*,*,#6726,.T.);
#6726 = EDGE_CURVE('',#6719,#6727,#6729,.T.);
#6727 = VERTEX_POINT('',#6728);
#6728 = CARTESIAN_POINT('',(1.5,-14.60260514856,-22.4));
#6729 = B_SPLINE_CURVE_WITH_KNOTS('',3,(#6730,#6731,#6732,#6733,#6734,
    #6735,#6736,#6737,#6738,#6739,#6740,#6741,#6742,#6743),
  .UNSPECIFIED.,.F.,.F.,(4,2,2,2,2,2,4),(0.173031010734,0.18396895337,
    0.194906896007,0.208384753731,0.221862611454,0.252912463957,
    0.276862880958),.UNSPECIFIED.);
#6730 = CARTESIAN_POINT('',(1.,-15.2275871301,-21.9));
#6731 = CARTESIAN_POINT('',(1.,-15.2275871301,-21.93645980878));
#6732 = CARTESIAN_POINT('',(1.00427734338,-15.22436494873,
    -21.97591786236));
#6733 = CARTESIAN_POINT('',(1.021916253101,-15.21064484424,
    -22.05146087116));
#6734 = CARTESIAN_POINT('',(1.035240397943,-15.20012149828,-22.08754994)
  );
#6735 = CARTESIAN_POINT('',(1.06868427629,-15.17252410997,
    -22.15642353691));
#6736 = CARTESIAN_POINT('',(1.093036669804,-15.15173206452,
    -22.19344919965));
#6737 = CARTESIAN_POINT('',(1.147143627654,-15.10171461942,
    -22.25668464782));
#6738 = CARTESIAN_POINT('',(1.176763474148,-15.0724583231,
    -22.28298515715));
#6739 = CARTESIAN_POINT('',(1.267465125644,-14.97563591675,
    -22.34953454249));
#6740 = CARTESIAN_POINT('',(1.329165165451,-14.89811182356,
    -22.37333816109));
#6741 = CARTESIAN_POINT('',(1.427167334514,-14.74696822534,
    -22.39660781553));
#6742 = CARTESIAN_POINT('',(1.466130901833,-14.67649916124,-22.4));
#6743 = CARTESIAN_POINT('',(1.5,-14.60260514856,-22.4));
#6744 = ORIENTED_EDGE('',*,*,#6745,.T.);
#6745 = EDGE_CURVE('',#6727,#6702,#6746,.T.);
#6746 = LINE('',#6747,#6748);
#6747 = CARTESIAN_POINT('',(1.5,-8.796125106442,-22.4));
#6748 = VECTOR('',#6749,1.);
#6749 = DIRECTION('',(0.,-1.,0.));
#6750 = CYLINDRICAL_SURFACE('',#6751,0.5);
#6751 = AXIS2_PLACEMENT_3D('',#6752,#6753,#6754);
#6752 = CARTESIAN_POINT('',(1.5,-8.796125106442,-21.9));
#6753 = DIRECTION('',(0.,1.,0.));
#6754 = DIRECTION('',(-0.707106781187,0.,-0.707106781187));
#6755 = ADVANCED_FACE('',(#6756,#6844),#6887,.T.);
#6756 = FACE_BOUND('',#6757,.T.);
#6757 = EDGE_LOOP('',(#6758,#6759,#6768,#6774,#6775,#6783,#6792,#6807,
    #6822,#6831));
#6758 = ORIENTED_EDGE('',*,*,#6701,.F.);
#6759 = ORIENTED_EDGE('',*,*,#6760,.F.);
#6760 = EDGE_CURVE('',#6761,#6702,#6763,.T.);
#6761 = VERTEX_POINT('',#6762);
#6762 = CARTESIAN_POINT('',(3.076560228678,-14.59156174456,-22.4));
#6763 = CIRCLE('',#6764,3.15);
#6764 = AXIS2_PLACEMENT_3D('',#6765,#6766,#6767);
#6765 = CARTESIAN_POINT('',(5.080010200942E-05,-13.91510795022,-22.4));
#6766 = DIRECTION('',(0.,0.,-1.));
#6767 = DIRECTION('',(1.,0.,0.));
#6768 = ORIENTED_EDGE('',*,*,#6769,.F.);
#6769 = EDGE_CURVE('',#6054,#6761,#6770,.T.);
#6770 = LINE('',#6771,#6772);
#6771 = CARTESIAN_POINT('',(3.076560228678,-14.59156174456,-19.4));
#6772 = VECTOR('',#6773,1.);
#6773 = DIRECTION('',(0.,0.,-1.));
#6774 = ORIENTED_EDGE('',*,*,#6074,.F.);
#6775 = ORIENTED_EDGE('',*,*,#6776,.F.);
#6776 = EDGE_CURVE('',#6777,#6075,#6779,.T.);
#6777 = VERTEX_POINT('',#6778);
#6778 = CARTESIAN_POINT('',(-3.075887537695,-14.59415385593,-22.4));
#6779 = LINE('',#6780,#6781);
#6780 = CARTESIAN_POINT('',(-3.075887537695,-14.59415385593,-19.4));
#6781 = VECTOR('',#6782,1.);
#6782 = DIRECTION('',(0.,0.,1.));
#6783 = ORIENTED_EDGE('',*,*,#6784,.F.);
#6784 = EDGE_CURVE('',#6785,#6777,#6787,.T.);
#6785 = VERTEX_POINT('',#6786);
#6786 = CARTESIAN_POINT('',(-1.5,-16.68500823671,-22.4));
#6787 = CIRCLE('',#6788,3.15);
#6788 = AXIS2_PLACEMENT_3D('',#6789,#6790,#6791);
#6789 = CARTESIAN_POINT('',(5.080010200942E-05,-13.91510795022,-22.4));
#6790 = DIRECTION('',(0.,0.,-1.));
#6791 = DIRECTION('',(1.,0.,0.));
#6792 = ORIENTED_EDGE('',*,*,#6793,.F.);
#6793 = EDGE_CURVE('',#6794,#6785,#6796,.T.);
#6794 = VERTEX_POINT('',#6795);
#6795 = CARTESIAN_POINT('',(-1.,-16.90214634923,-21.9));
#6796 = B_SPLINE_CURVE_WITH_KNOTS('',3,(#6797,#6798,#6799,#6800,#6801,
    #6802,#6803,#6804,#6805,#6806),.UNSPECIFIED.,.F.,.F.,(4,2,2,2,4),(
    0.162043452816,0.180724795019,0.199406137222,0.220256453731,
    0.241106770241),.UNSPECIFIED.);
#6797 = CARTESIAN_POINT('',(-1.,-16.90214634923,-21.9));
#6798 = CARTESIAN_POINT('',(-1.,-16.90214634923,-21.96227114067));
#6799 = CARTESIAN_POINT('',(-1.012377412065,-16.89808899104,
    -22.02847911647));
#6800 = CARTESIAN_POINT('',(-1.061867943775,-16.88083136549,
    -22.14964564972));
#6801 = CARTESIAN_POINT('',(-1.098958077235,-16.86751236745,
    -22.20459665489));
#6802 = CARTESIAN_POINT('',(-1.187440734012,-16.83313307392,
    -22.29599028261));
#6803 = CARTESIAN_POINT('',(-1.246193475827,-16.80892115327,
    -22.33613224041));
#6804 = CARTESIAN_POINT('',(-1.371956993834,-16.75145670811,
    -22.38809226487));
#6805 = CARTESIAN_POINT('',(-1.438885399288,-16.71810509804,-22.4));
#6806 = CARTESIAN_POINT('',(-1.5,-16.68500823671,-22.4));
#6807 = ORIENTED_EDGE('',*,*,#6808,.F.);
#6808 = EDGE_CURVE('',#6809,#6794,#6811,.T.);
#6809 = VERTEX_POINT('',#6810);
#6810 = CARTESIAN_POINT('',(-0.5,-17.02516409076,-21.4));
#6811 = B_SPLINE_CURVE_WITH_KNOTS('',3,(#6812,#6813,#6814,#6815,#6816,
    #6817,#6818,#6819,#6820,#6821),.UNSPECIFIED.,.F.,.F.,(4,2,2,2,4),(
    -7.641026019346E-02,-5.708712068388E-02,-3.77639811743E-02,
    -1.888199058715E-02,0.),.UNSPECIFIED.);
#6812 = CARTESIAN_POINT('',(-0.5,-17.02516409076,-21.4));
#6813 = CARTESIAN_POINT('',(-0.563593702314,-17.01493916867,-21.4));
#6814 = CARTESIAN_POINT('',(-0.631016635853,-17.00189756023,
    -21.41284052572));
#6815 = CARTESIAN_POINT('',(-0.754659402719,-16.9740176768,
    -21.46452520584));
#6816 = CARTESIAN_POINT('',(-0.810907946517,-16.95927918899,
    -21.5033544518));
#6817 = CARTESIAN_POINT('',(-0.89878316936,-16.9344843512,
    -21.59213110516));
#6818 = CARTESIAN_POINT('',(-0.936765656434,-16.92269525629,
    -21.64776021228));
#6819 = CARTESIAN_POINT('',(-0.987384863133,-16.90645836507,
    -21.77021123226));
#6820 = CARTESIAN_POINT('',(-1.,-16.90214634923,-21.83706003137));
#6821 = CARTESIAN_POINT('',(-1.,-16.90214634923,-21.9));
#6822 = ORIENTED_EDGE('',*,*,#6823,.T.);
#6823 = EDGE_CURVE('',#6809,#6824,#6826,.T.);
#6824 = VERTEX_POINT('',#6825);
#6825 = CARTESIAN_POINT('',(0.5,-17.02518042486,-21.4));
#6826 = CIRCLE('',#6827,3.15);
#6827 = AXIS2_PLACEMENT_3D('',#6828,#6829,#6830);
#6828 = CARTESIAN_POINT('',(5.080010200942E-05,-13.91510795022,-21.4));
#6829 = DIRECTION('',(0.,0.,1.));
#6830 = DIRECTION('',(1.,0.,-0.));
#6831 = ORIENTED_EDGE('',*,*,#6832,.F.);
#6832 = EDGE_CURVE('',#6704,#6824,#6833,.T.);
#6833 = B_SPLINE_CURVE_WITH_KNOTS('',3,(#6834,#6835,#6836,#6837,#6838,
    #6839,#6840,#6841,#6842,#6843),.UNSPECIFIED.,.F.,.F.,(4,2,2,2,4),(0.
    ,1.888198902615E-02,3.77639780523E-02,5.708696668043E-02,
    7.640995530856E-02),.UNSPECIFIED.);
#6834 = CARTESIAN_POINT('',(1.,-16.90218036273,-21.9));
#6835 = CARTESIAN_POINT('',(1.,-16.90218036273,-21.83706003658));
#6836 = CARTESIAN_POINT('',(0.987384866953,-16.9064918979,
    -21.77021118118));
#6837 = CARTESIAN_POINT('',(0.936765519735,-16.92272694196,
    -21.64775994192));
#6838 = CARTESIAN_POINT('',(0.898782883871,-16.93451467741,
    -21.59213067664));
#6839 = CARTESIAN_POINT('',(0.810907445823,-16.95930637893,
    -21.50335408935));
#6840 = CARTESIAN_POINT('',(0.754658962799,-16.97404283927,
    -21.46452496585));
#6841 = CARTESIAN_POINT('',(0.631016363039,-17.00191837405,
    -21.41284046778));
#6842 = CARTESIAN_POINT('',(0.563593539746,-17.01495766009,-21.4));
#6843 = CARTESIAN_POINT('',(0.5,-17.02518042486,-21.4));
#6844 = FACE_BOUND('',#6845,.T.);
#6845 = EDGE_LOOP('',(#6846));
#6846 = ORIENTED_EDGE('',*,*,#6847,.T.);
#6847 = EDGE_CURVE('',#6848,#6848,#6850,.T.);
#6848 = VERTEX_POINT('',#6849);
#6849 = CARTESIAN_POINT('',(2.540005100471E-05,-17.06510795011,-17.4));
#6850 = B_SPLINE_CURVE_WITH_KNOTS('',3,(#6851,#6852,#6853,#6854,#6855,
    #6856,#6857,#6858,#6859,#6860,#6861,#6862,#6863,#6864,#6865,#6866,
    #6867,#6868,#6869,#6870,#6871,#6872,#6873,#6874,#6875,#6876,#6877,
    #6878,#6879,#6880,#6881,#6882,#6883,#6884,#6885,#6886),
  .UNSPECIFIED.,.T.,.F.,(1,3,2,2,2,2,2,2,2,2,2,2,2,2,2,2,2,2,3,1),(
    -1.102537651504E-02,0.,1.96901368388E-02,3.878541228949E-02,
    5.870677474845E-02,7.794608187232E-02,9.781508959486E-02,
    0.116944026883,0.136873027719,0.156157229373,0.175917979556,
    0.195073847786,0.215171349275,0.234499835918,0.254160614605,
    0.273341744124,0.293333059414,0.304627701753,0.315653078268,
    0.335343215107),.UNSPECIFIED.);
#6851 = CARTESIAN_POINT('',(2.540005100461E-05,-17.06510795011,
    -17.39999999935));
#6852 = CARTESIAN_POINT('',(6.565918951152E-02,-17.06510847935,
    -17.39999999935));
#6853 = CARTESIAN_POINT('',(0.13056605244,-17.0629874621,-17.41291446788
    ));
#6854 = CARTESIAN_POINT('',(0.249833715566,-17.05573992055,
    -17.46224036593));
#6855 = CARTESIAN_POINT('',(0.303333827565,-17.05080740307,
    -17.49747334521));
#6856 = CARTESIAN_POINT('',(0.396207121235,-17.04046180421,
    -17.58787914972));
#6857 = CARTESIAN_POINT('',(0.434033745067,-17.03517983334,
    -17.64303594216));
#6858 = CARTESIAN_POINT('',(0.485107476734,-17.02764121923,
    -17.76291084868));
#6859 = CARTESIAN_POINT('',(0.498676220788,-17.02539319467,
    -17.82610562055));
#6860 = CARTESIAN_POINT('',(0.50122452657,-17.02498360933,
    -17.95644553034));
#6861 = CARTESIAN_POINT('',(0.489357043947,-17.02696954403,
    -18.02217554192));
#6862 = CARTESIAN_POINT('',(0.441680562712,-17.03408570505,
    -18.14288554059));
#6863 = CARTESIAN_POINT('',(0.407224790153,-17.03898982812,
    -18.19702989697));
#6864 = CARTESIAN_POINT('',(0.318154526583,-17.04933885565,
    -18.2913780919));
#6865 = CARTESIAN_POINT('',(0.263558448951,-17.05465434596,
    -18.33005480264));
#6866 = CARTESIAN_POINT('',(0.144316062667,-17.06235128479,
    -18.38300837623));
#6867 = CARTESIAN_POINT('',(8.11772766441E-02,-17.06471842991,
    -18.3975405946));
#6868 = CARTESIAN_POINT('',(-4.890254979639E-02,-17.06541551845,
    -18.40194131369));
#6869 = CARTESIAN_POINT('',(-0.114447873587,-17.0636301444,
    -18.39114377615));
#6870 = CARTESIAN_POINT('',(-0.235690585442,-17.05684294181,
    -18.34553732293));
#6871 = CARTESIAN_POINT('',(-0.290465199022,-17.0520381805,
    -18.31190424048));
#6872 = CARTESIAN_POINT('',(-0.386692903162,-17.04166913329,
    -18.22389317694));
#6873 = CARTESIAN_POINT('',(-0.426475537229,-17.03622475259,
    -18.16938352532));
#6874 = CARTESIAN_POINT('',(-0.481203021911,-17.02824622331,
    -18.05018043426));
#6875 = CARTESIAN_POINT('',(-0.496531777411,-17.02572115827,
    -17.98707715483));
#6876 = CARTESIAN_POINT('',(-0.502435542955,-17.02477297496,
    -17.85723981073));
#6877 = CARTESIAN_POINT('',(-0.49251696261,-17.02643908841,
    -17.79190086986));
#6878 = CARTESIAN_POINT('',(-0.448642330017,-17.03306475141,
    -17.67027359295));
#6879 = CARTESIAN_POINT('',(-0.415695432006,-17.03784354443,
    -17.61497886225));
#6880 = CARTESIAN_POINT('',(-0.329124811193,-17.04817723626,
    -17.5178072541));
#6881 = CARTESIAN_POINT('',(-0.27547156266,-17.05361173508,
    -17.47747829636));
#6882 = CARTESIAN_POINT('',(-0.181551496319,-17.06005240997,
    -17.43262252552));
#6883 = CARTESIAN_POINT('',(-0.145908151007,-17.06193902747,
    -17.42029262145));
#6884 = CARTESIAN_POINT('',(-7.33472652157E-02,-17.0644569265,
    -17.40405088674));
#6885 = CARTESIAN_POINT('',(-3.672585499793E-02,-17.06510765377,
    -17.39999999935));
#6886 = CARTESIAN_POINT('',(2.540005100461E-05,-17.06510795011,
    -17.39999999935));
#6887 = CYLINDRICAL_SURFACE('',#6888,3.15);
#6888 = AXIS2_PLACEMENT_3D('',#6889,#6890,#6891);
#6889 = CARTESIAN_POINT('',(5.080010200942E-05,-13.91510795022,-19.4));
#6890 = DIRECTION('',(0.,0.,-1.));
#6891 = DIRECTION('',(1.,0.,0.));
#6892 = ADVANCED_FACE('',(#6893),#6939,.T.);
#6893 = FACE_BOUND('',#6894,.T.);
#6894 = EDGE_LOOP('',(#6895,#6906,#6914,#6933));
#6895 = ORIENTED_EDGE('',*,*,#6896,.T.);
#6896 = EDGE_CURVE('',#6897,#6899,#6901,.T.);
#6897 = VERTEX_POINT('',#6898);
#6898 = CARTESIAN_POINT('',(1.,-10.52684954172,-21.9));
#6899 = VERTEX_POINT('',#6900);
#6900 = CARTESIAN_POINT('',(1.5,-10.52684954172,-22.4));
#6901 = CIRCLE('',#6902,0.5);
#6902 = AXIS2_PLACEMENT_3D('',#6903,#6904,#6905);
#6903 = CARTESIAN_POINT('',(1.5,-10.52684954172,-21.9));
#6904 = DIRECTION('',(-4.67462326158E-16,-1.,0.));
#6905 = DIRECTION('',(-0.707106781187,3.305457807755E-16,-0.707106781187
    ));
#6906 = ORIENTED_EDGE('',*,*,#6907,.T.);
#6907 = EDGE_CURVE('',#6899,#6908,#6910,.T.);
#6908 = VERTEX_POINT('',#6909);
#6909 = CARTESIAN_POINT('',(1.5,-13.22761075188,-22.4));
#6910 = LINE('',#6911,#6912);
#6911 = CARTESIAN_POINT('',(1.5,-6.646349310242,-22.4));
#6912 = VECTOR('',#6913,1.);
#6913 = DIRECTION('',(0.,-1.,0.));
#6914 = ORIENTED_EDGE('',*,*,#6915,.T.);
#6915 = EDGE_CURVE('',#6908,#6916,#6918,.T.);
#6916 = VERTEX_POINT('',#6917);
#6917 = CARTESIAN_POINT('',(1.,-12.60262877033,-21.9));
#6918 = B_SPLINE_CURVE_WITH_KNOTS('',3,(#6919,#6920,#6921,#6922,#6923,
    #6924,#6925,#6926,#6927,#6928,#6929,#6930,#6931,#6932),
  .UNSPECIFIED.,.F.,.F.,(4,2,2,2,2,2,4),(0.415261161976,0.439211578977,
    0.47026143148,0.483739289204,0.497217146927,0.508155089564,
    0.519093032201),.UNSPECIFIED.);
#6919 = CARTESIAN_POINT('',(1.5,-13.22761075188,-22.4));
#6920 = CARTESIAN_POINT('',(1.466130901833,-13.15371673919,-22.4));
#6921 = CARTESIAN_POINT('',(1.427167334514,-13.08324767509,
    -22.39660781553));
#6922 = CARTESIAN_POINT('',(1.329165165451,-12.93210407687,
    -22.37333816109));
#6923 = CARTESIAN_POINT('',(1.267465125644,-12.85457998368,
    -22.34953454249));
#6924 = CARTESIAN_POINT('',(1.176763474148,-12.75775757733,
    -22.28298515715));
#6925 = CARTESIAN_POINT('',(1.147143627654,-12.72850128102,
    -22.25668464782));
#6926 = CARTESIAN_POINT('',(1.093036669804,-12.67848383591,
    -22.19344919965));
#6927 = CARTESIAN_POINT('',(1.06868427629,-12.65769179046,
    -22.15642353691));
#6928 = CARTESIAN_POINT('',(1.035240397943,-12.63009440215,-22.08754994)
  );
#6929 = CARTESIAN_POINT('',(1.021916253101,-12.61957105619,
    -22.05146087116));
#6930 = CARTESIAN_POINT('',(1.00427734338,-12.6058509517,-21.97591786236
    ));
#6931 = CARTESIAN_POINT('',(1.,-12.60262877033,-21.93645980878));
#6932 = CARTESIAN_POINT('',(1.,-12.60262877033,-21.9));
#6933 = ORIENTED_EDGE('',*,*,#6934,.F.);
#6934 = EDGE_CURVE('',#6897,#6916,#6935,.T.);
#6935 = LINE('',#6936,#6937);
#6936 = CARTESIAN_POINT('',(1.,-12.08370331648,-21.9));
#6937 = VECTOR('',#6938,1.);
#6938 = DIRECTION('',(0.,-1.,0.));
#6939 = CYLINDRICAL_SURFACE('',#6940,0.5);
#6940 = AXIS2_PLACEMENT_3D('',#6941,#6942,#6943);
#6941 = CARTESIAN_POINT('',(1.5,-6.646349310242,-21.9));
#6942 = DIRECTION('',(0.,1.,0.));
#6943 = DIRECTION('',(-0.707106781187,0.,-0.707106781187));
#6944 = ADVANCED_FACE('',(#6945,#7006),#7186,.F.);
#6945 = FACE_BOUND('',#6946,.F.);
#6946 = EDGE_LOOP('',(#6947,#6958,#6999));
#6947 = ORIENTED_EDGE('',*,*,#6948,.F.);
#6948 = EDGE_CURVE('',#6949,#6951,#6953,.T.);
#6949 = VERTEX_POINT('',#6950);
#6950 = CARTESIAN_POINT('',(5.08188303429E-05,-15.56510795021,-17.4));
#6951 = VERTEX_POINT('',#6952);
#6952 = CARTESIAN_POINT('',(2.540005100471E-05,-15.56510795002,-17.4));
#6953 = B_SPLINE_CURVE_WITH_KNOTS('',3,(#6954,#6955,#6956,#6957),
  .UNSPECIFIED.,.F.,.F.,(4,4),(0.31712149161,0.31712403348),
  .PIECEWISE_BEZIER_KNOTS.);
#6954 = CARTESIAN_POINT('',(5.081871319426E-05,-15.56510795021,-17.4));
#6955 = CARTESIAN_POINT('',(4.23458370126E-05,-15.56510795021,
    -17.39999999957));
#6956 = CARTESIAN_POINT('',(3.387294961355E-05,-15.56510795015,
    -17.39999999935));
#6957 = CARTESIAN_POINT('',(2.540005100461E-05,-15.56510795002,
    -17.39999999935));
#6958 = ORIENTED_EDGE('',*,*,#6959,.F.);
#6959 = EDGE_CURVE('',#6960,#6949,#6962,.T.);
#6960 = VERTEX_POINT('',#6961);
#6961 = CARTESIAN_POINT('',(-2.874185917043E-08,-15.56510794943,-17.4));
#6962 = B_SPLINE_CURVE_WITH_KNOTS('',3,(#6963,#6964,#6965,#6966,#6967,
    #6968,#6969,#6970,#6971,#6972,#6973,#6974,#6975,#6976,#6977,#6978,
    #6979,#6980,#6981,#6982,#6983,#6984,#6985,#6986,#6987,#6988,#6989,
    #6990,#6991,#6992,#6993,#6994,#6995,#6996,#6997,#6998),
  .UNSPECIFIED.,.T.,.F.,(1,3,2,2,2,2,2,2,2,2,2,2,2,2,2,2,2,2,3,1),(
    -1.348529127826E-02,0.,1.924911832616E-02,3.823243351025E-02,
    5.837408738467E-02,7.753536047972E-02,9.661849186295E-02,
    0.115608328924,0.135851867077,0.155162873924,0.17409512672,
    0.19308304178,0.213012206829,0.232556942529,0.251224432394,
    0.270194038957,0.289859064846,0.303638742202,0.31712403348,
    0.336373151806),.UNSPECIFIED.);
#6963 = CARTESIAN_POINT('',(2.540005100461E-05,-15.56510795002,
    -17.39999999935));
#6964 = CARTESIAN_POINT('',(-6.413832769525E-02,-15.56510696229,
    -17.39999999935));
#6965 = CARTESIAN_POINT('',(-0.127413457698,-15.56125513966,
    -17.41232335183));
#6966 = CARTESIAN_POINT('',(-0.244956914125,-15.54787297468,
    -17.4596124009));
#6967 = CARTESIAN_POINT('',(-0.298153478185,-15.53860063766,
    -17.49380566115));
#6968 = CARTESIAN_POINT('',(-0.391717289371,-15.51867989689,
    -17.58230017367));
#6969 = CARTESIAN_POINT('',(-0.430476891842,-15.50819637673,
    -17.63711097941));
#6970 = CARTESIAN_POINT('',(-0.483000012119,-15.49304083806,
    -17.75609958514));
#6971 = CARTESIAN_POINT('',(-0.49741811545,-15.48833083239,
    -17.81857528445));
#6972 = CARTESIAN_POINT('',(-0.501902966787,-15.48690562472,
    -17.94598628329));
#6973 = CARTESIAN_POINT('',(-0.492010378911,-15.49018626662,
    -18.00910543899));
#6974 = CARTESIAN_POINT('',(-0.44942765195,-15.50286113975,
    -18.12793883047));
#6975 = CARTESIAN_POINT('',(-0.417271824324,-15.51202105596,
    -18.18243717347));
#6976 = CARTESIAN_POINT('',(-0.332171854082,-15.53194493986,
    -18.27958624904));
#6977 = CARTESIAN_POINT('',(-0.278563107102,-15.54255067697,
    -18.32056469659));
#6978 = CARTESIAN_POINT('',(-0.16082632932,-15.55826997963,
    -18.37771240124));
#6979 = CARTESIAN_POINT('',(-9.838945168246E-02,-15.56342063824,
    -18.39442624516));
#6980 = CARTESIAN_POINT('',(2.87789079084E-02,-15.56605908976,
    -18.4031452229));
#6981 = CARTESIAN_POINT('',(9.175288268963E-02,-15.56365564047,
    -18.39551758494));
#6982 = CARTESIAN_POINT('',(0.211732319779,-15.55258497398,
    -18.35733473415));
#6983 = CARTESIAN_POINT('',(0.267385272069,-15.54405631189,
    -18.32711927649));
#6984 = CARTESIAN_POINT('',(0.36676459916,-15.52467603701,
    -18.24613872126));
#6985 = CARTESIAN_POINT('',(0.409066240723,-15.51393719335,
    -18.1949906968));
#6986 = CARTESIAN_POINT('',(0.470880204204,-15.49682479846,
    -18.08017793165));
#6987 = CARTESIAN_POINT('',(0.490306503223,-15.4906084263,
    -18.01775429924));
#6988 = CARTESIAN_POINT('',(0.503802036012,-15.4863439281,
    -17.89113888651));
#6989 = CARTESIAN_POINT('',(0.498805064535,-15.48801389637,
    -17.82882387138));
#6990 = CARTESIAN_POINT('',(0.466032011696,-15.49803557651,
    -17.70813919263));
#6991 = CARTESIAN_POINT('',(0.438249793619,-15.50632273073,
    -17.65127218665));
#6992 = CARTESIAN_POINT('',(0.362172402473,-15.52537547273,
    -17.54921895709));
#6993 = CARTESIAN_POINT('',(0.313669208073,-15.53600741426,
    -17.50522845064));
#6994 = CARTESIAN_POINT('',(0.219068225984,-15.55098344647,
    -17.44823586801));
#6995 = CARTESIAN_POINT('',(0.176960858663,-15.55619429993,
    -17.43011638769));
#6996 = CARTESIAN_POINT('',(8.961182996024E-02,-15.56324552939,
    -17.40605424907));
#6997 = CARTESIAN_POINT('',(4.497637097321E-02,-15.56510864199,
    -17.39999999935));
#6998 = CARTESIAN_POINT('',(2.540005100461E-05,-15.56510795002,
    -17.39999999935));
#6999 = ORIENTED_EDGE('',*,*,#7000,.F.);
#7000 = EDGE_CURVE('',#6951,#6960,#7001,.T.);
#7001 = B_SPLINE_CURVE_WITH_KNOTS('',3,(#7002,#7003,#7004,#7005),
  .UNSPECIFIED.,.F.,.F.,(4,4),(0.,2.542883939575E-06),
  .PIECEWISE_BEZIER_KNOTS.);
#7002 = CARTESIAN_POINT('',(2.540005100461E-05,-15.56510795002,
    -17.39999999935));
#7003 = CARTESIAN_POINT('',(1.692377120703E-05,-15.56510794989,
    -17.39999999935));
#7004 = CARTESIAN_POINT('',(8.447506916769E-06,-15.56510794969,
    -17.39999999957));
#7005 = CARTESIAN_POINT('',(-2.87418587885E-08,-15.56510794943,-17.4));
#7006 = FACE_BOUND('',#7007,.F.);
#7007 = EDGE_LOOP('',(#7008,#7017,#7024,#7031,#7038,#7046,#7055,#7074,
    #7089,#7098,#7111,#7112,#7119,#7120,#7135,#7144,#7159,#7178,#7185));
#7008 = ORIENTED_EDGE('',*,*,#7009,.F.);
#7009 = EDGE_CURVE('',#6949,#7010,#7012,.T.);
#7010 = VERTEX_POINT('',#7011);
#7011 = CARTESIAN_POINT('',(-1.649949199898,-13.91510795022,
    -17.39999999935));
#7012 = CIRCLE('',#7013,1.65);
#7013 = AXIS2_PLACEMENT_3D('',#7014,#7015,#7016);
#7014 = CARTESIAN_POINT('',(5.080010200942E-05,-13.91510795022,-17.4));
#7015 = DIRECTION('',(0.,0.,1.));
#7016 = DIRECTION('',(1.,0.,-0.));
#7017 = ORIENTED_EDGE('',*,*,#7018,.F.);
#7018 = EDGE_CURVE('',#6951,#6949,#7019,.T.);
#7019 = CIRCLE('',#7020,1.65);
#7020 = AXIS2_PLACEMENT_3D('',#7021,#7022,#7023);
#7021 = CARTESIAN_POINT('',(5.080010200942E-05,-13.91510795022,-17.4));
#7022 = DIRECTION('',(0.,0.,1.));
#7023 = DIRECTION('',(1.,0.,-0.));
#7024 = ORIENTED_EDGE('',*,*,#7025,.F.);
#7025 = EDGE_CURVE('',#6960,#6951,#7026,.T.);
#7026 = CIRCLE('',#7027,1.65);
#7027 = AXIS2_PLACEMENT_3D('',#7028,#7029,#7030);
#7028 = CARTESIAN_POINT('',(5.080010200942E-05,-13.91510795022,-17.4));
#7029 = DIRECTION('',(0.,0.,1.));
#7030 = DIRECTION('',(1.,0.,-0.));
#7031 = ORIENTED_EDGE('',*,*,#7032,.F.);
#7032 = EDGE_CURVE('',#7010,#6960,#7033,.T.);
#7033 = CIRCLE('',#7034,1.65);
#7034 = AXIS2_PLACEMENT_3D('',#7035,#7036,#7037);
#7035 = CARTESIAN_POINT('',(5.080010200942E-05,-13.91510795022,-17.4));
#7036 = DIRECTION('',(0.,0.,1.));
#7037 = DIRECTION('',(1.,0.,-0.));
#7038 = ORIENTED_EDGE('',*,*,#7039,.F.);
#7039 = EDGE_CURVE('',#7040,#7010,#7042,.T.);
#7040 = VERTEX_POINT('',#7041);
#7041 = CARTESIAN_POINT('',(-1.649949199898,-13.91510795022,-22.4));
#7042 = LINE('',#7043,#7044);
#7043 = CARTESIAN_POINT('',(-1.649949199898,-13.91510795022,-19.4));
#7044 = VECTOR('',#7045,1.);
#7045 = DIRECTION('',(0.,0.,1.));
#7046 = ORIENTED_EDGE('',*,*,#7047,.T.);
#7047 = EDGE_CURVE('',#7040,#7048,#7050,.T.);
#7048 = VERTEX_POINT('',#7049);
#7049 = CARTESIAN_POINT('',(-1.5,-14.60238343873,-22.4));
#7050 = CIRCLE('',#7051,1.65);
#7051 = AXIS2_PLACEMENT_3D('',#7052,#7053,#7054);
#7052 = CARTESIAN_POINT('',(5.080010200942E-05,-13.91510795022,-22.4));
#7053 = DIRECTION('',(0.,0.,1.));
#7054 = DIRECTION('',(1.,0.,-0.));
#7055 = ORIENTED_EDGE('',*,*,#7056,.T.);
#7056 = EDGE_CURVE('',#7048,#7057,#7059,.T.);
#7057 = VERTEX_POINT('',#7058);
#7058 = CARTESIAN_POINT('',(-1.,-15.22750971691,-21.9));
#7059 = B_SPLINE_CURVE_WITH_KNOTS('',3,(#7060,#7061,#7062,#7063,#7064,
    #7065,#7066,#7067,#7068,#7069,#7070,#7071,#7072,#7073),
  .UNSPECIFIED.,.F.,.F.,(4,2,2,2,2,2,4),(0.415208430332,0.439176722846,
    0.470224381745,0.483700828368,0.49717727499,0.508113947107,
    0.519050619224),.UNSPECIFIED.);
#7060 = CARTESIAN_POINT('',(-1.5,-14.60238343873,-22.4));
#7061 = CARTESIAN_POINT('',(-1.466115609842,-14.67633967232,-22.4));
#7062 = CARTESIAN_POINT('',(-1.427128099453,-14.74686673314,
    -22.39660485452));
#7063 = CARTESIAN_POINT('',(-1.329103740437,-14.89805673678,
    -22.3733153326));
#7064 = CARTESIAN_POINT('',(-1.267412078938,-14.97557704646,
    -22.34950597948));
#7065 = CARTESIAN_POINT('',(-1.17672586462,-15.0723930654,
    -22.28295306125));
#7066 = CARTESIAN_POINT('',(-1.147111923094,-15.10164687906,
    -22.25665274406));
#7067 = CARTESIAN_POINT('',(-1.093016037145,-15.15166033548,
    -22.19341993124));
#7068 = CARTESIAN_POINT('',(-1.068668789098,-15.17245084821,
    -22.15639672677));
#7069 = CARTESIAN_POINT('',(-1.035232342271,-15.2000460845,
    -22.08752922171));
#7070 = CARTESIAN_POINT('',(-1.021911234586,-15.21056864245,
    -22.0514438843));
#7071 = CARTESIAN_POINT('',(-1.004276354086,-15.22428775583,
    -21.97590911774));
#7072 = CARTESIAN_POINT('',(-1.,-15.22750971691,-21.93645557372));
#7073 = CARTESIAN_POINT('',(-1.,-15.22750971691,-21.9));
#7074 = ORIENTED_EDGE('',*,*,#7075,.T.);
#7075 = EDGE_CURVE('',#7057,#7076,#7078,.T.);
#7076 = VERTEX_POINT('',#7077);
#7077 = CARTESIAN_POINT('',(-0.5,-15.48751031517,-21.4));
#7078 = B_SPLINE_CURVE_WITH_KNOTS('',3,(#7079,#7080,#7081,#7082,#7083,
    #7084,#7085,#7086,#7087,#7088),.UNSPECIFIED.,.F.,.F.,(4,2,2,2,4),(0.
    ,1.912625608496E-02,3.825251216992E-02,5.911825900364E-02,
    7.998400583736E-02),.UNSPECIFIED.);
#7079 = CARTESIAN_POINT('',(-1.,-15.22750971691,-21.9));
#7080 = CARTESIAN_POINT('',(-1.,-15.22750971691,-21.83624581305));
#7081 = CARTESIAN_POINT('',(-0.987094378112,-15.23759330014,
    -21.76981489266));
#7082 = CARTESIAN_POINT('',(-0.937738899821,-15.27303781345,
    -21.64981238483));
#7083 = CARTESIAN_POINT('',(-0.901349424975,-15.29794873743,
    -21.59608352828));
#7084 = CARTESIAN_POINT('',(-0.816337677053,-15.34992944921,
    -21.50753027713));
#7085 = CARTESIAN_POINT('',(-0.760198711161,-15.38114885829,
    -21.46765151965));
#7086 = CARTESIAN_POINT('',(-0.635220743883,-15.43947186162,
    -21.41384782462));
#7087 = CARTESIAN_POINT('',(-0.566281514481,-15.46643166184,-21.4));
#7088 = CARTESIAN_POINT('',(-0.5,-15.48751031517,-21.4));
#7089 = ORIENTED_EDGE('',*,*,#7090,.F.);
#7090 = EDGE_CURVE('',#7091,#7076,#7093,.T.);
#7091 = VERTEX_POINT('',#7092);
#7092 = CARTESIAN_POINT('',(0.5,-15.48754262216,-21.4));
#7093 = CIRCLE('',#7094,1.65);
#7094 = AXIS2_PLACEMENT_3D('',#7095,#7096,#7097);
#7095 = CARTESIAN_POINT('',(5.080010200942E-05,-13.91510795022,-21.4));
#7096 = DIRECTION('',(0.,0.,-1.));
#7097 = DIRECTION('',(1.,0.,0.));
#7098 = ORIENTED_EDGE('',*,*,#7099,.T.);
#7099 = EDGE_CURVE('',#7091,#6719,#7100,.T.);
#7100 = B_SPLINE_CURVE_WITH_KNOTS('',3,(#7101,#7102,#7103,#7104,#7105,
    #7106,#7107,#7108,#7109,#7110),.UNSPECIFIED.,.F.,.F.,(4,2,2,2,4),(
    -7.9982462108E-02,-5.911742317594E-02,-3.825238424389E-02,
    -1.912619212195E-02,0.),.UNSPECIFIED.);
#7101 = CARTESIAN_POINT('',(0.5,-15.48754262216,-21.4));
#7102 = CARTESIAN_POINT('',(0.566280627572,-15.46646896656,-21.4));
#7103 = CARTESIAN_POINT('',(0.635219285206,-15.43951468887,
    -21.41384748782));
#7104 = CARTESIAN_POINT('',(0.760196559157,-15.38120253409,
    -21.46765030203));
#7105 = CARTESIAN_POINT('',(0.816335389007,-15.34998846493,
    -21.50752853524));
#7106 = CARTESIAN_POINT('',(0.901348162452,-15.29801575454,
    -21.59608162519));
#7107 = CARTESIAN_POINT('',(0.937738334594,-15.27310833505,
    -21.6498112354));
#7108 = CARTESIAN_POINT('',(0.987094441922,-15.23766905487,
    -21.76981482294));
#7109 = CARTESIAN_POINT('',(1.,-15.2275871301,-21.83624602626));
#7110 = CARTESIAN_POINT('',(1.,-15.2275871301,-21.9));
#7111 = ORIENTED_EDGE('',*,*,#6726,.T.);
#7112 = ORIENTED_EDGE('',*,*,#7113,.T.);
#7113 = EDGE_CURVE('',#6727,#6908,#7114,.T.);
#7114 = CIRCLE('',#7115,1.65);
#7115 = AXIS2_PLACEMENT_3D('',#7116,#7117,#7118);
#7116 = CARTESIAN_POINT('',(5.080010200942E-05,-13.91510795022,-22.4));
#7117 = DIRECTION('',(0.,0.,1.));
#7118 = DIRECTION('',(1.,0.,-0.));
#7119 = ORIENTED_EDGE('',*,*,#6915,.T.);
#7120 = ORIENTED_EDGE('',*,*,#7121,.T.);
#7121 = EDGE_CURVE('',#6916,#7122,#7124,.T.);
#7122 = VERTEX_POINT('',#7123);
#7123 = CARTESIAN_POINT('',(0.5,-12.34267327827,-21.4));
#7124 = B_SPLINE_CURVE_WITH_KNOTS('',3,(#7125,#7126,#7127,#7128,#7129,
    #7130,#7131,#7132,#7133,#7134),.UNSPECIFIED.,.F.,.F.,(4,2,2,2,4),(0.
    ,1.912619212195E-02,3.825238424389E-02,5.911742317594E-02,
    7.9982462108E-02),.UNSPECIFIED.);
#7125 = CARTESIAN_POINT('',(1.,-12.60262877033,-21.9));
#7126 = CARTESIAN_POINT('',(1.,-12.60262877033,-21.83624602626));
#7127 = CARTESIAN_POINT('',(0.987094441922,-12.59254684556,
    -21.76981482294));
#7128 = CARTESIAN_POINT('',(0.937738334594,-12.55710756538,
    -21.6498112354));
#7129 = CARTESIAN_POINT('',(0.901348162452,-12.53220014589,
    -21.59608162519));
#7130 = CARTESIAN_POINT('',(0.816335389007,-12.4802274355,
    -21.50752853524));
#7131 = CARTESIAN_POINT('',(0.760196559157,-12.44901336635,
    -21.46765030203));
#7132 = CARTESIAN_POINT('',(0.635219285206,-12.39070121156,
    -21.41384748782));
#7133 = CARTESIAN_POINT('',(0.566280627572,-12.36374693387,-21.4));
#7134 = CARTESIAN_POINT('',(0.5,-12.34267327827,-21.4));
#7135 = ORIENTED_EDGE('',*,*,#7136,.F.);
#7136 = EDGE_CURVE('',#7137,#7122,#7139,.T.);
#7137 = VERTEX_POINT('',#7138);
#7138 = CARTESIAN_POINT('',(-0.5,-12.34270558526,-21.4));
#7139 = CIRCLE('',#7140,1.65);
#7140 = AXIS2_PLACEMENT_3D('',#7141,#7142,#7143);
#7141 = CARTESIAN_POINT('',(5.080010200942E-05,-13.91510795022,-21.4));
#7142 = DIRECTION('',(0.,0.,-1.));
#7143 = DIRECTION('',(1.,0.,0.));
#7144 = ORIENTED_EDGE('',*,*,#7145,.T.);
#7145 = EDGE_CURVE('',#7137,#7146,#7148,.T.);
#7146 = VERTEX_POINT('',#7147);
#7147 = CARTESIAN_POINT('',(-1.,-12.60270618352,-21.9));
#7148 = B_SPLINE_CURVE_WITH_KNOTS('',3,(#7149,#7150,#7151,#7152,#7153,
    #7154,#7155,#7156,#7157,#7158),.UNSPECIFIED.,.F.,.F.,(4,2,2,2,4),(
    -7.998400583736E-02,-5.911825900364E-02,-3.825251216992E-02,
    -1.912625608496E-02,0.),.UNSPECIFIED.);
#7149 = CARTESIAN_POINT('',(-0.5,-12.34270558526,-21.4));
#7150 = CARTESIAN_POINT('',(-0.566281514481,-12.36378423859,-21.4));
#7151 = CARTESIAN_POINT('',(-0.635220743883,-12.39074403881,
    -21.41384782462));
#7152 = CARTESIAN_POINT('',(-0.760198711161,-12.44906704214,
    -21.46765151965));
#7153 = CARTESIAN_POINT('',(-0.816337677053,-12.48028645122,
    -21.50753027713));
#7154 = CARTESIAN_POINT('',(-0.901349424975,-12.532267163,
    -21.59608352828));
#7155 = CARTESIAN_POINT('',(-0.937738899821,-12.55717808698,
    -21.64981238483));
#7156 = CARTESIAN_POINT('',(-0.987094378112,-12.5926226003,
    -21.76981489266));
#7157 = CARTESIAN_POINT('',(-1.,-12.60270618352,-21.83624581305));
#7158 = CARTESIAN_POINT('',(-1.,-12.60270618352,-21.9));
#7159 = ORIENTED_EDGE('',*,*,#7160,.T.);
#7160 = EDGE_CURVE('',#7146,#7161,#7163,.T.);
#7161 = VERTEX_POINT('',#7162);
#7162 = CARTESIAN_POINT('',(-1.5,-13.2278324617,-22.4));
#7163 = B_SPLINE_CURVE_WITH_KNOTS('',3,(#7164,#7165,#7166,#7167,#7168,
    #7169,#7170,#7171,#7172,#7173,#7174,#7175,#7176,#7177),
  .UNSPECIFIED.,.F.,.F.,(4,2,2,2,2,2,4),(0.173016873075,0.183953545192,
    0.194890217309,0.208366663931,0.221843110554,0.252890769453,
    0.276859061967),.UNSPECIFIED.);
#7164 = CARTESIAN_POINT('',(-1.,-12.60270618352,-21.9));
#7165 = CARTESIAN_POINT('',(-1.,-12.60270618352,-21.93645557372));
#7166 = CARTESIAN_POINT('',(-1.004276354086,-12.6059281446,
    -21.97590911774));
#7167 = CARTESIAN_POINT('',(-1.021911234586,-12.61964725798,
    -22.0514438843));
#7168 = CARTESIAN_POINT('',(-1.035232342271,-12.63016981593,
    -22.08752922171));
#7169 = CARTESIAN_POINT('',(-1.068668789098,-12.65776505222,
    -22.15639672677));
#7170 = CARTESIAN_POINT('',(-1.093016037145,-12.67855556495,
    -22.19341993124));
#7171 = CARTESIAN_POINT('',(-1.147111923094,-12.72856902137,
    -22.25665274406));
#7172 = CARTESIAN_POINT('',(-1.17672586462,-12.75782283503,
    -22.28295306125));
#7173 = CARTESIAN_POINT('',(-1.267412078938,-12.85463885398,
    -22.34950597948));
#7174 = CARTESIAN_POINT('',(-1.329103740437,-12.93215916366,
    -22.3733153326));
#7175 = CARTESIAN_POINT('',(-1.427128099453,-13.08334916729,
    -22.39660485452));
#7176 = CARTESIAN_POINT('',(-1.466115609842,-13.15387622811,-22.4));
#7177 = CARTESIAN_POINT('',(-1.5,-13.2278324617,-22.4));
#7178 = ORIENTED_EDGE('',*,*,#7179,.T.);
#7179 = EDGE_CURVE('',#7161,#7040,#7180,.T.);
#7180 = CIRCLE('',#7181,1.65);
#7181 = AXIS2_PLACEMENT_3D('',#7182,#7183,#7184);
#7182 = CARTESIAN_POINT('',(5.080010200942E-05,-13.91510795022,-22.4));
#7183 = DIRECTION('',(0.,0.,1.));
#7184 = DIRECTION('',(1.,0.,-0.));
#7185 = ORIENTED_EDGE('',*,*,#7039,.T.);
#7186 = CYLINDRICAL_SURFACE('',#7187,1.65);
#7187 = AXIS2_PLACEMENT_3D('',#7188,#7189,#7190);
#7188 = CARTESIAN_POINT('',(5.080010200942E-05,-13.91510795022,-19.4));
#7189 = DIRECTION('',(0.,0.,-1.));
#7190 = DIRECTION('',(1.,0.,0.));
#7191 = ADVANCED_FACE('',(#7192),#7218,.T.);
#7192 = FACE_BOUND('',#7193,.T.);
#7193 = EDGE_LOOP('',(#7194,#7205,#7211,#7212));
#7194 = ORIENTED_EDGE('',*,*,#7195,.T.);
#7195 = EDGE_CURVE('',#7196,#7198,#7200,.T.);
#7196 = VERTEX_POINT('',#7197);
#7197 = CARTESIAN_POINT('',(-1.5,-10.52684954172,-22.4));
#7198 = VERTEX_POINT('',#7199);
#7199 = CARTESIAN_POINT('',(-1.,-10.52684954172,-21.9));
#7200 = CIRCLE('',#7201,0.5);
#7201 = AXIS2_PLACEMENT_3D('',#7202,#7203,#7204);
#7202 = CARTESIAN_POINT('',(-1.5,-10.52684954172,-21.9));
#7203 = DIRECTION('',(-4.67462326158E-16,-1.,0.));
#7204 = DIRECTION('',(0.707106781187,-3.305457807755E-16,-0.707106781187
    ));
#7205 = ORIENTED_EDGE('',*,*,#7206,.F.);
#7206 = EDGE_CURVE('',#7146,#7198,#7207,.T.);
#7207 = LINE('',#7208,#7209);
#7208 = CARTESIAN_POINT('',(-1.,-11.04581370217,-21.9));
#7209 = VECTOR('',#7210,1.);
#7210 = DIRECTION('',(0.,1.,0.));
#7211 = ORIENTED_EDGE('',*,*,#7160,.T.);
#7212 = ORIENTED_EDGE('',*,*,#7213,.T.);
#7213 = EDGE_CURVE('',#7161,#7196,#7214,.T.);
#7214 = LINE('',#7215,#7216);
#7215 = CARTESIAN_POINT('',(-1.5,-5.608459695934,-22.4));
#7216 = VECTOR('',#7217,1.);
#7217 = DIRECTION('',(0.,1.,0.));
#7218 = CYLINDRICAL_SURFACE('',#7219,0.5);
#7219 = AXIS2_PLACEMENT_3D('',#7220,#7221,#7222);
#7220 = CARTESIAN_POINT('',(-1.5,-5.608459695934,-21.9));
#7221 = DIRECTION('',(0.,-1.,0.));
#7222 = DIRECTION('',(0.707106781187,0.,-0.707106781187));
#7223 = ADVANCED_FACE('',(#7224),#7240,.T.);
#7224 = FACE_BOUND('',#7225,.T.);
#7225 = EDGE_LOOP('',(#7226,#7227,#7233,#7234));
#7226 = ORIENTED_EDGE('',*,*,#6793,.T.);
#7227 = ORIENTED_EDGE('',*,*,#7228,.T.);
#7228 = EDGE_CURVE('',#6785,#7048,#7229,.T.);
#7229 = LINE('',#7230,#7231);
#7230 = CARTESIAN_POINT('',(-1.5,-7.958789783529,-22.4));
#7231 = VECTOR('',#7232,1.);
#7232 = DIRECTION('',(0.,1.,0.));
#7233 = ORIENTED_EDGE('',*,*,#7056,.T.);
#7234 = ORIENTED_EDGE('',*,*,#7235,.F.);
#7235 = EDGE_CURVE('',#6794,#7057,#7236,.T.);
#7236 = LINE('',#7237,#7238);
#7237 = CARTESIAN_POINT('',(-1.,-15.68690927523,-21.9));
#7238 = VECTOR('',#7239,1.);
#7239 = DIRECTION('',(0.,1.,0.));
#7240 = CYLINDRICAL_SURFACE('',#7241,0.5);
#7241 = AXIS2_PLACEMENT_3D('',#7242,#7243,#7244);
#7242 = CARTESIAN_POINT('',(-1.5,-7.958789783529,-21.9));
#7243 = DIRECTION('',(0.,-1.,0.));
#7244 = DIRECTION('',(0.707106781187,0.,-0.707106781187));
#7245 = ADVANCED_FACE('',(#7246),#7282,.F.);
#7246 = FACE_BOUND('',#7247,.F.);
#7247 = EDGE_LOOP('',(#7248,#7258,#7267,#7275));
#7248 = ORIENTED_EDGE('',*,*,#7249,.T.);
#7249 = EDGE_CURVE('',#7250,#7252,#7254,.T.);
#7250 = VERTEX_POINT('',#7251);
#7251 = CARTESIAN_POINT('',(11.667603808238,1.798150458278,-21.9));
#7252 = VERTEX_POINT('',#7253);
#7253 = CARTESIAN_POINT('',(9.667603808238,1.798150458278,-21.9));
#7254 = LINE('',#7255,#7256);
#7255 = CARTESIAN_POINT('',(5.830103808238,1.798150458278,-21.9));
#7256 = VECTOR('',#7257,1.);
#7257 = DIRECTION('',(-1.,0.,0.));
#7258 = ORIENTED_EDGE('',*,*,#7259,.F.);
#7259 = EDGE_CURVE('',#7260,#7252,#7262,.T.);
#7260 = VERTEX_POINT('',#7261);
#7261 = CARTESIAN_POINT('',(9.667603808238,1.298150458278,-21.4));
#7262 = CIRCLE('',#7263,0.5);
#7263 = AXIS2_PLACEMENT_3D('',#7264,#7265,#7266);
#7264 = CARTESIAN_POINT('',(9.667603808238,1.298150458278,-21.9));
#7265 = DIRECTION('',(-1.,6.29913772837E-16,0.));
#7266 = DIRECTION('',(4.454163003358E-16,0.707106781187,0.707106781187)
  );
#7267 = ORIENTED_EDGE('',*,*,#7268,.F.);
#7268 = EDGE_CURVE('',#7269,#7260,#7271,.T.);
#7269 = VERTEX_POINT('',#7270);
#7270 = CARTESIAN_POINT('',(11.667603808238,1.298150458278,-21.4));
#7271 = LINE('',#7272,#7273);
#7272 = CARTESIAN_POINT('',(11.167603808238,1.298150458278,-21.4));
#7273 = VECTOR('',#7274,1.);
#7274 = DIRECTION('',(-1.,0.,0.));
#7275 = ORIENTED_EDGE('',*,*,#7276,.F.);
#7276 = EDGE_CURVE('',#7250,#7269,#7277,.T.);
#7277 = CIRCLE('',#7278,0.5);
#7278 = AXIS2_PLACEMENT_3D('',#7279,#7280,#7281);
#7279 = CARTESIAN_POINT('',(11.667603808238,1.298150458278,-21.9));
#7280 = DIRECTION('',(1.,-9.448706592555E-16,0.));
#7281 = DIRECTION('',(6.681244505037E-16,0.707106781187,0.707106781187)
  );
#7282 = CYLINDRICAL_SURFACE('',#7283,0.5);
#7283 = AXIS2_PLACEMENT_3D('',#7284,#7285,#7286);
#7284 = CARTESIAN_POINT('',(11.167603808238,1.298150458278,-21.9));
#7285 = DIRECTION('',(-1.,0.,0.));
#7286 = DIRECTION('',(0.,0.707106781187,0.707106781187));
#7287 = ADVANCED_FACE('',(#7288),#7313,.F.);
#7288 = FACE_BOUND('',#7289,.T.);
#7289 = EDGE_LOOP('',(#7290,#7291,#7299,#7307));
#7290 = ORIENTED_EDGE('',*,*,#7268,.F.);
#7291 = ORIENTED_EDGE('',*,*,#7292,.F.);
#7292 = EDGE_CURVE('',#7293,#7269,#7295,.T.);
#7293 = VERTEX_POINT('',#7294);
#7294 = CARTESIAN_POINT('',(11.667603808238,-0.701849541722,-21.4));
#7295 = LINE('',#7296,#7297);
#7296 = CARTESIAN_POINT('',(11.667603808238,-1.464349541722,-21.4));
#7297 = VECTOR('',#7298,1.);
#7298 = DIRECTION('',(9.448706592555E-16,1.,0.));
#7299 = ORIENTED_EDGE('',*,*,#7300,.F.);
#7300 = EDGE_CURVE('',#7301,#7293,#7303,.T.);
#7301 = VERTEX_POINT('',#7302);
#7302 = CARTESIAN_POINT('',(9.667603808238,-0.701849541722,-21.4));
#7303 = LINE('',#7304,#7305);
#7304 = CARTESIAN_POINT('',(10.167603808238,-0.701849541722,-21.4));
#7305 = VECTOR('',#7306,1.);
#7306 = DIRECTION('',(1.,0.,0.));
#7307 = ORIENTED_EDGE('',*,*,#7308,.F.);
#7308 = EDGE_CURVE('',#7260,#7301,#7309,.T.);
#7309 = LINE('',#7310,#7311);
#7310 = CARTESIAN_POINT('',(9.667603808238,-1.464349541722,-21.4));
#7311 = VECTOR('',#7312,1.);
#7312 = DIRECTION('',(-6.29913772837E-16,-1.,0.));
#7313 = PLANE('',#7314);
#7314 = AXIS2_PLACEMENT_3D('',#7315,#7316,#7317);
#7315 = CARTESIAN_POINT('',(10.667603808238,0.298150458278,-21.4));
#7316 = DIRECTION('',(0.,0.,1.));
#7317 = DIRECTION('',(1.,0.,-0.));
#7318 = ADVANCED_FACE('',(#7319),#7346,.T.);
#7319 = FACE_BOUND('',#7320,.T.);
#7320 = EDGE_LOOP('',(#7321,#7330,#7338,#7345));
#7321 = ORIENTED_EDGE('',*,*,#7322,.T.);
#7322 = EDGE_CURVE('',#7252,#7323,#7325,.T.);
#7323 = VERTEX_POINT('',#7324);
#7324 = CARTESIAN_POINT('',(9.667603808238,2.298150458278,-22.4));
#7325 = CIRCLE('',#7326,0.5);
#7326 = AXIS2_PLACEMENT_3D('',#7327,#7328,#7329);
#7327 = CARTESIAN_POINT('',(9.667603808238,2.298150458278,-21.9));
#7328 = DIRECTION('',(1.,-6.29913772837E-16,0.));
#7329 = DIRECTION('',(-4.454163003358E-16,-0.707106781187,
    -0.707106781187));
#7330 = ORIENTED_EDGE('',*,*,#7331,.T.);
#7331 = EDGE_CURVE('',#7323,#7332,#7334,.T.);
#7332 = VERTEX_POINT('',#7333);
#7333 = CARTESIAN_POINT('',(11.667603808238,2.298150458278,-22.4));
#7334 = LINE('',#7335,#7336);
#7335 = CARTESIAN_POINT('',(5.830103808238,2.298150458278,-22.4));
#7336 = VECTOR('',#7337,1.);
#7337 = DIRECTION('',(1.,0.,0.));
#7338 = ORIENTED_EDGE('',*,*,#7339,.T.);
#7339 = EDGE_CURVE('',#7332,#7250,#7340,.T.);
#7340 = CIRCLE('',#7341,0.5);
#7341 = AXIS2_PLACEMENT_3D('',#7342,#7343,#7344);
#7342 = CARTESIAN_POINT('',(11.667603808238,2.298150458278,-21.9));
#7343 = DIRECTION('',(-1.,9.448706592555E-16,0.));
#7344 = DIRECTION('',(-6.681244505037E-16,-0.707106781187,
    -0.707106781187));
#7345 = ORIENTED_EDGE('',*,*,#7249,.T.);
#7346 = CYLINDRICAL_SURFACE('',#7347,0.5);
#7347 = AXIS2_PLACEMENT_3D('',#7348,#7349,#7350);
#7348 = CARTESIAN_POINT('',(5.830103808238,2.298150458278,-21.9));
#7349 = DIRECTION('',(-1.,0.,0.));
#7350 = DIRECTION('',(-0.,-0.707106781187,-0.707106781187));
#7351 = ADVANCED_FACE('',(#7352),#7404,.T.);
#7352 = FACE_BOUND('',#7353,.T.);
#7353 = EDGE_LOOP('',(#7354,#7355,#7363,#7369,#7370,#7378,#7386,#7395,
    #7402,#7403));
#7354 = ORIENTED_EDGE('',*,*,#7339,.F.);
#7355 = ORIENTED_EDGE('',*,*,#7356,.F.);
#7356 = EDGE_CURVE('',#7357,#7332,#7359,.T.);
#7357 = VERTEX_POINT('',#7358);
#7358 = CARTESIAN_POINT('',(11.667603808238,3.823150458278,-22.4));
#7359 = LINE('',#7360,#7361);
#7360 = CARTESIAN_POINT('',(11.667603808238,3.823150458278,-22.4));
#7361 = VECTOR('',#7362,1.);
#7362 = DIRECTION('',(-9.448706592555E-16,-1.,0.));
#7363 = ORIENTED_EDGE('',*,*,#7364,.F.);
#7364 = EDGE_CURVE('',#6010,#7357,#7365,.T.);
#7365 = LINE('',#7366,#7367);
#7366 = CARTESIAN_POINT('',(11.667603808238,3.823150458278,-19.4));
#7367 = VECTOR('',#7368,1.);
#7368 = DIRECTION('',(0.,0.,-1.));
#7369 = ORIENTED_EDGE('',*,*,#6026,.F.);
#7370 = ORIENTED_EDGE('',*,*,#7371,.T.);
#7371 = EDGE_CURVE('',#6027,#7372,#7374,.T.);
#7372 = VERTEX_POINT('',#7373);
#7373 = CARTESIAN_POINT('',(11.667603808238,-3.226849541722,-22.4));
#7374 = LINE('',#7375,#7376);
#7375 = CARTESIAN_POINT('',(11.667603808238,-3.226849541722,-19.4));
#7376 = VECTOR('',#7377,1.);
#7377 = DIRECTION('',(0.,0.,-1.));
#7378 = ORIENTED_EDGE('',*,*,#7379,.F.);
#7379 = EDGE_CURVE('',#7380,#7372,#7382,.T.);
#7380 = VERTEX_POINT('',#7381);
#7381 = CARTESIAN_POINT('',(11.667603808238,-1.701849541722,-22.4));
#7382 = LINE('',#7383,#7384);
#7383 = CARTESIAN_POINT('',(11.667603808238,3.823150458278,-22.4));
#7384 = VECTOR('',#7385,1.);
#7385 = DIRECTION('',(-9.448706592555E-16,-1.,0.));
#7386 = ORIENTED_EDGE('',*,*,#7387,.F.);
#7387 = EDGE_CURVE('',#7388,#7380,#7390,.T.);
#7388 = VERTEX_POINT('',#7389);
#7389 = CARTESIAN_POINT('',(11.667603808238,-1.201849541722,-21.9));
#7390 = CIRCLE('',#7391,0.5);
#7391 = AXIS2_PLACEMENT_3D('',#7392,#7393,#7394);
#7392 = CARTESIAN_POINT('',(11.667603808238,-1.701849541722,-21.9));
#7393 = DIRECTION('',(-1.,9.448706592555E-16,0.));
#7394 = DIRECTION('',(6.681244505037E-16,0.707106781187,-0.707106781187)
  );
#7395 = ORIENTED_EDGE('',*,*,#7396,.F.);
#7396 = EDGE_CURVE('',#7293,#7388,#7397,.T.);
#7397 = CIRCLE('',#7398,0.5);
#7398 = AXIS2_PLACEMENT_3D('',#7399,#7400,#7401);
#7399 = CARTESIAN_POINT('',(11.667603808238,-0.701849541722,-21.9));
#7400 = DIRECTION('',(1.,-9.448706592555E-16,0.));
#7401 = DIRECTION('',(-6.681244505037E-16,-0.707106781187,0.707106781187
    ));
#7402 = ORIENTED_EDGE('',*,*,#7292,.T.);
#7403 = ORIENTED_EDGE('',*,*,#7276,.F.);
#7404 = PLANE('',#7405);
#7405 = AXIS2_PLACEMENT_3D('',#7406,#7407,#7408);
#7406 = CARTESIAN_POINT('',(11.667603808238,-3.226849541722,-19.4));
#7407 = DIRECTION('',(1.,-9.448706592555E-16,0.));
#7408 = DIRECTION('',(9.448706592555E-16,1.,-2.736911063134E-48));
#7409 = ADVANCED_FACE('',(#7410),#7436,.T.);
#7410 = FACE_BOUND('',#7411,.T.);
#7411 = EDGE_LOOP('',(#7412,#7413,#7421,#7430));
#7412 = ORIENTED_EDGE('',*,*,#7387,.T.);
#7413 = ORIENTED_EDGE('',*,*,#7414,.T.);
#7414 = EDGE_CURVE('',#7380,#7415,#7417,.T.);
#7415 = VERTEX_POINT('',#7416);
#7416 = CARTESIAN_POINT('',(9.667603808238,-1.701849541722,-22.4));
#7417 = LINE('',#7418,#7419);
#7418 = CARTESIAN_POINT('',(4.830103808238,-1.701849541722,-22.4));
#7419 = VECTOR('',#7420,1.);
#7420 = DIRECTION('',(-1.,0.,0.));
#7421 = ORIENTED_EDGE('',*,*,#7422,.T.);
#7422 = EDGE_CURVE('',#7415,#7423,#7425,.T.);
#7423 = VERTEX_POINT('',#7424);
#7424 = CARTESIAN_POINT('',(9.667603808238,-1.201849541722,-21.9));
#7425 = CIRCLE('',#7426,0.5);
#7426 = AXIS2_PLACEMENT_3D('',#7427,#7428,#7429);
#7427 = CARTESIAN_POINT('',(9.667603808238,-1.701849541722,-21.9));
#7428 = DIRECTION('',(1.,-6.29913772837E-16,0.));
#7429 = DIRECTION('',(4.454163003358E-16,0.707106781187,-0.707106781187)
  );
#7430 = ORIENTED_EDGE('',*,*,#7431,.F.);
#7431 = EDGE_CURVE('',#7388,#7423,#7432,.T.);
#7432 = LINE('',#7433,#7434);
#7433 = CARTESIAN_POINT('',(10.167603808238,-1.201849541722,-21.9));
#7434 = VECTOR('',#7435,1.);
#7435 = DIRECTION('',(-1.,0.,0.));
#7436 = CYLINDRICAL_SURFACE('',#7437,0.5);
#7437 = AXIS2_PLACEMENT_3D('',#7438,#7439,#7440);
#7438 = CARTESIAN_POINT('',(4.830103808238,-1.701849541722,-21.9));
#7439 = DIRECTION('',(1.,0.,0.));
#7440 = DIRECTION('',(0.,0.707106781187,-0.707106781187));
#7441 = ADVANCED_FACE('',(#7442),#7454,.F.);
#7442 = FACE_BOUND('',#7443,.F.);
#7443 = EDGE_LOOP('',(#7444,#7445,#7446,#7447));
#7444 = ORIENTED_EDGE('',*,*,#7431,.F.);
#7445 = ORIENTED_EDGE('',*,*,#7396,.F.);
#7446 = ORIENTED_EDGE('',*,*,#7300,.F.);
#7447 = ORIENTED_EDGE('',*,*,#7448,.F.);
#7448 = EDGE_CURVE('',#7423,#7301,#7449,.T.);
#7449 = CIRCLE('',#7450,0.5);
#7450 = AXIS2_PLACEMENT_3D('',#7451,#7452,#7453);
#7451 = CARTESIAN_POINT('',(9.667603808238,-0.701849541722,-21.9));
#7452 = DIRECTION('',(-1.,6.29913772837E-16,4.930380657631E-32));
#7453 = DIRECTION('',(-4.454163003358E-16,-0.707106781187,0.707106781187
    ));
#7454 = CYLINDRICAL_SURFACE('',#7455,0.5);
#7455 = AXIS2_PLACEMENT_3D('',#7456,#7457,#7458);
#7456 = CARTESIAN_POINT('',(10.167603808238,-0.701849541722,-21.9));
#7457 = DIRECTION('',(1.,0.,0.));
#7458 = DIRECTION('',(0.,-0.707106781187,0.707106781187));
#7459 = ADVANCED_FACE('',(#7460),#7485,.F.);
#7460 = FACE_BOUND('',#7461,.F.);
#7461 = EDGE_LOOP('',(#7462,#7463,#7478,#7484));
#7462 = ORIENTED_EDGE('',*,*,#6478,.F.);
#7463 = ORIENTED_EDGE('',*,*,#7464,.F.);
#7464 = EDGE_CURVE('',#7465,#6479,#7467,.T.);
#7465 = VERTEX_POINT('',#7466);
#7466 = CARTESIAN_POINT('',(-0.5,14.107386769281,-21.4));
#7467 = B_SPLINE_CURVE_WITH_KNOTS('',3,(#7468,#7469,#7470,#7471,#7472,
    #7473,#7474,#7475,#7476,#7477),.UNSPECIFIED.,.F.,.F.,(4,2,2,2,4),(
    -7.99832339211E-02,-5.911784106063E-02,-3.825244820015E-02,
    -1.912622410008E-02,0.),.UNSPECIFIED.);
#7468 = CARTESIAN_POINT('',(-0.5,14.107386769281,-21.4));
#7469 = CARTESIAN_POINT('',(-0.566281071005,14.086310614876,-21.4));
#7470 = CARTESIAN_POINT('',(-0.635220014507,14.059353575994,
    -21.41384765621));
#7471 = CARTESIAN_POINT('',(-0.760197635103,14.001035997088,
    -21.46765091081));
#7472 = CARTESIAN_POINT('',(-0.816336532971,13.969819258061,
    -21.50752940614));
#7473 = CARTESIAN_POINT('',(-0.901348793679,13.917842547084,
    -21.59608257668));
#7474 = CARTESIAN_POINT('',(-0.937738617192,13.892933375393,
    -21.64981181008));
#7475 = CARTESIAN_POINT('',(-0.987094410019,13.857491478731,
    -21.7698148578));
#7476 = CARTESIAN_POINT('',(-1.,13.84740872477,-21.83624591966));
#7477 = CARTESIAN_POINT('',(-1.,13.84740872477,-21.9));
#7478 = ORIENTED_EDGE('',*,*,#7479,.F.);
#7479 = EDGE_CURVE('',#6584,#7465,#7480,.T.);
#7480 = LINE('',#7481,#7482);
#7481 = CARTESIAN_POINT('',(-0.5,15.144106071764,-21.4));
#7482 = VECTOR('',#7483,1.);
#7483 = DIRECTION('',(0.,-1.,0.));
#7484 = ORIENTED_EDGE('',*,*,#6592,.F.);
#7485 = CYLINDRICAL_SURFACE('',#7486,0.5);
#7486 = AXIS2_PLACEMENT_3D('',#7487,#7488,#7489);
#7487 = CARTESIAN_POINT('',(-0.5,15.144106071764,-21.9));
#7488 = DIRECTION('',(0.,-1.,0.));
#7489 = DIRECTION('',(-0.707106781187,0.,0.707106781187));
#7490 = ADVANCED_FACE('',(#7491),#7510,.T.);
#7491 = FACE_BOUND('',#7492,.T.);
#7492 = EDGE_LOOP('',(#7493,#7494,#7495,#7503));
#7493 = ORIENTED_EDGE('',*,*,#7479,.F.);
#7494 = ORIENTED_EDGE('',*,*,#6583,.F.);
#7495 = ORIENTED_EDGE('',*,*,#7496,.F.);
#7496 = EDGE_CURVE('',#7497,#6569,#7499,.T.);
#7497 = VERTEX_POINT('',#7498);
#7498 = CARTESIAN_POINT('',(0.5,14.107386769281,-21.4));
#7499 = LINE('',#7500,#7501);
#7500 = CARTESIAN_POINT('',(0.5,14.30679860606,-21.4));
#7501 = VECTOR('',#7502,1.);
#7502 = DIRECTION('',(0.,1.,0.));
#7503 = ORIENTED_EDGE('',*,*,#7504,.F.);
#7504 = EDGE_CURVE('',#7465,#7497,#7505,.T.);
#7505 = CIRCLE('',#7506,1.65);
#7506 = AXIS2_PLACEMENT_3D('',#7507,#7508,#7509);
#7507 = CARTESIAN_POINT('',(4.396498263205E-15,12.534968249929,-21.4));
#7508 = DIRECTION('',(0.,0.,-1.));
#7509 = DIRECTION('',(1.,0.,0.));
#7510 = PLANE('',#7511);
#7511 = AXIS2_PLACEMENT_3D('',#7512,#7513,#7514);
#7512 = CARTESIAN_POINT('',(1.387778780781E-16,14.766188487349,-21.4));
#7513 = DIRECTION('',(0.,0.,-1.));
#7514 = DIRECTION('',(1.,0.,0.));
#7515 = ADVANCED_FACE('',(#7516),#7534,.F.);
#7516 = FACE_BOUND('',#7517,.F.);
#7517 = EDGE_LOOP('',(#7518,#7519,#7520,#7521));
#7518 = ORIENTED_EDGE('',*,*,#6687,.F.);
#7519 = ORIENTED_EDGE('',*,*,#6568,.F.);
#7520 = ORIENTED_EDGE('',*,*,#7496,.F.);
#7521 = ORIENTED_EDGE('',*,*,#7522,.F.);
#7522 = EDGE_CURVE('',#6669,#7497,#7523,.T.);
#7523 = B_SPLINE_CURVE_WITH_KNOTS('',3,(#7524,#7525,#7526,#7527,#7528,
    #7529,#7530,#7531,#7532,#7533),.UNSPECIFIED.,.F.,.F.,(4,2,2,2,4),(0.
    ,1.912622410008E-02,3.825244820015E-02,5.911784106063E-02,
    7.99832339211E-02),.UNSPECIFIED.);
#7524 = CARTESIAN_POINT('',(1.,13.84740872477,-21.9));
#7525 = CARTESIAN_POINT('',(1.,13.84740872477,-21.83624591966));
#7526 = CARTESIAN_POINT('',(0.987094410019,13.857491478731,
    -21.7698148578));
#7527 = CARTESIAN_POINT('',(0.937738617192,13.892933375393,
    -21.64981181008));
#7528 = CARTESIAN_POINT('',(0.901348793679,13.917842547084,
    -21.59608257668));
#7529 = CARTESIAN_POINT('',(0.816336532971,13.969819258061,
    -21.50752940614));
#7530 = CARTESIAN_POINT('',(0.760197635103,14.001035997088,
    -21.46765091081));
#7531 = CARTESIAN_POINT('',(0.635220014507,14.059353575994,
    -21.41384765621));
#7532 = CARTESIAN_POINT('',(0.566281071005,14.086310614876,-21.4));
#7533 = CARTESIAN_POINT('',(0.5,14.107386769281,-21.4));
#7534 = CYLINDRICAL_SURFACE('',#7535,0.5);
#7535 = AXIS2_PLACEMENT_3D('',#7536,#7537,#7538);
#7536 = CARTESIAN_POINT('',(0.5,14.30679860606,-21.9));
#7537 = DIRECTION('',(0.,1.,0.));
#7538 = DIRECTION('',(0.707106781187,-0.,0.707106781187));
#7539 = ADVANCED_FACE('',(#7540),#7551,.F.);
#7540 = FACE_BOUND('',#7541,.F.);
#7541 = EDGE_LOOP('',(#7542,#7543,#7544,#7550));
#7542 = ORIENTED_EDGE('',*,*,#7235,.F.);
#7543 = ORIENTED_EDGE('',*,*,#6808,.F.);
#7544 = ORIENTED_EDGE('',*,*,#7545,.F.);
#7545 = EDGE_CURVE('',#7076,#6809,#7546,.T.);
#7546 = LINE('',#7547,#7548);
#7547 = CARTESIAN_POINT('',(-0.5,-15.68690927523,-21.4));
#7548 = VECTOR('',#7549,1.);
#7549 = DIRECTION('',(0.,-1.,0.));
#7550 = ORIENTED_EDGE('',*,*,#7075,.F.);
#7551 = CYLINDRICAL_SURFACE('',#7552,0.5);
#7552 = AXIS2_PLACEMENT_3D('',#7553,#7554,#7555);
#7553 = CARTESIAN_POINT('',(-0.5,-15.68690927523,-21.9));
#7554 = DIRECTION('',(0.,-1.,0.));
#7555 = DIRECTION('',(-0.707106781187,0.,0.707106781187));
#7556 = ADVANCED_FACE('',(#7557),#7568,.T.);
#7557 = FACE_BOUND('',#7558,.T.);
#7558 = EDGE_LOOP('',(#7559,#7560,#7561,#7567));
#7559 = ORIENTED_EDGE('',*,*,#7545,.F.);
#7560 = ORIENTED_EDGE('',*,*,#7090,.F.);
#7561 = ORIENTED_EDGE('',*,*,#7562,.F.);
#7562 = EDGE_CURVE('',#6824,#7091,#7563,.T.);
#7563 = LINE('',#7564,#7565);
#7564 = CARTESIAN_POINT('',(0.5,-16.52424459815,-21.4));
#7565 = VECTOR('',#7566,1.);
#7566 = DIRECTION('',(0.,1.,0.));
#7567 = ORIENTED_EDGE('',*,*,#6823,.F.);
#7568 = PLANE('',#7569);
#7569 = AXIS2_PLACEMENT_3D('',#7570,#7571,#7572);
#7570 = CARTESIAN_POINT('',(-1.387778780781E-16,-16.14630883356,-21.4));
#7571 = DIRECTION('',(0.,0.,-1.));
#7572 = DIRECTION('',(1.,0.,0.));
#7573 = ADVANCED_FACE('',(#7574),#7593,.F.);
#7574 = FACE_BOUND('',#7575,.F.);
#7575 = EDGE_LOOP('',(#7576,#7577,#7578,#7586));
#7576 = ORIENTED_EDGE('',*,*,#7206,.F.);
#7577 = ORIENTED_EDGE('',*,*,#7145,.F.);
#7578 = ORIENTED_EDGE('',*,*,#7579,.F.);
#7579 = EDGE_CURVE('',#7580,#7137,#7582,.T.);
#7580 = VERTEX_POINT('',#7581);
#7581 = CARTESIAN_POINT('',(-0.5,-10.52684954172,-21.4));
#7582 = LINE('',#7583,#7584);
#7583 = CARTESIAN_POINT('',(-0.5,-11.04581370217,-21.4));
#7584 = VECTOR('',#7585,1.);
#7585 = DIRECTION('',(0.,-1.,0.));
#7586 = ORIENTED_EDGE('',*,*,#7587,.F.);
#7587 = EDGE_CURVE('',#7198,#7580,#7588,.T.);
#7588 = CIRCLE('',#7589,0.5);
#7589 = AXIS2_PLACEMENT_3D('',#7590,#7591,#7592);
#7590 = CARTESIAN_POINT('',(-0.5,-10.52684954172,-21.9));
#7591 = DIRECTION('',(4.67462326158E-16,1.,0.));
#7592 = DIRECTION('',(-0.707106781187,3.305457807755E-16,0.707106781187)
  );
#7593 = CYLINDRICAL_SURFACE('',#7594,0.5);
#7594 = AXIS2_PLACEMENT_3D('',#7595,#7596,#7597);
#7595 = CARTESIAN_POINT('',(-0.5,-11.04581370217,-21.9));
#7596 = DIRECTION('',(0.,-1.,0.));
#7597 = DIRECTION('',(-0.707106781187,0.,0.707106781187));
#7598 = ADVANCED_FACE('',(#7599),#7617,.T.);
#7599 = FACE_BOUND('',#7600,.T.);
#7600 = EDGE_LOOP('',(#7601,#7602,#7610,#7616));
#7601 = ORIENTED_EDGE('',*,*,#7579,.F.);
#7602 = ORIENTED_EDGE('',*,*,#7603,.F.);
#7603 = EDGE_CURVE('',#7604,#7580,#7606,.T.);
#7604 = VERTEX_POINT('',#7605);
#7605 = CARTESIAN_POINT('',(0.5,-10.52684954172,-21.4));
#7606 = LINE('',#7607,#7608);
#7607 = CARTESIAN_POINT('',(-1.191198095881,-10.52684954172,-21.4));
#7608 = VECTOR('',#7609,1.);
#7609 = DIRECTION('',(-1.,4.67462326158E-16,0.));
#7610 = ORIENTED_EDGE('',*,*,#7611,.F.);
#7611 = EDGE_CURVE('',#7122,#7604,#7612,.T.);
#7612 = LINE('',#7613,#7614);
#7613 = CARTESIAN_POINT('',(0.5,-12.08370331648,-21.4));
#7614 = VECTOR('',#7615,1.);
#7615 = DIRECTION('',(0.,1.,0.));
#7616 = ORIENTED_EDGE('',*,*,#7136,.F.);
#7617 = PLANE('',#7618);
#7618 = AXIS2_PLACEMENT_3D('',#7619,#7620,#7621);
#7619 = CARTESIAN_POINT('',(0.,-11.56477786262,-21.4));
#7620 = DIRECTION('',(0.,0.,-1.));
#7621 = DIRECTION('',(1.,0.,0.));
#7622 = ADVANCED_FACE('',(#7623),#7629,.F.);
#7623 = FACE_BOUND('',#7624,.F.);
#7624 = EDGE_LOOP('',(#7625,#7626,#7627,#7628));
#7625 = ORIENTED_EDGE('',*,*,#6718,.F.);
#7626 = ORIENTED_EDGE('',*,*,#7099,.F.);
#7627 = ORIENTED_EDGE('',*,*,#7562,.F.);
#7628 = ORIENTED_EDGE('',*,*,#6832,.F.);
#7629 = CYLINDRICAL_SURFACE('',#7630,0.5);
#7630 = AXIS2_PLACEMENT_3D('',#7631,#7632,#7633);
#7631 = CARTESIAN_POINT('',(0.5,-16.52424459815,-21.9));
#7632 = DIRECTION('',(0.,1.,0.));
#7633 = DIRECTION('',(0.707106781187,-0.,0.707106781187));
#7634 = ADVANCED_FACE('',(#7635),#7647,.F.);
#7635 = FACE_BOUND('',#7636,.F.);
#7636 = EDGE_LOOP('',(#7637,#7638,#7645,#7646));
#7637 = ORIENTED_EDGE('',*,*,#6934,.F.);
#7638 = ORIENTED_EDGE('',*,*,#7639,.F.);
#7639 = EDGE_CURVE('',#7604,#6897,#7640,.T.);
#7640 = CIRCLE('',#7641,0.5);
#7641 = AXIS2_PLACEMENT_3D('',#7642,#7643,#7644);
#7642 = CARTESIAN_POINT('',(0.5,-10.52684954172,-21.9));
#7643 = DIRECTION('',(4.67462326158E-16,1.,0.));
#7644 = DIRECTION('',(0.707106781187,-3.305457807755E-16,0.707106781187)
  );
#7645 = ORIENTED_EDGE('',*,*,#7611,.F.);
#7646 = ORIENTED_EDGE('',*,*,#7121,.F.);
#7647 = CYLINDRICAL_SURFACE('',#7648,0.5);
#7648 = AXIS2_PLACEMENT_3D('',#7649,#7650,#7651);
#7649 = CARTESIAN_POINT('',(0.5,-12.08370331648,-21.9));
#7650 = DIRECTION('',(0.,1.,0.));
#7651 = DIRECTION('',(0.707106781187,-0.,0.707106781187));
#7652 = ADVANCED_FACE('',(#7653),#7689,.T.);
#7653 = FACE_BOUND('',#7654,.T.);
#7654 = EDGE_LOOP('',(#7655,#7666,#7674,#7683));
#7655 = ORIENTED_EDGE('',*,*,#7656,.T.);
#7656 = EDGE_CURVE('',#7657,#7659,#7661,.T.);
#7657 = VERTEX_POINT('',#7658);
#7658 = CARTESIAN_POINT('',(-9.682396191762,-1.201849541722,-21.9));
#7659 = VERTEX_POINT('',#7660);
#7660 = CARTESIAN_POINT('',(-9.682396191762,-1.701849541722,-22.4));
#7661 = CIRCLE('',#7662,0.5);
#7662 = AXIS2_PLACEMENT_3D('',#7663,#7664,#7665);
#7663 = CARTESIAN_POINT('',(-9.682396191762,-1.701849541722,-21.9));
#7664 = DIRECTION('',(-1.,-6.29913772837E-16,0.));
#7665 = DIRECTION('',(-4.454163003358E-16,0.707106781187,-0.707106781187
    ));
#7666 = ORIENTED_EDGE('',*,*,#7667,.T.);
#7667 = EDGE_CURVE('',#7659,#7668,#7670,.T.);
#7668 = VERTEX_POINT('',#7669);
#7669 = CARTESIAN_POINT('',(-11.68239619176,-1.701849541722,-22.4));
#7670 = LINE('',#7671,#7672);
#7671 = CARTESIAN_POINT('',(-5.844896191762,-1.701849541722,-22.4));
#7672 = VECTOR('',#7673,1.);
#7673 = DIRECTION('',(-1.,0.,0.));
#7674 = ORIENTED_EDGE('',*,*,#7675,.T.);
#7675 = EDGE_CURVE('',#7668,#7676,#7678,.T.);
#7676 = VERTEX_POINT('',#7677);
#7677 = CARTESIAN_POINT('',(-11.68239619176,-1.201849541722,-21.9));
#7678 = CIRCLE('',#7679,0.5);
#7679 = AXIS2_PLACEMENT_3D('',#7680,#7681,#7682);
#7680 = CARTESIAN_POINT('',(-11.68239619176,-1.701849541722,-21.9));
#7681 = DIRECTION('',(1.,6.29913772837E-16,0.));
#7682 = DIRECTION('',(-4.454163003358E-16,0.707106781187,-0.707106781187
    ));
#7683 = ORIENTED_EDGE('',*,*,#7684,.F.);
#7684 = EDGE_CURVE('',#7657,#7676,#7685,.T.);
#7685 = LINE('',#7686,#7687);
#7686 = CARTESIAN_POINT('',(-11.18239619176,-1.201849541722,-21.9));
#7687 = VECTOR('',#7688,1.);
#7688 = DIRECTION('',(-1.,0.,0.));
#7689 = CYLINDRICAL_SURFACE('',#7690,0.5);
#7690 = AXIS2_PLACEMENT_3D('',#7691,#7692,#7693);
#7691 = CARTESIAN_POINT('',(-5.844896191762,-1.701849541722,-21.9));
#7692 = DIRECTION('',(1.,0.,0.));
#7693 = DIRECTION('',(0.,0.707106781187,-0.707106781187));
#7694 = ADVANCED_FACE('',(#7695),#7771,.T.);
#7695 = FACE_BOUND('',#7696,.T.);
#7696 = EDGE_LOOP('',(#7697,#7698,#7707,#7715,#7724,#7733,#7741,#7749,
    #7757,#7765));
#7697 = ORIENTED_EDGE('',*,*,#7656,.F.);
#7698 = ORIENTED_EDGE('',*,*,#7699,.F.);
#7699 = EDGE_CURVE('',#7700,#7657,#7702,.T.);
#7700 = VERTEX_POINT('',#7701);
#7701 = CARTESIAN_POINT('',(-9.682396191762,-0.701849541722,-21.4));
#7702 = CIRCLE('',#7703,0.5);
#7703 = AXIS2_PLACEMENT_3D('',#7704,#7705,#7706);
#7704 = CARTESIAN_POINT('',(-9.682396191762,-0.701849541722,-21.9));
#7705 = DIRECTION('',(1.,6.29913772837E-16,-4.930380657631E-32));
#7706 = DIRECTION('',(4.454163003358E-16,-0.707106781187,0.707106781187)
  );
#7707 = ORIENTED_EDGE('',*,*,#7708,.T.);
#7708 = EDGE_CURVE('',#7700,#7709,#7711,.T.);
#7709 = VERTEX_POINT('',#7710);
#7710 = CARTESIAN_POINT('',(-9.682396191762,1.298150458278,-21.4));
#7711 = LINE('',#7712,#7713);
#7712 = CARTESIAN_POINT('',(-9.682396191762,2.060650458278,-21.4));
#7713 = VECTOR('',#7714,1.);
#7714 = DIRECTION('',(-6.29913772837E-16,1.,0.));
#7715 = ORIENTED_EDGE('',*,*,#7716,.F.);
#7716 = EDGE_CURVE('',#7717,#7709,#7719,.T.);
#7717 = VERTEX_POINT('',#7718);
#7718 = CARTESIAN_POINT('',(-9.682396191762,1.798150458278,-21.9));
#7719 = CIRCLE('',#7720,0.5);
#7720 = AXIS2_PLACEMENT_3D('',#7721,#7722,#7723);
#7721 = CARTESIAN_POINT('',(-9.682396191762,1.298150458278,-21.9));
#7722 = DIRECTION('',(1.,6.29913772837E-16,0.));
#7723 = DIRECTION('',(-4.454163003358E-16,0.707106781187,0.707106781187)
  );
#7724 = ORIENTED_EDGE('',*,*,#7725,.F.);
#7725 = EDGE_CURVE('',#7726,#7717,#7728,.T.);
#7726 = VERTEX_POINT('',#7727);
#7727 = CARTESIAN_POINT('',(-9.682396191762,2.298150458278,-22.4));
#7728 = CIRCLE('',#7729,0.5);
#7729 = AXIS2_PLACEMENT_3D('',#7730,#7731,#7732);
#7730 = CARTESIAN_POINT('',(-9.682396191762,2.298150458278,-21.9));
#7731 = DIRECTION('',(-1.,-6.29913772837E-16,0.));
#7732 = DIRECTION('',(4.454163003358E-16,-0.707106781187,-0.707106781187
    ));
#7733 = ORIENTED_EDGE('',*,*,#7734,.F.);
#7734 = EDGE_CURVE('',#7735,#7726,#7737,.T.);
#7735 = VERTEX_POINT('',#7736);
#7736 = CARTESIAN_POINT('',(-9.682396191762,3.823150458278,-22.4));
#7737 = LINE('',#7738,#7739);
#7738 = CARTESIAN_POINT('',(-9.682396191762,-3.226849541722,-22.4));
#7739 = VECTOR('',#7740,1.);
#7740 = DIRECTION('',(6.29913772837E-16,-1.,0.));
#7741 = ORIENTED_EDGE('',*,*,#7742,.F.);
#7742 = EDGE_CURVE('',#7743,#7735,#7745,.T.);
#7743 = VERTEX_POINT('',#7744);
#7744 = CARTESIAN_POINT('',(-9.682396191762,3.823150458278,-19.4));
#7745 = LINE('',#7746,#7747);
#7746 = CARTESIAN_POINT('',(-9.682396191762,3.823150458278,-19.4));
#7747 = VECTOR('',#7748,1.);
#7748 = DIRECTION('',(0.,0.,-1.));
#7749 = ORIENTED_EDGE('',*,*,#7750,.F.);
#7750 = EDGE_CURVE('',#7751,#7743,#7753,.T.);
#7751 = VERTEX_POINT('',#7752);
#7752 = CARTESIAN_POINT('',(-9.682396191762,-3.226849541722,-19.4));
#7753 = LINE('',#7754,#7755);
#7754 = CARTESIAN_POINT('',(-9.682396191762,1.911575229139,-19.4));
#7755 = VECTOR('',#7756,1.);
#7756 = DIRECTION('',(-6.29913772837E-16,1.,0.));
#7757 = ORIENTED_EDGE('',*,*,#7758,.T.);
#7758 = EDGE_CURVE('',#7751,#7759,#7761,.T.);
#7759 = VERTEX_POINT('',#7760);
#7760 = CARTESIAN_POINT('',(-9.682396191762,-3.226849541722,-22.4));
#7761 = LINE('',#7762,#7763);
#7762 = CARTESIAN_POINT('',(-9.682396191762,-3.226849541722,-19.4));
#7763 = VECTOR('',#7764,1.);
#7764 = DIRECTION('',(0.,0.,-1.));
#7765 = ORIENTED_EDGE('',*,*,#7766,.F.);
#7766 = EDGE_CURVE('',#7659,#7759,#7767,.T.);
#7767 = LINE('',#7768,#7769);
#7768 = CARTESIAN_POINT('',(-9.682396191762,-3.226849541722,-22.4));
#7769 = VECTOR('',#7770,1.);
#7770 = DIRECTION('',(6.29913772837E-16,-1.,0.));
#7771 = PLANE('',#7772);
#7772 = AXIS2_PLACEMENT_3D('',#7773,#7774,#7775);
#7773 = CARTESIAN_POINT('',(-9.682396191762,3.823150458278,-19.4));
#7774 = DIRECTION('',(1.,6.29913772837E-16,0.));
#7775 = DIRECTION('',(6.29913772837E-16,-1.,0.));
#7776 = ADVANCED_FACE('',(#7777),#7796,.F.);
#7777 = FACE_BOUND('',#7778,.F.);
#7778 = EDGE_LOOP('',(#7779,#7780,#7781,#7789));
#7779 = ORIENTED_EDGE('',*,*,#7684,.F.);
#7780 = ORIENTED_EDGE('',*,*,#7699,.F.);
#7781 = ORIENTED_EDGE('',*,*,#7782,.F.);
#7782 = EDGE_CURVE('',#7783,#7700,#7785,.T.);
#7783 = VERTEX_POINT('',#7784);
#7784 = CARTESIAN_POINT('',(-11.68239619176,-0.701849541722,-21.4));
#7785 = LINE('',#7786,#7787);
#7786 = CARTESIAN_POINT('',(-11.18239619176,-0.701849541722,-21.4));
#7787 = VECTOR('',#7788,1.);
#7788 = DIRECTION('',(1.,0.,0.));
#7789 = ORIENTED_EDGE('',*,*,#7790,.F.);
#7790 = EDGE_CURVE('',#7676,#7783,#7791,.T.);
#7791 = CIRCLE('',#7792,0.5);
#7792 = AXIS2_PLACEMENT_3D('',#7793,#7794,#7795);
#7793 = CARTESIAN_POINT('',(-11.68239619176,-0.701849541722,-21.9));
#7794 = DIRECTION('',(-1.,-6.29913772837E-16,4.930380657631E-32));
#7795 = DIRECTION('',(4.454163003358E-16,-0.707106781187,0.707106781187)
  );
#7796 = CYLINDRICAL_SURFACE('',#7797,0.5);
#7797 = AXIS2_PLACEMENT_3D('',#7798,#7799,#7800);
#7798 = CARTESIAN_POINT('',(-11.18239619176,-0.701849541722,-21.9));
#7799 = DIRECTION('',(1.,0.,0.));
#7800 = DIRECTION('',(0.,-0.707106781187,0.707106781187));
#7801 = ADVANCED_FACE('',(#7802),#7820,.F.);
#7802 = FACE_BOUND('',#7803,.T.);
#7803 = EDGE_LOOP('',(#7804,#7805,#7813,#7819));
#7804 = ORIENTED_EDGE('',*,*,#7782,.F.);
#7805 = ORIENTED_EDGE('',*,*,#7806,.F.);
#7806 = EDGE_CURVE('',#7807,#7783,#7809,.T.);
#7807 = VERTEX_POINT('',#7808);
#7808 = CARTESIAN_POINT('',(-11.68239619176,1.298150458278,-21.4));
#7809 = LINE('',#7810,#7811);
#7810 = CARTESIAN_POINT('',(-11.68239619176,2.060650458278,-21.4));
#7811 = VECTOR('',#7812,1.);
#7812 = DIRECTION('',(6.29913772837E-16,-1.,0.));
#7813 = ORIENTED_EDGE('',*,*,#7814,.F.);
#7814 = EDGE_CURVE('',#7709,#7807,#7815,.T.);
#7815 = LINE('',#7816,#7817);
#7816 = CARTESIAN_POINT('',(-10.18239619176,1.298150458278,-21.4));
#7817 = VECTOR('',#7818,1.);
#7818 = DIRECTION('',(-1.,0.,0.));
#7819 = ORIENTED_EDGE('',*,*,#7708,.F.);
#7820 = PLANE('',#7821);
#7821 = AXIS2_PLACEMENT_3D('',#7822,#7823,#7824);
#7822 = CARTESIAN_POINT('',(-10.68239619176,0.298150458278,-21.4));
#7823 = DIRECTION('',(0.,0.,1.));
#7824 = DIRECTION('',(1.,0.,-0.));
#7825 = ADVANCED_FACE('',(#7826),#7852,.T.);
#7826 = FACE_BOUND('',#7827,.T.);
#7827 = EDGE_LOOP('',(#7828,#7839,#7845,#7846));
#7828 = ORIENTED_EDGE('',*,*,#7829,.T.);
#7829 = EDGE_CURVE('',#7830,#7832,#7834,.T.);
#7830 = VERTEX_POINT('',#7831);
#7831 = CARTESIAN_POINT('',(-11.68239619176,1.798150458278,-21.9));
#7832 = VERTEX_POINT('',#7833);
#7833 = CARTESIAN_POINT('',(-11.68239619176,2.298150458278,-22.4));
#7834 = CIRCLE('',#7835,0.5);
#7835 = AXIS2_PLACEMENT_3D('',#7836,#7837,#7838);
#7836 = CARTESIAN_POINT('',(-11.68239619176,2.298150458278,-21.9));
#7837 = DIRECTION('',(1.,6.29913772837E-16,0.));
#7838 = DIRECTION('',(4.454163003358E-16,-0.707106781187,-0.707106781187
    ));
#7839 = ORIENTED_EDGE('',*,*,#7840,.T.);
#7840 = EDGE_CURVE('',#7832,#7726,#7841,.T.);
#7841 = LINE('',#7842,#7843);
#7842 = CARTESIAN_POINT('',(-4.844896191762,2.298150458278,-22.4));
#7843 = VECTOR('',#7844,1.);
#7844 = DIRECTION('',(1.,0.,0.));
#7845 = ORIENTED_EDGE('',*,*,#7725,.T.);
#7846 = ORIENTED_EDGE('',*,*,#7847,.F.);
#7847 = EDGE_CURVE('',#7830,#7717,#7848,.T.);
#7848 = LINE('',#7849,#7850);
#7849 = CARTESIAN_POINT('',(-10.18239619176,1.798150458278,-21.9));
#7850 = VECTOR('',#7851,1.);
#7851 = DIRECTION('',(1.,0.,0.));
#7852 = CYLINDRICAL_SURFACE('',#7853,0.5);
#7853 = AXIS2_PLACEMENT_3D('',#7854,#7855,#7856);
#7854 = CARTESIAN_POINT('',(-4.844896191762,2.298150458278,-21.9));
#7855 = DIRECTION('',(-1.,0.,0.));
#7856 = DIRECTION('',(-0.,-0.707106781187,-0.707106781187));
#7857 = ADVANCED_FACE('',(#7858),#7901,.T.);
#7858 = FACE_BOUND('',#7859,.T.);
#7859 = EDGE_LOOP('',(#7860,#7861,#7869,#7875,#7876,#7877,#7885,#7891,
    #7892,#7899,#7900));
#7860 = ORIENTED_EDGE('',*,*,#7675,.F.);
#7861 = ORIENTED_EDGE('',*,*,#7862,.F.);
#7862 = EDGE_CURVE('',#7863,#7668,#7865,.T.);
#7863 = VERTEX_POINT('',#7864);
#7864 = CARTESIAN_POINT('',(-11.68239619176,-3.226849541722,-22.4));
#7865 = LINE('',#7866,#7867);
#7866 = CARTESIAN_POINT('',(-11.68239619176,-3.226849541722,-22.4));
#7867 = VECTOR('',#7868,1.);
#7868 = DIRECTION('',(-6.29913772837E-16,1.,0.));
#7869 = ORIENTED_EDGE('',*,*,#7870,.F.);
#7870 = EDGE_CURVE('',#6121,#7863,#7871,.T.);
#7871 = LINE('',#7872,#7873);
#7872 = CARTESIAN_POINT('',(-11.68239619176,-3.226849541722,-19.4));
#7873 = VECTOR('',#7874,1.);
#7874 = DIRECTION('',(0.,0.,-1.));
#7875 = ORIENTED_EDGE('',*,*,#6137,.F.);
#7876 = ORIENTED_EDGE('',*,*,#5924,.F.);
#7877 = ORIENTED_EDGE('',*,*,#7878,.T.);
#7878 = EDGE_CURVE('',#5925,#7879,#7881,.T.);
#7879 = VERTEX_POINT('',#7880);
#7880 = CARTESIAN_POINT('',(-11.68239619176,3.823150458278,-22.4));
#7881 = LINE('',#7882,#7883);
#7882 = CARTESIAN_POINT('',(-11.68239619176,3.823150458278,-19.4));
#7883 = VECTOR('',#7884,1.);
#7884 = DIRECTION('',(0.,0.,-1.));
#7885 = ORIENTED_EDGE('',*,*,#7886,.F.);
#7886 = EDGE_CURVE('',#7832,#7879,#7887,.T.);
#7887 = LINE('',#7888,#7889);
#7888 = CARTESIAN_POINT('',(-11.68239619176,-3.226849541722,-22.4));
#7889 = VECTOR('',#7890,1.);
#7890 = DIRECTION('',(-6.29913772837E-16,1.,0.));
#7891 = ORIENTED_EDGE('',*,*,#7829,.F.);
#7892 = ORIENTED_EDGE('',*,*,#7893,.F.);
#7893 = EDGE_CURVE('',#7807,#7830,#7894,.T.);
#7894 = CIRCLE('',#7895,0.5);
#7895 = AXIS2_PLACEMENT_3D('',#7896,#7897,#7898);
#7896 = CARTESIAN_POINT('',(-11.68239619176,1.298150458278,-21.9));
#7897 = DIRECTION('',(-1.,-6.29913772837E-16,0.));
#7898 = DIRECTION('',(-4.454163003358E-16,0.707106781187,0.707106781187)
  );
#7899 = ORIENTED_EDGE('',*,*,#7806,.T.);
#7900 = ORIENTED_EDGE('',*,*,#7790,.F.);
#7901 = PLANE('',#7902);
#7902 = AXIS2_PLACEMENT_3D('',#7903,#7904,#7905);
#7903 = CARTESIAN_POINT('',(-11.68239619176,3.823150458278,-19.4));
#7904 = DIRECTION('',(-1.,-6.29913772837E-16,0.));
#7905 = DIRECTION('',(6.29913772837E-16,-1.,-4.852679189955E-49));
#7906 = ADVANCED_FACE('',(#7907),#7913,.F.);
#7907 = FACE_BOUND('',#7908,.F.);
#7908 = EDGE_LOOP('',(#7909,#7910,#7911,#7912));
#7909 = ORIENTED_EDGE('',*,*,#7847,.F.);
#7910 = ORIENTED_EDGE('',*,*,#7893,.F.);
#7911 = ORIENTED_EDGE('',*,*,#7814,.F.);
#7912 = ORIENTED_EDGE('',*,*,#7716,.F.);
#7913 = CYLINDRICAL_SURFACE('',#7914,0.5);
#7914 = AXIS2_PLACEMENT_3D('',#7915,#7916,#7917);
#7915 = CARTESIAN_POINT('',(-10.18239619176,1.298150458278,-21.9));
#7916 = DIRECTION('',(-1.,0.,0.));
#7917 = DIRECTION('',(0.,0.707106781187,0.707106781187));
#7918 = ADVANCED_FACE('',(#7919),#7932,.F.);
#7919 = FACE_BOUND('',#7920,.F.);
#7920 = EDGE_LOOP('',(#7921,#7927,#7928,#7929,#7930,#7931));
#7921 = ORIENTED_EDGE('',*,*,#7922,.T.);
#7922 = EDGE_CURVE('',#6951,#6848,#7923,.T.);
#7923 = LINE('',#7924,#7925);
#7924 = CARTESIAN_POINT('',(2.540005100461E-05,-12.26510795041,
    -17.39999999935));
#7925 = VECTOR('',#7926,1.);
#7926 = DIRECTION('',(0.,-1.,0.));
#7927 = ORIENTED_EDGE('',*,*,#6847,.T.);
#7928 = ORIENTED_EDGE('',*,*,#7922,.F.);
#7929 = ORIENTED_EDGE('',*,*,#7000,.T.);
#7930 = ORIENTED_EDGE('',*,*,#6959,.T.);
#7931 = ORIENTED_EDGE('',*,*,#6948,.T.);
#7932 = B_SPLINE_SURFACE_WITH_KNOTS('',3,1,(
    (#7933,#7934)
    ,(#7935,#7936)
    ,(#7937,#7938)
    ,(#7939,#7940)
    ,(#7941,#7942)
    ,(#7943,#7944)
    ,(#7945,#7946)
    ,(#7947,#7948)
    ,(#7949,#7950)
    ,(#7951,#7952)
    ,(#7953,#7954)
    ,(#7955,#7956)
    ,(#7957,#7958)
    ,(#7959,#7960)
    ,(#7961,#7962)
    ,(#7963,#7964)
    ,(#7965,#7966)
    ,(#7967,#7968)
    ,(#7969,#7970)
    ,(#7971,#7972)
    ,(#7973,#7974)
    ,(#7975,#7976)
    ,(#7977,#7978)
    ,(#7979,#7980)
    ,(#7981,#7982)
    ,(#7983,#7984)
    ,(#7985,#7986)
    ,(#7987,#7988)
    ,(#7989,#7990)
    ,(#7991,#7992)
    ,(#7993,#7994)
    ,(#7995,#7996)
    ,(#7997,#7998)
    ,(#7999,#8000)
    ,(#8001,#8002
    )),.UNSPECIFIED.,.T.,.F.,.F.,(1,3,2,2,2,3,2,2,2,2,2,2,2,2,2,2,2,3,1)
  ,(2,2),(-0.398235500537,-0.379274748962,-0.360313926538,
    -0.341353104114,-0.322386419208,-0.303419734302,-0.284453049396,
    -0.26548636449,-0.246525542066,-0.227564719642,-0.208603968067,
    -0.189643216492,-0.170676541822,-0.151709867151,-0.13274319248,
    -0.113776517809,-9.481576623491E-02,-7.585501466037E-02,
    -5.689419223618E-02),(0.,1.),.UNSPECIFIED.);
#7933 = CARTESIAN_POINT('',(2.540005100475E-05,-12.26510795041,
    -17.39999999935));
#7934 = CARTESIAN_POINT('',(2.540005100475E-05,-22.26510795041,
    -17.39999999935));
#7935 = CARTESIAN_POINT('',(-6.317734135548E-02,-12.26510892335,
    -17.39999999935));
#7936 = CARTESIAN_POINT('',(-6.317734135548E-02,-22.26510892335,
    -17.39999999935));
#7937 = CARTESIAN_POINT('',(-0.130326739222,-12.26910044035,
    -17.41271203853));
#7938 = CARTESIAN_POINT('',(-0.130326739222,-22.26910044035,
    -17.41271203853));
#7939 = CARTESIAN_POINT('',(-0.253405382251,-12.28351394768,
    -17.46386461899));
#7940 = CARTESIAN_POINT('',(-0.253405382251,-22.28351394768,
    -17.46386461899));
#7941 = CARTESIAN_POINT('',(-0.30936531939,-12.29374867719,
    -17.50228389924));
#7942 = CARTESIAN_POINT('',(-0.30936531939,-22.29374867719,
    -17.50228389924));
#7943 = CARTESIAN_POINT('',(-0.397704636405,-12.31312914129,
    -17.59062329863));
#7944 = CARTESIAN_POINT('',(-0.397704636405,-22.31312914129,
    -17.59062329863));
#7945 = CARTESIAN_POINT('',(-0.436113220547,-12.32357710306,
    -17.64657763461));
#7946 = CARTESIAN_POINT('',(-0.436113220547,-22.32357710306,
    -17.64657763461));
#7947 = CARTESIAN_POINT('',(-0.487257842016,-12.3384850383,
    -17.76963590422));
#7948 = CARTESIAN_POINT('',(-0.487257842016,-22.3384850383,
    -17.76963590422));
#7949 = CARTESIAN_POINT('',(-0.499974593144,-12.34269750567,
    -17.83677770952));
#7950 = CARTESIAN_POINT('',(-0.499974593144,-22.34269750567,
    -17.83677770952));
#7951 = CARTESIAN_POINT('',(-0.499974593144,-12.34269750567,
    -17.89999999254));
#7952 = CARTESIAN_POINT('',(-0.499974593144,-22.34269750567,
    -17.89999999254));
#7953 = CARTESIAN_POINT('',(-0.499974593144,-12.34269750567,
    -17.96322227556));
#7954 = CARTESIAN_POINT('',(-0.499974593144,-22.34269750567,
    -17.96322227556));
#7955 = CARTESIAN_POINT('',(-0.487257842016,-12.3384850383,
    -18.03036408087));
#7956 = CARTESIAN_POINT('',(-0.487257842016,-22.3384850383,
    -18.03036408087));
#7957 = CARTESIAN_POINT('',(-0.436113220547,-12.32357710306,
    -18.15342235048));
#7958 = CARTESIAN_POINT('',(-0.436113220547,-22.32357710306,
    -18.15342235048));
#7959 = CARTESIAN_POINT('',(-0.397704636405,-12.31312914129,
    -18.20937668646));
#7960 = CARTESIAN_POINT('',(-0.397704636405,-22.31312914129,
    -18.20937668646));
#7961 = CARTESIAN_POINT('',(-0.30936531939,-12.29374867719,
    -18.29771608585));
#7962 = CARTESIAN_POINT('',(-0.30936531939,-22.29374867719,
    -18.29771608585));
#7963 = CARTESIAN_POINT('',(-0.253405382251,-12.28351394768,
    -18.3361353661));
#7964 = CARTESIAN_POINT('',(-0.253405382251,-22.28351394768,
    -18.3361353661));
#7965 = CARTESIAN_POINT('',(-0.130326739222,-12.26910044035,
    -18.38728794656));
#7966 = CARTESIAN_POINT('',(-0.130326739222,-22.26910044035,
    -18.38728794656));
#7967 = CARTESIAN_POINT('',(-6.317734135548E-02,-12.26510892335,
    -18.39999998574));
#7968 = CARTESIAN_POINT('',(-6.317734135548E-02,-22.26510892335,
    -18.39999998574));
#7969 = CARTESIAN_POINT('',(6.322790529199E-02,-12.26510697747,
    -18.39999998574));
#7970 = CARTESIAN_POINT('',(6.322790529199E-02,-22.26510697747,
    -18.39999998574));
#7971 = CARTESIAN_POINT('',(0.130377193207,-12.26909639959,
    -18.38728803167));
#7972 = CARTESIAN_POINT('',(0.130377193207,-22.26909639959,
    -18.38728803167));
#7973 = CARTESIAN_POINT('',(0.25345577698,-12.28350600384,-18.3361355933
    ));
#7974 = CARTESIAN_POINT('',(0.25345577698,-22.28350600384,-18.3361355933
    ));
#7975 = CARTESIAN_POINT('',(0.309415757373,-12.2937389222,
    -18.29771636561));
#7976 = CARTESIAN_POINT('',(0.309415757373,-22.2937389222,
    -18.29771636561));
#7977 = CARTESIAN_POINT('',(0.397755280577,-12.31311649413,
    -18.20937692477));
#7978 = CARTESIAN_POINT('',(0.397755280577,-22.31311649413,
    -18.20937692477));
#7979 = CARTESIAN_POINT('',(0.436163958193,-12.3235631684,
    -18.15342247872));
#7980 = CARTESIAN_POINT('',(0.436163958193,-22.3235631684,
    -18.15342247872));
#7981 = CARTESIAN_POINT('',(0.48730865588,-12.33846934549,
    -18.03036406979));
#7982 = CARTESIAN_POINT('',(0.48730865588,-22.33846934549,
    -18.03036406979));
#7983 = CARTESIAN_POINT('',(0.500025393246,-12.34268135218,
    -17.96322224145));
#7984 = CARTESIAN_POINT('',(0.500025393246,-22.34268135218,
    -17.96322224145));
#7985 = CARTESIAN_POINT('',(0.500025393246,-12.34268135218,
    -17.83677774364));
#7986 = CARTESIAN_POINT('',(0.500025393246,-22.34268135218,
    -17.83677774364));
#7987 = CARTESIAN_POINT('',(0.48730865588,-12.33846934549,-17.7696359153
    ));
#7988 = CARTESIAN_POINT('',(0.48730865588,-22.33846934549,-17.7696359153
    ));
#7989 = CARTESIAN_POINT('',(0.436163958193,-12.3235631684,
    -17.64657750637));
#7990 = CARTESIAN_POINT('',(0.436163958193,-22.3235631684,
    -17.64657750637));
#7991 = CARTESIAN_POINT('',(0.397755280577,-12.31311649413,
    -17.59062306032));
#7992 = CARTESIAN_POINT('',(0.397755280577,-22.31311649413,
    -17.59062306032));
#7993 = CARTESIAN_POINT('',(0.309415757373,-12.2937389222,
    -17.50228361948));
#7994 = CARTESIAN_POINT('',(0.309415757373,-22.2937389222,
    -17.50228361948));
#7995 = CARTESIAN_POINT('',(0.25345577698,-12.28350600384,
    -17.46386439179));
#7996 = CARTESIAN_POINT('',(0.25345577698,-22.28350600384,
    -17.46386439179));
#7997 = CARTESIAN_POINT('',(0.130377193207,-12.26909639959,
    -17.41271195342));
#7998 = CARTESIAN_POINT('',(0.130377193207,-22.26909639959,
    -17.41271195342));
#7999 = CARTESIAN_POINT('',(6.322790529199E-02,-12.26510697747,
    -17.39999999935));
#8000 = CARTESIAN_POINT('',(6.322790529199E-02,-22.26510697747,
    -17.39999999935));
#8001 = CARTESIAN_POINT('',(2.540005100475E-05,-12.26510795041,
    -17.39999999935));
#8002 = CARTESIAN_POINT('',(2.540005100475E-05,-22.26510795041,
    -17.39999999935));
#8003 = ADVANCED_FACE('',(#8004),#8073,.F.);
#8004 = FACE_BOUND('',#8005,.F.);
#8005 = EDGE_LOOP('',(#8006,#8014,#8015,#8016,#8025,#8066));
#8006 = ORIENTED_EDGE('',*,*,#8007,.T.);
#8007 = EDGE_CURVE('',#8008,#6608,#8010,.T.);
#8008 = VERTEX_POINT('',#8009);
#8009 = CARTESIAN_POINT('',(2.540005119805E-05,14.184968249733,-17.4));
#8010 = LINE('',#8011,#8012);
#8011 = CARTESIAN_POINT('',(2.540005100488E-05,10.884968250124,
    -17.39999999935));
#8012 = VECTOR('',#8013,1.);
#8013 = DIRECTION('',(0.,1.,0.));
#8014 = ORIENTED_EDGE('',*,*,#6607,.T.);
#8015 = ORIENTED_EDGE('',*,*,#8007,.F.);
#8016 = ORIENTED_EDGE('',*,*,#8017,.T.);
#8017 = EDGE_CURVE('',#8008,#8018,#8020,.T.);
#8018 = VERTEX_POINT('',#8019);
#8019 = CARTESIAN_POINT('',(5.082884547963E-05,14.184968249146,-17.4));
#8020 = B_SPLINE_CURVE_WITH_KNOTS('',3,(#8021,#8022,#8023,#8024),
  .UNSPECIFIED.,.F.,.F.,(4,4),(0.,2.542884100839E-06),
  .PIECEWISE_BEZIER_KNOTS.);
#8021 = CARTESIAN_POINT('',(2.540005100488E-05,14.184968249733,
    -17.39999999935));
#8022 = CARTESIAN_POINT('',(3.387633134001E-05,14.184968249603,
    -17.39999999935));
#8023 = CARTESIAN_POINT('',(4.235259616705E-05,14.184968249405,
    -17.39999999957));
#8024 = CARTESIAN_POINT('',(5.082884547862E-05,14.18496824914,-17.4));
#8025 = ORIENTED_EDGE('',*,*,#8026,.T.);
#8026 = EDGE_CURVE('',#8018,#8027,#8029,.T.);
#8027 = VERTEX_POINT('',#8028);
#8028 = CARTESIAN_POINT('',(-1.878739637044E-08,14.184968249928,-17.4));
#8029 = B_SPLINE_CURVE_WITH_KNOTS('',3,(#8030,#8031,#8032,#8033,#8034,
    #8035,#8036,#8037,#8038,#8039,#8040,#8041,#8042,#8043,#8044,#8045,
    #8046,#8047,#8048,#8049,#8050,#8051,#8052,#8053,#8054,#8055,#8056,
    #8057,#8058,#8059,#8060,#8061,#8062,#8063,#8064,#8065),
  .UNSPECIFIED.,.T.,.F.,(1,3,2,2,2,2,2,2,2,2,2,2,2,2,2,2,2,2,3,1),(
    -1.351414225407E-02,0.,1.924953369369E-02,3.820727466714E-02,
    5.834906726255E-02,7.754364097043E-02,9.661963098098E-02,
    0.115581686918,0.135828524571,0.155172673891,0.174103118226,
    0.1930624094,0.212989697176,0.232568558523,0.251239376366,
    0.270179078302,0.289842176024,0.303610118583,0.317124260837,
    0.336373794531),.UNSPECIFIED.);
#8030 = CARTESIAN_POINT('',(2.540005100488E-05,14.184968249733,
    -17.39999999935));
#8031 = CARTESIAN_POINT('',(6.419051235569E-02,14.184967261978,
    -17.39999999935));
#8032 = CARTESIAN_POINT('',(0.127466944755,14.181115269231,
    -17.41232388246));
#8033 = CARTESIAN_POINT('',(0.244932553506,14.167741697626,
    -17.45958270496));
#8034 = CARTESIAN_POINT('',(0.298064579987,14.158485394474,
    -17.49371606741));
#8035 = CARTESIAN_POINT('',(0.391611447894,14.138579142071,
    -17.58210699996));
#8036 = CARTESIAN_POINT('',(0.430398006384,14.128092256866,
    -17.63689884616));
#8037 = CARTESIAN_POINT('',(0.483023882578,14.112910655459,
    -17.75596104945));
#8038 = CARTESIAN_POINT('',(0.497478095565,14.108188219269,
    -17.8185441639));
#8039 = CARTESIAN_POINT('',(0.501945544101,14.106768533097,
    -17.94604315982));
#8040 = CARTESIAN_POINT('',(0.492051019401,14.110049639417,
    -18.00913750261));
#8041 = CARTESIAN_POINT('',(0.449505024302,14.1227134814,-18.12786098656
    ));
#8042 = CARTESIAN_POINT('',(0.417410928016,14.13185599944,
    -18.18228646859));
#8043 = CARTESIAN_POINT('',(0.332414840979,14.151765223385,
    -18.27941991371));
#8044 = CARTESIAN_POINT('',(0.278817511119,14.162375979698,
    -18.32043137229));
#8045 = CARTESIAN_POINT('',(0.161000078925,14.178121302753,
    -18.37768556702));
#8046 = CARTESIAN_POINT('',(9.845696694311E-02,14.183284272334,
    -18.39443732467));
#8047 = CARTESIAN_POINT('',(-2.881745112227E-02,14.185917635339,
    -18.40313936664));
#8048 = CARTESIAN_POINT('',(-9.178396493296E-02,14.183511067202,
    -18.39550162794));
#8049 = CARTESIAN_POINT('',(-0.211660805824,14.172444495214,
    -18.35733119685));
#8050 = CARTESIAN_POINT('',(-0.2672324325,14.163931575215,
    -18.32716938397));
#8051 = CARTESIAN_POINT('',(-0.366567508536,14.144570036143,
    -18.2462925448));
#8052 = CARTESIAN_POINT('',(-0.408886708538,14.133830884057,
    -18.1951675765));
#8053 = CARTESIAN_POINT('',(-0.470801903921,14.116694911221,
    -18.08028993925));
#8054 = CARTESIAN_POINT('',(-0.490269985957,14.110464269823,
    -18.01775793245));
#8055 = CARTESIAN_POINT('',(-0.50375044112,14.106204424422,
    -17.8910148607));
#8056 = CARTESIAN_POINT('',(-0.498736454989,14.107880069341,
    -17.82868988502));
#8057 = CARTESIAN_POINT('',(-0.465951852669,14.117904419433,
    -17.70810063042));
#8058 = CARTESIAN_POINT('',(-0.438214710753,14.126176879757,
    -17.65132453268));
#8059 = CARTESIAN_POINT('',(-0.362230068267,14.145210902018,
    -17.54933207744));
#8060 = CARTESIAN_POINT('',(-0.31374561425,14.155842522834,
    -17.50533066159));
#8061 = CARTESIAN_POINT('',(-0.219203056992,14.170817886663,
    -17.44832985067));
#8062 = CARTESIAN_POINT('',(-0.177140404545,14.176028547878,
    -17.43020704313));
#8063 = CARTESIAN_POINT('',(-8.975138401379E-02,14.183097736484,
    -17.40608015361));
#8064 = CARTESIAN_POINT('',(-4.502174079056E-02,14.184968943188,
    -17.39999999935));
#8065 = CARTESIAN_POINT('',(2.540005100488E-05,14.184968249733,
    -17.39999999935));
#8066 = ORIENTED_EDGE('',*,*,#8067,.T.);
#8067 = EDGE_CURVE('',#8027,#8008,#8068,.T.);
#8068 = B_SPLINE_CURVE_WITH_KNOTS('',3,(#8069,#8070,#8071,#8072),
  .UNSPECIFIED.,.F.,.F.,(4,4),(0.317121718962,0.317124260837),
  .PIECEWISE_BEZIER_KNOTS.);
#8069 = CARTESIAN_POINT('',(-1.866988862315E-08,14.184968249926,-17.4));
#8070 = CARTESIAN_POINT('',(8.454225838506E-06,14.184968249928,
    -17.39999999957));
#8071 = CARTESIAN_POINT('',(1.69271328055E-05,14.184968249864,
    -17.39999999935));
#8072 = CARTESIAN_POINT('',(2.540005100488E-05,14.184968249733,
    -17.39999999935));
#8073 = B_SPLINE_SURFACE_WITH_KNOTS('',3,1,(
    (#8074,#8075)
    ,(#8076,#8077)
    ,(#8078,#8079)
    ,(#8080,#8081)
    ,(#8082,#8083)
    ,(#8084,#8085)
    ,(#8086,#8087)
    ,(#8088,#8089)
    ,(#8090,#8091)
    ,(#8092,#8093)
    ,(#8094,#8095)
    ,(#8096,#8097)
    ,(#8098,#8099)
    ,(#8100,#8101)
    ,(#8102,#8103)
    ,(#8104,#8105)
    ,(#8106,#8107)
    ,(#8108,#8109)
    ,(#8110,#8111)
    ,(#8112,#8113)
    ,(#8114,#8115)
    ,(#8116,#8117)
    ,(#8118,#8119)
    ,(#8120,#8121)
    ,(#8122,#8123)
    ,(#8124,#8125)
    ,(#8126,#8127)
    ,(#8128,#8129)
    ,(#8130,#8131)
    ,(#8132,#8133)
    ,(#8134,#8135)
    ,(#8136,#8137)
    ,(#8138,#8139)
    ,(#8140,#8141)
    ,(#8142,#8143
    )),.UNSPECIFIED.,.T.,.F.,.F.,(1,3,2,2,2,3,2,2,2,2,2,2,2,2,2,2,2,3,1)
  ,(2,2),(-0.398235500537,-0.379274748962,-0.360313926538,
    -0.341353104114,-0.322386419208,-0.303419734302,-0.284453049396,
    -0.26548636449,-0.246525542066,-0.227564719642,-0.208603968067,
    -0.189643216492,-0.170676541822,-0.151709867151,-0.13274319248,
    -0.113776517809,-9.481576623491E-02,-7.585501466037E-02,
    -5.689419223618E-02),(0.,0.7),.UNSPECIFIED.);
#8074 = CARTESIAN_POINT('',(2.540005100475E-05,10.884968250124,
    -17.39999999935));
#8075 = CARTESIAN_POINT('',(2.540005100475E-05,17.884968250125,
    -17.39999999935));
#8076 = CARTESIAN_POINT('',(6.322814145749E-02,10.884969223066,
    -17.39999999935));
#8077 = CARTESIAN_POINT('',(6.322814145749E-02,17.884969223066,
    -17.39999999935));
#8078 = CARTESIAN_POINT('',(0.130377539324,10.888960740061,
    -17.41271203853));
#8079 = CARTESIAN_POINT('',(0.130377539324,17.888960740061,
    -17.41271203853));
#8080 = CARTESIAN_POINT('',(0.253456182353,10.903374247394,
    -17.46386461899));
#8081 = CARTESIAN_POINT('',(0.253456182353,17.903374247394,
    -17.46386461899));
#8082 = CARTESIAN_POINT('',(0.309416119492,10.913608976903,
    -17.50228389924));
#8083 = CARTESIAN_POINT('',(0.309416119492,17.913608976903,
    -17.50228389924));
#8084 = CARTESIAN_POINT('',(0.397755436507,10.932989441,-17.59062329863)
  );
#8085 = CARTESIAN_POINT('',(0.397755436507,17.932989441,-17.59062329863)
  );
#8086 = CARTESIAN_POINT('',(0.436164020649,10.943437402777,
    -17.64657763461));
#8087 = CARTESIAN_POINT('',(0.436164020649,17.943437402777,
    -17.64657763461));
#8088 = CARTESIAN_POINT('',(0.487308642118,10.958345338009,
    -17.76963590422));
#8089 = CARTESIAN_POINT('',(0.487308642118,17.958345338009,
    -17.76963590422));
#8090 = CARTESIAN_POINT('',(0.500025393246,10.962557805386,
    -17.83677770952));
#8091 = CARTESIAN_POINT('',(0.500025393246,17.962557805386,
    -17.83677770952));
#8092 = CARTESIAN_POINT('',(0.500025393246,10.962557805386,
    -17.89999999254));
#8093 = CARTESIAN_POINT('',(0.500025393246,17.962557805386,
    -17.89999999254));
#8094 = CARTESIAN_POINT('',(0.500025393246,10.962557805386,
    -17.96322227556));
#8095 = CARTESIAN_POINT('',(0.500025393246,17.962557805386,
    -17.96322227556));
#8096 = CARTESIAN_POINT('',(0.487308642118,10.958345338009,
    -18.03036408087));
#8097 = CARTESIAN_POINT('',(0.487308642118,17.958345338009,
    -18.03036408087));
#8098 = CARTESIAN_POINT('',(0.436164020649,10.943437402777,
    -18.15342235048));
#8099 = CARTESIAN_POINT('',(0.436164020649,17.943437402777,
    -18.15342235048));
#8100 = CARTESIAN_POINT('',(0.397755436507,10.932989441,-18.20937668646)
  );
#8101 = CARTESIAN_POINT('',(0.397755436507,17.932989441,-18.20937668646)
  );
#8102 = CARTESIAN_POINT('',(0.309416119492,10.913608976903,
    -18.29771608585));
#8103 = CARTESIAN_POINT('',(0.309416119492,17.913608976903,
    -18.29771608585));
#8104 = CARTESIAN_POINT('',(0.253456182353,10.903374247394,
    -18.3361353661));
#8105 = CARTESIAN_POINT('',(0.253456182353,17.903374247394,
    -18.3361353661));
#8106 = CARTESIAN_POINT('',(0.130377539324,10.888960740061,
    -18.38728794656));
#8107 = CARTESIAN_POINT('',(0.130377539324,17.888960740061,
    -18.38728794656));
#8108 = CARTESIAN_POINT('',(6.322814145749E-02,10.884969223066,
    -18.39999998574));
#8109 = CARTESIAN_POINT('',(6.322814145749E-02,17.884969223066,
    -18.39999998574));
#8110 = CARTESIAN_POINT('',(-6.317710518998E-02,10.884967277187,
    -18.39999998574));
#8111 = CARTESIAN_POINT('',(-6.317710518998E-02,17.884967277187,
    -18.39999998574));
#8112 = CARTESIAN_POINT('',(-0.130326393105,10.888956699304,
    -18.38728803167));
#8113 = CARTESIAN_POINT('',(-0.130326393105,17.888956699304,
    -18.38728803167));
#8114 = CARTESIAN_POINT('',(-0.253404976878,10.903366303558,
    -18.3361355933));
#8115 = CARTESIAN_POINT('',(-0.253404976878,17.903366303558,
    -18.3361355933));
#8116 = CARTESIAN_POINT('',(-0.309364957271,10.913599221918,
    -18.29771636561));
#8117 = CARTESIAN_POINT('',(-0.309364957271,17.913599221918,
    -18.29771636561));
#8118 = CARTESIAN_POINT('',(-0.397704480475,10.932976793848,
    -18.20937692477));
#8119 = CARTESIAN_POINT('',(-0.397704480475,17.932976793848,
    -18.20937692477));
#8120 = CARTESIAN_POINT('',(-0.436113158091,10.943423468111,
    -18.15342247872));
#8121 = CARTESIAN_POINT('',(-0.436113158091,17.943423468111,
    -18.15342247872));
#8122 = CARTESIAN_POINT('',(-0.487257855778,10.958329645207,
    -18.03036406979));
#8123 = CARTESIAN_POINT('',(-0.487257855778,17.958329645207,
    -18.03036406979));
#8124 = CARTESIAN_POINT('',(-0.499974593144,10.962541651893,
    -17.96322224145));
#8125 = CARTESIAN_POINT('',(-0.499974593144,17.962541651893,
    -17.96322224145));
#8126 = CARTESIAN_POINT('',(-0.499974593144,10.962541651893,
    -17.83677774364));
#8127 = CARTESIAN_POINT('',(-0.499974593144,17.962541651893,
    -17.83677774364));
#8128 = CARTESIAN_POINT('',(-0.487257855778,10.958329645207,
    -17.7696359153));
#8129 = CARTESIAN_POINT('',(-0.487257855778,17.958329645207,
    -17.7696359153));
#8130 = CARTESIAN_POINT('',(-0.436113158091,10.943423468111,
    -17.64657750637));
#8131 = CARTESIAN_POINT('',(-0.436113158091,17.943423468111,
    -17.64657750637));
#8132 = CARTESIAN_POINT('',(-0.397704480475,10.932976793848,
    -17.59062306032));
#8133 = CARTESIAN_POINT('',(-0.397704480475,17.932976793848,
    -17.59062306032));
#8134 = CARTESIAN_POINT('',(-0.309364957271,10.913599221918,
    -17.50228361948));
#8135 = CARTESIAN_POINT('',(-0.309364957271,17.913599221918,
    -17.50228361948));
#8136 = CARTESIAN_POINT('',(-0.253404976878,10.903366303558,
    -17.46386439179));
#8137 = CARTESIAN_POINT('',(-0.253404976878,17.903366303558,
    -17.46386439179));
#8138 = CARTESIAN_POINT('',(-0.130326393105,10.888956699304,
    -17.41271195342));
#8139 = CARTESIAN_POINT('',(-0.130326393105,17.888956699304,
    -17.41271195342));
#8140 = CARTESIAN_POINT('',(-6.317710518998E-02,10.884967277187,
    -17.39999999935));
#8141 = CARTESIAN_POINT('',(-6.317710518998E-02,17.884967277187,
    -17.39999999935));
#8142 = CARTESIAN_POINT('',(2.540005100475E-05,10.884968250124,
    -17.39999999935));
#8143 = CARTESIAN_POINT('',(2.540005100475E-05,17.884968250125,
    -17.39999999935));
#8144 = ADVANCED_FACE('',(#8145,#8150),#8244,.F.);
#8145 = FACE_BOUND('',#8146,.F.);
#8146 = EDGE_LOOP('',(#8147,#8148,#8149));
#8147 = ORIENTED_EDGE('',*,*,#8067,.F.);
#8148 = ORIENTED_EDGE('',*,*,#8026,.F.);
#8149 = ORIENTED_EDGE('',*,*,#8017,.F.);
#8150 = FACE_BOUND('',#8151,.F.);
#8151 = EDGE_LOOP('',(#8152,#8161,#8168,#8175,#8182,#8190,#8199,#8207,
    #8216,#8224,#8231,#8232,#8233,#8234,#8235,#8236,#8243));
#8152 = ORIENTED_EDGE('',*,*,#8153,.F.);
#8153 = EDGE_CURVE('',#8027,#8154,#8156,.T.);
#8154 = VERTEX_POINT('',#8155);
#8155 = CARTESIAN_POINT('',(-1.65,12.534968249929,-17.39999999935));
#8156 = CIRCLE('',#8157,1.65);
#8157 = AXIS2_PLACEMENT_3D('',#8158,#8159,#8160);
#8158 = CARTESIAN_POINT('',(5.481726184087E-15,12.534968249929,-17.4));
#8159 = DIRECTION('',(0.,0.,1.));
#8160 = DIRECTION('',(-1.,0.,0.));
#8161 = ORIENTED_EDGE('',*,*,#8162,.F.);
#8162 = EDGE_CURVE('',#8008,#8027,#8163,.T.);
#8163 = CIRCLE('',#8164,1.65);
#8164 = AXIS2_PLACEMENT_3D('',#8165,#8166,#8167);
#8165 = CARTESIAN_POINT('',(5.481726184087E-15,12.534968249929,-17.4));
#8166 = DIRECTION('',(0.,0.,1.));
#8167 = DIRECTION('',(-1.,0.,0.));
#8168 = ORIENTED_EDGE('',*,*,#8169,.F.);
#8169 = EDGE_CURVE('',#8018,#8008,#8170,.T.);
#8170 = CIRCLE('',#8171,1.65);
#8171 = AXIS2_PLACEMENT_3D('',#8172,#8173,#8174);
#8172 = CARTESIAN_POINT('',(5.481726184087E-15,12.534968249929,-17.4));
#8173 = DIRECTION('',(0.,0.,1.));
#8174 = DIRECTION('',(-1.,0.,0.));
#8175 = ORIENTED_EDGE('',*,*,#8176,.F.);
#8176 = EDGE_CURVE('',#8154,#8018,#8177,.T.);
#8177 = CIRCLE('',#8178,1.65);
#8178 = AXIS2_PLACEMENT_3D('',#8179,#8180,#8181);
#8179 = CARTESIAN_POINT('',(5.481726184087E-15,12.534968249929,-17.4));
#8180 = DIRECTION('',(0.,0.,1.));
#8181 = DIRECTION('',(-1.,0.,0.));
#8182 = ORIENTED_EDGE('',*,*,#8183,.F.);
#8183 = EDGE_CURVE('',#8184,#8154,#8186,.T.);
#8184 = VERTEX_POINT('',#8185);
#8185 = CARTESIAN_POINT('',(-1.65,12.534968249929,-22.4));
#8186 = LINE('',#8187,#8188);
#8187 = CARTESIAN_POINT('',(-1.65,12.534968249929,-19.4));
#8188 = VECTOR('',#8189,1.);
#8189 = DIRECTION('',(0.,0.,1.));
#8190 = ORIENTED_EDGE('',*,*,#8191,.T.);
#8191 = EDGE_CURVE('',#8184,#8192,#8194,.T.);
#8192 = VERTEX_POINT('',#8193);
#8193 = CARTESIAN_POINT('',(-0.853973373811,11.123150458278,-22.4));
#8194 = CIRCLE('',#8195,1.65);
#8195 = AXIS2_PLACEMENT_3D('',#8196,#8197,#8198);
#8196 = CARTESIAN_POINT('',(4.396498263205E-15,12.534968249929,-22.4));
#8197 = DIRECTION('',(0.,0.,1.));
#8198 = DIRECTION('',(1.,0.,-0.));
#8199 = ORIENTED_EDGE('',*,*,#8200,.F.);
#8200 = EDGE_CURVE('',#8201,#8192,#8203,.T.);
#8201 = VERTEX_POINT('',#8202);
#8202 = CARTESIAN_POINT('',(-0.853973373811,11.123150458278,-19.4));
#8203 = LINE('',#8204,#8205);
#8204 = CARTESIAN_POINT('',(-0.853973373811,11.123150458278,-19.4));
#8205 = VECTOR('',#8206,1.);
#8206 = DIRECTION('',(0.,0.,-1.));
#8207 = ORIENTED_EDGE('',*,*,#8208,.T.);
#8208 = EDGE_CURVE('',#8201,#8209,#8211,.T.);
#8209 = VERTEX_POINT('',#8210);
#8210 = CARTESIAN_POINT('',(0.853973373811,11.123150458278,-19.4));
#8211 = CIRCLE('',#8212,1.65);
#8212 = AXIS2_PLACEMENT_3D('',#8213,#8214,#8215);
#8213 = CARTESIAN_POINT('',(5.481726184087E-15,12.534968249929,-19.4));
#8214 = DIRECTION('',(0.,0.,1.));
#8215 = DIRECTION('',(-1.,0.,0.));
#8216 = ORIENTED_EDGE('',*,*,#8217,.T.);
#8217 = EDGE_CURVE('',#8209,#8218,#8220,.T.);
#8218 = VERTEX_POINT('',#8219);
#8219 = CARTESIAN_POINT('',(0.853973373811,11.123150458278,-22.4));
#8220 = LINE('',#8221,#8222);
#8221 = CARTESIAN_POINT('',(0.853973373811,11.123150458278,-19.4));
#8222 = VECTOR('',#8223,1.);
#8223 = DIRECTION('',(0.,0.,-1.));
#8224 = ORIENTED_EDGE('',*,*,#8225,.T.);
#8225 = EDGE_CURVE('',#8218,#6661,#8226,.T.);
#8226 = CIRCLE('',#8227,1.65);
#8227 = AXIS2_PLACEMENT_3D('',#8228,#8229,#8230);
#8228 = CARTESIAN_POINT('',(4.396498263205E-15,12.534968249929,-22.4));
#8229 = DIRECTION('',(0.,0.,1.));
#8230 = DIRECTION('',(1.,0.,-0.));
#8231 = ORIENTED_EDGE('',*,*,#6668,.T.);
#8232 = ORIENTED_EDGE('',*,*,#7522,.T.);
#8233 = ORIENTED_EDGE('',*,*,#7504,.F.);
#8234 = ORIENTED_EDGE('',*,*,#7464,.T.);
#8235 = ORIENTED_EDGE('',*,*,#6486,.T.);
#8236 = ORIENTED_EDGE('',*,*,#8237,.T.);
#8237 = EDGE_CURVE('',#6487,#8184,#8238,.T.);
#8238 = CIRCLE('',#8239,1.65);
#8239 = AXIS2_PLACEMENT_3D('',#8240,#8241,#8242);
#8240 = CARTESIAN_POINT('',(4.396498263205E-15,12.534968249929,-22.4));
#8241 = DIRECTION('',(0.,0.,1.));
#8242 = DIRECTION('',(1.,0.,-0.));
#8243 = ORIENTED_EDGE('',*,*,#8183,.T.);
#8244 = CYLINDRICAL_SURFACE('',#8245,1.65);
#8245 = AXIS2_PLACEMENT_3D('',#8246,#8247,#8248);
#8246 = CARTESIAN_POINT('',(4.396498263205E-15,12.534968249929,-19.4));
#8247 = DIRECTION('',(0.,0.,-1.));
#8248 = DIRECTION('',(1.,0.,0.));
#8249 = ADVANCED_FACE('',(#8250),#8256,.F.);
#8250 = FACE_BOUND('',#8251,.T.);
#8251 = EDGE_LOOP('',(#8252,#8253,#8254,#8255));
#8252 = ORIENTED_EDGE('',*,*,#7009,.F.);
#8253 = ORIENTED_EDGE('',*,*,#7018,.F.);
#8254 = ORIENTED_EDGE('',*,*,#7025,.F.);
#8255 = ORIENTED_EDGE('',*,*,#7032,.F.);
#8256 = PLANE('',#8257);
#8257 = AXIS2_PLACEMENT_3D('',#8258,#8259,#8260);
#8258 = CARTESIAN_POINT('',(5.080010200942E-05,-13.91510795022,-17.4));
#8259 = DIRECTION('',(0.,0.,1.));
#8260 = DIRECTION('',(-1.,0.,0.));
#8261 = ADVANCED_FACE('',(#8262),#8268,.F.);
#8262 = FACE_BOUND('',#8263,.T.);
#8263 = EDGE_LOOP('',(#8264,#8265,#8266,#8267));
#8264 = ORIENTED_EDGE('',*,*,#8153,.F.);
#8265 = ORIENTED_EDGE('',*,*,#8162,.F.);
#8266 = ORIENTED_EDGE('',*,*,#8169,.F.);
#8267 = ORIENTED_EDGE('',*,*,#8176,.F.);
#8268 = PLANE('',#8269);
#8269 = AXIS2_PLACEMENT_3D('',#8270,#8271,#8272);
#8270 = CARTESIAN_POINT('',(5.481726184087E-15,12.534968249929,-17.4));
#8271 = DIRECTION('',(0.,0.,1.));
#8272 = DIRECTION('',(-1.,0.,0.));
#8273 = ADVANCED_FACE('',(#8274),#8319,.T.);
#8274 = FACE_BOUND('',#8275,.T.);
#8275 = EDGE_LOOP('',(#8276,#8277,#8278,#8279,#8280,#8281,#8289,#8297,
    #8305,#8313));
#8276 = ORIENTED_EDGE('',*,*,#7322,.F.);
#8277 = ORIENTED_EDGE('',*,*,#7259,.F.);
#8278 = ORIENTED_EDGE('',*,*,#7308,.T.);
#8279 = ORIENTED_EDGE('',*,*,#7448,.F.);
#8280 = ORIENTED_EDGE('',*,*,#7422,.F.);
#8281 = ORIENTED_EDGE('',*,*,#8282,.F.);
#8282 = EDGE_CURVE('',#8283,#7415,#8285,.T.);
#8283 = VERTEX_POINT('',#8284);
#8284 = CARTESIAN_POINT('',(9.667603808238,-3.226849541722,-22.4));
#8285 = LINE('',#8286,#8287);
#8286 = CARTESIAN_POINT('',(9.667603808238,3.823150458278,-22.4));
#8287 = VECTOR('',#8288,1.);
#8288 = DIRECTION('',(6.29913772837E-16,1.,0.));
#8289 = ORIENTED_EDGE('',*,*,#8290,.F.);
#8290 = EDGE_CURVE('',#8291,#8283,#8293,.T.);
#8291 = VERTEX_POINT('',#8292);
#8292 = CARTESIAN_POINT('',(9.667603808238,-3.226849541722,-19.4));
#8293 = LINE('',#8294,#8295);
#8294 = CARTESIAN_POINT('',(9.667603808238,-3.226849541722,-19.4));
#8295 = VECTOR('',#8296,1.);
#8296 = DIRECTION('',(0.,0.,-1.));
#8297 = ORIENTED_EDGE('',*,*,#8298,.F.);
#8298 = EDGE_CURVE('',#8299,#8291,#8301,.T.);
#8299 = VERTEX_POINT('',#8300);
#8300 = CARTESIAN_POINT('',(9.667603808238,3.823150458278,-19.4));
#8301 = LINE('',#8302,#8303);
#8302 = CARTESIAN_POINT('',(9.667603808238,-1.613424770861,-19.4));
#8303 = VECTOR('',#8304,1.);
#8304 = DIRECTION('',(-6.29913772837E-16,-1.,0.));
#8305 = ORIENTED_EDGE('',*,*,#8306,.T.);
#8306 = EDGE_CURVE('',#8299,#8307,#8309,.T.);
#8307 = VERTEX_POINT('',#8308);
#8308 = CARTESIAN_POINT('',(9.667603808238,3.823150458278,-22.4));
#8309 = LINE('',#8310,#8311);
#8310 = CARTESIAN_POINT('',(9.667603808238,3.823150458278,-19.4));
#8311 = VECTOR('',#8312,1.);
#8312 = DIRECTION('',(0.,0.,-1.));
#8313 = ORIENTED_EDGE('',*,*,#8314,.F.);
#8314 = EDGE_CURVE('',#7323,#8307,#8315,.T.);
#8315 = LINE('',#8316,#8317);
#8316 = CARTESIAN_POINT('',(9.667603808238,3.823150458278,-22.4));
#8317 = VECTOR('',#8318,1.);
#8318 = DIRECTION('',(6.29913772837E-16,1.,0.));
#8319 = PLANE('',#8320);
#8320 = AXIS2_PLACEMENT_3D('',#8321,#8322,#8323);
#8321 = CARTESIAN_POINT('',(9.667603808238,-3.226849541722,-19.4));
#8322 = DIRECTION('',(-1.,6.29913772837E-16,0.));
#8323 = DIRECTION('',(6.29913772837E-16,1.,0.));
#8324 = ADVANCED_FACE('',(#8325),#8365,.T.);
#8325 = FACE_BOUND('',#8326,.T.);
#8326 = EDGE_LOOP('',(#8327,#8328,#8329,#8330,#8338,#8345,#8346,#8347,
    #8348,#8357,#8364));
#8327 = ORIENTED_EDGE('',*,*,#6505,.F.);
#8328 = ORIENTED_EDGE('',*,*,#8237,.T.);
#8329 = ORIENTED_EDGE('',*,*,#8191,.T.);
#8330 = ORIENTED_EDGE('',*,*,#8331,.T.);
#8331 = EDGE_CURVE('',#8192,#8332,#8334,.T.);
#8332 = VERTEX_POINT('',#8333);
#8333 = CARTESIAN_POINT('',(-2.382396191762,11.123150458278,-22.4));
#8334 = LINE('',#8335,#8336);
#8335 = CARTESIAN_POINT('',(-2.382396191762,11.123150458278,-22.4));
#8336 = VECTOR('',#8337,1.);
#8337 = DIRECTION('',(-1.,0.,0.));
#8338 = ORIENTED_EDGE('',*,*,#8339,.T.);
#8339 = EDGE_CURVE('',#8332,#7735,#8340,.T.);
#8340 = CIRCLE('',#8341,7.3);
#8341 = AXIS2_PLACEMENT_3D('',#8342,#8343,#8344);
#8342 = CARTESIAN_POINT('',(-2.382396191762,3.823150458278,-22.4));
#8343 = DIRECTION('',(0.,0.,1.));
#8344 = DIRECTION('',(-1.,8.364694021148E-16,0.));
#8345 = ORIENTED_EDGE('',*,*,#7734,.T.);
#8346 = ORIENTED_EDGE('',*,*,#7840,.F.);
#8347 = ORIENTED_EDGE('',*,*,#7886,.T.);
#8348 = ORIENTED_EDGE('',*,*,#8349,.T.);
#8349 = EDGE_CURVE('',#7879,#8350,#8352,.T.);
#8350 = VERTEX_POINT('',#8351);
#8351 = CARTESIAN_POINT('',(-4.598849374122,12.855167690901,-22.4));
#8352 = CIRCLE('',#8353,9.3);
#8353 = AXIS2_PLACEMENT_3D('',#8354,#8355,#8356);
#8354 = CARTESIAN_POINT('',(-2.382396191762,3.823150458278,-22.4));
#8355 = DIRECTION('',(0.,0.,-1.));
#8356 = DIRECTION('',(-1.,5.968940992608E-16,0.));
#8357 = ORIENTED_EDGE('',*,*,#8358,.F.);
#8358 = EDGE_CURVE('',#6521,#8350,#8359,.T.);
#8359 = CIRCLE('',#8360,3.25);
#8360 = AXIS2_PLACEMENT_3D('',#8361,#8362,#8363);
#8361 = CARTESIAN_POINT('',(-5.373416346453,16.011517799076,-22.4));
#8362 = DIRECTION('',(0.,0.,-1.));
#8363 = DIRECTION('',(0.579888568644,-0.814695800871,0.));
#8364 = ORIENTED_EDGE('',*,*,#6520,.T.);
#8365 = PLANE('',#8366);
#8366 = AXIS2_PLACEMENT_3D('',#8367,#8368,#8369);
#8367 = CARTESIAN_POINT('',(-7.396191761992E-03,-0.690069850146,-22.4));
#8368 = DIRECTION('',(0.,0.,-1.));
#8369 = DIRECTION('',(1.,0.,0.));
#8370 = ADVANCED_FACE('',(#8371),#8412,.T.);
#8371 = FACE_BOUND('',#8372,.T.);
#8372 = EDGE_LOOP('',(#8373,#8374,#8375,#8376,#8377,#8378,#8387,#8394,
    #8395,#8396,#8397,#8406));
#8373 = ORIENTED_EDGE('',*,*,#7213,.F.);
#8374 = ORIENTED_EDGE('',*,*,#7179,.T.);
#8375 = ORIENTED_EDGE('',*,*,#7047,.T.);
#8376 = ORIENTED_EDGE('',*,*,#7228,.F.);
#8377 = ORIENTED_EDGE('',*,*,#6784,.T.);
#8378 = ORIENTED_EDGE('',*,*,#8379,.F.);
#8379 = EDGE_CURVE('',#8380,#6777,#8382,.T.);
#8380 = VERTEX_POINT('',#8381);
#8381 = CARTESIAN_POINT('',(-5.369440385075,-12.03409468349,-22.4));
#8382 = CIRCLE('',#8383,3.5);
#8383 = AXIS2_PLACEMENT_3D('',#8384,#8385,#8386);
#8384 = CARTESIAN_POINT('',(-6.493596801913,-15.34864930673,-22.4));
#8385 = DIRECTION('',(0.,0.,-1.));
#8386 = DIRECTION('',(0.744811259905,0.667275195941,0.));
#8387 = ORIENTED_EDGE('',*,*,#8388,.T.);
#8388 = EDGE_CURVE('',#8380,#7863,#8389,.T.);
#8389 = CIRCLE('',#8390,9.3);
#8390 = AXIS2_PLACEMENT_3D('',#8391,#8392,#8393);
#8391 = CARTESIAN_POINT('',(-2.382396191762,-3.226849541722,-22.4));
#8392 = DIRECTION('',(0.,0.,-1.));
#8393 = DIRECTION('',(-2.089129347413E-16,-1.,-0.));
#8394 = ORIENTED_EDGE('',*,*,#7862,.T.);
#8395 = ORIENTED_EDGE('',*,*,#7667,.F.);
#8396 = ORIENTED_EDGE('',*,*,#7766,.T.);
#8397 = ORIENTED_EDGE('',*,*,#8398,.T.);
#8398 = EDGE_CURVE('',#7759,#8399,#8401,.T.);
#8399 = VERTEX_POINT('',#8400);
#8400 = CARTESIAN_POINT('',(-2.382396191762,-10.52684954172,-22.4));
#8401 = CIRCLE('',#8402,7.3);
#8402 = AXIS2_PLACEMENT_3D('',#8403,#8404,#8405);
#8403 = CARTESIAN_POINT('',(-2.382396191762,-3.226849541722,-22.4));
#8404 = DIRECTION('',(0.,0.,1.));
#8405 = DIRECTION('',(3.802133645977E-17,-1.,0.));
#8406 = ORIENTED_EDGE('',*,*,#8407,.T.);
#8407 = EDGE_CURVE('',#8399,#7196,#8408,.T.);
#8408 = LINE('',#8409,#8410);
#8409 = CARTESIAN_POINT('',(2.367603808238,-10.52684954172,-22.4));
#8410 = VECTOR('',#8411,1.);
#8411 = DIRECTION('',(1.,-4.67462326158E-16,0.));
#8412 = PLANE('',#8413);
#8413 = AXIS2_PLACEMENT_3D('',#8414,#8415,#8416);
#8414 = CARTESIAN_POINT('',(-7.396191761992E-03,-0.690069850146,-22.4));
#8415 = DIRECTION('',(0.,0.,-1.));
#8416 = DIRECTION('',(1.,0.,0.));
#8417 = ADVANCED_FACE('',(#8418),#8458,.T.);
#8418 = FACE_BOUND('',#8419,.T.);
#8419 = EDGE_LOOP('',(#8420,#8421,#8422,#8423,#8431,#8438,#8439,#8440,
    #8441,#8450,#8457));
#8420 = ORIENTED_EDGE('',*,*,#6745,.F.);
#8421 = ORIENTED_EDGE('',*,*,#7113,.T.);
#8422 = ORIENTED_EDGE('',*,*,#6907,.F.);
#8423 = ORIENTED_EDGE('',*,*,#8424,.T.);
#8424 = EDGE_CURVE('',#6899,#8425,#8427,.T.);
#8425 = VERTEX_POINT('',#8426);
#8426 = CARTESIAN_POINT('',(2.367603808238,-10.52684954172,-22.4));
#8427 = LINE('',#8428,#8429);
#8428 = CARTESIAN_POINT('',(2.367603808238,-10.52684954172,-22.4));
#8429 = VECTOR('',#8430,1.);
#8430 = DIRECTION('',(1.,-4.67462326158E-16,0.));
#8431 = ORIENTED_EDGE('',*,*,#8432,.T.);
#8432 = EDGE_CURVE('',#8425,#8283,#8433,.T.);
#8433 = CIRCLE('',#8434,7.3);
#8434 = AXIS2_PLACEMENT_3D('',#8435,#8436,#8437);
#8435 = CARTESIAN_POINT('',(2.367603808238,-3.226849541722,-22.4));
#8436 = DIRECTION('',(0.,0.,1.));
#8437 = DIRECTION('',(1.,-5.322987104367E-16,0.));
#8438 = ORIENTED_EDGE('',*,*,#8282,.T.);
#8439 = ORIENTED_EDGE('',*,*,#7414,.F.);
#8440 = ORIENTED_EDGE('',*,*,#7379,.T.);
#8441 = ORIENTED_EDGE('',*,*,#8442,.T.);
#8442 = EDGE_CURVE('',#7372,#8443,#8445,.T.);
#8443 = VERTEX_POINT('',#8444);
#8444 = CARTESIAN_POINT('',(5.366345381574,-12.03011876266,-22.4));
#8445 = CIRCLE('',#8446,9.3);
#8446 = AXIS2_PLACEMENT_3D('',#8447,#8448,#8449);
#8447 = CARTESIAN_POINT('',(2.367603808238,-3.226849541722,-22.4));
#8448 = DIRECTION('',(0.,0.,-1.));
#8449 = DIRECTION('',(1.,-5.372046893348E-16,0.));
#8450 = ORIENTED_EDGE('',*,*,#8451,.F.);
#8451 = EDGE_CURVE('',#6761,#8443,#8452,.T.);
#8452 = CIRCLE('',#8453,3.5);
#8453 = AXIS2_PLACEMENT_3D('',#8454,#8455,#8456);
#8454 = CARTESIAN_POINT('',(6.494904038206,-15.34317707161,-22.4));
#8455 = DIRECTION('',(0.,0.,-1.));
#8456 = DIRECTION('',(-0.745535175347,0.666466279957,0.));
#8457 = ORIENTED_EDGE('',*,*,#6760,.T.);
#8458 = PLANE('',#8459);
#8459 = AXIS2_PLACEMENT_3D('',#8460,#8461,#8462);
#8460 = CARTESIAN_POINT('',(-7.396191761992E-03,-0.690069850146,-22.4));
#8461 = DIRECTION('',(0.,0.,-1.));
#8462 = DIRECTION('',(1.,0.,0.));
#8463 = ADVANCED_FACE('',(#8464),#8503,.T.);
#8464 = FACE_BOUND('',#8465,.T.);
#8465 = EDGE_LOOP('',(#8466,#8467,#8468,#8477,#8484,#8485,#8486,#8487,
    #8496,#8502));
#8466 = ORIENTED_EDGE('',*,*,#6660,.F.);
#8467 = ORIENTED_EDGE('',*,*,#6544,.T.);
#8468 = ORIENTED_EDGE('',*,*,#8469,.F.);
#8469 = EDGE_CURVE('',#8470,#6537,#8472,.T.);
#8470 = VERTEX_POINT('',#8471);
#8471 = CARTESIAN_POINT('',(4.597093050088,12.851958669802,-22.4));
#8472 = CIRCLE('',#8473,3.25);
#8473 = AXIS2_PLACEMENT_3D('',#8474,#8475,#8476);
#8474 = CARTESIAN_POINT('',(5.376215634605,16.007187345872,-22.4));
#8475 = DIRECTION('',(0.,0.,-1.));
#8476 = DIRECTION('',(-0.58080443549,-0.81404312399,-0.));
#8477 = ORIENTED_EDGE('',*,*,#8478,.T.);
#8478 = EDGE_CURVE('',#8470,#7357,#8479,.T.);
#8479 = CIRCLE('',#8480,9.3);
#8480 = AXIS2_PLACEMENT_3D('',#8481,#8482,#8483);
#8481 = CARTESIAN_POINT('',(2.367603808238,3.823150458278,-22.4));
#8482 = DIRECTION('',(0.,0.,-1.));
#8483 = DIRECTION('',(3.282917545935E-16,1.,0.));
#8484 = ORIENTED_EDGE('',*,*,#7356,.T.);
#8485 = ORIENTED_EDGE('',*,*,#7331,.F.);
#8486 = ORIENTED_EDGE('',*,*,#8314,.T.);
#8487 = ORIENTED_EDGE('',*,*,#8488,.T.);
#8488 = EDGE_CURVE('',#8307,#8489,#8491,.T.);
#8489 = VERTEX_POINT('',#8490);
#8490 = CARTESIAN_POINT('',(2.367603808238,11.123150458278,-22.4));
#8491 = CIRCLE('',#8492,7.3);
#8492 = AXIS2_PLACEMENT_3D('',#8493,#8494,#8495);
#8493 = CARTESIAN_POINT('',(2.367603808238,3.823150458278,-22.4));
#8494 = DIRECTION('',(0.,0.,1.));
#8495 = DIRECTION('',(3.421920281379E-16,1.,-0.));
#8496 = ORIENTED_EDGE('',*,*,#8497,.T.);
#8497 = EDGE_CURVE('',#8489,#8218,#8498,.T.);
#8498 = LINE('',#8499,#8500);
#8499 = CARTESIAN_POINT('',(-2.382396191762,11.123150458278,-22.4));
#8500 = VECTOR('',#8501,1.);
#8501 = DIRECTION('',(-1.,0.,0.));
#8502 = ORIENTED_EDGE('',*,*,#8225,.T.);
#8503 = PLANE('',#8504);
#8504 = AXIS2_PLACEMENT_3D('',#8505,#8506,#8507);
#8505 = CARTESIAN_POINT('',(-7.396191761992E-03,-0.690069850146,-22.4));
#8506 = DIRECTION('',(0.,0.,-1.));
#8507 = DIRECTION('',(1.,0.,0.));
#8508 = ADVANCED_FACE('',(#8509),#8520,.F.);
#8509 = FACE_BOUND('',#8510,.F.);
#8510 = EDGE_LOOP('',(#8511,#8512,#8513,#8519));
#8511 = ORIENTED_EDGE('',*,*,#6536,.F.);
#8512 = ORIENTED_EDGE('',*,*,#8469,.F.);
#8513 = ORIENTED_EDGE('',*,*,#8514,.F.);
#8514 = EDGE_CURVE('',#5991,#8470,#8515,.T.);
#8515 = LINE('',#8516,#8517);
#8516 = CARTESIAN_POINT('',(4.597093050088,12.851958669802,-19.4));
#8517 = VECTOR('',#8518,1.);
#8518 = DIRECTION('',(0.,0.,-1.));
#8519 = ORIENTED_EDGE('',*,*,#5990,.T.);
#8520 = CYLINDRICAL_SURFACE('',#8521,3.25);
#8521 = AXIS2_PLACEMENT_3D('',#8522,#8523,#8524);
#8522 = CARTESIAN_POINT('',(5.376215634605,16.007187345872,-19.4));
#8523 = DIRECTION('',(0.,0.,1.));
#8524 = DIRECTION('',(-0.58080443549,-0.81404312399,0.));
#8525 = ADVANCED_FACE('',(#8526),#8537,.F.);
#8526 = FACE_BOUND('',#8527,.F.);
#8527 = EDGE_LOOP('',(#8528,#8534,#8535,#8536));
#8528 = ORIENTED_EDGE('',*,*,#8529,.F.);
#8529 = EDGE_CURVE('',#8350,#5934,#8530,.T.);
#8530 = LINE('',#8531,#8532);
#8531 = CARTESIAN_POINT('',(-4.598849374122,12.855167690901,-19.4));
#8532 = VECTOR('',#8533,1.);
#8533 = DIRECTION('',(0.,0.,1.));
#8534 = ORIENTED_EDGE('',*,*,#8358,.F.);
#8535 = ORIENTED_EDGE('',*,*,#6529,.F.);
#8536 = ORIENTED_EDGE('',*,*,#5948,.T.);
#8537 = CYLINDRICAL_SURFACE('',#8538,3.25);
#8538 = AXIS2_PLACEMENT_3D('',#8539,#8540,#8541);
#8539 = CARTESIAN_POINT('',(-5.373416346453,16.011517799076,-19.4));
#8540 = DIRECTION('',(0.,0.,-1.));
#8541 = DIRECTION('',(0.579888568644,-0.814695800871,0.));
#8542 = ADVANCED_FACE('',(#8543),#8554,.F.);
#8543 = FACE_BOUND('',#8544,.F.);
#8544 = EDGE_LOOP('',(#8545,#8546,#8547,#8553));
#8545 = ORIENTED_EDGE('',*,*,#6776,.F.);
#8546 = ORIENTED_EDGE('',*,*,#8379,.F.);
#8547 = ORIENTED_EDGE('',*,*,#8548,.F.);
#8548 = EDGE_CURVE('',#6100,#8380,#8549,.T.);
#8549 = LINE('',#8550,#8551);
#8550 = CARTESIAN_POINT('',(-5.369440385075,-12.03409468349,-19.4));
#8551 = VECTOR('',#8552,1.);
#8552 = DIRECTION('',(0.,0.,-1.));
#8553 = ORIENTED_EDGE('',*,*,#6099,.T.);
#8554 = CYLINDRICAL_SURFACE('',#8555,3.5);
#8555 = AXIS2_PLACEMENT_3D('',#8556,#8557,#8558);
#8556 = CARTESIAN_POINT('',(-6.493596801913,-15.34864930673,-19.4));
#8557 = DIRECTION('',(0.,0.,1.));
#8558 = DIRECTION('',(0.744811259905,0.667275195941,-0.));
#8559 = ADVANCED_FACE('',(#8560),#8571,.F.);
#8560 = FACE_BOUND('',#8561,.F.);
#8561 = EDGE_LOOP('',(#8562,#8568,#8569,#8570));
#8562 = ORIENTED_EDGE('',*,*,#8563,.F.);
#8563 = EDGE_CURVE('',#8443,#6039,#8564,.T.);
#8564 = LINE('',#8565,#8566);
#8565 = CARTESIAN_POINT('',(5.366345381574,-12.03011876266,-19.4));
#8566 = VECTOR('',#8567,1.);
#8567 = DIRECTION('',(0.,0.,1.));
#8568 = ORIENTED_EDGE('',*,*,#8451,.F.);
#8569 = ORIENTED_EDGE('',*,*,#6769,.F.);
#8570 = ORIENTED_EDGE('',*,*,#6053,.T.);
#8571 = CYLINDRICAL_SURFACE('',#8572,3.5);
#8572 = AXIS2_PLACEMENT_3D('',#8573,#8574,#8575);
#8573 = CARTESIAN_POINT('',(6.494904038206,-15.34317707161,-19.4));
#8574 = DIRECTION('',(0.,0.,-1.));
#8575 = DIRECTION('',(-0.745535175347,0.666466279957,0.));
#8576 = ADVANCED_FACE('',(#8577),#8583,.T.);
#8577 = FACE_BOUND('',#8578,.T.);
#8578 = EDGE_LOOP('',(#8579,#8580,#8581,#8582));
#8579 = ORIENTED_EDGE('',*,*,#8563,.F.);
#8580 = ORIENTED_EDGE('',*,*,#8442,.F.);
#8581 = ORIENTED_EDGE('',*,*,#7371,.F.);
#8582 = ORIENTED_EDGE('',*,*,#6038,.F.);
#8583 = CYLINDRICAL_SURFACE('',#8584,9.3);
#8584 = AXIS2_PLACEMENT_3D('',#8585,#8586,#8587);
#8585 = CARTESIAN_POINT('',(2.367603808238,-3.226849541722,-19.4));
#8586 = DIRECTION('',(0.,0.,1.));
#8587 = DIRECTION('',(1.,-5.372046893348E-16,0.));
#8588 = ADVANCED_FACE('',(#8589),#8608,.F.);
#8589 = FACE_BOUND('',#8590,.F.);
#8590 = EDGE_LOOP('',(#8591,#8592,#8593,#8601));
#8591 = ORIENTED_EDGE('',*,*,#8306,.T.);
#8592 = ORIENTED_EDGE('',*,*,#8488,.T.);
#8593 = ORIENTED_EDGE('',*,*,#8594,.F.);
#8594 = EDGE_CURVE('',#8595,#8489,#8597,.T.);
#8595 = VERTEX_POINT('',#8596);
#8596 = CARTESIAN_POINT('',(2.367603808238,11.123150458278,-19.4));
#8597 = LINE('',#8598,#8599);
#8598 = CARTESIAN_POINT('',(2.367603808238,11.123150458278,-19.4));
#8599 = VECTOR('',#8600,1.);
#8600 = DIRECTION('',(0.,0.,-1.));
#8601 = ORIENTED_EDGE('',*,*,#8602,.T.);
#8602 = EDGE_CURVE('',#8595,#8299,#8603,.T.);
#8603 = CIRCLE('',#8604,7.3);
#8604 = AXIS2_PLACEMENT_3D('',#8605,#8606,#8607);
#8605 = CARTESIAN_POINT('',(2.367603808238,3.823150458278,-19.4));
#8606 = DIRECTION('',(0.,0.,-1.));
#8607 = DIRECTION('',(3.421920281379E-16,1.,0.));
#8608 = CYLINDRICAL_SURFACE('',#8609,7.3);
#8609 = AXIS2_PLACEMENT_3D('',#8610,#8611,#8612);
#8610 = CARTESIAN_POINT('',(2.367603808238,3.823150458278,-19.4));
#8611 = DIRECTION('',(0.,0.,-1.));
#8612 = DIRECTION('',(3.421920281379E-16,1.,0.));
#8613 = ADVANCED_FACE('',(#8614),#8625,.T.);
#8614 = FACE_BOUND('',#8615,.T.);
#8615 = EDGE_LOOP('',(#8616,#8622,#8623,#8624));
#8616 = ORIENTED_EDGE('',*,*,#8617,.F.);
#8617 = EDGE_CURVE('',#8209,#8595,#8618,.T.);
#8618 = LINE('',#8619,#8620);
#8619 = CARTESIAN_POINT('',(6.882266609634,11.123150458278,-19.4));
#8620 = VECTOR('',#8621,1.);
#8621 = DIRECTION('',(1.,0.,0.));
#8622 = ORIENTED_EDGE('',*,*,#8217,.T.);
#8623 = ORIENTED_EDGE('',*,*,#8497,.F.);
#8624 = ORIENTED_EDGE('',*,*,#8594,.F.);
#8625 = PLANE('',#8626);
#8626 = AXIS2_PLACEMENT_3D('',#8627,#8628,#8629);
#8627 = CARTESIAN_POINT('',(2.367603808238,11.123150458278,-19.4));
#8628 = DIRECTION('',(0.,-1.,0.));
#8629 = DIRECTION('',(-1.,0.,0.));
#8630 = ADVANCED_FACE('',(#8631),#8662,.T.);
#8631 = FACE_BOUND('',#8632,.T.);
#8632 = EDGE_LOOP('',(#8633,#8634,#8635,#8636,#8637,#8638,#8639,#8647,
    #8655,#8661));
#8633 = ORIENTED_EDGE('',*,*,#6896,.F.);
#8634 = ORIENTED_EDGE('',*,*,#7639,.F.);
#8635 = ORIENTED_EDGE('',*,*,#7603,.T.);
#8636 = ORIENTED_EDGE('',*,*,#7587,.F.);
#8637 = ORIENTED_EDGE('',*,*,#7195,.F.);
#8638 = ORIENTED_EDGE('',*,*,#8407,.F.);
#8639 = ORIENTED_EDGE('',*,*,#8640,.F.);
#8640 = EDGE_CURVE('',#8641,#8399,#8643,.T.);
#8641 = VERTEX_POINT('',#8642);
#8642 = CARTESIAN_POINT('',(-2.382396191762,-10.52684954172,-19.4));
#8643 = LINE('',#8644,#8645);
#8644 = CARTESIAN_POINT('',(-2.382396191762,-10.52684954172,-19.4));
#8645 = VECTOR('',#8646,1.);
#8646 = DIRECTION('',(0.,0.,-1.));
#8647 = ORIENTED_EDGE('',*,*,#8648,.F.);
#8648 = EDGE_CURVE('',#8649,#8641,#8651,.T.);
#8649 = VERTEX_POINT('',#8650);
#8650 = CARTESIAN_POINT('',(2.367603808238,-10.52684954172,-19.4));
#8651 = LINE('',#8652,#8653);
#8652 = CARTESIAN_POINT('',(4.507266609634,-10.52684954172,-19.4));
#8653 = VECTOR('',#8654,1.);
#8654 = DIRECTION('',(-1.,4.67462326158E-16,0.));
#8655 = ORIENTED_EDGE('',*,*,#8656,.F.);
#8656 = EDGE_CURVE('',#8425,#8649,#8657,.T.);
#8657 = LINE('',#8658,#8659);
#8658 = CARTESIAN_POINT('',(2.367603808238,-10.52684954172,-19.4));
#8659 = VECTOR('',#8660,1.);
#8660 = DIRECTION('',(0.,0.,1.));
#8661 = ORIENTED_EDGE('',*,*,#8424,.F.);
#8662 = PLANE('',#8663);
#8663 = AXIS2_PLACEMENT_3D('',#8664,#8665,#8666);
#8664 = CARTESIAN_POINT('',(-2.382396191762,-10.52684954172,-19.4));
#8665 = DIRECTION('',(4.67462326158E-16,1.,0.));
#8666 = DIRECTION('',(1.,-4.67462326158E-16,0.));
#8667 = ADVANCED_FACE('',(#8668),#8680,.F.);
#8668 = FACE_BOUND('',#8669,.F.);
#8669 = EDGE_LOOP('',(#8670,#8671,#8672,#8673));
#8670 = ORIENTED_EDGE('',*,*,#7758,.T.);
#8671 = ORIENTED_EDGE('',*,*,#8398,.T.);
#8672 = ORIENTED_EDGE('',*,*,#8640,.F.);
#8673 = ORIENTED_EDGE('',*,*,#8674,.T.);
#8674 = EDGE_CURVE('',#8641,#7751,#8675,.T.);
#8675 = CIRCLE('',#8676,7.3);
#8676 = AXIS2_PLACEMENT_3D('',#8677,#8678,#8679);
#8677 = CARTESIAN_POINT('',(-2.382396191762,-3.226849541722,-19.4));
#8678 = DIRECTION('',(0.,0.,-1.));
#8679 = DIRECTION('',(3.802133645977E-17,-1.,0.));
#8680 = CYLINDRICAL_SURFACE('',#8681,7.3);
#8681 = AXIS2_PLACEMENT_3D('',#8682,#8683,#8684);
#8682 = CARTESIAN_POINT('',(-2.382396191762,-3.226849541722,-19.4));
#8683 = DIRECTION('',(0.,0.,-1.));
#8684 = DIRECTION('',(3.802133645977E-17,-1.,0.));
#8685 = ADVANCED_FACE('',(#8686),#8705,.F.);
#8686 = FACE_BOUND('',#8687,.F.);
#8687 = EDGE_LOOP('',(#8688,#8696,#8697,#8698));
#8688 = ORIENTED_EDGE('',*,*,#8689,.T.);
#8689 = EDGE_CURVE('',#8690,#8332,#8692,.T.);
#8690 = VERTEX_POINT('',#8691);
#8691 = CARTESIAN_POINT('',(-2.382396191762,11.123150458278,-19.4));
#8692 = LINE('',#8693,#8694);
#8693 = CARTESIAN_POINT('',(-2.382396191762,11.123150458278,-19.4));
#8694 = VECTOR('',#8695,1.);
#8695 = DIRECTION('',(0.,0.,-1.));
#8696 = ORIENTED_EDGE('',*,*,#8339,.T.);
#8697 = ORIENTED_EDGE('',*,*,#7742,.F.);
#8698 = ORIENTED_EDGE('',*,*,#8699,.T.);
#8699 = EDGE_CURVE('',#7743,#8690,#8700,.T.);
#8700 = CIRCLE('',#8701,7.3);
#8701 = AXIS2_PLACEMENT_3D('',#8702,#8703,#8704);
#8702 = CARTESIAN_POINT('',(-2.382396191762,3.823150458278,-19.4));
#8703 = DIRECTION('',(0.,0.,-1.));
#8704 = DIRECTION('',(-1.,8.364694021148E-16,0.));
#8705 = CYLINDRICAL_SURFACE('',#8706,7.3);
#8706 = AXIS2_PLACEMENT_3D('',#8707,#8708,#8709);
#8707 = CARTESIAN_POINT('',(-2.382396191762,3.823150458278,-19.4));
#8708 = DIRECTION('',(0.,0.,-1.));
#8709 = DIRECTION('',(-1.,8.364694021148E-16,0.));
#8710 = ADVANCED_FACE('',(#8711),#8722,.T.);
#8711 = FACE_BOUND('',#8712,.T.);
#8712 = EDGE_LOOP('',(#8713,#8719,#8720,#8721));
#8713 = ORIENTED_EDGE('',*,*,#8714,.F.);
#8714 = EDGE_CURVE('',#8690,#8201,#8715,.T.);
#8715 = LINE('',#8716,#8717);
#8716 = CARTESIAN_POINT('',(5.27147801861,11.123150458278,-19.4));
#8717 = VECTOR('',#8718,1.);
#8718 = DIRECTION('',(1.,0.,0.));
#8719 = ORIENTED_EDGE('',*,*,#8689,.T.);
#8720 = ORIENTED_EDGE('',*,*,#8331,.F.);
#8721 = ORIENTED_EDGE('',*,*,#8200,.F.);
#8722 = PLANE('',#8723);
#8723 = AXIS2_PLACEMENT_3D('',#8724,#8725,#8726);
#8724 = CARTESIAN_POINT('',(-0.853973373811,11.123150458278,-19.4));
#8725 = DIRECTION('',(0.,-1.,0.));
#8726 = DIRECTION('',(-1.,0.,0.));
#8727 = ADVANCED_FACE('',(#8728),#8740,.F.);
#8728 = FACE_BOUND('',#8729,.F.);
#8729 = EDGE_LOOP('',(#8730,#8731,#8732,#8733));
#8730 = ORIENTED_EDGE('',*,*,#8656,.F.);
#8731 = ORIENTED_EDGE('',*,*,#8432,.T.);
#8732 = ORIENTED_EDGE('',*,*,#8290,.F.);
#8733 = ORIENTED_EDGE('',*,*,#8734,.T.);
#8734 = EDGE_CURVE('',#8291,#8649,#8735,.T.);
#8735 = CIRCLE('',#8736,7.3);
#8736 = AXIS2_PLACEMENT_3D('',#8737,#8738,#8739);
#8737 = CARTESIAN_POINT('',(2.367603808238,-3.226849541722,-19.4));
#8738 = DIRECTION('',(0.,0.,-1.));
#8739 = DIRECTION('',(1.,-5.322987104367E-16,0.));
#8740 = CYLINDRICAL_SURFACE('',#8741,7.3);
#8741 = AXIS2_PLACEMENT_3D('',#8742,#8743,#8744);
#8742 = CARTESIAN_POINT('',(2.367603808238,-3.226849541722,-19.4));
#8743 = DIRECTION('',(0.,0.,-1.));
#8744 = DIRECTION('',(1.,-5.322987104367E-16,0.));
#8745 = ADVANCED_FACE('',(#8746,#8758),#8776,.T.);
#8746 = FACE_BOUND('',#8747,.T.);
#8747 = EDGE_LOOP('',(#8748,#8749,#8750,#8751,#8752,#8753,#8754,#8755,
    #8756,#8757));
#8748 = ORIENTED_EDGE('',*,*,#8208,.T.);
#8749 = ORIENTED_EDGE('',*,*,#8617,.T.);
#8750 = ORIENTED_EDGE('',*,*,#8602,.T.);
#8751 = ORIENTED_EDGE('',*,*,#8298,.T.);
#8752 = ORIENTED_EDGE('',*,*,#8734,.T.);
#8753 = ORIENTED_EDGE('',*,*,#8648,.T.);
#8754 = ORIENTED_EDGE('',*,*,#8674,.T.);
#8755 = ORIENTED_EDGE('',*,*,#7750,.T.);
#8756 = ORIENTED_EDGE('',*,*,#8699,.T.);
#8757 = ORIENTED_EDGE('',*,*,#8714,.T.);
#8758 = FACE_BOUND('',#8759,.T.);
#8759 = EDGE_LOOP('',(#8760,#8761,#8769,#8775));
#8760 = ORIENTED_EDGE('',*,*,#5597,.T.);
#8761 = ORIENTED_EDGE('',*,*,#8762,.T.);
#8762 = EDGE_CURVE('',#5590,#8763,#8765,.T.);
#8763 = VERTEX_POINT('',#8764);
#8764 = CARTESIAN_POINT('',(-2.905994093914,4.905994093914,-19.4));
#8765 = LINE('',#8766,#8767);
#8766 = CARTESIAN_POINT('',(4.245467658558,4.905994093914,-19.4));
#8767 = VECTOR('',#8768,1.);
#8768 = DIRECTION('',(-1.,-9.551146602037E-17,0.));
#8769 = ORIENTED_EDGE('',*,*,#8770,.T.);
#8770 = EDGE_CURVE('',#8763,#5454,#8771,.T.);
#8771 = LINE('',#8772,#8773);
#8772 = CARTESIAN_POINT('',(-2.905994093914,4.367528123936E-15,-19.4));
#8773 = VECTOR('',#8774,1.);
#8774 = DIRECTION('',(-3.394489485838E-16,-1.,0.));
#8775 = ORIENTED_EDGE('',*,*,#5463,.T.);
#8776 = PLANE('',#8777);
#8777 = AXIS2_PLACEMENT_3D('',#8778,#8779,#8780);
#8778 = CARTESIAN_POINT('',(11.39692941103,0.,-19.4));
#8779 = DIRECTION('',(0.,0.,-1.));
#8780 = DIRECTION('',(-1.,0.,0.));
#8781 = ADVANCED_FACE('',(#8782),#8788,.T.);
#8782 = FACE_BOUND('',#8783,.T.);
#8783 = EDGE_LOOP('',(#8784,#8785,#8786,#8787));
#8784 = ORIENTED_EDGE('',*,*,#8514,.F.);
#8785 = ORIENTED_EDGE('',*,*,#6009,.F.);
#8786 = ORIENTED_EDGE('',*,*,#7364,.T.);
#8787 = ORIENTED_EDGE('',*,*,#8478,.F.);
#8788 = CYLINDRICAL_SURFACE('',#8789,9.3);
#8789 = AXIS2_PLACEMENT_3D('',#8790,#8791,#8792);
#8790 = CARTESIAN_POINT('',(2.367603808238,3.823150458278,-19.4));
#8791 = DIRECTION('',(0.,0.,1.));
#8792 = DIRECTION('',(3.581364595565E-16,1.,-0.));
#8793 = ADVANCED_FACE('',(#8794),#8800,.T.);
#8794 = FACE_BOUND('',#8795,.T.);
#8795 = EDGE_LOOP('',(#8796,#8797,#8798,#8799));
#8796 = ORIENTED_EDGE('',*,*,#8529,.F.);
#8797 = ORIENTED_EDGE('',*,*,#8349,.F.);
#8798 = ORIENTED_EDGE('',*,*,#7878,.F.);
#8799 = ORIENTED_EDGE('',*,*,#5933,.F.);
#8800 = CYLINDRICAL_SURFACE('',#8801,9.3);
#8801 = AXIS2_PLACEMENT_3D('',#8802,#8803,#8804);
#8802 = CARTESIAN_POINT('',(-2.382396191762,3.823150458278,-19.4));
#8803 = DIRECTION('',(0.,0.,1.));
#8804 = DIRECTION('',(-1.,5.372046893348E-16,0.));
#8805 = ADVANCED_FACE('',(#8806),#8812,.T.);
#8806 = FACE_BOUND('',#8807,.T.);
#8807 = EDGE_LOOP('',(#8808,#8809,#8810,#8811));
#8808 = ORIENTED_EDGE('',*,*,#8548,.F.);
#8809 = ORIENTED_EDGE('',*,*,#6120,.F.);
#8810 = ORIENTED_EDGE('',*,*,#7870,.T.);
#8811 = ORIENTED_EDGE('',*,*,#8388,.F.);
#8812 = CYLINDRICAL_SURFACE('',#8813,9.3);
#8813 = AXIS2_PLACEMENT_3D('',#8814,#8815,#8816);
#8814 = CARTESIAN_POINT('',(-2.382396191762,-3.226849541722,-19.4));
#8815 = DIRECTION('',(0.,0.,1.));
#8816 = DIRECTION('',(-2.089129347413E-16,-1.,0.));
#8817 = ADVANCED_FACE('',(#8818),#8856,.T.);
#8818 = FACE_BOUND('',#8819,.T.);
#8819 = EDGE_LOOP('',(#8820,#8831));
#8820 = ORIENTED_EDGE('',*,*,#8821,.F.);
#8821 = EDGE_CURVE('',#8822,#8824,#8826,.T.);
#8822 = VERTEX_POINT('',#8823);
#8823 = CARTESIAN_POINT('',(2.291782000281,-22.38297869505,-10.367762067
    ));
#8824 = VERTEX_POINT('',#8825);
#8825 = CARTESIAN_POINT('',(-2.291782000281,-22.38297869505,
    -10.367762067));
#8826 = ELLIPSE('',#8827,25.980762113533,22.5);
#8827 = AXIS2_PLACEMENT_3D('',#8828,#8829,#8830);
#8828 = CARTESIAN_POINT('',(0.,0.,-23.29058084186));
#8829 = DIRECTION('',(-3.061616997868E-17,-0.5,-0.866025403784));
#8830 = DIRECTION('',(1.386669559959E-32,0.866025403784,-0.5));
#8831 = ORIENTED_EDGE('',*,*,#8832,.F.);
#8832 = EDGE_CURVE('',#8824,#8822,#8833,.T.);
#8833 = B_SPLINE_CURVE_WITH_KNOTS('',3,(#8834,#8835,#8836,#8837,#8838,
    #8839,#8840,#8841,#8842,#8843,#8844,#8845,#8846,#8847,#8848,#8849,
    #8850,#8851,#8852,#8853,#8854,#8855),.UNSPECIFIED.,.F.,.F.,(4,2,2,2,
    2,2,2,2,2,2,4),(0.386199209589,0.409671274002,0.49040803466,
    0.571144795317,0.625861936696,0.680579078075,0.735296219454,
    0.790013360832,0.87075012149,0.951486882147,0.97495894656),
  .UNSPECIFIED.);
#8834 = CARTESIAN_POINT('',(-2.291782000281,-22.38297869505,
    -10.367762067));
#8835 = CARTESIAN_POINT('',(-2.256842737385,-22.38655610871,
    -10.2965522106));
#8836 = CARTESIAN_POINT('',(-2.220651364661,-22.39017918738,
    -10.22658908106));
#8837 = CARTESIAN_POINT('',(-2.054344011695,-22.40639262187,
    -9.922056867426));
#8838 = CARTESIAN_POINT('',(-1.894075538,-22.42092049788,-9.674143767147
    ));
#8839 = CARTESIAN_POINT('',(-1.519932544734,-22.44938760013,
    -9.226957576765));
#8840 = CARTESIAN_POINT('',(-1.305390451643,-22.46321951395,
    -9.028236613697));
#8841 = CARTESIAN_POINT('',(-0.929644133831,-22.48130008645,
    -8.778533203933));
#8842 = CARTESIAN_POINT('',(-0.752185778415,-22.48819959441,
    -8.686842950136));
#8843 = CARTESIAN_POINT('',(-0.378648962568,-22.49758941488,
    -8.563940635356));
#8844 = CARTESIAN_POINT('',(-0.182390471263,-22.5,-8.533270326574));
#8845 = CARTESIAN_POINT('',(0.182390471263,-22.5,-8.533270326574));
#8846 = CARTESIAN_POINT('',(0.378648962568,-22.49758941488,
    -8.563940635356));
#8847 = CARTESIAN_POINT('',(0.752185778415,-22.48819959441,
    -8.686842950136));
#8848 = CARTESIAN_POINT('',(0.929644133831,-22.48130008645,
    -8.778533203933));
#8849 = CARTESIAN_POINT('',(1.305390451643,-22.46321951395,
    -9.028236613697));
#8850 = CARTESIAN_POINT('',(1.519932544734,-22.44938760013,
    -9.226957576765));
#8851 = CARTESIAN_POINT('',(1.894075538,-22.42092049788,-9.674143767147)
  );
#8852 = CARTESIAN_POINT('',(2.054344011695,-22.40639262187,
    -9.922056867426));
#8853 = CARTESIAN_POINT('',(2.220651364661,-22.39017918738,
    -10.22658908106));
#8854 = CARTESIAN_POINT('',(2.256842737385,-22.38655610871,
    -10.2965522106));
#8855 = CARTESIAN_POINT('',(2.291782000281,-22.38297869505,-10.367762067
    ));
#8856 = CYLINDRICAL_SURFACE('',#8857,22.5);
#8857 = AXIS2_PLACEMENT_3D('',#8858,#8859,#8860);
#8858 = CARTESIAN_POINT('',(0.,0.,-2.22044604925E-15));
#8859 = DIRECTION('',(0.,0.,-1.));
#8860 = DIRECTION('',(-1.,0.,0.));
#8861 = ADVANCED_FACE('',(#8862),#8900,.T.);
#8862 = FACE_BOUND('',#8863,.T.);
#8863 = EDGE_LOOP('',(#8864,#8875));
#8864 = ORIENTED_EDGE('',*,*,#8865,.F.);
#8865 = EDGE_CURVE('',#8866,#8868,#8870,.T.);
#8866 = VERTEX_POINT('',#8867);
#8867 = CARTESIAN_POINT('',(18.238337162141,13.176230779706,
    -10.367762067));
#8868 = VERTEX_POINT('',#8869);
#8869 = CARTESIAN_POINT('',(20.530119162422,9.206747915347,-10.367762067
    ));
#8870 = ELLIPSE('',#8871,25.980762113533,22.5);
#8871 = AXIS2_PLACEMENT_3D('',#8872,#8873,#8874);
#8872 = CARTESIAN_POINT('',(0.,0.,-23.29058084186));
#8873 = DIRECTION('',(0.433012701892,0.25,-0.866025403784));
#8874 = DIRECTION('',(-0.75,-0.433012701892,-0.5));
#8875 = ORIENTED_EDGE('',*,*,#8876,.F.);
#8876 = EDGE_CURVE('',#8868,#8866,#8877,.T.);
#8877 = B_SPLINE_CURVE_WITH_KNOTS('',3,(#8878,#8879,#8880,#8881,#8882,
    #8883,#8884,#8885,#8886,#8887,#8888,#8889,#8890,#8891,#8892,#8893,
    #8894,#8895,#8896,#8897,#8898,#8899),.UNSPECIFIED.,.F.,.F.,(4,2,2,2,
    2,2,2,2,2,2,4),(0.386199209589,0.409671274002,0.49040803466,
    0.571144795317,0.625861936696,0.680579078075,0.735296219454,
    0.790013360832,0.87075012149,0.951486882147,0.97495894656),
  .UNSPECIFIED.);
#8878 = CARTESIAN_POINT('',(20.530119162422,9.206747915347,-10.367762067
    ));
#8879 = CARTESIAN_POINT('',(20.515747662086,9.238794911436,
    -10.2965522106));
#8880 = CARTESIAN_POINT('',(20.500789653891,9.271949098947,
    -10.22658908106));
#8881 = CARTESIAN_POINT('',(20.431677223555,9.424082208695,
    -9.922056867426));
#8882 = CARTESIAN_POINT('',(20.364124496402,9.570142716349,
    -9.674143767147));
#8883 = CARTESIAN_POINT('',(20.201706233483,9.908393604287,
    -9.226957576765));
#8884 = CARTESIAN_POINT('',(20.106413975693,10.101108463997,
    -9.028236613697));
#8885 = CARTESIAN_POINT('',(19.934199051885,10.435554606849,
    -8.778533203933));
#8886 = CARTESIAN_POINT('',(19.851445023344,10.592687804733,
    -8.686842950136));
#8887 = CARTESIAN_POINT('',(19.672808438482,10.92087508674,
    -8.563940635356));
#8888 = CARTESIAN_POINT('',(19.576766820781,11.092045218478,
    -8.533270326574));
#8889 = CARTESIAN_POINT('',(19.394376349519,11.407954781522,
    -8.533270326574));
#8890 = CARTESIAN_POINT('',(19.294159475914,11.57671432814,
    -8.563940635356));
#8891 = CARTESIAN_POINT('',(19.099259244929,11.895511789679,
    -8.686842950136));
#8892 = CARTESIAN_POINT('',(19.004554918053,12.045745479603,
    -8.778533203933));
#8893 = CARTESIAN_POINT('',(18.80102352405,12.362111049958,
    -9.028236613697));
#8894 = CARTESIAN_POINT('',(18.68177368875,12.540993995843,
    -9.226957576765));
#8895 = CARTESIAN_POINT('',(18.470048958401,12.850777781539,
    -9.674143767147));
#8896 = CARTESIAN_POINT('',(18.37733321186,12.982310413176,
    -9.922056867426));
#8897 = CARTESIAN_POINT('',(18.28013828923,13.118230088437,
    -10.22658908106));
#8898 = CARTESIAN_POINT('',(18.258904924701,13.14776119728,
    -10.2965522106));
#8899 = CARTESIAN_POINT('',(18.238337162141,13.176230779706,
    -10.367762067));
#8900 = CYLINDRICAL_SURFACE('',#8901,22.5);
#8901 = AXIS2_PLACEMENT_3D('',#8902,#8903,#8904);
#8902 = CARTESIAN_POINT('',(0.,0.,-2.22044604925E-15));
#8903 = DIRECTION('',(0.,0.,-1.));
#8904 = DIRECTION('',(-1.,0.,0.));
#8905 = ADVANCED_FACE('',(#8906),#8944,.T.);
#8906 = FACE_BOUND('',#8907,.T.);
#8907 = EDGE_LOOP('',(#8908,#8919));
#8908 = ORIENTED_EDGE('',*,*,#8909,.F.);
#8909 = EDGE_CURVE('',#8910,#8912,#8914,.T.);
#8910 = VERTEX_POINT('',#8911);
#8911 = CARTESIAN_POINT('',(-20.53011916242,9.206747915347,-10.367762067
    ));
#8912 = VERTEX_POINT('',#8913);
#8913 = CARTESIAN_POINT('',(-18.23833716214,13.176230779706,
    -10.367762067));
#8914 = ELLIPSE('',#8915,25.980762113533,22.5);
#8915 = AXIS2_PLACEMENT_3D('',#8916,#8917,#8918);
#8916 = CARTESIAN_POINT('',(0.,0.,-23.29058084186));
#8917 = DIRECTION('',(-0.433012701892,0.25,-0.866025403784));
#8918 = DIRECTION('',(-0.75,0.433012701892,0.5));
#8919 = ORIENTED_EDGE('',*,*,#8920,.F.);
#8920 = EDGE_CURVE('',#8912,#8910,#8921,.T.);
#8921 = B_SPLINE_CURVE_WITH_KNOTS('',3,(#8922,#8923,#8924,#8925,#8926,
    #8927,#8928,#8929,#8930,#8931,#8932,#8933,#8934,#8935,#8936,#8937,
    #8938,#8939,#8940,#8941,#8942,#8943),.UNSPECIFIED.,.F.,.F.,(4,2,2,2,
    2,2,2,2,2,2,4),(0.386199209589,0.409671274002,0.49040803466,
    0.571144795317,0.625861936696,0.680579078075,0.735296219454,
    0.790013360832,0.87075012149,0.951486882147,0.97495894656),
  .UNSPECIFIED.);
#8922 = CARTESIAN_POINT('',(-18.23833716214,13.176230779706,
    -10.367762067));
#8923 = CARTESIAN_POINT('',(-18.2589049247,13.14776119728,-10.2965522106
    ));
#8924 = CARTESIAN_POINT('',(-18.28013828923,13.118230088437,
    -10.22658908106));
#8925 = CARTESIAN_POINT('',(-18.37733321186,12.982310413176,
    -9.922056867426));
#8926 = CARTESIAN_POINT('',(-18.4700489584,12.850777781539,
    -9.674143767147));
#8927 = CARTESIAN_POINT('',(-18.68177368875,12.540993995843,
    -9.226957576765));
#8928 = CARTESIAN_POINT('',(-18.80102352405,12.362111049958,
    -9.028236613697));
#8929 = CARTESIAN_POINT('',(-19.00455491805,12.045745479603,
    -8.778533203933));
#8930 = CARTESIAN_POINT('',(-19.09925924492,11.895511789679,
    -8.686842950136));
#8931 = CARTESIAN_POINT('',(-19.29415947591,11.57671432814,
    -8.563940635356));
#8932 = CARTESIAN_POINT('',(-19.39437634951,11.407954781522,
    -8.533270326574));
#8933 = CARTESIAN_POINT('',(-19.57676682078,11.092045218478,
    -8.533270326574));
#8934 = CARTESIAN_POINT('',(-19.67280843848,10.92087508674,
    -8.563940635356));
#8935 = CARTESIAN_POINT('',(-19.85144502334,10.592687804733,
    -8.686842950136));
#8936 = CARTESIAN_POINT('',(-19.93419905188,10.435554606849,
    -8.778533203933));
#8937 = CARTESIAN_POINT('',(-20.10641397569,10.101108463997,
    -9.028236613697));
#8938 = CARTESIAN_POINT('',(-20.20170623348,9.908393604287,
    -9.226957576765));
#8939 = CARTESIAN_POINT('',(-20.3641244964,9.570142716349,
    -9.674143767147));
#8940 = CARTESIAN_POINT('',(-20.43167722355,9.424082208695,
    -9.922056867426));
#8941 = CARTESIAN_POINT('',(-20.50078965389,9.271949098947,
    -10.22658908106));
#8942 = CARTESIAN_POINT('',(-20.51574766208,9.238794911436,
    -10.2965522106));
#8943 = CARTESIAN_POINT('',(-20.53011916242,9.206747915347,-10.367762067
    ));
#8944 = CYLINDRICAL_SURFACE('',#8945,22.5);
#8945 = AXIS2_PLACEMENT_3D('',#8946,#8947,#8948);
#8946 = CARTESIAN_POINT('',(0.,0.,-2.22044604925E-15));
#8947 = DIRECTION('',(0.,0.,-1.));
#8948 = DIRECTION('',(-1.,0.,0.));
#8949 = ADVANCED_FACE('',(#8950),#8968,.T.);
#8950 = FACE_BOUND('',#8951,.T.);
#8951 = EDGE_LOOP('',(#8952,#8953,#8960,#8961));
#8952 = ORIENTED_EDGE('',*,*,#8920,.T.);
#8953 = ORIENTED_EDGE('',*,*,#8954,.F.);
#8954 = EDGE_CURVE('',#6269,#8910,#8955,.T.);
#8955 = CIRCLE('',#8956,3.0875);
#8956 = AXIS2_PLACEMENT_3D('',#8957,#8958,#8959);
#8957 = CARTESIAN_POINT('',(-17.83254513209,10.295624732351,
    -11.40221742046));
#8958 = DIRECTION('',(-0.433012701892,0.25,-0.866025403784));
#8959 = DIRECTION('',(0.75,-0.433012701892,-0.5));
#8960 = ORIENTED_EDGE('',*,*,#6266,.F.);
#8961 = ORIENTED_EDGE('',*,*,#8962,.F.);
#8962 = EDGE_CURVE('',#8912,#6267,#8963,.T.);
#8963 = CIRCLE('',#8964,3.0875);
#8964 = AXIS2_PLACEMENT_3D('',#8965,#8966,#8967);
#8965 = CARTESIAN_POINT('',(-17.83254513209,10.295624732351,
    -11.40221742046));
#8966 = DIRECTION('',(-0.433012701892,0.25,-0.866025403784));
#8967 = DIRECTION('',(0.75,-0.433012701892,-0.5));
#8968 = CYLINDRICAL_SURFACE('',#8969,3.0875);
#8969 = AXIS2_PLACEMENT_3D('',#8970,#8971,#8972);
#8970 = CARTESIAN_POINT('',(-16.85826655283,9.733124732351,
    -9.45366026195));
#8971 = DIRECTION('',(-0.433012701892,0.25,-0.866025403784));
#8972 = DIRECTION('',(-0.75,0.433012701892,0.5));
#8973 = ADVANCED_FACE('',(#8974),#8992,.T.);
#8974 = FACE_BOUND('',#8975,.T.);
#8975 = EDGE_LOOP('',(#8976,#8977,#8984,#8985));
#8976 = ORIENTED_EDGE('',*,*,#8876,.T.);
#8977 = ORIENTED_EDGE('',*,*,#8978,.F.);
#8978 = EDGE_CURVE('',#6221,#8866,#8979,.T.);
#8979 = CIRCLE('',#8980,3.0875);
#8980 = AXIS2_PLACEMENT_3D('',#8981,#8982,#8983);
#8981 = CARTESIAN_POINT('',(17.832545132095,10.295624732351,
    -11.40221742046));
#8982 = DIRECTION('',(0.433012701892,0.25,-0.866025403784));
#8983 = DIRECTION('',(-0.75,-0.433012701892,-0.5));
#8984 = ORIENTED_EDGE('',*,*,#6218,.F.);
#8985 = ORIENTED_EDGE('',*,*,#8986,.F.);
#8986 = EDGE_CURVE('',#8868,#6219,#8987,.T.);
#8987 = CIRCLE('',#8988,3.0875);
#8988 = AXIS2_PLACEMENT_3D('',#8989,#8990,#8991);
#8989 = CARTESIAN_POINT('',(17.832545132095,10.295624732351,
    -11.40221742046));
#8990 = DIRECTION('',(0.433012701892,0.25,-0.866025403784));
#8991 = DIRECTION('',(-0.75,-0.433012701892,-0.5));
#8992 = CYLINDRICAL_SURFACE('',#8993,3.0875);
#8993 = AXIS2_PLACEMENT_3D('',#8994,#8995,#8996);
#8994 = CARTESIAN_POINT('',(16.858266552838,9.733124732351,
    -9.45366026195));
#8995 = DIRECTION('',(0.433012701892,0.25,-0.866025403784));
#8996 = DIRECTION('',(0.75,0.433012701892,0.5));
#8997 = ADVANCED_FACE('',(#8998),#9016,.T.);
#8998 = FACE_BOUND('',#8999,.T.);
#8999 = EDGE_LOOP('',(#9000,#9001,#9008,#9009));
#9000 = ORIENTED_EDGE('',*,*,#8832,.T.);
#9001 = ORIENTED_EDGE('',*,*,#9002,.F.);
#9002 = EDGE_CURVE('',#6173,#8822,#9003,.T.);
#9003 = CIRCLE('',#9004,3.0875);
#9004 = AXIS2_PLACEMENT_3D('',#9005,#9006,#9007);
#9005 = CARTESIAN_POINT('',(-1.26085038737E-15,-20.5912494647,
    -11.40221742046));
#9006 = DIRECTION('',(-3.061616997868E-17,-0.5,-0.866025403784));
#9007 = DIRECTION('',(5.302876193625E-17,0.866025403784,-0.5));
#9008 = ORIENTED_EDGE('',*,*,#6170,.F.);
#9009 = ORIENTED_EDGE('',*,*,#9010,.F.);
#9010 = EDGE_CURVE('',#8824,#6171,#9011,.T.);
#9011 = CIRCLE('',#9012,3.0875);
#9012 = AXIS2_PLACEMENT_3D('',#9013,#9014,#9015);
#9013 = CARTESIAN_POINT('',(-1.26085038737E-15,-20.5912494647,
    -11.40221742046));
#9014 = DIRECTION('',(-3.061616997868E-17,-0.5,-0.866025403784));
#9015 = DIRECTION('',(5.302876193625E-17,0.866025403784,-0.5));
#9016 = CYLINDRICAL_SURFACE('',#9017,3.0875);
#9017 = AXIS2_PLACEMENT_3D('',#9018,#9019,#9020);
#9018 = CARTESIAN_POINT('',(-1.191964004918E-15,-19.4662494647,
    -9.45366026195));
#9019 = DIRECTION('',(-3.061616997868E-17,-0.5,-0.866025403784));
#9020 = DIRECTION('',(-5.302876193625E-17,-0.866025403784,0.5));
#9021 = ADVANCED_FACE('',(#9022),#9041,.F.);
#9022 = FACE_BOUND('',#9023,.T.);
#9023 = EDGE_LOOP('',(#9024,#9025,#9034));
#9024 = ORIENTED_EDGE('',*,*,#6361,.F.);
#9025 = ORIENTED_EDGE('',*,*,#9026,.F.);
#9026 = EDGE_CURVE('',#9027,#6345,#9029,.T.);
#9027 = VERTEX_POINT('',#9028);
#9028 = CARTESIAN_POINT('',(11.5363153066,17.166901680866,-7.55));
#9029 = CIRCLE('',#9030,1.625);
#9030 = AXIS2_PLACEMENT_3D('',#9031,#9032,#9033);
#9031 = CARTESIAN_POINT('',(9.9113153066,17.166901680866,-7.55));
#9032 = DIRECTION('',(0.,0.,-1.));
#9033 = DIRECTION('',(1.,0.,0.));
#9034 = ORIENTED_EDGE('',*,*,#9035,.F.);
#9035 = EDGE_CURVE('',#6343,#9027,#9036,.T.);
#9036 = CIRCLE('',#9037,1.625);
#9037 = AXIS2_PLACEMENT_3D('',#9038,#9039,#9040);
#9038 = CARTESIAN_POINT('',(9.9113153066,17.166901680866,-7.55));
#9039 = DIRECTION('',(0.,0.,-1.));
#9040 = DIRECTION('',(1.,0.,0.));
#9041 = PLANE('',#9042);
#9042 = AXIS2_PLACEMENT_3D('',#9043,#9044,#9045);
#9043 = CARTESIAN_POINT('',(9.9113153066,17.166901680866,-7.55));
#9044 = DIRECTION('',(0.,0.,-1.));
#9045 = DIRECTION('',(1.,0.,0.));
#9046 = ADVANCED_FACE('',(#9047),#9067,.F.);
#9047 = FACE_BOUND('',#9048,.T.);
#9048 = EDGE_LOOP('',(#9049,#9050,#9059,#9066));
#9049 = ORIENTED_EDGE('',*,*,#6145,.F.);
#9050 = ORIENTED_EDGE('',*,*,#9051,.F.);
#9051 = EDGE_CURVE('',#9052,#6146,#9054,.T.);
#9052 = VERTEX_POINT('',#9053);
#9053 = CARTESIAN_POINT('',(-20.6351306132,1.40729128115,-7.55));
#9054 = CIRCLE('',#9055,1.625);
#9055 = AXIS2_PLACEMENT_3D('',#9056,#9057,#9058);
#9056 = CARTESIAN_POINT('',(-19.8226306132,3.330669073875E-15,-7.55));
#9057 = DIRECTION('',(0.,0.,-1.));
#9058 = DIRECTION('',(-0.5,0.866025403784,0.));
#9059 = ORIENTED_EDGE('',*,*,#9060,.F.);
#9060 = EDGE_CURVE('',#5895,#9052,#9061,.T.);
#9061 = CIRCLE('',#9062,1.625);
#9062 = AXIS2_PLACEMENT_3D('',#9063,#9064,#9065);
#9063 = CARTESIAN_POINT('',(-19.8226306132,3.330669073875E-15,-7.55));
#9064 = DIRECTION('',(0.,0.,-1.));
#9065 = DIRECTION('',(-0.5,0.866025403784,0.));
#9066 = ORIENTED_EDGE('',*,*,#5907,.F.);
#9067 = PLANE('',#9068);
#9068 = AXIS2_PLACEMENT_3D('',#9069,#9070,#9071);
#9069 = CARTESIAN_POINT('',(-19.8226306132,3.330669073875E-15,-7.55));
#9070 = DIRECTION('',(0.,0.,-1.));
#9071 = DIRECTION('',(-0.5,0.866025403784,0.));
#9072 = ADVANCED_FACE('',(#9073),#9092,.F.);
#9073 = FACE_BOUND('',#9074,.T.);
#9074 = EDGE_LOOP('',(#9075,#9076,#9085));
#9075 = ORIENTED_EDGE('',*,*,#6333,.F.);
#9076 = ORIENTED_EDGE('',*,*,#9077,.F.);
#9077 = EDGE_CURVE('',#9078,#6317,#9080,.T.);
#9078 = VERTEX_POINT('',#9079);
#9079 = CARTESIAN_POINT('',(9.0988153066,-18.57419296201,-7.55));
#9080 = CIRCLE('',#9081,1.625);
#9081 = AXIS2_PLACEMENT_3D('',#9082,#9083,#9084);
#9082 = CARTESIAN_POINT('',(9.9113153066,-17.16690168086,-7.55));
#9083 = DIRECTION('',(0.,0.,-1.));
#9084 = DIRECTION('',(-0.5,-0.866025403784,-0.));
#9085 = ORIENTED_EDGE('',*,*,#9086,.F.);
#9086 = EDGE_CURVE('',#6315,#9078,#9087,.T.);
#9087 = CIRCLE('',#9088,1.625);
#9088 = AXIS2_PLACEMENT_3D('',#9089,#9090,#9091);
#9089 = CARTESIAN_POINT('',(9.9113153066,-17.16690168086,-7.55));
#9090 = DIRECTION('',(0.,0.,-1.));
#9091 = DIRECTION('',(-0.5,-0.866025403784,-0.));
#9092 = PLANE('',#9093);
#9093 = AXIS2_PLACEMENT_3D('',#9094,#9095,#9096);
#9094 = CARTESIAN_POINT('',(9.9113153066,-17.16690168086,-7.55));
#9095 = DIRECTION('',(0.,0.,-1.));
#9096 = DIRECTION('',(-0.5,-0.866025403784,-0.));
#9097 = ADVANCED_FACE('',(#9098),#9113,.F.);
#9098 = FACE_BOUND('',#9099,.F.);
#9099 = EDGE_LOOP('',(#9100,#9101,#9107,#9108,#9109,#9110,#9111,#9112));
#9100 = ORIENTED_EDGE('',*,*,#9077,.F.);
#9101 = ORIENTED_EDGE('',*,*,#9102,.T.);
#9102 = EDGE_CURVE('',#9078,#6420,#9103,.T.);
#9103 = LINE('',#9104,#9105);
#9104 = CARTESIAN_POINT('',(9.0988153066,-18.57419296201,-3.05));
#9105 = VECTOR('',#9106,1.);
#9106 = DIRECTION('',(0.,0.,1.));
#9107 = ORIENTED_EDGE('',*,*,#6428,.T.);
#9108 = ORIENTED_EDGE('',*,*,#5757,.T.);
#9109 = ORIENTED_EDGE('',*,*,#6419,.T.);
#9110 = ORIENTED_EDGE('',*,*,#9102,.F.);
#9111 = ORIENTED_EDGE('',*,*,#9086,.F.);
#9112 = ORIENTED_EDGE('',*,*,#6314,.T.);
#9113 = CYLINDRICAL_SURFACE('',#9114,1.625);
#9114 = AXIS2_PLACEMENT_3D('',#9115,#9116,#9117);
#9115 = CARTESIAN_POINT('',(9.9113153066,-17.16690168086,-3.05));
#9116 = DIRECTION('',(0.,0.,1.));
#9117 = DIRECTION('',(0.5,0.866025403784,-0.));
#9118 = ADVANCED_FACE('',(#9119),#9136,.F.);
#9119 = FACE_BOUND('',#9120,.F.);
#9120 = EDGE_LOOP('',(#9121,#9122,#9123,#9129,#9130,#9131,#9132,#9133,
    #9134,#9135));
#9121 = ORIENTED_EDGE('',*,*,#6154,.T.);
#9122 = ORIENTED_EDGE('',*,*,#9051,.F.);
#9123 = ORIENTED_EDGE('',*,*,#9124,.T.);
#9124 = EDGE_CURVE('',#9052,#6437,#9125,.T.);
#9125 = LINE('',#9126,#9127);
#9126 = CARTESIAN_POINT('',(-20.6351306132,1.40729128115,-3.05));
#9127 = VECTOR('',#9128,1.);
#9128 = DIRECTION('',(0.,0.,1.));
#9129 = ORIENTED_EDGE('',*,*,#6445,.T.);
#9130 = ORIENTED_EDGE('',*,*,#5821,.T.);
#9131 = ORIENTED_EDGE('',*,*,#5733,.T.);
#9132 = ORIENTED_EDGE('',*,*,#6436,.T.);
#9133 = ORIENTED_EDGE('',*,*,#9124,.F.);
#9134 = ORIENTED_EDGE('',*,*,#9060,.F.);
#9135 = ORIENTED_EDGE('',*,*,#5894,.T.);
#9136 = CYLINDRICAL_SURFACE('',#9137,1.625);
#9137 = AXIS2_PLACEMENT_3D('',#9138,#9139,#9140);
#9138 = CARTESIAN_POINT('',(-19.8226306132,3.330669073875E-15,-3.05));
#9139 = DIRECTION('',(0.,0.,1.));
#9140 = DIRECTION('',(0.5,-0.866025403784,0.));
#9141 = ADVANCED_FACE('',(#9142),#9157,.F.);
#9142 = FACE_BOUND('',#9143,.F.);
#9143 = EDGE_LOOP('',(#9144,#9145,#9151,#9152,#9153,#9154,#9155,#9156));
#9144 = ORIENTED_EDGE('',*,*,#9026,.F.);
#9145 = ORIENTED_EDGE('',*,*,#9146,.T.);
#9146 = EDGE_CURVE('',#9027,#6403,#9147,.T.);
#9147 = LINE('',#9148,#9149);
#9148 = CARTESIAN_POINT('',(11.5363153066,17.166901680866,-3.05));
#9149 = VECTOR('',#9150,1.);
#9150 = DIRECTION('',(0.,0.,1.));
#9151 = ORIENTED_EDGE('',*,*,#6411,.T.);
#9152 = ORIENTED_EDGE('',*,*,#5789,.T.);
#9153 = ORIENTED_EDGE('',*,*,#6402,.T.);
#9154 = ORIENTED_EDGE('',*,*,#9146,.F.);
#9155 = ORIENTED_EDGE('',*,*,#9035,.F.);
#9156 = ORIENTED_EDGE('',*,*,#6342,.T.);
#9157 = CYLINDRICAL_SURFACE('',#9158,1.625);
#9158 = AXIS2_PLACEMENT_3D('',#9159,#9160,#9161);
#9159 = CARTESIAN_POINT('',(9.9113153066,17.166901680866,-3.05));
#9160 = DIRECTION('',(0.,0.,1.));
#9161 = DIRECTION('',(-1.,0.,0.));
#9162 = ADVANCED_FACE('',(#9163),#9182,.F.);
#9163 = FACE_BOUND('',#9164,.T.);
#9164 = EDGE_LOOP('',(#9165,#9174,#9175,#9176));
#9165 = ORIENTED_EDGE('',*,*,#9166,.F.);
#9166 = EDGE_CURVE('',#5456,#9167,#9169,.T.);
#9167 = VERTEX_POINT('',#9168);
#9168 = CARTESIAN_POINT('',(-1.900382450167,3.900382450167,
    -16.84710611674));
#9169 = CIRCLE('',#9170,16.739051547888);
#9170 = AXIS2_PLACEMENT_3D('',#9171,#9172,#9173);
#9171 = CARTESIAN_POINT('',(4.065632358912,-1.380074629561E-15,
    -1.701495176175));
#9172 = DIRECTION('',(0.930417567982,-3.158292651954E-16,-0.366501226724
    ));
#9173 = DIRECTION('',(0.366501226724,-1.109335647967E-31,0.930417567982)
  );
#9174 = ORIENTED_EDGE('',*,*,#5453,.F.);
#9175 = ORIENTED_EDGE('',*,*,#8770,.F.);
#9176 = ORIENTED_EDGE('',*,*,#9177,.T.);
#9177 = EDGE_CURVE('',#8763,#9167,#9178,.T.);
#9178 = LINE('',#9179,#9180);
#9179 = CARTESIAN_POINT('',(-2.615517532154,4.615517532154,
    -18.66258228774));
#9180 = VECTOR('',#9181,1.);
#9181 = DIRECTION('',(0.344117718609,-0.344117718609,0.873593722207));
#9182 = PLANE('',#9183);
#9183 = AXIS2_PLACEMENT_3D('',#9184,#9185,#9186);
#9184 = CARTESIAN_POINT('',(-2.905994093914,3.879943902444E-15,-19.4));
#9185 = DIRECTION('',(-0.930417567982,3.158292651954E-16,0.366501226724)
  );
#9186 = DIRECTION('',(-3.394489485838E-16,-1.,4.930380657631E-32));
#9187 = ADVANCED_FACE('',(#9188),#9200,.F.);
#9188 = FACE_BOUND('',#9189,.T.);
#9189 = EDGE_LOOP('',(#9190,#9197,#9198,#9199));
#9190 = ORIENTED_EDGE('',*,*,#9191,.F.);
#9191 = EDGE_CURVE('',#9167,#5581,#9192,.T.);
#9192 = CIRCLE('',#9193,17.117116251147);
#9193 = AXIS2_PLACEMENT_3D('',#9194,#9195,#9196);
#9194 = CARTESIAN_POINT('',(2.229503766581E-16,-2.334278657293,
    -1.019496816112));
#9195 = DIRECTION('',(8.886554592907E-17,-0.930417567982,-0.366501226724
    ));
#9196 = DIRECTION('',(-1.232595164408E-32,-0.366501226724,0.930417567982
    ));
#9197 = ORIENTED_EDGE('',*,*,#9177,.F.);
#9198 = ORIENTED_EDGE('',*,*,#8762,.F.);
#9199 = ORIENTED_EDGE('',*,*,#5589,.T.);
#9200 = PLANE('',#9201);
#9201 = AXIS2_PLACEMENT_3D('',#9202,#9203,#9204);
#9202 = CARTESIAN_POINT('',(-2.905994093914,4.905994093914,-19.4));
#9203 = DIRECTION('',(-8.886554592907E-17,0.930417567982,0.366501226724)
  );
#9204 = DIRECTION('',(-1.,-9.551146602037E-17,-1.232595164408E-32));
#9205 = ADVANCED_FACE('',(#9206),#9237,.F.);
#9206 = FACE_BOUND('',#9207,.F.);
#9207 = EDGE_LOOP('',(#9208,#9221,#9222,#9236));
#9208 = ORIENTED_EDGE('',*,*,#9209,.T.);
#9209 = EDGE_CURVE('',#5430,#5364,#9210,.T.);
#9210 = B_SPLINE_CURVE_WITH_KNOTS('',3,(#9211,#9212,#9213,#9214,#9215,
    #9216,#9217,#9218,#9219,#9220),.UNSPECIFIED.,.F.,.F.,(4,1,1,1,1,1,1,
    4),(15.707963267949,16.386066805416,17.380029701735,18.373992598055,
    19.367955494374,20.361918390694,21.355881287013,21.991148575128),
  .UNSPECIFIED.);
#9211 = CARTESIAN_POINT('',(-13.71911508983,7.923447401202,
    -7.282981524564));
#9212 = CARTESIAN_POINT('',(-13.96524631215,7.528229668943,
    -7.303083295681));
#9213 = CARTESIAN_POINT('',(-14.85837184122,6.711134585884,
    -7.164095672892));
#9214 = CARTESIAN_POINT('',(-16.73099556837,6.873798157909,
    -6.295149247881));
#9215 = CARTESIAN_POINT('',(-17.5610405335,8.856120745999,
    -5.435746300726));
#9216 = CARTESIAN_POINT('',(-16.41561714842,10.865587213733,
    -5.556241765562));
#9217 = CARTESIAN_POINT('',(-14.37975494,11.098208896127,-6.634887549631
    ));
#9218 = CARTESIAN_POINT('',(-13.47228472543,9.576733880002,
    -7.640320162045));
#9219 = CARTESIAN_POINT('',(-13.79790362719,8.468355700089,
    -7.867335173051));
#9220 = CARTESIAN_POINT('',(-14.02420777983,8.095304561885,
    -7.889114667439));
#9221 = ORIENTED_EDGE('',*,*,#5394,.T.);
#9222 = ORIENTED_EDGE('',*,*,#9223,.F.);
#9223 = EDGE_CURVE('',#5411,#5380,#9224,.T.);
#9224 = B_SPLINE_CURVE_WITH_KNOTS('',3,(#9225,#9226,#9227,#9228,#9229,
    #9230,#9231,#9232,#9233,#9234,#9235),.UNSPECIFIED.,.F.,.F.,(4,1,1,1,
    1,1,1,1,4),(15.707963267949,15.837431589535,16.831394485854,
    17.825357382174,18.819320278493,19.813283174813,20.807246071132,
    21.801208967452,21.991148575128),.UNSPECIFIED.);
#9225 = CARTESIAN_POINT('',(-13.74304270174,7.932986033308,
    -7.335409341134));
#9226 = CARTESIAN_POINT('',(-13.78880736956,7.857326452084,
    -7.339919795762));
#9227 = CARTESIAN_POINT('',(-14.22401283358,7.22359492769,
    -7.353433604047));
#9228 = CARTESIAN_POINT('',(-15.6457311223,6.507541051189,
    -6.940077674498));
#9229 = CARTESIAN_POINT('',(-17.36878810549,7.635164876439,
    -5.880898998712));
#9230 = CARTESIAN_POINT('',(-17.29016115211,9.897742959165,
    -5.394929218172));
#9231 = CARTESIAN_POINT('',(-15.52466562387,11.263671649306,
    -6.011234109153));
#9232 = CARTESIAN_POINT('',(-13.72132674455,10.515897368967,
    -7.256634165168));
#9233 = CARTESIAN_POINT('',(-13.60595815672,8.941040815886,
    -7.862329729612));
#9234 = CARTESIAN_POINT('',(-13.9765717675,8.221420016301,
    -7.935526640049));
#9235 = CARTESIAN_POINT('',(-14.04546462013,8.111179617437,
    -7.941048701921));
#9236 = ORIENTED_EDGE('',*,*,#5439,.F.);
#9237 = CYLINDRICAL_SURFACE('',#9238,2.05475);
#9238 = AXIS2_PLACEMENT_3D('',#9239,#9240,#9241);
#9239 = CARTESIAN_POINT('',(-14.52717502667,8.387268412217,
    -4.791477209629));
#9240 = DIRECTION('',(-0.433012701892,0.25,-0.866025403784));
#9241 = DIRECTION('',(-0.75,0.433012701892,0.5));
#9242 = ADVANCED_FACE('',(#9243),#9471,.F.);
#9243 = FACE_BOUND('',#9244,.F.);
#9244 = EDGE_LOOP('',(#9245,#9246,#9247,#9248,#9249,#9250,#9251,#9252,
    #9253,#9281,#9282,#9373,#9374,#9375,#9376,#9377,#9378,#9379,#9380,
    #9381,#9382,#9383));
#9245 = ORIENTED_EDGE('',*,*,#3615,.T.);
#9246 = ORIENTED_EDGE('',*,*,#3649,.T.);
#9247 = ORIENTED_EDGE('',*,*,#3724,.T.);
#9248 = ORIENTED_EDGE('',*,*,#3796,.T.);
#9249 = ORIENTED_EDGE('',*,*,#3865,.T.);
#9250 = ORIENTED_EDGE('',*,*,#3937,.T.);
#9251 = ORIENTED_EDGE('',*,*,#4009,.T.);
#9252 = ORIENTED_EDGE('',*,*,#4078,.T.);
#9253 = ORIENTED_EDGE('',*,*,#9254,.T.);
#9254 = EDGE_CURVE('',#4079,#4186,#9255,.T.);
#9255 = B_SPLINE_CURVE_WITH_KNOTS('',3,(#9256,#9257,#9258,#9259,#9260,
    #9261,#9262,#9263,#9264,#9265,#9266,#9267,#9268,#9269,#9270,#9271,
    #9272,#9273,#9274,#9275,#9276,#9277,#9278,#9279,#9280),
  .UNSPECIFIED.,.F.,.F.,(4,3,3,3,3,3,3,3,4),(-10.12956857087,
    -9.939628963195,-8.945666066875,-7.951703170556,-6.957740274236,
    -5.963777377917,-4.969814481597,-3.975851585278,-3.846383263692),
  .UNSPECIFIED.);
#9256 = CARTESIAN_POINT('',(-14.43450390541,8.33540808433,
    -7.940966543088));
#9257 = CARTESIAN_POINT('',(-14.37806742631,8.424457837434,
    -7.935333506967));
#9258 = CARTESIAN_POINT('',(-14.32927958173,8.517733576336,
    -7.92465621657));
#9259 = CARTESIAN_POINT('',(-14.28953515754,8.613857646579,
    -7.908634973542));
#9260 = CARTESIAN_POINT('',(-14.08155071731,9.116879425094,
    -7.824795055595));
#9261 = CARTESIAN_POINT('',(-14.12121836431,9.697902133633,
    -7.594612165058));
#9262 = CARTESIAN_POINT('',(-14.38323266351,10.088590298392,
    -7.308200798469));
#9263 = CARTESIAN_POINT('',(-14.6452469627,10.479278463152,
    -7.02178943188));
#9264 = CARTESIAN_POINT('',(-15.12960791409,10.679632084131,
    -6.679149589238));
#9265 = CARTESIAN_POINT('',(-15.6088549406,10.59435248543,
    -6.421521917172));
#9266 = CARTESIAN_POINT('',(-16.08810196711,10.50907288673,
    -6.163894245106));
#9267 = CARTESIAN_POINT('',(-16.56223506874,10.13816006835,
    -5.991278743617));
#9268 = CARTESIAN_POINT('',(-16.80841480655,9.64607939597,
    -5.967618070594));
#9269 = CARTESIAN_POINT('',(-17.05459454437,9.153998723589,
    -5.943957397571));
#9270 = CARTESIAN_POINT('',(-17.07282091838,8.540750197208,
    -6.069251553015));
#9271 = CARTESIAN_POINT('',(-16.84757846501,8.080872623737,
    -6.272005741673));
#9272 = CARTESIAN_POINT('',(-16.62233601164,7.620995050266,
    -6.474759930332));
#9273 = CARTESIAN_POINT('',(-16.1536247309,7.314488429706,
    -6.754974152204));
#9274 = CARTESIAN_POINT('',(-15.64719433146,7.29663214854,-6.97072175785
    ));
#9275 = CARTESIAN_POINT('',(-15.14076393201,7.278775867374,
    -7.186469363496));
#9276 = CARTESIAN_POINT('',(-14.59661441387,7.549569925602,
    -7.337750352916));
#9277 = CARTESIAN_POINT('',(-14.2550074954,7.981457186305,
    -7.341256440592));
#9278 = CARTESIAN_POINT('',(-14.21051159466,8.037712524371,
    -7.34171312493));
#9279 = CARTESIAN_POINT('',(-14.16945208885,8.096701015194,
    -7.339662618561));
#9280 = CARTESIAN_POINT('',(-14.13195201465,8.157818712796,
    -7.335217747334));
#9281 = ORIENTED_EDGE('',*,*,#4185,.T.);
#9282 = ORIENTED_EDGE('',*,*,#9283,.T.);
#9283 = EDGE_CURVE('',#4177,#5409,#9284,.T.);
#9284 = B_SPLINE_CURVE_WITH_KNOTS('',3,(#9285,#9286,#9287,#9288,#9289,
    #9290,#9291,#9292,#9293,#9294,#9295,#9296,#9297,#9298,#9299,#9300,
    #9301,#9302,#9303,#9304,#9305,#9306,#9307,#9308,#9309,#9310,#9311,
    #9312,#9313,#9314,#9315,#9316,#9317,#9318,#9319,#9320,#9321,#9322,
    #9323,#9324,#9325,#9326,#9327,#9328,#9329,#9330,#9331,#9332,#9333,
    #9334,#9335,#9336,#9337,#9338,#9339,#9340,#9341,#9342,#9343,#9344,
    #9345,#9346,#9347,#9348,#9349,#9350,#9351,#9352,#9353,#9354,#9355,
    #9356,#9357,#9358,#9359,#9360,#9361,#9362,#9363,#9364,#9365,#9366,
    #9367,#9368,#9369,#9370,#9371,#9372),.UNSPECIFIED.,.F.,.F.,(4,3,3,3,
    3,3,3,3,3,3,3,3,3,3,3,3,3,3,3,3,3,3,3,3,3,3,3,3,3,4),(
    -0.378621596831,-0.359794007585,-0.348063038097,-0.341277058989,
    -0.335296025102,-0.315421481164,-0.30118229871,-0.297272268187,
    -0.293229873828,-0.272827121467,-0.2521311281,-0.239475351459,
    -0.229320815224,-0.224569910571,-0.203267637539,-0.201508021535,
    -0.181032585246,-0.15909158342,-0.154479556169,-0.150832494722,
    -0.129446493147,-0.107611114734,-8.564662133015E-02,
    -8.022025575063E-02,-7.59514591249E-02,-5.340659564643E-02,
    -3.083711258234E-02,-8.769246004033E-03,-5.504570634095E-03,0.),
  .UNSPECIFIED.);
#9285 = CARTESIAN_POINT('',(-16.68806279574,8.388521529594,
    -5.495752335001));
#9286 = CARTESIAN_POINT('',(-16.70102550133,8.445250638874,
    -5.472894698946));
#9287 = CARTESIAN_POINT('',(-16.71061409688,8.503092248188,
    -5.451402966817));
#9288 = CARTESIAN_POINT('',(-16.7169879486,8.561749204148,
    -5.431283236302));
#9289 = CARTESIAN_POINT('',(-16.72095932587,8.598296791396,
    -5.418747167998));
#9290 = CARTESIAN_POINT('',(-16.72368185352,8.635161590396,
    -5.406743953362));
#9291 = CARTESIAN_POINT('',(-16.72518606435,8.67227691052,
    -5.395277577914));
#9292 = CARTESIAN_POINT('',(-16.72605620072,8.69374689961,
    -5.388644657736));
#9293 = CARTESIAN_POINT('',(-16.72651854543,8.715300784038,
    -5.382191414893));
#9294 = CARTESIAN_POINT('',(-16.72657808211,8.736926092446,
    -5.375918957741));
#9295 = CARTESIAN_POINT('',(-16.72663055661,8.755986231057,
    -5.370390532412));
#9296 = CARTESIAN_POINT('',(-16.72636979563,8.775106854577,
    -5.365001264331));
#9297 = CARTESIAN_POINT('',(-16.72580016211,8.794249456542,
    -5.359760087895));
#9298 = CARTESIAN_POINT('',(-16.72390731101,8.857858941301,
    -5.342344036868));
#9299 = CARTESIAN_POINT('',(-16.71860936601,8.92176363904,
    -5.326545312145));
#9300 = CARTESIAN_POINT('',(-16.71005660735,8.985645010484,
    -5.31238072798));
#9301 = CARTESIAN_POINT('',(-16.70392895523,9.031413029423,
    -5.302232465009));
#9302 = CARTESIAN_POINT('',(-16.69612960593,9.07716972457,
    -5.292923319531));
#9303 = CARTESIAN_POINT('',(-16.68669942593,9.1228031673,-5.284465169307
    ));
#9304 = CARTESIAN_POINT('',(-16.68410993094,9.135333953709,
    -5.282142590349));
#9305 = CARTESIAN_POINT('',(-16.68139739732,9.147855461241,
    -5.279884209289));
#9306 = CARTESIAN_POINT('',(-16.67856251616,9.160365397822,
    -5.277690342239));
#9307 = CARTESIAN_POINT('',(-16.67563166754,9.173298825517,
    -5.275422207571));
#9308 = CARTESIAN_POINT('',(-16.67257173444,9.186212277225,
    -5.273224381709));
#9309 = CARTESIAN_POINT('',(-16.66938533729,9.199097783456,
    -5.271097855039));
#9310 = CARTESIAN_POINT('',(-16.6533029697,9.26413344534,-5.260364860385
    ));
#9311 = CARTESIAN_POINT('',(-16.63399296847,9.328499224923,
    -5.25143906092));
#9312 = CARTESIAN_POINT('',(-16.61160848199,9.391872416692,
    -5.244337039494));
#9313 = CARTESIAN_POINT('',(-16.5889022718,9.456156447261,
    -5.237132943413));
#9314 = CARTESIAN_POINT('',(-16.56303252338,9.519420179433,
    -5.231805151223));
#9315 = CARTESIAN_POINT('',(-16.53411153081,9.581335921313,
    -5.228392112387));
#9316 = CARTESIAN_POINT('',(-16.51642609693,9.619197926094,-5.22630501)
  );
#9317 = CARTESIAN_POINT('',(-16.49759874788,9.65655597532,
    -5.224934344639));
#9318 = CARTESIAN_POINT('',(-16.47764671964,9.693334198549,
    -5.224293400219));
#9319 = CARTESIAN_POINT('',(-16.4616379357,9.722843711164,
    -5.223779129659));
#9320 = CARTESIAN_POINT('',(-16.44490497287,9.751979940161,
    -5.223734706248));
#9321 = CARTESIAN_POINT('',(-16.42745385845,9.780702611472,
    -5.224168742453));
#9322 = CARTESIAN_POINT('',(-16.41928917433,9.794140809889,
    -5.224371810775));
#9323 = CARTESIAN_POINT('',(-16.41096451621,9.80749252387,
    -5.224679832004));
#9324 = CARTESIAN_POINT('',(-16.40249692582,9.820728228933,
    -5.225092808261));
#9325 = CARTESIAN_POINT('',(-16.3645296468,9.880074947847,-5.2269445257)
  );
#9326 = CARTESIAN_POINT('',(-16.32364073109,9.937178875162,
    -5.230904499648));
#9327 = CARTESIAN_POINT('',(-16.27996131401,9.991703156042,
    -5.237004404069));
#9328 = CARTESIAN_POINT('',(-16.27635329522,9.996206985146,
    -5.237508269991));
#9329 = CARTESIAN_POINT('',(-16.27272621052,10.000693210475,
    -5.238026750639));
#9330 = CARTESIAN_POINT('',(-16.26908011993,10.005161640167,
    -5.238559871393));
#9331 = CARTESIAN_POINT('',(-16.22665308161,10.057157670693,
    -5.244763429444));
#9332 = CARTESIAN_POINT('',(-16.18165598875,10.106745844273,
    -5.252947103191));
#9333 = CARTESIAN_POINT('',(-16.13439617391,10.153862610529,
    -5.262975571771));
#9334 = CARTESIAN_POINT('',(-16.0837536543,10.204351842598,
    -5.273721845713));
#9335 = CARTESIAN_POINT('',(-16.03051255823,10.252004123718,
    -5.286586365078));
#9336 = CARTESIAN_POINT('',(-15.97500628136,10.296709457344,
    -5.301434185312));
#9337 = CARTESIAN_POINT('',(-15.96333878944,10.306106576882,
    -5.304555216524));
#9338 = CARTESIAN_POINT('',(-15.95157107613,10.315373352739,
    -5.307763985415));
#9339 = CARTESIAN_POINT('',(-15.9397060368,10.324508539354,
    -5.311059403853));
#9340 = CARTESIAN_POINT('',(-15.93032349738,10.331732388021,
    -5.313665328077));
#9341 = CARTESIAN_POINT('',(-15.92088621374,10.338869203483,
    -5.316323748732));
#9342 = CARTESIAN_POINT('',(-15.91139997293,10.345915685295,
    -5.319032725054));
#9343 = CARTESIAN_POINT('',(-15.85577361073,10.387235546043,
    -5.33491788979));
#9344 = CARTESIAN_POINT('',(-15.79842375029,10.425484709065,
    -5.352551237727));
#9345 = CARTESIAN_POINT('',(-15.73969319648,10.460600156194,
    -5.371779558203));
#9346 = CARTESIAN_POINT('',(-15.67972855736,10.496453472368,
    -5.391411916892));
#9347 = CARTESIAN_POINT('',(-15.61832388993,10.529040593134,
    -5.412707159133));
#9348 = CARTESIAN_POINT('',(-15.5558073441,10.558263747725,
    -5.435529433962));
#9349 = CARTESIAN_POINT('',(-15.49292113107,10.58765970204,
    -5.458486659409));
#9350 = CARTESIAN_POINT('',(-15.42890898508,10.613652367243,
    -5.48298929628));
#9351 = CARTESIAN_POINT('',(-15.36408017578,10.63610266718,
    -5.508922857573));
#9352 = CARTESIAN_POINT('',(-15.34806410781,10.641649052092,
    -5.515329788148));
#9353 = CARTESIAN_POINT('',(-15.33199811332,10.64697901862,
    -5.521824156589));
#9354 = CARTESIAN_POINT('',(-15.31588672144,10.652090036361,
    -5.528404428791));
#9355 = CARTESIAN_POINT('',(-15.30321226112,10.656110756118,
    -5.533580977138));
#9356 = CARTESIAN_POINT('',(-15.29050808785,10.659996338602,
    -5.538811392726));
#9357 = CARTESIAN_POINT('',(-15.27779597493,10.663740038438,
    -5.544086736129));
#9358 = CARTESIAN_POINT('',(-15.21065929092,10.683511699892,
    -5.571947491104));
#9359 = CARTESIAN_POINT('',(-15.14318359844,10.699368315147,
    -5.601107926801));
#9360 = CARTESIAN_POINT('',(-15.07571815465,10.711217032218,
    -5.631420218703));
#9361 = CARTESIAN_POINT('',(-15.00817903681,10.723078688401,
    -5.661765612428));
#9362 = CARTESIAN_POINT('',(-14.94064924743,10.730924222625,
    -5.69326569647));
#9363 = CARTESIAN_POINT('',(-14.87345889867,10.734618214647,
    -5.725794507206));
#9364 = CARTESIAN_POINT('',(-14.80776188436,10.738230106104,
    -5.757600351108));
#9365 = CARTESIAN_POINT('',(-14.7423884722,10.737873276584,
    -5.790390064996));
#9366 = CARTESIAN_POINT('',(-14.67764166955,10.733374638617,
    -5.824062111243));
#9367 = CARTESIAN_POINT('',(-14.66806315904,10.732709119251,
    -5.829043485389));
#9368 = CARTESIAN_POINT('',(-14.65849836637,10.731952863792,
    -5.834044193868));
#9369 = CARTESIAN_POINT('',(-14.64894828071,10.731105215913,
    -5.839063931568));
#9370 = CARTESIAN_POINT('',(-14.63284587689,10.729675996437,
    -5.847527713599));
#9371 = CARTESIAN_POINT('',(-14.61678528202,10.727986964312,
    -5.856045592612));
#9372 = CARTESIAN_POINT('',(-14.60076948521,10.726041069349,
    -5.864615222506));
#9373 = ORIENTED_EDGE('',*,*,#5408,.T.);
#9374 = ORIENTED_EDGE('',*,*,#9223,.T.);
#9375 = ORIENTED_EDGE('',*,*,#5379,.T.);
#9376 = ORIENTED_EDGE('',*,*,#5334,.T.);
#9377 = ORIENTED_EDGE('',*,*,#5287,.T.);
#9378 = ORIENTED_EDGE('',*,*,#5242,.T.);
#9379 = ORIENTED_EDGE('',*,*,#5197,.T.);
#9380 = ORIENTED_EDGE('',*,*,#5150,.T.);
#9381 = ORIENTED_EDGE('',*,*,#5105,.T.);
#9382 = ORIENTED_EDGE('',*,*,#5064,.T.);
#9383 = ORIENTED_EDGE('',*,*,#9384,.T.);
#9384 = EDGE_CURVE('',#5056,#3616,#9385,.T.);
#9385 = B_SPLINE_CURVE_WITH_KNOTS('',3,(#9386,#9387,#9388,#9389,#9390,
    #9391,#9392,#9393,#9394,#9395,#9396,#9397,#9398,#9399,#9400,#9401,
    #9402,#9403,#9404,#9405,#9406,#9407,#9408,#9409,#9410,#9411,#9412,
    #9413,#9414,#9415,#9416,#9417,#9418,#9419,#9420,#9421,#9422,#9423,
    #9424,#9425,#9426,#9427,#9428,#9429,#9430,#9431,#9432,#9433,#9434,
    #9435,#9436,#9437,#9438,#9439,#9440,#9441,#9442,#9443,#9444,#9445,
    #9446,#9447,#9448,#9449,#9450,#9451,#9452,#9453,#9454,#9455,#9456,
    #9457,#9458,#9459,#9460,#9461,#9462,#9463,#9464,#9465,#9466,#9467,
    #9468,#9469,#9470),.UNSPECIFIED.,.F.,.F.,(4,3,3,3,3,3,3,3,3,3,3,3,3,
    3,3,3,3,3,3,3,3,3,3,3,3,3,3,3,4),(0.,2.196927111358E-02,
    4.454543199728E-02,6.353766605285E-02,7.211131693745E-02,
    7.681479946196E-02,8.106178607985E-02,0.103006491485,0.124779941275,
    0.142705782067,0.150369166088,0.154090378321,0.157595467905,
    0.178369317639,0.196483304442,0.218687926271,0.226643343709,
    0.230453484398,0.251129162481,0.271773931687,0.287393923177,
    0.296563260784,0.300766473439,0.320533375153,0.334030610732,
    0.338663026199,0.35769621118,0.374120279072,0.378621596831),
  .UNSPECIFIED.);
#9386 = CARTESIAN_POINT('',(-19.68458692807,10.029974965801,
    -10.55288300459));
#9387 = CARTESIAN_POINT('',(-19.67778632841,9.960897453637,
    -10.57622426454));
#9388 = CARTESIAN_POINT('',(-19.66721013211,9.892977974894,
    -10.60111902735));
#9389 = CARTESIAN_POINT('',(-19.6530718176,9.826434588428,
    -10.62739760565));
#9390 = CARTESIAN_POINT('',(-19.63854293945,9.758052975272,
    -10.65440211611));
#9391 = CARTESIAN_POINT('',(-19.62025199388,9.691123706517,
    -10.68286840456));
#9392 = CARTESIAN_POINT('',(-19.59838470087,9.625907910568,
    -10.71262822974));
#9393 = CARTESIAN_POINT('',(-19.57998880313,9.571045010399,
    -10.7376637337));
#9394 = CARTESIAN_POINT('',(-19.5590609142,9.517394947656,
    -10.76361511725));
#9395 = CARTESIAN_POINT('',(-19.53569108763,9.46513251704,
    -10.79038689473));
#9396 = CARTESIAN_POINT('',(-19.52514126323,9.441539724683,
    -10.80247245943));
#9397 = CARTESIAN_POINT('',(-19.51409357412,9.41822998614,-10.8147252459
    ));
#9398 = CARTESIAN_POINT('',(-19.50255528865,9.395220834518,
    -10.82713655858));
#9399 = CARTESIAN_POINT('',(-19.49622541532,9.382598073922,
    -10.83394537236));
#9400 = CARTESIAN_POINT('',(-19.48974788236,9.370065794586,
    -10.84080189626));
#9401 = CARTESIAN_POINT('',(-19.48312382049,9.357627020303,
    -10.84770469203));
#9402 = CARTESIAN_POINT('',(-19.47714265612,9.346395489698,
    -10.85393753783));
#9403 = CARTESIAN_POINT('',(-19.47104114272,9.335238843508,
    -10.86020894087));
#9404 = CARTESIAN_POINT('',(-19.4648297587,9.324175956082,
    -10.86650821339));
#9405 = CARTESIAN_POINT('',(-19.43273476885,9.267012647754,
    -10.89905733405));
#9406 = CARTESIAN_POINT('',(-19.39765629415,9.212247426286,
    -10.93240592908));
#9407 = CARTESIAN_POINT('',(-19.35977080865,9.16012253731,
    -10.96639583117));
#9408 = CARTESIAN_POINT('',(-19.32218097998,9.108404428912,
    -11.00012047741));
#9409 = CARTESIAN_POINT('',(-19.28182712613,9.059285006835,
    -11.03447696011));
#9410 = CARTESIAN_POINT('',(-19.23885041265,9.013040936247,
    -11.06931483015));
#9411 = CARTESIAN_POINT('',(-19.20346815898,8.974968703555,
    -11.09799646388));
#9412 = CARTESIAN_POINT('',(-19.16630740633,8.93884596497,
    -11.12700457663));
#9413 = CARTESIAN_POINT('',(-19.12743543281,8.904852002464,
    -11.15625377509));
#9414 = CARTESIAN_POINT('',(-19.11081747529,8.890319418351,
    -11.16875794952));
#9415 = CARTESIAN_POINT('',(-19.09388666731,8.876176193862,
    -11.18130615075));
#9416 = CARTESIAN_POINT('',(-19.0766478508,8.862437767254,
    -11.19389150115));
#9417 = CARTESIAN_POINT('',(-19.0682769673,8.855766615057,
    -11.20000273866));
#9418 = CARTESIAN_POINT('',(-19.05983345493,8.849190924151,
    -11.20612273331));
#9419 = CARTESIAN_POINT('',(-19.05131785192,8.842712540403,
    -11.21225068311));
#9420 = CARTESIAN_POINT('',(-19.04329682287,8.836610411856,
    -11.21802273042));
#9421 = CARTESIAN_POINT('',(-19.03521834537,8.830599582371,
    -11.22379714618));
#9422 = CARTESIAN_POINT('',(-19.02708421568,8.824681935186,
    -11.22957248862));
#9423 = CARTESIAN_POINT('',(-18.97887512323,8.789609418363,
    -11.26380159836));
#9424 = CARTESIAN_POINT('',(-18.92870004014,8.757796633176,
    -11.29807269995));
#9425 = CARTESIAN_POINT('',(-18.87668652494,8.729483856015,
    -11.33225265231));
#9426 = CARTESIAN_POINT('',(-18.83133276816,8.704796218508,
    -11.36205623778));
#9427 = CARTESIAN_POINT('',(-18.78458062136,8.68277011596,-11.3917906993
    ));
#9428 = CARTESIAN_POINT('',(-18.73650367305,8.663595182795,
    -11.42136449986));
#9429 = CARTESIAN_POINT('',(-18.67756963123,8.640090023818,
    -11.4576168757));
#9430 = CARTESIAN_POINT('',(-18.61664379856,8.620868126335,
    -11.49362867588));
#9431 = CARTESIAN_POINT('',(-18.554108799,8.605910243126,-11.52921414461
    ));
#9432 = CARTESIAN_POINT('',(-18.53170391277,8.600551169424,
    -11.54196361905));
#9433 = CARTESIAN_POINT('',(-18.50909250448,8.595739980107,
    -11.55465819392));
#9434 = CARTESIAN_POINT('',(-18.48629246523,8.591477568201,
    -11.56728866587));
#9435 = CARTESIAN_POINT('',(-18.47537269164,8.589436143076,
    -11.57333786134));
#9436 = CARTESIAN_POINT('',(-18.46441711584,8.587522047789,
    -11.57936820095));
#9437 = CARTESIAN_POINT('',(-18.45343323681,8.585735676713,
    -11.58537582138));
#9438 = CARTESIAN_POINT('',(-18.39382936248,8.576041957683,
    -11.61797609419));
#9439 = CARTESIAN_POINT('',(-18.33334171391,8.570095545506,
    -11.64993649981));
#9440 = CARTESIAN_POINT('',(-18.2722928609,8.567826986464,-11.6811158029
    ));
#9441 = CARTESIAN_POINT('',(-18.2113352722,8.565561818779,
    -11.71224849484));
#9442 = CARTESIAN_POINT('',(-18.14981712339,8.566963823867,
    -11.74260284523));
#9443 = CARTESIAN_POINT('',(-18.08806235111,8.572012985659,
    -11.77202266392));
#9444 = CARTESIAN_POINT('',(-18.04133821446,8.575833220385,
    -11.79428192547));
#9445 = CARTESIAN_POINT('',(-17.99447857854,8.581742318012,
    -11.81600593387));
#9446 = CARTESIAN_POINT('',(-17.94763019009,8.58974875797,
    -11.83711886797));
#9447 = CARTESIAN_POINT('',(-17.92012897856,8.59444874459,
    -11.84951270446));
#9448 = CARTESIAN_POINT('',(-17.89263177287,8.599871744671,
    -11.86169582203));
#9449 = CARTESIAN_POINT('',(-17.86516972639,8.606021682017,
    -11.87365151128));
#9450 = CARTESIAN_POINT('',(-17.85258115933,8.608840805446,
    -11.87913198397));
#9451 = CARTESIAN_POINT('',(-17.84000779513,8.61181099822,
    -11.88456124527));
#9452 = CARTESIAN_POINT('',(-17.82745778376,8.614930786387,
    -11.88993564569));
#9453 = CARTESIAN_POINT('',(-17.76843749105,8.629602550853,
    -11.91521041846));
#9454 = CARTESIAN_POINT('',(-17.70989462052,8.647587963561,
    -11.93928991229));
#9455 = CARTESIAN_POINT('',(-17.65213192443,8.668882435765,
    -11.96202407571));
#9456 = CARTESIAN_POINT('',(-17.61269040102,8.683422727005,
    -11.97754741688));
#9457 = CARTESIAN_POINT('',(-17.57361292078,8.699506719181,
    -11.9924431084));
#9458 = CARTESIAN_POINT('',(-17.53500271509,8.717143258514,
    -12.00665698087));
#9459 = CARTESIAN_POINT('',(-17.52175122274,8.723196333393,
    -12.01153535484));
#9460 = CARTESIAN_POINT('',(-17.50855338588,8.729433067501,
    -12.01633388322));
#9461 = CARTESIAN_POINT('',(-17.49541810602,8.735851810745,
    -12.02104859158));
#9462 = CARTESIAN_POINT('',(-17.44144923965,8.762224472772,-12.040419893
    ));
#9463 = CARTESIAN_POINT('',(-17.38866009378,8.791604689712,
    -12.05833312786));
#9464 = CARTESIAN_POINT('',(-17.33733374774,8.824000086437,
    -12.07464455537));
#9465 = CARTESIAN_POINT('',(-17.2930433469,8.851954640324,
    -12.08871997118));
#9466 = CARTESIAN_POINT('',(-17.24984224364,8.882155060514,
    -12.10160241245));
#9467 = CARTESIAN_POINT('',(-17.20793126162,8.914626030315,
    -12.11318434188));
#9468 = CARTESIAN_POINT('',(-17.19644478647,8.923525296564,
    -12.11635858257));
#9469 = CARTESIAN_POINT('',(-17.18505533848,8.932595214824,
    -12.11943504669));
#9470 = CARTESIAN_POINT('',(-17.17376532278,8.941832119545,
    -12.12241358983));
#9471 = B_SPLINE_SURFACE_WITH_KNOTS('',3,3,(
    (#9472,#9473,#9474,#9475,#9476,#9477,#9478,#9479,#9480,#9481,#9482
      ,#9483,#9484,#9485,#9486,#9487,#9488,#9489,#9490,#9491,#9492,#9493
      ,#9494,#9495,#9496,#9497,#9498,#9499,#9500,#9501,#9502,#9503,#9504
      ,#9505,#9506,#9507,#9508,#9509,#9510,#9511,#9512,#9513,#9514,#9515
      ,#9516,#9517,#9518,#9519,#9520,#9521,#9522,#9523,#9524,#9525,#9526
      ,#9527,#9528,#9529,#9530,#9531)
    ,(#9532,#9533,#9534,#9535,#9536,#9537,#9538,#9539,#9540,#9541,#9542
      ,#9543,#9544,#9545,#9546,#9547,#9548,#9549,#9550,#9551,#9552,#9553
      ,#9554,#9555,#9556,#9557,#9558,#9559,#9560,#9561,#9562,#9563,#9564
      ,#9565,#9566,#9567,#9568,#9569,#9570,#9571,#9572,#9573,#9574,#9575
      ,#9576,#9577,#9578,#9579,#9580,#9581,#9582,#9583,#9584,#9585,#9586
      ,#9587,#9588,#9589,#9590,#9591)
    ,(#9592,#9593,#9594,#9595,#9596,#9597,#9598,#9599,#9600,#9601,#9602
      ,#9603,#9604,#9605,#9606,#9607,#9608,#9609,#9610,#9611,#9612,#9613
      ,#9614,#9615,#9616,#9617,#9618,#9619,#9620,#9621,#9622,#9623,#9624
      ,#9625,#9626,#9627,#9628,#9629,#9630,#9631,#9632,#9633,#9634,#9635
      ,#9636,#9637,#9638,#9639,#9640,#9641,#9642,#9643,#9644,#9645,#9646
      ,#9647,#9648,#9649,#9650,#9651)
    ,(#9652,#9653,#9654,#9655,#9656,#9657,#9658,#9659,#9660,#9661,#9662
      ,#9663,#9664,#9665,#9666,#9667,#9668,#9669,#9670,#9671,#9672,#9673
      ,#9674,#9675,#9676,#9677,#9678,#9679,#9680,#9681,#9682,#9683,#9684
      ,#9685,#9686,#9687,#9688,#9689,#9690,#9691,#9692,#9693,#9694,#9695
      ,#9696,#9697,#9698,#9699,#9700,#9701,#9702,#9703,#9704,#9705,#9706
      ,#9707,#9708,#9709,#9710,#9711
    )),.UNSPECIFIED.,.F.,.F.,.F.,(4,4),(4,1,1,1,1,1,1,1,1,1,1,1,1,1,1,1,
    1,1,1,1,1,1,1,1,1,1,1,1,1,1,1,1,1,1,1,1,1,1,1,1,1,1,1,1,1,1,1,1,1,1,
    1,1,1,1,1,1,1,4),(0.,4.488898342949E-02),(11.861580004257,
    12.855542900576,13.849505796896,14.843468693215,15.837431589535,
    16.831394485854,17.825357382174,18.819320278493,19.813283174813,
    20.807246071132,21.801208967452,22.795171863771,23.789134760091,
    24.78309765641,25.77706055273,26.771023449049,27.764986345369,
    28.758949241688,29.752912138008,30.746875034327,31.740837930647,
    32.734800826966,33.728763723286,34.722726619605,35.716689515925,
    36.710652412244,37.704615308563,38.698578204883,39.692541101203,
    40.686503997522,41.680466893841,42.674429790161,43.668392686481,
    44.6623555828,45.656318479119,46.650281375439,47.644244271759,
    48.638207168078,49.632170064397,50.626132960717,51.620095857036,
    52.614058753356,53.608021649675,54.601984545995,55.595947442314,
    56.589910338634,57.583873234953,58.577836131273,59.571799027592,
    60.565761923912,61.559724820231,62.553687716551,63.54765061287,
    64.54161350919,65.535576405509,66.529539301829,67.523502198148,
    68.517465094468),.UNSPECIFIED.);
#9472 = CARTESIAN_POINT('',(-16.68806279574,8.388521529594,
    -5.495752335001));
#9473 = CARTESIAN_POINT('',(-16.76202186133,8.916738507897,
    -5.348911953342));
#9474 = CARTESIAN_POINT('',(-16.37926161167,10.101168339208,
    -5.283621154088));
#9475 = CARTESIAN_POINT('',(-14.76738022061,10.705087436774,
    -6.043092198178));
#9476 = CARTESIAN_POINT('',(-13.63527193935,9.599305373363,
    -7.056224900134));
#9477 = CARTESIAN_POINT('',(-14.05246489573,7.820363983831,
    -7.489031342336));
#9478 = CARTESIAN_POINT('',(-15.68491345015,7.007981809146,
    -7.035188374076));
#9479 = CARTESIAN_POINT('',(-17.09104729239,7.927501670827,
    -6.194545708459));
#9480 = CARTESIAN_POINT('',(-17.03636817036,9.76724724997,
    -5.818663242127));
#9481 = CARTESIAN_POINT('',(-15.61396886548,10.87998570511,
    -6.336509746596));
#9482 = CARTESIAN_POINT('',(-14.16088601132,10.278924842172,
    -7.364429274521));
#9483 = CARTESIAN_POINT('',(-14.04188307031,8.535856716555,
    -8.054977946131));
#9484 = CARTESIAN_POINT('',(-15.40879265269,7.260794171081,
    -7.867468782204));
#9485 = CARTESIAN_POINT('',(-17.06232893088,7.638292836103,
    -7.059592940507));
#9486 = CARTESIAN_POINT('',(-17.54261228406,9.350268249315,
    -6.45311330642));
#9487 = CARTESIAN_POINT('',(-16.45653749715,10.865276905205,
    -6.686672147557));
#9488 = CARTESIAN_POINT('',(-14.83522439555,10.830957754443,
    -7.635102559158));
#9489 = CARTESIAN_POINT('',(-14.19645788039,9.303689270934,
    -8.523237027112));
#9490 = CARTESIAN_POINT('',(-15.16463897508,7.697318887837,
    -8.630732441652));
#9491 = CARTESIAN_POINT('',(-16.90304267915,7.497619247853,-7.9470456854
    ));
#9492 = CARTESIAN_POINT('',(-17.87461560568,8.91133980176,
    -7.181020026292));
#9493 = CARTESIAN_POINT('',(-17.23954891374,10.678219913661,
    -7.116365793479));
#9494 = CARTESIAN_POINT('',(-15.61887905073,11.216886649443,
    -7.899067807868));
#9495 = CARTESIAN_POINT('',(-14.52980706717,10.062726381871,
    -8.904647945564));
#9496 = CARTESIAN_POINT('',(-15.00617598658,8.290336931137,
    -9.305975024438));
#9497 = CARTESIAN_POINT('',(-16.65844377652,7.536444147429,
    -8.82533800561));
#9498 = CARTESIAN_POINT('',(-18.02787642907,8.511700633343,
    -7.986956157334));
#9499 = CARTESIAN_POINT('',(-17.91290920874,10.354521297677,
    -7.640330039522));
#9500 = CARTESIAN_POINT('',(-16.46167545804,11.414483938081,
    -8.187828832326));
#9501 = CARTESIAN_POINT('',(-15.03731560535,10.752983963265,
    -9.21883412827));
#9502 = CARTESIAN_POINT('',(-14.97853485208,8.996665352012,
    -9.883096791731));
#9503 = CARTESIAN_POINT('',(-16.38237871138,7.767641454402,
    -9.663830276478));
#9504 = CARTESIAN_POINT('',(-18.01599388544,8.208580240342,
    -8.847601401404));
#9505 = CARTESIAN_POINT('',(-18.43760634938,9.943727682262,
    -8.263768023429));
#9506 = CARTESIAN_POINT('',(-17.30746165831,11.420563998993,
    -8.53038122179));
#9507 = CARTESIAN_POINT('',(-15.69674839441,11.321440106163,
    -9.492219232178));
#9508 = CARTESIAN_POINT('',(-15.11361453573,9.761656688823,
    -10.36192362479));
#9509 = CARTESIAN_POINT('',(-16.13187630856,8.184626486179,
    -10.43590891972));
#9510 = CARTESIAN_POINT('',(-17.86927286226,8.049443945215,
    -9.734101256414));
#9511 = CARTESIAN_POINT('',(-18.78966645017,9.504196286395,
    -8.981820409902));
#9512 = CARTESIAN_POINT('',(-18.09978333116,11.251314342225,
    -8.950279204817));
#9513 = CARTESIAN_POINT('',(-16.47050211313,11.727394084621,
    -9.755354205457));
#9514 = CARTESIAN_POINT('',(-15.42685361945,10.524729210834,
    -10.75222467194));
#9515 = CARTESIAN_POINT('',(-15.96137964699,8.762020973251,
    -11.12167847124));
#9516 = CARTESIAN_POINT('',(-17.63165789728,8.067191821622,
    -10.61498602029));
#9517 = CARTESIAN_POINT('',(-18.96257948485,9.097191827673,
    -9.780056611467));
#9518 = CARTESIAN_POINT('',(-18.78759365404,10.940657393523,
    -9.463253631862));
#9519 = CARTESIAN_POINT('',(-17.30941067238,11.946585188989,
    -10.03982555627));
#9520 = CARTESIAN_POINT('',(-15.91566549029,11.225491798839,
    -11.07272665411));
#9521 = CARTESIAN_POINT('',(-15.91724477928,9.458226936651,
    -11.70996920691));
#9522 = CARTESIAN_POINT('',(-17.35627611702,8.276817499669,
    -11.4593638416));
#9523 = CARTESIAN_POINT('',(-18.96798083982,8.780714868626,
    -10.63591561473));
#9524 = CARTESIAN_POINT('',(-19.33037199065,10.536768683866,
    -10.07565774318));
#9525 = CARTESIAN_POINT('',(-18.15780691212,11.973745375483,
    -10.37498761792));
#9526 = CARTESIAN_POINT('',(-16.55952724171,11.80966005009,
    -11.34936158185));
#9527 = CARTESIAN_POINT('',(-16.03339070747,10.220012681613,
    -12.19918829236));
#9528 = CARTESIAN_POINT('',(-17.09938765858,8.673145947072,
    -12.24059855493));
#9529 = CARTESIAN_POINT('',(-18.8359192837,8.605152875786,
    -11.51982742671));
#9530 = CARTESIAN_POINT('',(-19.41063080785,9.597450812662,
    -11.03126444104));
#9531 = CARTESIAN_POINT('',(-19.43137596198,10.136346006133,
    -10.90794847991));
#9532 = CARTESIAN_POINT('',(-16.77167612939,8.339854308343,
    -5.381605795931));
#9533 = CARTESIAN_POINT('',(-16.85014461087,8.908438827531,
    -5.220857601028));
#9534 = CARTESIAN_POINT('',(-16.43512643819,10.183559402133,
    -5.145515600759));
#9535 = CARTESIAN_POINT('',(-14.69414151189,10.832298709034,
    -5.956599932506));
#9536 = CARTESIAN_POINT('',(-13.47024698159,9.638354396708,
    -7.041076008051));
#9537 = CARTESIAN_POINT('',(-13.91616006271,7.718891677023,
    -7.500087401779));
#9538 = CARTESIAN_POINT('',(-15.6718526742,6.84116822316,-7.00348480755)
  );
#9539 = CARTESIAN_POINT('',(-17.18362756342,7.830056072698,
    -6.08999680521));
#9540 = CARTESIAN_POINT('',(-17.12096583095,9.810745819702,
    -5.677418567475));
#9541 = CARTESIAN_POINT('',(-15.58420111828,11.007881019842,
    -6.228084534115));
#9542 = CARTESIAN_POINT('',(-14.01436625573,10.357915684437,
    -7.328497571404));
#9543 = CARTESIAN_POINT('',(-13.88237752607,8.477116491041,
    -8.065298671866));
#9544 = CARTESIAN_POINT('',(-15.35187724888,7.100724872443,
    -7.855745621552));
#9545 = CARTESIAN_POINT('',(-17.13029781074,7.505432513676,
    -6.977573083148));
#9546 = CARTESIAN_POINT('',(-17.64420852991,9.348413989105,
    -6.316461573424));
#9547 = CARTESIAN_POINT('',(-16.46992803037,10.979108413714,
    -6.560727666023));
#9548 = CARTESIAN_POINT('',(-14.71877778459,10.939966591327,
    -7.575468835092));
#9549 = CARTESIAN_POINT('',(-14.02659769177,9.291752176268,
    -8.525224174941));
#9550 = CARTESIAN_POINT('',(-15.06635538154,7.558283227874,
    -8.633621487385));
#9551 = CARTESIAN_POINT('',(-16.93624445209,7.340897437837,
    -7.889297599644));
#9552 = CARTESIAN_POINT('',(-17.97965779415,8.862425459212,
    -7.056230397587));
#9553 = CARTESIAN_POINT('',(-17.29146530093,10.764582181873,
    -6.979088071599));
#9554 = CARTESIAN_POINT('',(-15.54100832555,11.342993725701,
    -7.815210304357));
#9555 = CARTESIAN_POINT('',(-14.36349750407,10.096908298677,
    -8.891546368793));
#9556 = CARTESIAN_POINT('',(-14.87318932045,8.184507134878,
    -9.316629899294));
#9557 = CARTESIAN_POINT('',(-16.65024272964,7.369822441888,
    -8.791149183436));
#9558 = CARTESIAN_POINT('',(-18.12246176981,8.418782172296,
    -7.880097847325));
#9559 = CARTESIAN_POINT('',(-17.99482266368,10.402786188037,
    -7.499051549445));
#9560 = CARTESIAN_POINT('',(-16.42698072991,11.543040611861,
    -8.081676192392));
#9561 = CARTESIAN_POINT('',(-14.88810297585,10.827935143221,
    -9.185415012169));
#9562 = CARTESIAN_POINT('',(-14.82102058269,8.932854826676,
    -9.893885549527));
#9563 = CARTESIAN_POINT('',(-16.33032737155,7.606082793188,
    -9.650105025773));
#9564 = CARTESIAN_POINT('',(-18.08727734365,8.079164998518,
    -8.762929745763));
#9565 = CARTESIAN_POINT('',(-18.53795368654,9.947120848826,
    -8.126225943144));
#9566 = CARTESIAN_POINT('',(-17.31617547667,11.536673847271,
    -8.406117397643));
#9567 = CARTESIAN_POINT('',(-15.57644953576,11.427686697886,
    -9.435309023449));
#9568 = CARTESIAN_POINT('',(-14.94422926933,9.744428301271,
    -10.36520077619));
#9569 = CARTESIAN_POINT('',(-16.03796296811,8.042581645205,
    -10.43748151464));
#9570 = CARTESIAN_POINT('',(-17.906766551,7.894731165922,-9.673627255542
    ));
#9571 = CARTESIAN_POINT('',(-18.89501976855,9.46048247263,
    -8.855373952894));
#9572 = CARTESIAN_POINT('',(-18.14774716558,11.341340024515,
    -8.813920222768));
#9573 = CARTESIAN_POINT('',(-16.38800903441,11.852296488986,
    -9.674155637537));
#9574 = CARTESIAN_POINT('',(-15.25945479238,10.553933713516,
    -10.74110458284));
#9575 = CARTESIAN_POINT('',(-15.83182724146,8.651966778398,
    -11.13183569462));
#9576 = CARTESIAN_POINT('',(-17.62829198464,7.900939752495,
    -10.57827292616));
#9577 = CARTESIAN_POINT('',(-19.05900452636,9.008901014935,
    -9.670942564075));
#9578 = CARTESIAN_POINT('',(-18.86667849546,10.99360009335,
    -9.322039081268));
#9579 = CARTESIAN_POINT('',(-17.26979118957,12.075616781885,
    -9.935998196348));
#9580 = CARTESIAN_POINT('',(-15.76390934924,11.296282655773,
    -11.04178027559));
#9581 = CARTESIAN_POINT('',(-15.76188186957,9.389404676718,
    -11.72112904802));
#9582 = CARTESIAN_POINT('',(-17.3091130581,8.113950609574,-11.4435721036
    ));
#9583 = CARTESIAN_POINT('',(-19.04244835965,8.654888386546,
    -10.54861594258));
#9584 = CARTESIAN_POINT('',(-19.42929708983,10.545376731148,
    -9.9373213755));
#9585 = CARTESIAN_POINT('',(-18.16179898756,12.091969778496,
    -10.25247424586));
#9586 = CARTESIAN_POINT('',(-16.43547373888,11.912968424057,
    -11.29517688562));
#9587 = CARTESIAN_POINT('',(-15.8646841122,10.197523224964,
    -12.20364484803));
#9588 = CARTESIAN_POINT('',(-17.00986588451,8.528186185105,
    -12.24081683187));
#9589 = CARTESIAN_POINT('',(-18.87773726372,8.452751247196,
    -11.45652410846));
#9590 = CARTESIAN_POINT('',(-19.49466408454,9.520795694879,
    -10.92498734025));
#9591 = CARTESIAN_POINT('',(-19.51577961734,10.100888992689,
    -10.78959332147));
#9592 = CARTESIAN_POINT('',(-16.85528946304,8.291187087092,
    -5.267459256861));
#9593 = CARTESIAN_POINT('',(-16.93826736042,8.900139147164,
    -5.092803248713));
#9594 = CARTESIAN_POINT('',(-16.49099126471,10.265950465058,
    -5.007410047431));
#9595 = CARTESIAN_POINT('',(-14.62090280318,10.959509981294,
    -5.870107666834));
#9596 = CARTESIAN_POINT('',(-13.30522202384,9.677403420054,
    -7.025927115969));
#9597 = CARTESIAN_POINT('',(-13.7798552297,7.617419370216,
    -7.511143461222));
#9598 = CARTESIAN_POINT('',(-15.65879189825,6.674354637175,
    -6.971781241024));
#9599 = CARTESIAN_POINT('',(-17.27620783445,7.732610474568,
    -5.985447901961));
#9600 = CARTESIAN_POINT('',(-17.20556349153,9.854244389433,
    -5.536173892823));
#9601 = CARTESIAN_POINT('',(-15.55443337107,11.135776334574,
    -6.119659321634));
#9602 = CARTESIAN_POINT('',(-13.86784650014,10.436906526702,
    -7.292565868286));
#9603 = CARTESIAN_POINT('',(-13.72287198184,8.418376265528,
    -8.075619397601));
#9604 = CARTESIAN_POINT('',(-15.29496184506,6.940655573804,-7.8440224609
    ));
#9605 = CARTESIAN_POINT('',(-17.1982666906,7.372572191249,
    -6.895553225789));
#9606 = CARTESIAN_POINT('',(-17.74580477575,9.346559728896,
    -6.179809840428));
#9607 = CARTESIAN_POINT('',(-16.48331856358,11.092939922223,
    -6.434783184489));
#9608 = CARTESIAN_POINT('',(-14.60233117362,11.04897542821,
    -7.515835111027));
#9609 = CARTESIAN_POINT('',(-13.85673750316,9.279815081601,
    -8.527211322771));
#9610 = CARTESIAN_POINT('',(-14.96807178801,7.419247567911,
    -8.636510533118));
#9611 = CARTESIAN_POINT('',(-16.96944622502,7.18417562782,
    -7.831549513889));
#9612 = CARTESIAN_POINT('',(-18.08469998262,8.813511116664,
    -6.931440768882));
#9613 = CARTESIAN_POINT('',(-17.34338168811,10.850944450085,
    -6.84181034972));
#9614 = CARTESIAN_POINT('',(-15.46313760037,11.469100801958,
    -7.731352800847));
#9615 = CARTESIAN_POINT('',(-14.19718794096,10.131090215482,
    -8.878444792022));
#9616 = CARTESIAN_POINT('',(-14.74020265432,8.078677338619,
    -9.32728477415));
#9617 = CARTESIAN_POINT('',(-16.64204168276,7.203200736348,
    -8.756960361263));
#9618 = CARTESIAN_POINT('',(-18.21704711055,8.325863711248,
    -7.773239537316));
#9619 = CARTESIAN_POINT('',(-18.07673611861,10.451051078397,
    -7.357773059367));
#9620 = CARTESIAN_POINT('',(-16.39228600179,11.671597285642,
    -7.975523552459));
#9621 = CARTESIAN_POINT('',(-14.73889034635,10.902886323177,
    -9.151995896068));
#9622 = CARTESIAN_POINT('',(-14.6635063133,8.869044301341,
    -9.904674307323));
#9623 = CARTESIAN_POINT('',(-16.27827603173,7.444524131974,
    -9.636379775068));
#9624 = CARTESIAN_POINT('',(-18.15856080186,7.949749756693,
    -8.678258090122));
#9625 = CARTESIAN_POINT('',(-18.63830102371,9.95051401539,
    -7.988683862859));
#9626 = CARTESIAN_POINT('',(-17.32488929503,11.652783695549,
    -8.281853573497));
#9627 = CARTESIAN_POINT('',(-15.45615067711,11.533933289609,
    -9.37839881472));
#9628 = CARTESIAN_POINT('',(-14.77484400294,9.727199913719,
    -10.3684779276));
#9629 = CARTESIAN_POINT('',(-15.94404962765,7.900536804232,
    -10.43905410957));
#9630 = CARTESIAN_POINT('',(-17.94426023973,7.740018386629,
    -9.61315325467));
#9631 = CARTESIAN_POINT('',(-19.00037308693,9.416768658865,
    -8.728927495887));
#9632 = CARTESIAN_POINT('',(-18.195711,11.431365706804,-8.677561240719)
  );
#9633 = CARTESIAN_POINT('',(-16.30551595569,11.977198893351,
    -9.592957069616));
#9634 = CARTESIAN_POINT('',(-15.09205596531,10.583138216199,
    -10.72998449375));
#9635 = CARTESIAN_POINT('',(-15.70227483594,8.541912583545,
    -11.14199291801));
#9636 = CARTESIAN_POINT('',(-17.624926072,7.734687683369,-10.54155983202
    ));
#9637 = CARTESIAN_POINT('',(-19.15542956787,8.920610202197,
    -9.561828516684));
#9638 = CARTESIAN_POINT('',(-18.94576333687,11.046542793177,
    -9.180824530674));
#9639 = CARTESIAN_POINT('',(-17.23017170676,12.204648374782,
    -9.832170836417));
#9640 = CARTESIAN_POINT('',(-15.61215320819,11.367073512706,
    -11.01083389708));
#9641 = CARTESIAN_POINT('',(-15.60651895987,9.320582416785,
    -11.73228888914));
#9642 = CARTESIAN_POINT('',(-17.26194999917,7.951083719479,
    -11.42778036559));
#9643 = CARTESIAN_POINT('',(-19.11691587949,8.529061904466,
    -10.46131627042));
#9644 = CARTESIAN_POINT('',(-19.52822218901,10.55398477843,
    -9.798985007815));
#9645 = CARTESIAN_POINT('',(-18.165791063,12.210194181509,
    -10.12996087379));
#9646 = CARTESIAN_POINT('',(-16.31142023605,12.016276798024,
    -11.24099218938));
#9647 = CARTESIAN_POINT('',(-15.69597751693,10.175033768315,
    -12.2081014037));
#9648 = CARTESIAN_POINT('',(-16.92034411045,8.383226423139,
    -12.24103510881));
#9649 = CARTESIAN_POINT('',(-18.91955524374,8.300349618606,
    -11.3932207902));
#9650 = CARTESIAN_POINT('',(-19.57869736124,9.444140577095,
    -10.81871023945));
#9651 = CARTESIAN_POINT('',(-19.60018327271,10.065431979245,
    -10.67123816303));
#9652 = CARTESIAN_POINT('',(-16.93890279669,8.242519865841,
    -5.153312717791));
#9653 = CARTESIAN_POINT('',(-17.02639010996,8.891839466797,
    -4.964748896398));
#9654 = CARTESIAN_POINT('',(-16.54685609123,10.348341527984,
    -4.869304494103));
#9655 = CARTESIAN_POINT('',(-14.54766409446,11.086721253554,
    -5.783615401162));
#9656 = CARTESIAN_POINT('',(-13.14019706608,9.716452443399,
    -7.010778223887));
#9657 = CARTESIAN_POINT('',(-13.64355039669,7.515947063409,
    -7.522199520665));
#9658 = CARTESIAN_POINT('',(-15.6457311223,6.507541051189,
    -6.940077674498));
#9659 = CARTESIAN_POINT('',(-17.36878810549,7.635164876439,
    -5.880898998712));
#9660 = CARTESIAN_POINT('',(-17.29016115211,9.897742959165,
    -5.394929218172));
#9661 = CARTESIAN_POINT('',(-15.52466562387,11.263671649306,
    -6.011234109153));
#9662 = CARTESIAN_POINT('',(-13.72132674455,10.515897368967,
    -7.256634165168));
#9663 = CARTESIAN_POINT('',(-13.5633664376,8.359636040014,
    -8.085940123335));
#9664 = CARTESIAN_POINT('',(-15.23804644124,6.780586275166,
    -7.832299300248));
#9665 = CARTESIAN_POINT('',(-17.26623557046,7.239711868822,
    -6.813533368429));
#9666 = CARTESIAN_POINT('',(-17.8474010216,9.344705468686,
    -6.043158107431));
#9667 = CARTESIAN_POINT('',(-16.49670909679,11.206771430732,
    -6.308838702955));
#9668 = CARTESIAN_POINT('',(-14.48588456266,11.157984265094,
    -7.456201386961));
#9669 = CARTESIAN_POINT('',(-13.68687731454,9.267877986935,
    -8.529198470601));
#9670 = CARTESIAN_POINT('',(-14.86978819447,7.280211907948,
    -8.639399578851));
#9671 = CARTESIAN_POINT('',(-17.00264799795,7.027453817804,
    -7.773801428134));
#9672 = CARTESIAN_POINT('',(-18.18974217109,8.764596774116,
    -6.806651140178));
#9673 = CARTESIAN_POINT('',(-17.39529807529,10.937306718297,
    -6.70453262784));
#9674 = CARTESIAN_POINT('',(-15.38526687518,11.595207878216,
    -7.647495297336));
#9675 = CARTESIAN_POINT('',(-14.03087837786,10.165272132288,
    -8.865343215252));
#9676 = CARTESIAN_POINT('',(-14.60721598819,7.97284754236,
    -9.337939649005));
#9677 = CARTESIAN_POINT('',(-16.63384063587,7.036579030807,
    -8.722771539089));
#9678 = CARTESIAN_POINT('',(-18.31163245129,8.2329452502,-7.666381227308
    ));
#9679 = CARTESIAN_POINT('',(-18.15864957355,10.499315968757,
    -7.21649456929));
#9680 = CARTESIAN_POINT('',(-16.35759127366,11.800153959422,
    -7.869370912525));
#9681 = CARTESIAN_POINT('',(-14.58967771685,10.977837503133,
    -9.118576779967));
#9682 = CARTESIAN_POINT('',(-14.50599204391,8.805233776005,
    -9.915463065119));
#9683 = CARTESIAN_POINT('',(-16.2262246919,7.28296547076,-9.622654524363
    ));
#9684 = CARTESIAN_POINT('',(-18.22984426006,7.820334514869,
    -8.593586434482));
#9685 = CARTESIAN_POINT('',(-18.73864836087,9.953907181954,
    -7.851141782574));
#9686 = CARTESIAN_POINT('',(-17.33360311338,11.768893543827,
    -8.15758974935));
#9687 = CARTESIAN_POINT('',(-15.33585181846,11.640179881332,
    -9.321488605991));
#9688 = CARTESIAN_POINT('',(-14.60545873654,9.709971526167,-10.371755079
    ));
#9689 = CARTESIAN_POINT('',(-15.8501362872,7.758491963259,
    -10.44062670449));
#9690 = CARTESIAN_POINT('',(-17.98175392847,7.585305607336,
    -9.552679253799));
#9691 = CARTESIAN_POINT('',(-19.10572640531,9.3730548451,-8.60248103888)
  );
#9692 = CARTESIAN_POINT('',(-18.24367483442,11.521391389094,
    -8.54120225867));
#9693 = CARTESIAN_POINT('',(-16.22302287697,12.102101297716,
    -9.511758501695));
#9694 = CARTESIAN_POINT('',(-14.92465713824,10.612342718881,
    -10.71886440465));
#9695 = CARTESIAN_POINT('',(-15.57272243041,8.431858388692,
    -11.1521501414));
#9696 = CARTESIAN_POINT('',(-17.62156015936,7.568435614242,
    -10.50484673788));
#9697 = CARTESIAN_POINT('',(-19.25185460937,8.832319389458,
    -9.452714469292));
#9698 = CARTESIAN_POINT('',(-19.02484817828,11.099485493004,
    -9.03960998008));
#9699 = CARTESIAN_POINT('',(-17.19055222396,12.333679967679,
    -9.728343476486));
#9700 = CARTESIAN_POINT('',(-15.46039706714,11.43786436964,
    -10.97988751856));
#9701 = CARTESIAN_POINT('',(-15.45115605016,9.251760156852,
    -11.74344873025));
#9702 = CARTESIAN_POINT('',(-17.21478694025,7.788216829384,
    -11.41198862758));
#9703 = CARTESIAN_POINT('',(-19.19138339933,8.403235422386,
    -10.37401659826));
#9704 = CARTESIAN_POINT('',(-19.62714728818,10.562592825712,
    -9.66064864013));
#9705 = CARTESIAN_POINT('',(-18.16978313845,12.328418584522,
    -10.00744750173));
#9706 = CARTESIAN_POINT('',(-16.18736673322,12.119585171991,
    -11.18680749315));
#9707 = CARTESIAN_POINT('',(-15.52727092165,10.152544311666,
    -12.21255795938));
#9708 = CARTESIAN_POINT('',(-16.83082233639,8.238266661172,
    -12.24125338575));
#9709 = CARTESIAN_POINT('',(-18.96137322377,8.147947990016,
    -11.32991747195));
#9710 = CARTESIAN_POINT('',(-19.66273063794,9.367485459312,
    -10.71243313866));
#9711 = CARTESIAN_POINT('',(-19.68458692807,10.029974965801,
    -10.55288300459));
#9712 = ADVANCED_FACE('',(#9713),#9821,.F.);
#9713 = FACE_BOUND('',#9714,.T.);
#9714 = EDGE_LOOP('',(#9715,#9716,#9804,#9813,#9820));
#9715 = ORIENTED_EDGE('',*,*,#5420,.T.);
#9716 = ORIENTED_EDGE('',*,*,#9717,.T.);
#9717 = EDGE_CURVE('',#5421,#4151,#9718,.T.);
#9718 = B_SPLINE_CURVE_WITH_KNOTS('',3,(#9719,#9720,#9721,#9722,#9723,
    #9724,#9725,#9726,#9727,#9728,#9729,#9730,#9731,#9732,#9733,#9734,
    #9735,#9736,#9737,#9738,#9739,#9740,#9741,#9742,#9743,#9744,#9745,
    #9746,#9747,#9748,#9749,#9750,#9751,#9752,#9753,#9754,#9755,#9756,
    #9757,#9758,#9759,#9760,#9761,#9762,#9763,#9764,#9765,#9766,#9767,
    #9768,#9769,#9770,#9771,#9772,#9773,#9774,#9775,#9776,#9777,#9778,
    #9779,#9780,#9781,#9782,#9783,#9784,#9785,#9786,#9787,#9788,#9789,
    #9790,#9791,#9792,#9793,#9794,#9795,#9796,#9797,#9798,#9799,#9800,
    #9801,#9802,#9803),.UNSPECIFIED.,.F.,.F.,(4,3,3,3,3,3,3,3,3,3,3,3,3,
    3,3,3,3,3,3,3,3,3,3,3,3,3,3,3,4),(-0.376940817212,-0.354632394361,
    -0.33299483364,-0.328137222874,-0.305890334422,-0.290345531194,
    -0.284611645481,-0.280770180666,-0.259084229649,-0.237825128387,
    -0.217022489039,-0.210431627308,-0.206764438047,-0.203280356936,
    -0.18271395931,-0.181531908596,-0.160557012712,-0.1410480308,
    -0.135298501968,-0.131563544629,-0.111100003153,-9.075559348696E-02,
    -7.086124610728E-02,-6.646437775849E-02,-6.275540885039E-02,
    -4.321473835701E-02,-2.38499478831E-02,-4.48515740919E-03,0.),
  .UNSPECIFIED.);
#9719 = CARTESIAN_POINT('',(-13.80636548359,10.263390691116,
    -6.395372883521));
#9720 = CARTESIAN_POINT('',(-13.76681992228,10.210627449093,
    -6.430377100169));
#9721 = CARTESIAN_POINT('',(-13.73057383878,10.155068057883,
    -6.464538756655));
#9722 = CARTESIAN_POINT('',(-13.69764892613,10.097055723878,
    -6.497747931308));
#9723 = CARTESIAN_POINT('',(-13.66571413623,10.040787945202,
    -6.52995843484));
#9724 = CARTESIAN_POINT('',(-13.63690393914,9.982211555039,
    -6.561273080699));
#9725 = CARTESIAN_POINT('',(-13.61127767634,9.921624052693,
    -6.591576317496));
#9726 = CARTESIAN_POINT('',(-13.60552460594,9.90802221894,
    -6.598379363886));
#9727 = CARTESIAN_POINT('',(-13.59993152357,9.894317365397,
    -6.605132155511));
#9728 = CARTESIAN_POINT('',(-13.5945013937,9.880517973953,
    -6.611830761628));
#9729 = CARTESIAN_POINT('',(-13.56963248195,9.817319513457,
    -6.642509041592));
#9730 = CARTESIAN_POINT('',(-13.54823055878,9.752276288158,
    -6.671986364995));
#9731 = CARTESIAN_POINT('',(-13.53034036511,9.685724639244,
    -6.70014326804));
#9732 = CARTESIAN_POINT('',(-13.51783976121,9.639222303012,
    -6.719817638157));
#9733 = CARTESIAN_POINT('',(-13.50705468998,9.59198306354,
    -6.738846967586));
#9734 = CARTESIAN_POINT('',(-13.49801403608,9.544119966038,
    -6.757184180652));
#9735 = CARTESIAN_POINT('',(-13.49467928327,9.526465092772,
    -6.763948079974));
#9736 = CARTESIAN_POINT('',(-13.49158198447,9.508725340552,
    -6.770617754731));
#9737 = CARTESIAN_POINT('',(-13.48872397633,9.490906417979,
    -6.777190638672));
#9738 = CARTESIAN_POINT('',(-13.48680922982,9.478968481382,
    -6.781594197385));
#9739 = CARTESIAN_POINT('',(-13.4850015872,9.466992831134,
    -6.785955091142));
#9740 = CARTESIAN_POINT('',(-13.48330265207,9.454988331508,
    -6.790269959252));
#9741 = CARTESIAN_POINT('',(-13.47371177313,9.387220174453,
    -6.814628380582));
#9742 = CARTESIAN_POINT('',(-13.46760123461,9.318683125434,
    -6.837468591691));
#9743 = CARTESIAN_POINT('',(-13.46500990763,9.249688720839,
    -6.85868122421));
#9744 = CARTESIAN_POINT('',(-13.46246958637,9.182052349595,
    -6.879476323414));
#9745 = CARTESIAN_POINT('',(-13.46331145446,9.113975530824,
    -6.898707474191));
#9746 = CARTESIAN_POINT('',(-13.46761588989,9.045753373627,
    -6.916249296886));
#9747 = CARTESIAN_POINT('',(-13.47182790322,8.978996039243,
    -6.933414472711));
#9748 = CARTESIAN_POINT('',(-13.47935553592,8.912098783507,
    -6.948962230666));
#9749 = CARTESIAN_POINT('',(-13.49031420207,8.845351862818,
    -6.962751073903));
#9750 = CARTESIAN_POINT('',(-13.49378621599,8.824204559443,
    -6.967119767591));
#9751 = CARTESIAN_POINT('',(-13.49760293579,8.803072497232,
    -6.971311708594));
#9752 = CARTESIAN_POINT('',(-13.50176886259,8.781965387653,
    -6.975321842895));
#9753 = CARTESIAN_POINT('',(-13.50408680561,8.77022128366,
    -6.977553102181));
#9754 = CARTESIAN_POINT('',(-13.50651286559,8.758484909422,
    -6.979728071605));
#9755 = CARTESIAN_POINT('',(-13.50904787144,8.746757976269,
    -6.981845842686));
#9756 = CARTESIAN_POINT('',(-13.51145630072,8.735616586127,
    -6.983857870344));
#9757 = CARTESIAN_POINT('',(-13.5139610009,8.724493304563,
    -6.985816535059));
#9758 = CARTESIAN_POINT('',(-13.51656202599,8.71339027686,-6.98772119053
    ));
#9759 = CARTESIAN_POINT('',(-13.53191577769,8.647849528701,
    -6.998964298975));
#9760 = CARTESIAN_POINT('',(-13.55062464094,8.583003524296,
    -7.008329296401));
#9761 = CARTESIAN_POINT('',(-13.57276286832,8.519124160342,-7.0157005667
    ));
#9762 = CARTESIAN_POINT('',(-13.57403525972,8.515452703183,
    -7.016124229389));
#9763 = CARTESIAN_POINT('',(-13.57531899124,8.511784443604,
    -7.016541298957));
#9764 = CARTESIAN_POINT('',(-13.57661408125,8.50811943499,
    -7.016951750805));
#9765 = CARTESIAN_POINT('',(-13.59959480269,8.443085698971,
    -7.024235012587));
#9766 = CARTESIAN_POINT('',(-13.62614891816,8.379073291472,-7.0294367452
    ));
#9767 = CARTESIAN_POINT('',(-13.65602696643,8.316348462002,
    -7.032604819655));
#9768 = CARTESIAN_POINT('',(-13.68381686853,8.25800740656,
    -7.035551480635));
#9769 = CARTESIAN_POINT('',(-13.71448327107,8.20077998318,
    -7.036738413515));
#9770 = CARTESIAN_POINT('',(-13.74784793692,8.14490702287,
    -7.036185214929));
#9771 = CARTESIAN_POINT('',(-13.75768090048,8.128440597424,
    -7.03602218073));
#9772 = CARTESIAN_POINT('',(-13.76774833163,8.112092013496,
    -7.035707894818));
#9773 = CARTESIAN_POINT('',(-13.77804590844,8.095867966914,
    -7.035242585244));
#9774 = CARTESIAN_POINT('',(-13.78473532791,8.085328647323,
    -7.034940315014));
#9775 = CARTESIAN_POINT('',(-13.79151740532,8.074848987249,
    -7.034574493589));
#9776 = CARTESIAN_POINT('',(-13.79838712803,8.064435711836,
    -7.034145685915));
#9777 = CARTESIAN_POINT('',(-13.83602580577,8.00738218378,
    -7.031796281938));
#9778 = CARTESIAN_POINT('',(-13.87632496315,7.9522680757,-7.027556775811
    ));
#9779 = CARTESIAN_POINT('',(-13.9190372313,7.899339403032,
    -7.021479833443));
#9780 = CARTESIAN_POINT('',(-13.96150084309,7.846718863177,
    -7.015438268976));
#9781 = CARTESIAN_POINT('',(-14.00635042484,7.79625771686,
    -7.007580356307));
#9782 = CARTESIAN_POINT('',(-14.05336762743,7.748235699106,
    -6.99793451745));
#9783 = CARTESIAN_POINT('',(-14.09934470794,7.701276032114,
    -6.988502065383));
#9784 = CARTESIAN_POINT('',(-14.14739536213,7.656648307244,
    -6.97735965277));
#9785 = CARTESIAN_POINT('',(-14.19732678387,7.614658669311,
    -6.964515306284));
#9786 = CARTESIAN_POINT('',(-14.20836217416,7.605378500102,
    -6.961676565236));
#9787 = CARTESIAN_POINT('',(-14.2194894511,7.596227381577,
    -6.958754627135));
#9788 = CARTESIAN_POINT('',(-14.230706552,7.587208955434,-6.955749472066
    ));
#9789 = CARTESIAN_POINT('',(-14.24016871351,7.579601481317,
    -6.953214479924));
#9790 = CARTESIAN_POINT('',(-14.24968890574,7.572093221548,
    -6.95062183171));
#9791 = CARTESIAN_POINT('',(-14.25925978199,7.564690438645,
    -6.947973392938));
#9792 = CARTESIAN_POINT('',(-14.3096838604,7.525688941187,
    -6.934020116259));
#9793 = CARTESIAN_POINT('',(-14.36156473579,7.489570376167,
    -6.918506210184));
#9794 = CARTESIAN_POINT('',(-14.41470040748,7.456581021052,
    -6.901461580865));
#9795 = CARTESIAN_POINT('',(-14.4673578201,7.423888593744,
    -6.884570365408));
#9796 = CARTESIAN_POINT('',(-14.52124829132,7.394268809001,
    -6.866175625147));
#9797 = CARTESIAN_POINT('',(-14.57618308118,7.368009247141,
    -6.846288712773));
#9798 = CARTESIAN_POINT('',(-14.63111787103,7.341749685281,
    -6.826401800399));
#9799 = CARTESIAN_POINT('',(-14.68709768472,7.318849810525,
    -6.805022517981));
#9800 = CARTESIAN_POINT('',(-14.74393084476,7.299653082779,
    -6.782147555928));
#9801 = CARTESIAN_POINT('',(-14.75709420272,7.295206851057,
    -6.776849393489));
#9802 = CARTESIAN_POINT('',(-14.77030330207,7.290959535615,
    -6.77147093817));
#9803 = CARTESIAN_POINT('',(-14.78355425491,7.286911159677,
    -6.76601412722));
#9804 = ORIENTED_EDGE('',*,*,#9805,.F.);
#9805 = EDGE_CURVE('',#9806,#4151,#9808,.T.);
#9806 = VERTEX_POINT('',#9807);
#9807 = CARTESIAN_POINT('',(-16.44608030932,9.495148893704,
    -5.297287774927));
#9808 = CIRCLE('',#9809,1.666);
#9809 = AXIS2_PLACEMENT_3D('',#9810,#9811,#9812);
#9810 = CARTESIAN_POINT('',(-15.19658030932,8.773749732351,
    -6.130287774927));
#9811 = DIRECTION('',(-0.433012701892,0.25,-0.866025403784));
#9812 = DIRECTION('',(-0.75,0.433012701892,0.5));
#9813 = ORIENTED_EDGE('',*,*,#9814,.F.);
#9814 = EDGE_CURVE('',#4177,#9806,#9815,.T.);
#9815 = CIRCLE('',#9816,1.666);
#9816 = AXIS2_PLACEMENT_3D('',#9817,#9818,#9819);
#9817 = CARTESIAN_POINT('',(-15.19658030932,8.773749732351,
    -6.130287774927));
#9818 = DIRECTION('',(-0.433012701892,0.25,-0.866025403784));
#9819 = DIRECTION('',(-0.75,0.433012701892,0.5));
#9820 = ORIENTED_EDGE('',*,*,#9283,.T.);
#9821 = PLANE('',#9822);
#9822 = AXIS2_PLACEMENT_3D('',#9823,#9824,#9825);
#9823 = CARTESIAN_POINT('',(-15.19658030932,8.773749732351,
    -6.130287774927));
#9824 = DIRECTION('',(0.433012701892,-0.25,0.866025403784));
#9825 = DIRECTION('',(0.894427191,2.22044604925E-16,-0.4472135955));
#9826 = ADVANCED_FACE('',(#9827),#9958,.F.);
#9827 = FACE_BOUND('',#9828,.F.);
#9828 = EDGE_LOOP('',(#9829,#9830,#9831,#9832,#9833,#9834,#9835,#9836,
    #9837,#9838,#9839,#9840,#9841,#9866,#9867,#9868,#9869,#9870,#9871,
    #9872,#9873));
#9829 = ORIENTED_EDGE('',*,*,#5041,.F.);
#9830 = ORIENTED_EDGE('',*,*,#5089,.F.);
#9831 = ORIENTED_EDGE('',*,*,#5134,.F.);
#9832 = ORIENTED_EDGE('',*,*,#5180,.F.);
#9833 = ORIENTED_EDGE('',*,*,#5226,.F.);
#9834 = ORIENTED_EDGE('',*,*,#5271,.F.);
#9835 = ORIENTED_EDGE('',*,*,#5317,.F.);
#9836 = ORIENTED_EDGE('',*,*,#5363,.F.);
#9837 = ORIENTED_EDGE('',*,*,#9209,.F.);
#9838 = ORIENTED_EDGE('',*,*,#5429,.F.);
#9839 = ORIENTED_EDGE('',*,*,#9717,.T.);
#9840 = ORIENTED_EDGE('',*,*,#4150,.T.);
#9841 = ORIENTED_EDGE('',*,*,#9842,.T.);
#9842 = EDGE_CURVE('',#4153,#4107,#9843,.T.);
#9843 = B_SPLINE_CURVE_WITH_KNOTS('',3,(#9844,#9845,#9846,#9847,#9848,
    #9849,#9850,#9851,#9852,#9853,#9854,#9855,#9856,#9857,#9858,#9859,
    #9860,#9861,#9862,#9863,#9864,#9865),.UNSPECIFIED.,.F.,.F.,(4,3,3,3,
    3,3,3,4),(7.593007562352,7.951703170556,8.945666066875,
    9.939628963195,10.933591859514,11.927554755834,12.921517652153,
    13.876192869531),.UNSPECIFIED.);
#9844 = CARTESIAN_POINT('',(-14.21812992478,8.207563656589,
    -7.500580519022));
#9845 = CARTESIAN_POINT('',(-14.32282557746,8.037407046247,
    -7.512733950345));
#9846 = CARTESIAN_POINT('',(-14.45320010898,7.882534374072,
    -7.507635849338));
#9847 = CARTESIAN_POINT('',(-14.60401990957,7.755201727176,
    -7.484364993297));
#9848 = CARTESIAN_POINT('',(-15.02194887881,7.402356797909,
    -7.419880324567));
#9849 = CARTESIAN_POINT('',(-15.59687112601,7.26098371726,
    -7.215852352498));
#9850 = CARTESIAN_POINT('',(-16.07467716586,7.399531134877,
    -6.979576396586));
#9851 = CARTESIAN_POINT('',(-16.55248320572,7.538078552494,
    -6.743300440673));
#9852 = CARTESIAN_POINT('',(-16.93317303824,7.956546468377,
    -6.474776500919));
#9853 = CARTESIAN_POINT('',(-17.05094130077,8.468892717785,
    -6.310613005591));
#9854 = CARTESIAN_POINT('',(-17.1687095633,8.981238967192,
    -6.146449510264));
#9855 = CARTESIAN_POINT('',(-17.02355625584,9.587463550124,
    -6.086646459365));
#9856 = CARTESIAN_POINT('',(-16.68873841209,10.016150497805,
    -6.172926377365));
#9857 = CARTESIAN_POINT('',(-16.35392056834,10.444837445487,
    -6.259206295365));
#9858 = CARTESIAN_POINT('',(-15.82943818828,10.695986757919,
    -6.491569182266));
#9859 = CARTESIAN_POINT('',(-15.36100193044,10.659616838004,
    -6.778908661157));
#9860 = CARTESIAN_POINT('',(-14.89256567261,10.62324691809,
    -7.066248140048));
#9861 = CARTESIAN_POINT('',(-14.48017553698,10.29935776583,
    -7.40856421093));
#9862 = CARTESIAN_POINT('',(-14.31858186661,9.83939232868,
    -7.664763889034));
#9863 = CARTESIAN_POINT('',(-14.16337539668,9.397607624922,
    -7.910836940949));
#9864 = CARTESIAN_POINT('',(-14.2395311042,8.830291225421,
    -8.077466783303));
#9865 = CARTESIAN_POINT('',(-14.51755466925,8.381259084496,
    -8.109016972624));
#9866 = ORIENTED_EDGE('',*,*,#4106,.T.);
#9867 = ORIENTED_EDGE('',*,*,#4037,.T.);
#9868 = ORIENTED_EDGE('',*,*,#3968,.T.);
#9869 = ORIENTED_EDGE('',*,*,#3893,.T.);
#9870 = ORIENTED_EDGE('',*,*,#3824,.T.);
#9871 = ORIENTED_EDGE('',*,*,#3755,.T.);
#9872 = ORIENTED_EDGE('',*,*,#3686,.T.);
#9873 = ORIENTED_EDGE('',*,*,#9874,.T.);
#9874 = EDGE_CURVE('',#3678,#5044,#9875,.T.);
#9875 = B_SPLINE_CURVE_WITH_KNOTS('',3,(#9876,#9877,#9878,#9879,#9880,
    #9881,#9882,#9883,#9884,#9885,#9886,#9887,#9888,#9889,#9890,#9891,
    #9892,#9893,#9894,#9895,#9896,#9897,#9898,#9899,#9900,#9901,#9902,
    #9903,#9904,#9905,#9906,#9907,#9908,#9909,#9910,#9911,#9912,#9913,
    #9914,#9915,#9916,#9917,#9918,#9919,#9920,#9921,#9922,#9923,#9924,
    #9925,#9926,#9927,#9928,#9929,#9930,#9931,#9932,#9933,#9934,#9935,
    #9936,#9937,#9938,#9939,#9940,#9941,#9942,#9943,#9944,#9945,#9946,
    #9947,#9948,#9949,#9950,#9951,#9952,#9953,#9954,#9955,#9956,#9957),
  .UNSPECIFIED.,.F.,.F.,(4,3,3,3,3,3,3,3,3,3,3,3,3,3,3,3,3,3,3,3,3,3,3,3
    ,3,3,3,4),(0.,1.860104327736E-02,3.8342109669E-02,5.561554276168E-02
    ,6.415511813497E-02,6.842393533711E-02,8.847843018688E-02,
    0.108890812041,0.125800502633,0.133438929012,0.137247514379,
    0.158320901754,0.17652957441,0.197047883977,0.205562920016,
    0.209078204046,0.230086206955,0.251579996412,0.268289880629,
    0.278587250843,0.284041679396,0.306308523706,0.322596234193,
    0.32828406065,0.333192036728,0.355716584681,0.371459365653,
    0.376940817212),.UNSPECIFIED.);
#9876 = CARTESIAN_POINT('',(-16.60564210092,11.3820742663,-11.7020379706
    ));
#9877 = CARTESIAN_POINT('',(-16.63240200733,11.430807645117,
    -11.67458990271));
#9878 = CARTESIAN_POINT('',(-16.66201604092,11.477235801999,
    -11.64638023147));
#9879 = CARTESIAN_POINT('',(-16.69418301978,11.52131700105,
    -11.61757159598));
#9880 = CARTESIAN_POINT('',(-16.72832145255,11.568099854255,
    -11.58699733315));
#9881 = CARTESIAN_POINT('',(-16.76533542747,11.612239953386,
    -11.55574819663));
#9882 = CARTESIAN_POINT('',(-16.80491832575,11.653666805401,
    -11.52399784541));
#9883 = CARTESIAN_POINT('',(-16.83955336174,11.689915300913,
    -11.49621628809));
#9884 = CARTESIAN_POINT('',(-16.87615633284,11.72408638528,
    -11.46805046016));
#9885 = CARTESIAN_POINT('',(-16.91455053426,11.756114580154,
    -11.43960761599));
#9886 = CARTESIAN_POINT('',(-16.93353171624,11.771948559579,
    -11.42554614886));
#9887 = CARTESIAN_POINT('',(-16.95295106606,11.78725850803,
    -11.41141687252));
#9888 = CARTESIAN_POINT('',(-16.97278923378,11.802034624116,
    -11.39723229135));
#9889 = CARTESIAN_POINT('',(-16.98270606312,11.80942100292,
    -11.39014161279));
#9890 = CARTESIAN_POINT('',(-16.99272993514,11.81667547274,
    -11.38303549173));
#9891 = CARTESIAN_POINT('',(-17.00284006713,11.823784153521,
    -11.37592832635));
#9892 = CARTESIAN_POINT('',(-17.05033650008,11.857180055797,
    -11.34253954329));
#9893 = CARTESIAN_POINT('',(-17.09981016663,11.887420036909,
    -11.3090731794));
#9894 = CARTESIAN_POINT('',(-17.15095450904,11.914436778699,
    -11.27570194662));
#9895 = CARTESIAN_POINT('',(-17.20301155934,11.94193565384,
    -11.24173517999));
#9896 = CARTESIAN_POINT('',(-17.25680005419,11.96609586258,
    -11.20786648106));
#9897 = CARTESIAN_POINT('',(-17.3120374357,11.986813149282,
    -11.17426722477));
#9898 = CARTESIAN_POINT('',(-17.35779628135,12.003975424147,
    -11.14643347994));
#9899 = CARTESIAN_POINT('',(-17.4045503755,12.018774541104,
    -11.11878429579));
#9900 = CARTESIAN_POINT('',(-17.4521548775,12.031129622374,
    -11.09141544004));
#9901 = CARTESIAN_POINT('',(-17.4736587295,12.036710645762,
    -11.07905241136));
#9902 = CARTESIAN_POINT('',(-17.49533626972,12.041792675367,
    -11.06674658567));
#9903 = CARTESIAN_POINT('',(-17.51717483287,12.04636674048,
    -11.05450688523));
#9904 = CARTESIAN_POINT('',(-17.52806372907,12.048647408852,
    -11.04840406488));
#9905 = CARTESIAN_POINT('',(-17.53899405006,12.050801931732,
    -11.04231694721));
#9906 = CARTESIAN_POINT('',(-17.54994773929,12.052826352689,
    -11.0362557026));
#9907 = CARTESIAN_POINT('',(-17.61055589539,12.064027731399,
    -11.00271806504));
#9908 = CARTESIAN_POINT('',(-17.67198674102,12.071273601457,
    -10.96991093971));
#9909 = CARTESIAN_POINT('',(-17.73393815882,12.074466385447,
    -10.93801355347));
#9910 = CARTESIAN_POINT('',(-17.78746790547,12.077225142618,
    -10.91045229554));
#9911 = CARTESIAN_POINT('',(-17.84138723392,12.076957502344,
    -10.88356989241));
#9912 = CARTESIAN_POINT('',(-17.89551734443,12.073573613458,
    -10.85748168173));
#9913 = CARTESIAN_POINT('',(-17.95651346343,12.069760503025,
    -10.8280843724));
#9914 = CARTESIAN_POINT('',(-18.01777761275,12.061991820261,
    -10.79969492329));
#9915 = CARTESIAN_POINT('',(-18.07906732535,12.050476671163,
    -10.7723742042));
#9916 = CARTESIAN_POINT('',(-18.10450236959,12.045697919324,
    -10.76103618891));
#9917 = CARTESIAN_POINT('',(-18.12994191729,12.040273336065,
    -10.74988235737));
#9918 = CARTESIAN_POINT('',(-18.15536887055,12.034215370942,
    -10.73891766463));
#9919 = CARTESIAN_POINT('',(-18.16586594447,12.031714445762,
    -10.73439108259));
#9920 = CARTESIAN_POINT('',(-18.17636077167,12.029105492261,
    -10.72989680899));
#9921 = CARTESIAN_POINT('',(-18.18683933589,12.026392903643,
    -10.72544058376));
#9922 = CARTESIAN_POINT('',(-18.24946121956,12.010181960491,
    -10.69880933812));
#9923 = CARTESIAN_POINT('',(-18.31161570826,11.990247467233,
    -10.6734866863));
#9924 = CARTESIAN_POINT('',(-18.37304039402,11.966861337818,
    -10.64952533747));
#9925 = CARTESIAN_POINT('',(-18.43588545687,11.942934430344,
    -10.62500990928));
#9926 = CARTESIAN_POINT('',(-18.49796736048,11.915394223643,
    -10.60191913035));
#9927 = CARTESIAN_POINT('',(-18.55901448774,11.884477631549,
    -10.58032041811));
#9928 = CARTESIAN_POINT('',(-18.60647426351,11.860442192135,
    -10.56352896393));
#9929 = CARTESIAN_POINT('',(-18.6533089464,11.834364926652,
    -10.54763948061));
#9930 = CARTESIAN_POINT('',(-18.69938990792,11.806336582914,
    -10.53269008575));
#9931 = CARTESIAN_POINT('',(-18.7277870359,11.789064277,-10.52347760699)
  );
#9932 = CARTESIAN_POINT('',(-18.75589789519,11.771050692061,
    -10.51462225141));
#9933 = CARTESIAN_POINT('',(-18.78369152929,11.752313984448,
    -10.50613425595));
#9934 = CARTESIAN_POINT('',(-18.79841357853,11.742389311365,
    -10.50163823767));
#9935 = CARTESIAN_POINT('',(-18.81305076196,11.73225860944,
    -10.49724412769));
#9936 = CARTESIAN_POINT('',(-18.82757349054,11.721942453602,
    -10.49296078108));
#9937 = CARTESIAN_POINT('',(-18.88686023949,11.679828374423,
    -10.47547469408));
#9938 = CARTESIAN_POINT('',(-18.94431006685,11.63458281541,
    -10.45981104824));
#9939 = CARTESIAN_POINT('',(-18.99962747821,11.58644514553,
    -10.44604849089));
#9940 = CARTESIAN_POINT('',(-19.04009095694,11.551233490947,
    -10.43598148065));
#9941 = CARTESIAN_POINT('',(-19.07941352507,11.514473252709,
    -10.42693196331));
#9942 = CARTESIAN_POINT('',(-19.11747506778,11.476242407771,
    -10.41893748626));
#9943 = CARTESIAN_POINT('',(-19.13076652761,11.462891825962,
    -10.41614573734));
#9944 = CARTESIAN_POINT('',(-19.14390415784,11.449361797712,
    -10.41348270496));
#9945 = CARTESIAN_POINT('',(-19.1568826549,11.435655302712,
    -10.41095018071));
#9946 = CARTESIAN_POINT('',(-19.16808168737,11.423828087152,
    -10.40876488752));
#9947 = CARTESIAN_POINT('',(-19.17915597017,11.411876039081,
    -10.40667800521));
#9948 = CARTESIAN_POINT('',(-19.19009952028,11.399804760331,
    -10.40469090817));
#9949 = CARTESIAN_POINT('',(-19.24032358727,11.344405122531,
    -10.39557137257));
#9950 = CARTESIAN_POINT('',(-19.28781554965,11.286476533889,
    -10.38854793451));
#9951 = CARTESIAN_POINT('',(-19.33227167587,11.226233908925,
    -10.38371041927));
#9952 = CARTESIAN_POINT('',(-19.36334280144,11.184129336973,
    -10.38032939946));
#9953 = CARTESIAN_POINT('',(-19.39293072258,11.140893435166,
    -10.37801656866));
#9954 = CARTESIAN_POINT('',(-19.42092429058,11.096588338905,
    -10.37680956429));
#9955 = CARTESIAN_POINT('',(-19.43067132239,11.081161824404,
    -10.37638929953));
#9956 = CARTESIAN_POINT('',(-19.44022499423,11.065605611396,
    -10.37610315549));
#9957 = CARTESIAN_POINT('',(-19.44958547502,11.049924627636,
    -10.3759496252));
#9958 = B_SPLINE_SURFACE_WITH_KNOTS('',3,3,(
    (#9959,#9960,#9961,#9962,#9963,#9964,#9965,#9966,#9967,#9968,#9969
      ,#9970,#9971,#9972,#9973,#9974,#9975,#9976,#9977,#9978,#9979,#9980
      ,#9981,#9982,#9983,#9984,#9985,#9986,#9987,#9988,#9989,#9990,#9991
      ,#9992,#9993,#9994,#9995,#9996,#9997,#9998,#9999,#10000,#10001
      ,#10002,#10003,#10004,#10005,#10006,#10007,#10008,#10009,#10010
      ,#10011,#10012,#10013,#10014,#10015,#10016,#10017,#10018)
    ,(#10019,#10020,#10021,#10022,#10023,#10024,#10025,#10026,#10027
      ,#10028,#10029,#10030,#10031,#10032,#10033,#10034,#10035,#10036
      ,#10037,#10038,#10039,#10040,#10041,#10042,#10043,#10044,#10045
      ,#10046,#10047,#10048,#10049,#10050,#10051,#10052,#10053,#10054
      ,#10055,#10056,#10057,#10058,#10059,#10060,#10061,#10062,#10063
      ,#10064,#10065,#10066,#10067,#10068,#10069,#10070,#10071,#10072
      ,#10073,#10074,#10075,#10076,#10077,#10078)
    ,(#10079,#10080,#10081,#10082,#10083,#10084,#10085,#10086,#10087
      ,#10088,#10089,#10090,#10091,#10092,#10093,#10094,#10095,#10096
      ,#10097,#10098,#10099,#10100,#10101,#10102,#10103,#10104,#10105
      ,#10106,#10107,#10108,#10109,#10110,#10111,#10112,#10113,#10114
      ,#10115,#10116,#10117,#10118,#10119,#10120,#10121,#10122,#10123
      ,#10124,#10125,#10126,#10127,#10128,#10129,#10130,#10131,#10132
      ,#10133,#10134,#10135,#10136,#10137,#10138)
    ,(#10139,#10140,#10141,#10142,#10143,#10144,#10145,#10146,#10147
      ,#10148,#10149,#10150,#10151,#10152,#10153,#10154,#10155,#10156
      ,#10157,#10158,#10159,#10160,#10161,#10162,#10163,#10164,#10165
      ,#10166,#10167,#10168,#10169,#10170,#10171,#10172,#10173,#10174
      ,#10175,#10176,#10177,#10178,#10179,#10180,#10181,#10182,#10183
      ,#10184,#10185,#10186,#10187,#10188,#10189,#10190,#10191,#10192
      ,#10193,#10194,#10195,#10196,#10197,#10198
  )),.UNSPECIFIED.,.F.,.F.,.F.,(4,4),(4,1,1,1,1,1,1,1,1,1,1,1,1,1,1,1,1,
    1,1,1,1,1,1,1,1,1,1,1,1,1,1,1,1,1,1,1,1,1,1,1,1,1,1,1,1,1,1,1,1,1,1,
    1,1,1,1,1,1,4),(0.,4.488898342949E-02),(14.398141012777,
    15.392103909096,16.386066805416,17.380029701735,18.373992598055,
    19.367955494374,20.361918390694,21.355881287013,22.349844183333,
    23.343807079652,24.337769975972,25.331732872291,26.325695768611,
    27.31965866493,28.31362156125,29.307584457569,30.301547353889,
    31.295510250208,32.289473146528,33.283436042847,34.277398939167,
    35.271361835486,36.265324731806,37.259287628125,38.253250524445,
    39.247213420764,40.241176317084,41.235139213403,42.229102109723,
    43.223065006042,44.217027902362,45.210990798681,46.204953695001,
    47.19891659132,48.19287948764,49.186842383959,50.180805280279,
    51.174768176598,52.168731072918,53.162693969237,54.156656865557,
    55.150619761876,56.144582658196,57.138545554515,58.132508450835,
    59.126471347154,60.120434243474,61.114397139793,62.108360036113,
    63.102322932432,64.096285828752,65.090248725071,66.084211621391,
    67.07817451771,68.07213741403,69.066100310349,70.060063206669,
    71.054026102988),.UNSPECIFIED.);
#9959 = CARTESIAN_POINT('',(-13.80636548359,10.263390691116,
    -6.395372883521));
#9960 = CARTESIAN_POINT('',(-13.416879679,9.835690292394,-6.756204514429
    ));
#9961 = CARTESIAN_POINT('',(-13.13852884564,8.458666890492,
    -7.378136863882));
#9962 = CARTESIAN_POINT('',(-14.63651166768,6.691862925596,
    -7.267044600566));
#9963 = CARTESIAN_POINT('',(-16.73099556837,6.873798157909,
    -6.295149247881));
#9964 = CARTESIAN_POINT('',(-17.5610405335,8.856120745999,
    -5.435746300726));
#9965 = CARTESIAN_POINT('',(-16.41561714842,10.865587213733,
    -5.556241765562));
#9966 = CARTESIAN_POINT('',(-14.37975494,11.098208896127,-6.634887549631
    ));
#9967 = CARTESIAN_POINT('',(-13.34819718382,9.368687278217,
    -7.777803088888));
#9968 = CARTESIAN_POINT('',(-14.30247825027,7.27423839406,
    -8.033144644534));
#9969 = CARTESIAN_POINT('',(-16.41851899693,6.744693883068,
    -7.255857379521));
#9970 = CARTESIAN_POINT('',(-17.81589397998,8.286577861194,
    -6.239933098418));
#9971 = CARTESIAN_POINT('',(-17.26763356351,10.523167142356,
    -5.996282370212));
#9972 = CARTESIAN_POINT('',(-15.31584419402,11.445967266144,
    -6.833654380352));
#9973 = CARTESIAN_POINT('',(-13.77879949301,10.241107812517,
    -8.077856471137));
#9974 = CARTESIAN_POINT('',(-14.09766368876,8.029275682862,
    -8.684792086323));
#9975 = CARTESIAN_POINT('',(-16.02610684113,6.846767005455,
    -8.189798137085));
#9976 = CARTESIAN_POINT('',(-17.85428103502,7.79395309436,
    -7.130148743773));
#9977 = CARTESIAN_POINT('',(-17.96350850644,10.034773261034,
    -6.556532720181));
#9978 = CARTESIAN_POINT('',(-16.29807242597,11.556921607435,
    -7.07771115698));
#9979 = CARTESIAN_POINT('',(-14.41587778004,11.001549182965,
    -8.30699746466));
#9980 = CARTESIAN_POINT('',(-14.07191836212,8.89880278897,-9.21385454726
    ));
#9981 = CARTESIAN_POINT('',(-15.62253982762,7.185787070407,
    -9.060915632962));
#9982 = CARTESIAN_POINT('',(-17.70143059857,7.445241959825,
    -8.074438847701));
#9983 = CARTESIAN_POINT('',(-18.46194756653,9.466428600269,
    -7.238580813584));
#9984 = CARTESIAN_POINT('',(-17.25618565635,11.4367446152,
    -7.400547303202));
#9985 = CARTESIAN_POINT('',(-15.224088787,11.589842018215,-8.50026709979
    ));
#9986 = CARTESIAN_POINT('',(-14.2569501093,9.81168800846,-9.625012062069
    ));
#9987 = CARTESIAN_POINT('',(-15.27774416367,7.744249883557,
    -9.839299789191));
#9988 = CARTESIAN_POINT('',(-17.40190762076,7.292527980535,
    -9.035485717134));
#9989 = CARTESIAN_POINT('',(-18.74163295331,8.89242450842,
    -8.031639480669));
#9990 = CARTESIAN_POINT('',(-18.12236695753,11.114397262871,
    -7.827710969936));
#9991 = CARTESIAN_POINT('',(-16.15077918241,11.963278091338,
    -8.69632084542));
#9992 = CARTESIAN_POINT('',(-14.66314457884,10.692389604588,
    -9.934878827506));
#9993 = CARTESIAN_POINT('',(-15.05570123607,8.482465362026,
    -10.50441745238));
#9994 = CARTESIAN_POINT('',(-17.01511384617,7.36806192264,
    -9.974278485534));
#9995 = CARTESIAN_POINT('',(-18.80337542615,8.387628027319,
    -8.91369108838));
#9996 = CARTESIAN_POINT('',(-18.83809891538,10.639289836579,
    -8.374197343251));
#9997 = CARTESIAN_POINT('',(-17.1313106428,12.100884277864,
    -8.933532282814));
#9998 = CARTESIAN_POINT('',(-15.27851523628,11.468621011288,
    -10.17031544498));
#9999 = CARTESIAN_POINT('',(-15.00797516431,9.342560403251,
    -11.04719308848));
#10000 = CARTESIAN_POINT('',(-16.60927901734,7.681005557131,
    -10.85405750614));
#10001 = CARTESIAN_POINT('',(-18.67003229943,8.019905436242,
    -9.853715672217));
#10002 = CARTESIAN_POINT('',(-19.36008292205,10.076285315015,
    -9.04293139796));
#10003 = CARTESIAN_POINT('',(-18.09559883193,12.005543372116,
    -9.24611138905));
#10004 = CARTESIAN_POINT('',(-16.0699151508,12.078663431066,
    -10.36571206209));
#10005 = CARTESIAN_POINT('',(-15.16849818423,10.254333162929,
    -11.47092610641));
#10006 = CARTESIAN_POINT('',(-16.25455609981,8.216504556936,
    -11.64403437107));
#10007 = CARTESIAN_POINT('',(-18.38420086785,7.843257898071,
    -10.81482579187));
#10008 = CARTESIAN_POINT('',(-19.66460815837,9.499136385612,
    -9.824477976682));
#10009 = CARTESIAN_POINT('',(-18.97522441853,11.703705723862,
    -9.660632271494));
#10010 = CARTESIAN_POINT('',(-16.98634793816,12.477602734584,
    -10.55953246328));
#10011 = CARTESIAN_POINT('',(-15.55022062248,11.142366987115,
    -11.79091225557));
#10012 = CARTESIAN_POINT('',(-16.01576330999,8.937166585387,
    -12.32259420992));
#10013 = CARTESIAN_POINT('',(-18.0042258441,7.892406879933,
    -11.75782586679));
#10014 = CARTESIAN_POINT('',(-19.74932886171,8.982931130123,
    -10.69833389862));
#10015 = CARTESIAN_POINT('',(-19.7115868575,11.242893557372,
    -10.19267671819));
#10016 = CARTESIAN_POINT('',(-17.96153902585,12.641559073383,
    -10.79180745327));
#10017 = CARTESIAN_POINT('',(-16.75440692189,12.169708399205,
    -11.61682957901));
#10018 = CARTESIAN_POINT('',(-16.41653995304,11.691701255684,
    -11.96637409837));
#10019 = CARTESIAN_POINT('',(-13.86164390317,10.150742360647,
    -6.313863556804));
#10020 = CARTESIAN_POINT('',(-13.49772911414,9.750596962286,
    -6.653955236495));
#10021 = CARTESIAN_POINT('',(-13.23894853486,8.461579823828,
    -7.240697238965));
#10022 = CARTESIAN_POINT('',(-14.64548466935,6.807945698617,
    -7.14265900072));
#10023 = CARTESIAN_POINT('',(-16.61090338967,6.980153035624,
    -6.238104439703));
#10024 = CARTESIAN_POINT('',(-17.39162533872,8.839205840173,
    -5.438947921942));
#10025 = CARTESIAN_POINT('',(-16.32146235341,10.723690688666,
    -5.557892272649));
#10026 = CARTESIAN_POINT('',(-14.41701629649,10.943387921839,
    -6.574560948087));
#10027 = CARTESIAN_POINT('',(-13.45353797513,9.324684922883,
    -7.651446190195));
#10028 = CARTESIAN_POINT('',(-14.35066104405,7.364068888892,
    -7.896732528569));
#10029 = CARTESIAN_POINT('',(-16.33627712236,6.869666134249,
    -7.17451304649));
#10030 = CARTESIAN_POINT('',(-17.6485502769,8.316056702216,
    -6.228706252667));
#10031 = CARTESIAN_POINT('',(-17.13789002514,10.413340805922,
    -6.006469382963));
#10032 = CARTESIAN_POINT('',(-15.31221473209,11.279690200879,
    -6.797080276624));
#10033 = CARTESIAN_POINT('',(-13.87512812912,10.152561412868,
    -7.968864408029));
#10034 = CARTESIAN_POINT('',(-14.17690705453,8.081964937725,
    -8.543571436814));
#10035 = CARTESIAN_POINT('',(-15.98675642871,6.975777368525,
    -8.085842370481));
#10036 = CARTESIAN_POINT('',(-17.70266033189,7.864974821482,
    -7.099067999813));
#10037 = CARTESIAN_POINT('',(-17.8080233265,9.966222988826,
    -6.567675180318));
#10038 = CARTESIAN_POINT('',(-16.25064237919,11.394122557722,
    -7.062033329065));
#10039 = CARTESIAN_POINT('',(-14.49017280071,10.875520733558,
    -8.219842345035));
#10040 = CARTESIAN_POINT('',(-14.17092925285,8.907130474306,
    -9.075556217321));
#10041 = CARTESIAN_POINT('',(-15.62678436132,7.30389242594,
    -8.938310397823));
#10042 = CARTESIAN_POINT('',(-17.57759333661,7.548730623086,
    -8.020093985997));
#10043 = CARTESIAN_POINT('',(-18.29317208938,9.444196508605,
    -7.242997515322));
#10044 = CARTESIAN_POINT('',(-17.16647584346,11.291999937595,
    -7.400797510045));
#10045 = CARTESIAN_POINT('',(-15.26555766354,11.437188110372,
    -8.437211160023));
#10046 = CARTESIAN_POINT('',(-14.36243581503,9.772919733779,
    -9.49707175723));
#10047 = CARTESIAN_POINT('',(-15.32187721331,7.837611018614,
    -9.703893337255));
#10048 = CARTESIAN_POINT('',(-17.31510374124,7.416122969301,
    -8.956819967992));
#10049 = CARTESIAN_POINT('',(-18.57336293521,8.916867510765,
    -8.022329513838));
#10050 = CARTESIAN_POINT('',(-17.99617508912,11.00045688275,
    -7.837309769821));
#10051 = CARTESIAN_POINT('',(-16.15194998195,11.797548721616,
    -8.657188504872));
#10052 = CARTESIAN_POINT('',(-14.76115741601,10.608555038313,
    -9.823684474735));
#10053 = CARTESIAN_POINT('',(-15.131981369,8.539746128876,
    -10.36335296395));
#10054 = CARTESIAN_POINT('',(-16.97084710415,7.497368723475,
    -9.872695309517));
#10055 = CARTESIAN_POINT('',(-18.64935549261,8.454381528032,
    -8.885042090459));
#10056 = CARTESIAN_POINT('',(-18.68491311768,10.565787607005,
    -8.385619619224));
#10057 = CARTESIAN_POINT('',(-17.08878786482,11.93695211827,
    -8.915727921147));
#10058 = CARTESIAN_POINT('',(-15.35586345521,11.346308592587,
    -10.08056100056));
#10059 = CARTESIAN_POINT('',(-15.10540904351,9.356074436154,
    -10.90818609473));
#10060 = CARTESIAN_POINT('',(-16.60875024179,7.801051867173,
    -10.73327862032));
#10061 = CARTESIAN_POINT('',(-18.54256557359,8.120324835455,
    -9.802071562665));
#10062 = CARTESIAN_POINT('',(-19.19212195908,10.048764488742,
    -9.048467568784));
#10063 = CARTESIAN_POINT('',(-18.0104068625,11.858099290496,
    -9.244881924987));
#10064 = CARTESIAN_POINT('',(-16.11549742144,11.928353910829,
    -10.29992265886));
#10065 = CARTESIAN_POINT('',(-15.27395252756,10.220821393377,
    -11.34148406044));
#10066 = CARTESIAN_POINT('',(-16.29454190498,8.313254865253,
    -11.50972317132));
#10067 = CARTESIAN_POINT('',(-18.29290406358,7.965292998789,
    -10.73885680599));
#10068 = CARTESIAN_POINT('',(-19.495586123,9.518488983332,
    -9.817013491728));
#10069 = CARTESIAN_POINT('',(-18.85270252627,11.585772490001,
    -9.669548720891));
#10070 = CARTESIAN_POINT('',(-16.99227903046,12.312609384732,
    -10.51780750571));
#10071 = CARTESIAN_POINT('',(-15.64974543216,11.063326517136,
    -11.67757798015));
#10072 = CARTESIAN_POINT('',(-16.08895253279,8.998943538305,
    -12.18177723943));
#10073 = CARTESIAN_POINT('',(-17.95503615109,8.021817766974,
    -11.65867411918));
#10074 = CARTESIAN_POINT('',(-19.59310778293,9.045313723481,
    -10.67204724559));
#10075 = CARTESIAN_POINT('',(-19.56076996941,11.164496939849,
    -10.20432742747));
#10076 = CARTESIAN_POINT('',(-17.92411333261,12.476701154578,
    -10.7717217929));
#10077 = CARTESIAN_POINT('',(-16.79512531068,12.035771794678,
    -11.54874566307));
#10078 = CARTESIAN_POINT('',(-16.47957400233,11.588492259223,
    -11.87826205578));
#10079 = CARTESIAN_POINT('',(-13.91692232275,10.038094030177,
    -6.232354230087));
#10080 = CARTESIAN_POINT('',(-13.57857854927,9.665503632178,
    -6.551705958561));
#10081 = CARTESIAN_POINT('',(-13.33936822407,8.464492757165,
    -7.103257614047));
#10082 = CARTESIAN_POINT('',(-14.65445767101,6.924028471638,
    -7.018273400874));
#10083 = CARTESIAN_POINT('',(-16.49081121097,7.08650791334,
    -6.181059631525));
#10084 = CARTESIAN_POINT('',(-17.22221014394,8.822290934346,
    -5.442149543157));
#10085 = CARTESIAN_POINT('',(-16.2273075584,10.581794163599,
    -5.559542779735));
#10086 = CARTESIAN_POINT('',(-14.45427765298,10.788566947551,
    -6.514234346543));
#10087 = CARTESIAN_POINT('',(-13.55887876643,9.280682567549,
    -7.525089291502));
#10088 = CARTESIAN_POINT('',(-14.39884383783,7.453899383725,
    -7.760320412603));
#10089 = CARTESIAN_POINT('',(-16.25403524778,6.99463838543,
    -7.093168713459));
#10090 = CARTESIAN_POINT('',(-17.48120657383,8.345535543238,
    -6.217479406915));
#10091 = CARTESIAN_POINT('',(-17.00814648676,10.303514469489,
    -6.016656395714));
#10092 = CARTESIAN_POINT('',(-15.30858527016,11.113413135615,
    -6.760506172895));
#10093 = CARTESIAN_POINT('',(-13.97145676523,10.064015013219,
    -7.85987234492));
#10094 = CARTESIAN_POINT('',(-14.25615042029,8.134654192588,
    -8.402350787304));
#10095 = CARTESIAN_POINT('',(-15.9474060163,7.104787731595,
    -7.981886603877));
#10096 = CARTESIAN_POINT('',(-17.55103962876,7.935996548605,
    -7.067987255853));
#10097 = CARTESIAN_POINT('',(-17.65253814656,9.897672716619,
    -6.578817640455));
#10098 = CARTESIAN_POINT('',(-16.20321233242,11.231323508008,
    -7.046355501151));
#10099 = CARTESIAN_POINT('',(-14.56446782137,10.749492284151,
    -8.13268722541));
#10100 = CARTESIAN_POINT('',(-14.26994014358,8.915458159642,
    -8.937257887382));
#10101 = CARTESIAN_POINT('',(-15.63102889501,7.421997781473,
    -8.815705162683));
#10102 = CARTESIAN_POINT('',(-17.45375607464,7.652219286347,
    -7.965749124293));
#10103 = CARTESIAN_POINT('',(-18.12439661223,9.421964416941,
    -7.24741421706));
#10104 = CARTESIAN_POINT('',(-17.07676603058,11.147255259991,
    -7.401047716889));
#10105 = CARTESIAN_POINT('',(-15.30702654008,11.284534202529,
    -8.374155220257));
#10106 = CARTESIAN_POINT('',(-14.46792152075,9.734151459097,
    -9.36913145239));
#10107 = CARTESIAN_POINT('',(-15.36601026295,7.93097215367,
    -9.568486885319));
#10108 = CARTESIAN_POINT('',(-17.22829986171,7.539717958066,
    -8.87815421885));
#10109 = CARTESIAN_POINT('',(-18.40509291711,8.94131051311,
    -8.013019547007));
#10110 = CARTESIAN_POINT('',(-17.86998322071,10.886516502628,
    -7.846908569706));
#10111 = CARTESIAN_POINT('',(-16.15312078149,11.631819351894,
    -8.618056164325));
#10112 = CARTESIAN_POINT('',(-14.85917025318,10.524720472038,
    -9.712490121963));
#10113 = CARTESIAN_POINT('',(-15.20826150192,8.597026895727,
    -10.22228847552));
#10114 = CARTESIAN_POINT('',(-16.92658036214,7.626675524309,
    -9.7711121335));
#10115 = CARTESIAN_POINT('',(-18.49533555907,8.521135028746,
    -8.856393092537));
#10116 = CARTESIAN_POINT('',(-18.53172731999,10.492285377431,
    -8.397041895197));
#10117 = CARTESIAN_POINT('',(-17.04626508685,11.773019958676,
    -8.89792355948));
#10118 = CARTESIAN_POINT('',(-15.43321167413,11.223996173887,
    -9.990806556145));
#10119 = CARTESIAN_POINT('',(-15.2028429227,9.369588469057,
    -10.76917910097));
#10120 = CARTESIAN_POINT('',(-16.60822146624,7.921098177215,
    -10.6124997345));
#10121 = CARTESIAN_POINT('',(-18.41509884775,8.220744234667,
    -9.750427453114));
#10122 = CARTESIAN_POINT('',(-19.02416099611,10.021243662469,
    -9.054003739607));
#10123 = CARTESIAN_POINT('',(-17.92521489306,11.710655208875,
    -9.243652460923));
#10124 = CARTESIAN_POINT('',(-16.16107969208,11.778044390591,
    -10.23413325564));
#10125 = CARTESIAN_POINT('',(-15.37940687089,10.187309623825,
    -11.21204201447));
#10126 = CARTESIAN_POINT('',(-16.33452771015,8.41000517357,
    -11.37541197157));
#10127 = CARTESIAN_POINT('',(-18.20160725932,8.087328099507,
    -10.6628878201));
#10128 = CARTESIAN_POINT('',(-19.32656408762,9.537841581051,
    -9.809549006774));
#10129 = CARTESIAN_POINT('',(-18.73018063402,11.46783925614,
    -9.678465170288));
#10130 = CARTESIAN_POINT('',(-16.99821012277,12.14761603488,
    -10.47608254814));
#10131 = CARTESIAN_POINT('',(-15.74927024183,10.984286047156,
    -11.56424370473));
#10132 = CARTESIAN_POINT('',(-16.16214175559,9.060720491223,
    -12.04096026895));
#10133 = CARTESIAN_POINT('',(-17.90584645807,8.151228654015,
    -11.55952237156));
#10134 = CARTESIAN_POINT('',(-19.43688670414,9.107696316838,
    -10.64576059256));
#10135 = CARTESIAN_POINT('',(-19.40995308131,11.086100322326,
    -10.21597813674));
#10136 = CARTESIAN_POINT('',(-17.88668763937,12.311843235774,
    -10.75163613253));
#10137 = CARTESIAN_POINT('',(-16.83584369947,11.901835190151,
    -11.48066174712));
#10138 = CARTESIAN_POINT('',(-16.54260805163,11.485283262762,
    -11.79015001319));
#10139 = CARTESIAN_POINT('',(-13.97220074233,9.925445699708,
    -6.15084490337));
#10140 = CARTESIAN_POINT('',(-13.65942798441,9.58041030207,
    -6.449456680627));
#10141 = CARTESIAN_POINT('',(-13.43978791328,8.467405690501,
    -6.96581798913));
#10142 = CARTESIAN_POINT('',(-14.66343067267,7.04011124466,
    -6.893887801028));
#10143 = CARTESIAN_POINT('',(-16.37071903227,7.192862791055,
    -6.124014823347));
#10144 = CARTESIAN_POINT('',(-17.05279494916,8.80537602852,
    -5.445351164373));
#10145 = CARTESIAN_POINT('',(-16.1331527634,10.439897638531,
    -5.561193286822));
#10146 = CARTESIAN_POINT('',(-14.49153900947,10.633745973263,
    -6.453907744999));
#10147 = CARTESIAN_POINT('',(-13.66421955774,9.236680212214,
    -7.398732392809));
#10148 = CARTESIAN_POINT('',(-14.44702663161,7.543729878557,
    -7.623908296637));
#10149 = CARTESIAN_POINT('',(-16.1717933732,7.119610636611,
    -7.011824380428));
#10150 = CARTESIAN_POINT('',(-17.31386287075,8.37501438426,
    -6.206252561164));
#10151 = CARTESIAN_POINT('',(-16.87840294839,10.193688133056,
    -6.026843408465));
#10152 = CARTESIAN_POINT('',(-15.30495580823,10.94713607035,
    -6.723932069166));
#10153 = CARTESIAN_POINT('',(-14.06778540135,9.97546861357,
    -7.750880281811));
#10154 = CARTESIAN_POINT('',(-14.33539378605,8.187343447452,
    -8.261130137795));
#10155 = CARTESIAN_POINT('',(-15.90805560388,7.233798094666,
    -7.877930837273));
#10156 = CARTESIAN_POINT('',(-17.39941892563,8.007018275728,
    -7.036906511893));
#10157 = CARTESIAN_POINT('',(-17.49705296662,9.829122444411,
    -6.589960100592));
#10158 = CARTESIAN_POINT('',(-16.15578228565,11.068524458295,
    -7.030677673236));
#10159 = CARTESIAN_POINT('',(-14.63876284203,10.623463834744,
    -8.045532105785));
#10160 = CARTESIAN_POINT('',(-14.36895103431,8.923785844977,
    -8.798959557443));
#10161 = CARTESIAN_POINT('',(-15.6352734287,7.540103137006,
    -8.693099927543));
#10162 = CARTESIAN_POINT('',(-17.32991881268,7.755707949608,
    -7.91140426259));
#10163 = CARTESIAN_POINT('',(-17.95562113509,9.399732325276,
    -7.251830918799));
#10164 = CARTESIAN_POINT('',(-16.98705621769,11.002510582387,
    -7.401297923732));
#10165 = CARTESIAN_POINT('',(-15.34849541662,11.131880294686,
    -8.31109928049));
#10166 = CARTESIAN_POINT('',(-14.57340722648,9.695383184416,
    -9.24119114755));
#10167 = CARTESIAN_POINT('',(-15.41014331258,8.024333288727,
    -9.433080433384));
#10168 = CARTESIAN_POINT('',(-17.14149598218,7.663312946832,
    -8.799488469708));
#10169 = CARTESIAN_POINT('',(-18.23682289902,8.965753515456,
    -8.003709580175));
#10170 = CARTESIAN_POINT('',(-17.74379135229,10.772576122507,
    -7.856507369591));
#10171 = CARTESIAN_POINT('',(-16.15429158102,11.466089982173,
    -8.578923823777));
#10172 = CARTESIAN_POINT('',(-14.95718309035,10.440885905763,
    -9.601295769192));
#10173 = CARTESIAN_POINT('',(-15.28454163485,8.654307662578,
    -10.08122398709));
#10174 = CARTESIAN_POINT('',(-16.88231362013,7.755982325144,
    -9.669528957483));
#10175 = CARTESIAN_POINT('',(-18.34131562553,8.58788852946,
    -8.827744094616));
#10176 = CARTESIAN_POINT('',(-18.3785415223,10.418783147857,
    -8.40846417117));
#10177 = CARTESIAN_POINT('',(-17.00374230888,11.609087799081,
    -8.880119197813));
#10178 = CARTESIAN_POINT('',(-15.51055989305,11.101683755187,
    -9.901052111725));
#10179 = CARTESIAN_POINT('',(-15.30027680189,9.383102501961,
    -10.63017210722));
#10180 = CARTESIAN_POINT('',(-16.60769269069,8.041144487257,
    -10.49172084867));
#10181 = CARTESIAN_POINT('',(-18.28763212191,8.32116363388,
    -9.698783343562));
#10182 = CARTESIAN_POINT('',(-18.85620003315,9.993722836196,
    -9.059539910431));
#10183 = CARTESIAN_POINT('',(-17.84002292363,11.563211127255,
    -9.242422996859));
#10184 = CARTESIAN_POINT('',(-16.20666196272,11.627734870354,
    -10.16834385242));
#10185 = CARTESIAN_POINT('',(-15.48486121423,10.153797854273,
    -11.0825999685));
#10186 = CARTESIAN_POINT('',(-16.37451351533,8.506755481887,
    -11.24110077182));
#10187 = CARTESIAN_POINT('',(-18.11031045505,8.209363200225,
    -10.58691883422));
#10188 = CARTESIAN_POINT('',(-19.15754205225,9.557194178771,
    -9.802084521819));
#10189 = CARTESIAN_POINT('',(-18.60765874176,11.349906022279,
    -9.687381619685));
#10190 = CARTESIAN_POINT('',(-17.00414121508,11.982622685028,
    -10.43435759058));
#10191 = CARTESIAN_POINT('',(-15.84879505151,10.905245577176,
    -11.45090942931));
#10192 = CARTESIAN_POINT('',(-16.23533097839,9.12249744414,
    -11.90014329846));
#10193 = CARTESIAN_POINT('',(-17.85665676506,8.280639541056,
    -11.46037062394));
#10194 = CARTESIAN_POINT('',(-19.28066562535,9.170078910196,
    -10.61947393953));
#10195 = CARTESIAN_POINT('',(-19.25913619322,11.007703704803,
    -10.22762884601));
#10196 = CARTESIAN_POINT('',(-17.84926194614,12.146985316969,
    -10.73155047215));
#10197 = CARTESIAN_POINT('',(-16.87656208826,11.767898585624,
    -11.41257783118));
#10198 = CARTESIAN_POINT('',(-16.60564210092,11.3820742663,
    -11.7020379706));
#10199 = ADVANCED_FACE('',(#10200),#10231,.F.);
#10200 = FACE_BOUND('',#10201,.F.);
#10201 = EDGE_LOOP('',(#10202,#10215,#10216,#10230));
#10202 = ORIENTED_EDGE('',*,*,#10203,.T.);
#10203 = EDGE_CURVE('',#5018,#4952,#10204,.T.);
#10204 = B_SPLINE_CURVE_WITH_KNOTS('',3,(#10205,#10206,#10207,#10208,
    #10209,#10210,#10211,#10212,#10213,#10214),.UNSPECIFIED.,.F.,.F.,(4,
    1,1,1,1,1,1,4),(15.707963267949,16.386066805416,17.380029701735,
    18.373992598055,19.367955494374,20.361918390694,21.355881287013,
    21.991148575128),.UNSPECIFIED.);
#10205 = CARTESIAN_POINT('',(-2.373209041285E-03,-15.84282373585,
    -7.28298276586));
#10206 = CARTESIAN_POINT('',(0.462970907837,-15.8583726901,
    -7.30308342316));
#10207 = CARTESIAN_POINT('',(1.617198924677,-16.22330167855,
    -7.164091682112));
#10208 = CARTESIAN_POINT('',(2.412589197265,-17.92636504725,
    -6.295149954857));
#10209 = CARTESIAN_POINT('',(1.110904549917,-19.63636357164,
    -5.435748621823));
#10210 = CARTESIAN_POINT('',(-1.202070658665,-19.64913244521,
    -5.55624328456));
#10211 = CARTESIAN_POINT('',(-2.421444873047,-18.00233663964,
    -6.634888061542));
#10212 = CARTESIAN_POINT('',(-1.55755106039,-16.45571084389,
    -7.640318381118));
#10213 = CARTESIAN_POINT('',(-0.434859081539,-16.18351632217,
    -7.867333203128));
#10214 = CARTESIAN_POINT('',(1.364318898652E-03,-16.19297581887,
    -7.889112743336));
#10215 = ORIENTED_EDGE('',*,*,#4982,.T.);
#10216 = ORIENTED_EDGE('',*,*,#10217,.F.);
#10217 = EDGE_CURVE('',#4999,#4968,#10218,.T.);
#10218 = B_SPLINE_CURVE_WITH_KNOTS('',3,(#10219,#10220,#10221,#10222,
    #10223,#10224,#10225,#10226,#10227,#10228,#10229),.UNSPECIFIED.,.F.,
  .F.,(4,1,1,1,1,1,1,1,4),(15.707963267949,15.837431589535,
    16.831394485854,17.825357382174,18.819320278493,19.813283174813,
    20.807246071132,21.801208967452,21.991148575128),.UNSPECIFIED.);
#10219 = CARTESIAN_POINT('',(1.351969743263E-03,-15.8683195797,
    -7.335407921981));
#10220 = CARTESIAN_POINT('',(8.975687956314E-02,-15.87012289058,
    -7.339918528704));
#10221 = CARTESIAN_POINT('',(0.856183145435,-15.93015409562,
    -7.353433503507));
#10222 = CARTESIAN_POINT('',(2.187171707178,-16.80337532531,
    -6.94007525712));
#10223 = CARTESIAN_POINT('',(2.072140222733,-18.85939093577,
    -5.880900866296));
#10224 = CARTESIAN_POINT('',(7.338563813507E-02,-19.92258729689,
    -5.394930936336));
#10225 = CARTESIAN_POINT('',(-1.992290676053,-19.07658820332,
    -6.011235516074));
#10226 = CARTESIAN_POINT('',(-2.246366313473,-17.14096777847,
    -7.256633264745));
#10227 = CARTESIAN_POINT('',(-0.940187860888,-16.25362879301,
    -7.862328009959));
#10228 = CARTESIAN_POINT('',(-0.131672599453,-16.21477929044,
    -7.935524865378));
#10229 = CARTESIAN_POINT('',(-1.755411231943E-03,-16.21932204981,
    -7.94104692824));
#10230 = ORIENTED_EDGE('',*,*,#5027,.F.);
#10231 = CYLINDRICAL_SURFACE('',#10232,2.05475);
#10232 = AXIS2_PLACEMENT_3D('',#10233,#10234,#10235);
#10233 = CARTESIAN_POINT('',(-1.027144141461E-15,-16.77453682443,
    -4.791477209629));
#10234 = DIRECTION('',(-3.061616997868E-17,-0.5,-0.866025403784));
#10235 = DIRECTION('',(-2.703884704078E-14,-0.866025403784,0.5));
#10236 = ADVANCED_FACE('',(#10237),#10465,.F.);
#10237 = FACE_BOUND('',#10238,.F.);
#10238 = EDGE_LOOP('',(#10239,#10240,#10241,#10242,#10243,#10244,#10245,
    #10246,#10247,#10275,#10276,#10367,#10368,#10369,#10370,#10371,
    #10372,#10373,#10374,#10375,#10376,#10377));
#10239 = ORIENTED_EDGE('',*,*,#2411,.T.);
#10240 = ORIENTED_EDGE('',*,*,#2445,.T.);
#10241 = ORIENTED_EDGE('',*,*,#2520,.T.);
#10242 = ORIENTED_EDGE('',*,*,#2592,.T.);
#10243 = ORIENTED_EDGE('',*,*,#2661,.T.);
#10244 = ORIENTED_EDGE('',*,*,#2733,.T.);
#10245 = ORIENTED_EDGE('',*,*,#2805,.T.);
#10246 = ORIENTED_EDGE('',*,*,#2874,.T.);
#10247 = ORIENTED_EDGE('',*,*,#10248,.T.);
#10248 = EDGE_CURVE('',#2875,#2982,#10249,.T.);
#10249 = B_SPLINE_CURVE_WITH_KNOTS('',3,(#10250,#10251,#10252,#10253,
    #10254,#10255,#10256,#10257,#10258,#10259,#10260,#10261,#10262,
    #10263,#10264,#10265,#10266,#10267,#10268,#10269,#10270,#10271,
    #10272,#10273,#10274),.UNSPECIFIED.,.F.,.F.,(4,3,3,3,3,3,3,3,4),(
    -10.12956857087,-9.939628963195,-8.945666066875,-7.951703170556,
    -6.957740274236,-5.963777377917,-4.969814481597,-3.975851585278,
    -3.846383263692),.UNSPECIFIED.);
#10250 = CARTESIAN_POINT('',(-1.423294859379E-03,-16.66835360615,
    -7.94096510498));
#10251 = CARTESIAN_POINT('',(-0.10676070115,-16.6640030595,
    -7.935332068056));
#10252 = CARTESIAN_POINT('',(-0.211933595898,-16.66838940374,
    -7.924654784815));
#10253 = CARTESIAN_POINT('',(-0.315051503306,-16.68203173135,
    -7.90863355709));
#10254 = CARTESIAN_POINT('',(-0.854672360502,-16.75342267308,
    -7.824793719223));
#10255 = CARTESIAN_POINT('',(-1.338017839393,-17.07828669229,
    -7.594611131839));
#10256 = CARTESIAN_POINT('',(-1.545356311739,-17.50054101133,
    -7.308200228626));
#10257 = CARTESIAN_POINT('',(-1.752694784085,-17.92279533038,
    -7.021789325414));
#10258 = CARTESIAN_POINT('',(-1.684026249885,-18.44243994926,
    -6.679150106374));
#10259 = CARTESIAN_POINT('',(-1.370548799151,-18.81483963665,
    -6.421522788169));
#10260 = CARTESIAN_POINT('',(-1.057071348416,-19.18723932404,
    -6.163895469963));
#10261 = CARTESIAN_POINT('',(-0.498784981147,-19.41239407994,
    -5.991280052593));
#10262 = CARTESIAN_POINT('',(5.045798250414E-02,-19.37955154277,
    -5.967619441821));
#10263 = CARTESIAN_POINT('',(0.599700946156,-19.34670900561,
    -5.94395883105));
#10264 = CARTESIAN_POINT('',(1.13990050619,-19.05586917538,
    -6.069253026877));
#10265 = CARTESIAN_POINT('',(1.425544955314,-18.63086566998,
    -6.272006656683));
#10266 = CARTESIAN_POINT('',(1.711189404438,-18.20586216458,
    -6.474760286488));
#10267 = CARTESIAN_POINT('',(1.742278742652,-17.646694984,
    -6.754973350272));
#10268 = CARTESIAN_POINT('',(1.504527134511,-17.1991854915,
    -6.970720817784));
#10269 = CARTESIAN_POINT('',(1.26677552637,-16.75167599901,
    -7.186468285296));
#10270 = CARTESIAN_POINT('',(0.760182971875,-16.4158241946,
    -7.337750156536));
#10271 = CARTESIAN_POINT('',(0.215356377703,-16.3359286618,
    -7.341255605457));
#10272 = CARTESIAN_POINT('',(0.144390162602,-16.32552189454,
    -7.341712206593));
#10273 = CARTESIAN_POINT('',(7.277525798871E-02,-16.31945775364,
    -7.339661591225));
#10274 = CARTESIAN_POINT('',(1.096182792284E-03,-16.31754079914,
    -7.335216596679));
#10275 = ORIENTED_EDGE('',*,*,#2981,.T.);
#10276 = ORIENTED_EDGE('',*,*,#10277,.T.);
#10277 = EDGE_CURVE('',#2973,#4997,#10278,.T.);
#10278 = B_SPLINE_CURVE_WITH_KNOTS('',3,(#10279,#10280,#10281,#10282,
    #10283,#10284,#10285,#10286,#10287,#10288,#10289,#10290,#10291,
    #10292,#10293,#10294,#10295,#10296,#10297,#10298,#10299,#10300,
    #10301,#10302,#10303,#10304,#10305,#10306,#10307,#10308,#10309,
    #10310,#10311,#10312,#10313,#10314,#10315,#10316,#10317,#10318,
    #10319,#10320,#10321,#10322,#10323,#10324,#10325,#10326,#10327,
    #10328,#10329,#10330,#10331,#10332,#10333,#10334,#10335,#10336,
    #10337,#10338,#10339,#10340,#10341,#10342,#10343,#10344,#10345,
    #10346,#10347,#10348,#10349,#10350,#10351,#10352,#10353,#10354,
    #10355,#10356,#10357,#10358,#10359,#10360,#10361,#10362,#10363,
    #10364,#10365,#10366),.UNSPECIFIED.,.F.,.F.,(4,3,3,3,3,3,3,3,3,3,3,3
    ,3,3,3,3,3,3,3,3,3,3,3,3,3,3,3,3,3,4),(-0.378621596831,
    -0.359793542096,-0.348061905291,-0.341271326356,-0.335296482643,
    -0.315421627887,-0.301182427093,-0.297272511338,-0.29322988549,
    -0.272826839592,-0.252130892291,-0.239475174602,-0.229320564677,
    -0.224569910875,-0.203267661178,-0.201508021535,-0.181032916306,
    -0.159091873097,-0.154480815354,-0.150832657955,-0.129446916401,
    -0.107611650438,-8.564715915464E-02,-8.02212028043E-02,
    -7.59517801767E-02,-5.340696961656E-02,-3.083747837675E-02,
    -8.769672720837E-03,-5.504570634106E-03,0.),.UNSPECIFIED.);
#10279 = CARTESIAN_POINT('',(1.079358653049,-18.64654708585,
    -5.495752335001));
#10280 = CARTESIAN_POINT('',(1.036710101669,-18.68613865167,
    -5.472894133818));
#10281 = CARTESIAN_POINT('',(0.991411134341,-18.72336447155,
    -5.45140179669));
#10282 = CARTESIAN_POINT('',(0.943798751175,-18.75821394064,
    -5.431281446328));
#10283 = CARTESIAN_POINT('',(0.91413178905,-18.77992841513,
    -5.418744588636));
#10284 = CARTESIAN_POINT('',(0.883565656872,-18.80071991067,
    -5.40674061309));
#10285 = CARTESIAN_POINT('',(0.85217337752,-18.82058151305,
    -5.395273511613));
#10286 = CARTESIAN_POINT('',(0.834002703261,-18.83207792918,
    -5.388636052661));
#10287 = CARTESIAN_POINT('',(0.815555123754,-18.84326272825,
    -5.382178505909));
#10288 = CARTESIAN_POINT('',(0.796843955941,-18.85413398456,
    -5.375901983154));
#10289 = CARTESIAN_POINT('',(0.780380513806,-18.8636993041,
    -5.370379443342));
#10290 = CARTESIAN_POINT('',(0.763708534127,-18.8730240997,
    -5.364995770093));
#10291 = CARTESIAN_POINT('',(0.746863461372,-18.88209292887,
    -5.35975987913));
#10292 = CARTESIAN_POINT('',(0.690829631793,-18.91225968657,
    -5.342343093453));
#10293 = CARTESIAN_POINT('',(0.632837646907,-18.93962516638,
    -5.326543626313));
#10294 = CARTESIAN_POINT('',(0.573238473349,-18.9641601986,
    -5.312378318856));
#10295 = CARTESIAN_POINT('',(0.530539061965,-18.98173815098,
    -5.302229683323));
#10296 = CARTESIAN_POINT('',(0.487013641104,-18.99786273395,
    -5.292920151003));
#10297 = CARTESIAN_POINT('',(0.442779558562,-19.01251335845,
    -5.284461609001));
#10298 = CARTESIAN_POINT('',(0.430633403821,-19.01653624628,
    -5.282138993629));
#10299 = CARTESIAN_POINT('',(0.418433769836,-19.02044794755,
    -5.279880571849));
#10300 = CARTESIAN_POINT('',(0.406182986561,-19.02424791446,
    -5.277686659934));
#10301 = CARTESIAN_POINT('',(0.393516388039,-19.02817685958,
    -5.275418282411));
#10302 = CARTESIAN_POINT('',(0.380802540098,-19.03198401351,
    -5.273220221062));
#10303 = CARTESIAN_POINT('',(0.368049658323,-19.03566765927,
    -5.271093467193));
#10304 = CARTESIAN_POINT('',(0.303686137679,-19.05425894035,
    -5.260359786054));
#10305 = CARTESIAN_POINT('',(0.238288913136,-19.06971997986,
    -5.251433350731));
#10306 = CARTESIAN_POINT('',(0.172213990888,-19.08202200784,
    -5.244330771566));
#10307 = CARTESIAN_POINT('',(0.105190512359,-19.09450064089,
    -5.237126229418));
#10308 = CARTESIAN_POINT('',(3.74688291184E-02,-19.10372938905,
    -5.231798009182));
#10309 = CARTESIAN_POINT('',(-3.061118013216E-02,-19.10964160882,
    -5.228384587504));
#10310 = CARTESIAN_POINT('',(-7.224258578073E-02,-19.1132569729,
    -5.226297256081));
#10311 = CARTESIAN_POINT('',(-0.114008546581,-19.11563140842,
    -5.224926375093));
#10312 = CARTESIAN_POINT('',(-0.155834752576,-19.11674189638,
    -5.224285234572));
#10313 = CARTESIAN_POINT('',(-0.189394983372,-19.11763292226,
    -5.223770800539));
#10314 = CARTESIAN_POINT('',(-0.222994063405,-19.11771010785,
    -5.223726237419));
#10315 = CARTESIAN_POINT('',(-0.25659410651,-19.11695852984,
    -5.224160161187));
#10316 = CARTESIAN_POINT('',(-0.27231328959,-19.11660691742,
    -5.22436316471));
#10317 = CARTESIAN_POINT('',(-0.288037569296,-19.11607353276,
    -5.224671114485));
#10318 = CARTESIAN_POINT('',(-0.303732860595,-19.11535837154,
    -5.22508401301));
#10319 = CARTESIAN_POINT('',(-0.374111597554,-19.11215154073,
    -5.226935477642));
#10320 = CARTESIAN_POINT('',(-0.444009030919,-19.10529294328,
    -5.230895290726));
#10321 = CARTESIAN_POINT('',(-0.513067925731,-19.09472767053,
    -5.236995153791));
#10322 = CARTESIAN_POINT('',(-0.518772429751,-19.09385494239,
    -5.237499023618));
#10323 = CARTESIAN_POINT('',(-0.524471222948,-19.09295689865,
    -5.238017509411));
#10324 = CARTESIAN_POINT('',(-0.530164109185,-19.09203349533,
    -5.238550636567));
#10325 = CARTESIAN_POINT('',(-0.59640633396,-19.08128880665,
    -5.244754085471));
#10326 = CARTESIAN_POINT('',(-0.661848579645,-19.06711436551,
    -5.25293770288));
#10327 = CARTESIAN_POINT('',(-0.726282108911,-19.0497445828,
    -5.262966151604));
#10328 = CARTESIAN_POINT('',(-0.795328828521,-19.03113119113,
    -5.273712598292));
#10329 = CARTESIAN_POINT('',(-0.863218180352,-19.00884868582,
    -5.286577408732));
#10330 = CARTESIAN_POINT('',(-0.929688153749,-18.98313084499,
    -5.301425611059));
#10331 = CARTESIAN_POINT('',(-0.943657265548,-18.97772606783,
    -5.304546060605));
#10332 = CARTESIAN_POINT('',(-0.957563640919,-18.97216938204,
    -5.307754214642));
#10333 = CARTESIAN_POINT('',(-0.971404754612,-18.96646267155,
    -5.311048985482));
#10334 = CARTESIAN_POINT('',(-0.98235550911,-18.96194766019,
    -5.313655728508));
#10335 = CARTESIAN_POINT('',(-0.993258250085,-18.95734165883,
    -5.316315004629));
#10336 = CARTESIAN_POINT('',(-1.004107205013,-18.95264803852,
    -5.319024867579));
#10337 = CARTESIAN_POINT('',(-1.067704501097,-18.92513372377,
    -5.334910264606));
#10338 = CARTESIAN_POINT('',(-1.129504422616,-18.89459142389,
    -5.352543869663));
#10339 = CARTESIAN_POINT('',(-1.189280951066,-18.86128654134,
    -5.371772452568));
#10340 = CARTESIAN_POINT('',(-1.2503139713,-18.8272815962,
    -5.391405216798));
#10341 = CARTESIAN_POINT('',(-1.309238511667,-18.79039640229,
    -5.412700893432));
#10342 = CARTESIAN_POINT('',(-1.365805780041,-18.7508663009,
    -5.435523608114));
#10343 = CARTESIAN_POINT('',(-1.422707824434,-18.71110225273,
    -5.45848139203));
#10344 = CARTESIAN_POINT('',(-1.477225546285,-18.66866143677,
    -5.482984608544));
#10345 = CARTESIAN_POINT('',(-1.529083819041,-18.6237421941,
    -5.508918745395));
#10346 = CARTESIAN_POINT('',(-1.54189452887,-18.61264565437,
    -5.515325335592));
#10347 = CARTESIAN_POINT('',(-1.554542802465,-18.60139769106,
    -5.521819350237));
#10348 = CARTESIAN_POINT('',(-1.567024184151,-18.59000096138,
    -5.528399255187));
#10349 = CARTESIAN_POINT('',(-1.576845179741,-18.58103342599,
    -5.533576664158));
#10350 = CARTESIAN_POINT('',(-1.58656397193,-18.57197256042,
    -5.538807957336));
#10351 = CARTESIAN_POINT('',(-1.59616382431,-18.5628338554,
    -5.54408419114));
#10352 = CARTESIAN_POINT('',(-1.646856124461,-18.51457665731,
    -5.571945497447));
#10353 = CARTESIAN_POINT('',(-1.694327377591,-18.4640683908,
    -5.601106458711));
#10354 = CARTESIAN_POINT('',(-1.73832249359,-18.4115651393,
    -5.631419225096));
#10355 = CARTESIAN_POINT('',(-1.782365772751,-18.35900441046,
    -5.661765176044));
#10356 = CARTESIAN_POINT('',(-1.822926233986,-18.30444377707,
    -5.693265772418));
#10357 = CARTESIAN_POINT('',(-1.859721493145,-18.24810145991,
    -5.725795024395));
#10358 = CARTESIAN_POINT('',(-1.89569884946,-18.19301154707,
    -5.757601200403));
#10359 = CARTESIAN_POINT('',(-1.928077279512,-18.13621764968,
    -5.790391172351));
#10360 = CARTESIAN_POINT('',(-1.956555336135,-18.07789567761,
    -5.824063378625));
#10361 = CARTESIAN_POINT('',(-1.960768884303,-18.06926649192,
    -5.829045441304));
#10362 = CARTESIAN_POINT('',(-1.964896967534,-18.06060381297,
    -5.834046841329));
#10363 = CARTESIAN_POINT('',(-1.968938522278,-18.05190816957,
    -5.839067273387));
#10364 = CARTESIAN_POINT('',(-1.975752098997,-18.0372483574,
    -5.847531119889));
#10365 = CARTESIAN_POINT('',(-1.982319754905,-18.02249485716,
    -5.856049057224));
#10366 = CARTESIAN_POINT('',(-1.988642550554,-18.007651732,
    -5.86461873953));
#10367 = ORIENTED_EDGE('',*,*,#4996,.T.);
#10368 = ORIENTED_EDGE('',*,*,#10217,.T.);
#10369 = ORIENTED_EDGE('',*,*,#4967,.T.);
#10370 = ORIENTED_EDGE('',*,*,#4922,.T.);
#10371 = ORIENTED_EDGE('',*,*,#4875,.T.);
#10372 = ORIENTED_EDGE('',*,*,#4830,.T.);
#10373 = ORIENTED_EDGE('',*,*,#4785,.T.);
#10374 = ORIENTED_EDGE('',*,*,#4738,.T.);
#10375 = ORIENTED_EDGE('',*,*,#4693,.T.);
#10376 = ORIENTED_EDGE('',*,*,#4652,.T.);
#10377 = ORIENTED_EDGE('',*,*,#10378,.T.);
#10378 = EDGE_CURVE('',#4644,#2412,#10379,.T.);
#10379 = B_SPLINE_CURVE_WITH_KNOTS('',3,(#10380,#10381,#10382,#10383,
    #10384,#10385,#10386,#10387,#10388,#10389,#10390,#10391,#10392,
    #10393,#10394,#10395,#10396,#10397,#10398,#10399,#10400,#10401,
    #10402,#10403,#10404,#10405,#10406,#10407,#10408,#10409,#10410,
    #10411,#10412,#10413,#10414,#10415,#10416,#10417,#10418,#10419,
    #10420,#10421,#10422,#10423,#10424,#10425,#10426,#10427,#10428,
    #10429,#10430,#10431,#10432,#10433,#10434,#10435,#10436,#10437,
    #10438,#10439,#10440,#10441,#10442,#10443,#10444,#10445,#10446,
    #10447,#10448,#10449,#10450,#10451,#10452,#10453,#10454,#10455,
    #10456,#10457,#10458,#10459,#10460,#10461,#10462,#10463,#10464),
  .UNSPECIFIED.,.F.,.F.,(4,3,3,3,3,3,3,3,3,3,3,3,3,3,3,3,3,3,3,3,3,3,3,3
    ,3,3,3,3,4),(0.,2.196967431479E-02,4.454587028485E-02,
    6.353804955448E-02,7.211141924478E-02,7.681502265559E-02,
    8.106185496729E-02,0.103006548271,0.124779871486,0.142705729725,
    0.150369185486,0.154090478283,0.157595508224,0.178369231859,
    0.196483304442,0.218687926271,0.22664332841,0.230453459531,
    0.251129152558,0.27177389505,0.287393802254,0.296563137463,
    0.300766399922,0.320533140166,0.334030215867,0.338663023794,
    0.357695956875,0.374120279072,0.378621596831),.UNSPECIFIED.);
#10380 = CARTESIAN_POINT('',(1.156080344331,-22.06233982561,
    -10.55288300459));
#10381 = CARTESIAN_POINT('',(1.212503960386,-22.02191083548,
    -10.57622469292));
#10382 = CARTESIAN_POINT('',(1.266036951052,-21.97879126433,
    -10.60111978893));
#10383 = CARTESIAN_POINT('',(1.316597168238,-21.9332749761,
    -10.62739863019));
#10384 = CARTESIAN_POINT('',(1.368553212517,-21.88650210964,
    -10.65440295724));
#10385 = CARTESIAN_POINT('',(1.417370578811,-21.83719758293,
    -10.682868939));
#10386 = CARTESIAN_POINT('',(1.462915942127,-21.78565273763,
    -10.71262836931));
#10387 = CARTESIAN_POINT('',(1.501230887044,-21.74229074061,
    -10.73766342997));
#10388 = CARTESIAN_POINT('',(1.537229566772,-21.69734251586,
    -10.76361429963));
#10389 = CARTESIAN_POINT('',(1.570805608314,-21.65097341134,
    -10.7903855146));
#10390 = CARTESIAN_POINT('',(1.585962363777,-21.63004166519,
    -10.80247046387));
#10391 = CARTESIAN_POINT('',(1.60062509591,-21.60882031694,-10.814722615
    ));
#10392 = CARTESIAN_POINT('',(1.614782253691,-21.58732442284,
    -10.82713327525));
#10393 = CARTESIAN_POINT('',(1.622549287895,-21.57553114149,
    -10.8339421294));
#10394 = CARTESIAN_POINT('',(1.630164127373,-21.56365522303,
    -10.84079869412));
#10395 = CARTESIAN_POINT('',(1.637624718274,-21.55169915821,
    -10.84770153137));
#10396 = CARTESIAN_POINT('',(1.644360804576,-21.54090415744,
    -10.85393402797));
#10397 = CARTESIAN_POINT('',(1.650971874512,-21.53004238157,
    -10.86020507719));
#10398 = CARTESIAN_POINT('',(1.657446822339,-21.51913233966,
    -10.86650399282));
#10399 = CARTESIAN_POINT('',(1.6909048762,-21.46275678583,-10.899052434)
  );
#10400 = CARTESIAN_POINT('',(1.72079441203,-21.40499654887,
    -10.93240032236));
#10401 = CARTESIAN_POINT('',(1.746993838185,-21.34612552315,
    -10.96638952491));
#10402 = CARTESIAN_POINT('',(1.772988668271,-21.28771423195,
    -11.00011329961));
#10403 = CARTESIAN_POINT('',(1.795350986545,-21.22820856739,
    -11.03446891106));
#10404 = CARTESIAN_POINT('',(1.813911742183,-21.16786905211,
    -11.06930594645));
#10405 = CARTESIAN_POINT('',(1.82919271106,-21.11819185832,
    -11.09798708766));
#10406 = CARTESIAN_POINT('',(1.841896080441,-21.06794913565,
    -11.12699473711));
#10407 = CARTESIAN_POINT('',(1.851900204596,-21.01728875622,
    -11.15624352081));
#10408 = CARTESIAN_POINT('',(1.856177052146,-20.99563101625,
    -11.16874762282));
#10409 = CARTESIAN_POINT('',(1.859960259761,-20.97389700297,
    -11.18129576124));
#10410 = CARTESIAN_POINT('',(1.863238876419,-20.95209862635,
    -11.19388105985));
#10411 = CARTESIAN_POINT('',(1.864830937877,-20.94151356597,
    -11.1999923473));
#10412 = CARTESIAN_POINT('',(1.866304005013,-20.93091333293,
    -11.2061123947));
#10413 = CARTESIAN_POINT('',(1.867656748081,-20.92029931604,
    -11.21224040021));
#10414 = CARTESIAN_POINT('',(1.868930876513,-20.91030213252,
    -11.21801227681));
#10415 = CARTESIAN_POINT('',(1.870097214192,-20.90030084373,
    -11.22378652358));
#10416 = CARTESIAN_POINT('',(1.871155028369,-20.89029794508,
    -11.22956169981));
#10417 = CARTESIAN_POINT('',(1.877424515292,-20.83101244525,
    -11.2637901991));
#10418 = CARTESIAN_POINT('',(1.879887940188,-20.77165406062,
    -11.29806077844));
#10419 = CARTESIAN_POINT('',(1.87840096579,-20.71245334158,
    -11.33224032952));
#10420 = CARTESIAN_POINT('',(1.877104368095,-20.66083206557,
    -11.36204388712));
#10421 = CARTESIAN_POINT('',(1.872803487227,-20.60933035906,
    -11.39177841124));
#10422 = CARTESIAN_POINT('',(1.865370863853,-20.5581067343,
    -11.42135238478));
#10423 = CARTESIAN_POINT('',(1.856259793416,-20.49531570754,
    -11.45760480098));
#10424 = CARTESIAN_POINT('',(1.842443223333,-20.43294107865,
    -11.49361680976));
#10425 = CARTESIAN_POINT('',(1.82412917428,-20.37130464645,
    -11.52920262048));
#10426 = CARTESIAN_POINT('',(1.81756767433,-20.34922173919,
    -11.54195219293));
#10427 = CARTESIAN_POINT('',(1.810428414414,-20.32723389076,
    -11.55464688315));
#10428 = CARTESIAN_POINT('',(1.802719568489,-20.30535704447,
    -11.56727748624));
#10429 = CARTESIAN_POINT('',(1.799027522098,-20.29487942795,
    -11.57332674096));
#10430 = CARTESIAN_POINT('',(1.795207300354,-20.28443446432,
    -11.57935714352));
#10431 = CARTESIAN_POINT('',(1.791262311544,-20.27402884566,
    -11.58536483025));
#10432 = CARTESIAN_POINT('',(1.769854812684,-20.21756271095,
    -11.61796556833));
#10433 = CARTESIAN_POINT('',(1.744760049384,-20.16220469238,
    -11.64992653525));
#10434 = CARTESIAN_POINT('',(1.716199490797,-20.10819947006,
    -11.6811064649));
#10435 = CARTESIAN_POINT('',(1.687681686017,-20.05427509101,
    -11.71223971966));
#10436 = CARTESIAN_POINT('',(1.655707671657,-20.00169872081,
    -11.74259470114));
#10437 = CARTESIAN_POINT('',(1.620456784191,-19.95074093946,
    -11.77201518993));
#10438 = CARTESIAN_POINT('',(1.593785800463,-19.91218604751,
    -11.79427486717));
#10439 = CARTESIAN_POINT('',(1.565238056387,-19.8745581949,
    -11.81599931801));
#10440 = CARTESIAN_POINT('',(1.534879596053,-19.83798872832,
    -11.83711270938));
#10441 = CARTESIAN_POINT('',(1.517058305849,-19.81652139864,
    -11.84950687795));
#10442 = CARTESIAN_POINT('',(1.498612868196,-19.79541903974,
    -11.86169033054));
#10443 = CARTESIAN_POINT('',(1.4795554648,-19.77471059781,
    -11.87364635506));
#10444 = CARTESIAN_POINT('',(1.470819469613,-19.76521775949,
    -11.87912704782));
#10445 = CARTESIAN_POINT('',(1.461960242461,-19.75581362329,
    -11.88455652839));
#10446 = CARTESIAN_POINT('',(1.452983136456,-19.74650451228,
    -11.88993114613));
#10447 = CARTESIAN_POINT('',(1.410766376437,-19.70272642776,
    -11.91520643502));
#10448 = CARTESIAN_POINT('',(1.365918679594,-19.6610186086,
    -11.93928645564));
#10449 = CARTESIAN_POINT('',(1.318595424425,-19.62164099307,
    -11.96202113256));
#10450 = CARTESIAN_POINT('',(1.286282278728,-19.59475326899,
    -11.9775447673));
#10451 = CARTESIAN_POINT('',(1.252814318095,-19.56895266875,
    -11.99244075079));
#10452 = CARTESIAN_POINT('',(1.218235506262,-19.54433302879,
    -12.00665490655));
#10453 = CARTESIAN_POINT('',(1.206366491289,-19.53588245285,
    -12.01153384885));
#10454 = CARTESIAN_POINT('',(1.19436523178,-19.52757020209,
    -12.01633292906));
#10455 = CARTESIAN_POINT('',(1.182237608804,-19.51940316242,
    -12.02104817161));
#10456 = CARTESIAN_POINT('',(1.132413778392,-19.48585056927,
    -12.0404197703));
#10457 = CARTESIAN_POINT('',(1.080575315184,-19.45482346024,
    -12.05833328005));
#10458 = CARTESIAN_POINT('',(1.026857180145,-19.42657083646,
    -12.07464493999));
#10459 = CARTESIAN_POINT('',(0.980501531545,-19.40219045357,
    -12.08872096062));
#10460 = CARTESIAN_POINT('',(0.932745586185,-19.3798765365,
    -12.10160390664));
#10461 = CARTESIAN_POINT('',(0.883668403632,-19.35981538439,
    -12.11318621821));
#10462 = CARTESIAN_POINT('',(0.870218107736,-19.35431734196,
    -12.11636051449));
#10463 = CARTESIAN_POINT('',(0.85666854372,-19.34898866426,
    -12.11943702799));
#10464 = CARTESIAN_POINT('',(0.843024088328,-19.34382960096,
    -12.12241561458));
#10465 = B_SPLINE_SURFACE_WITH_KNOTS('',3,3,(
    (#10466,#10467,#10468,#10469,#10470,#10471,#10472,#10473,#10474
      ,#10475,#10476,#10477,#10478,#10479,#10480,#10481,#10482,#10483
      ,#10484,#10485,#10486,#10487,#10488,#10489,#10490,#10491,#10492
      ,#10493,#10494,#10495,#10496,#10497,#10498,#10499,#10500,#10501
      ,#10502,#10503,#10504,#10505,#10506,#10507,#10508,#10509,#10510
      ,#10511,#10512,#10513,#10514,#10515,#10516,#10517,#10518,#10519
      ,#10520,#10521,#10522,#10523,#10524,#10525)
    ,(#10526,#10527,#10528,#10529,#10530,#10531,#10532,#10533,#10534
      ,#10535,#10536,#10537,#10538,#10539,#10540,#10541,#10542,#10543
      ,#10544,#10545,#10546,#10547,#10548,#10549,#10550,#10551,#10552
      ,#10553,#10554,#10555,#10556,#10557,#10558,#10559,#10560,#10561
      ,#10562,#10563,#10564,#10565,#10566,#10567,#10568,#10569,#10570
      ,#10571,#10572,#10573,#10574,#10575,#10576,#10577,#10578,#10579
      ,#10580,#10581,#10582,#10583,#10584,#10585)
    ,(#10586,#10587,#10588,#10589,#10590,#10591,#10592,#10593,#10594
      ,#10595,#10596,#10597,#10598,#10599,#10600,#10601,#10602,#10603
      ,#10604,#10605,#10606,#10607,#10608,#10609,#10610,#10611,#10612
      ,#10613,#10614,#10615,#10616,#10617,#10618,#10619,#10620,#10621
      ,#10622,#10623,#10624,#10625,#10626,#10627,#10628,#10629,#10630
      ,#10631,#10632,#10633,#10634,#10635,#10636,#10637,#10638,#10639
      ,#10640,#10641,#10642,#10643,#10644,#10645)
    ,(#10646,#10647,#10648,#10649,#10650,#10651,#10652,#10653,#10654
      ,#10655,#10656,#10657,#10658,#10659,#10660,#10661,#10662,#10663
      ,#10664,#10665,#10666,#10667,#10668,#10669,#10670,#10671,#10672
      ,#10673,#10674,#10675,#10676,#10677,#10678,#10679,#10680,#10681
      ,#10682,#10683,#10684,#10685,#10686,#10687,#10688,#10689,#10690
      ,#10691,#10692,#10693,#10694,#10695,#10696,#10697,#10698,#10699
      ,#10700,#10701,#10702,#10703,#10704,#10705
  )),.UNSPECIFIED.,.F.,.F.,.F.,(4,4),(4,1,1,1,1,1,1,1,1,1,1,1,1,1,1,1,1,
    1,1,1,1,1,1,1,1,1,1,1,1,1,1,1,1,1,1,1,1,1,1,1,1,1,1,1,1,1,1,1,1,1,1,
    1,1,1,1,1,1,4),(0.,4.488898342949E-02),(11.861580004257,
    12.855542900576,13.849505796896,14.843468693215,15.837431589535,
    16.831394485854,17.825357382174,18.819320278493,19.813283174813,
    20.807246071132,21.801208967452,22.795171863771,23.789134760091,
    24.78309765641,25.77706055273,26.771023449049,27.764986345369,
    28.758949241688,29.752912138008,30.746875034327,31.740837930647,
    32.734800826966,33.728763723286,34.722726619605,35.716689515925,
    36.710652412244,37.704615308563,38.698578204883,39.692541101203,
    40.686503997522,41.680466893841,42.674429790161,43.668392686481,
    44.6623555828,45.656318479119,46.650281375439,47.644244271759,
    48.638207168078,49.632170064397,50.626132960717,51.620095857037,
    52.614058753356,53.608021649675,54.601984545995,55.595947442314,
    56.589910338634,57.583873234953,58.577836131273,59.571799027592,
    60.565761923912,61.559724820231,62.553687716551,63.54765061287,
    64.54161350919,65.535576405509,66.529539301829,67.523502198148,
    68.517465094468),.UNSPECIFIED.);
#10466 = CARTESIAN_POINT('',(1.079358653049,-18.64654708585,
    -5.495752335001));
#10467 = CARTESIAN_POINT('',(0.658888863924,-18.97470600465,
    -5.348911953342));
#10468 = CARTESIAN_POINT('',(-0.558202261462,-19.23547024473,
    -5.283604166026));
#10469 = CARTESIAN_POINT('',(-1.887203683302,-18.14145321515,
    -6.043101967885));
#10470 = CARTESIAN_POINT('',(-1.495591484164,-16.60815460666,
    -7.056219107579));
#10471 = CARTESIAN_POINT('',(0.253590417379,-16.07997239019,
    -7.489032027776));
#10472 = CARTESIAN_POINT('',(1.773368080866,-17.08752780342,
    -7.035186414056));
#10473 = CARTESIAN_POINT('',(1.680100066224,-18.76502934515,
    -6.194547222705));
#10474 = CARTESIAN_POINT('',(5.950138612144E-02,-19.63754883583,
    -5.818664635222));
#10475 = CARTESIAN_POINT('',(-1.615357715685,-18.96208456815,
    -6.336510887334));
#10476 = CARTESIAN_POINT('',(-1.821363318285,-17.40315071149,
    -7.364428544455));
#10477 = CARTESIAN_POINT('',(-0.37132688161,-16.42855865387,
    -8.054976306607));
#10478 = CARTESIAN_POINT('',(1.416361824885,-16.97480506114,
    -7.86746757166));
#10479 = CARTESIAN_POINT('',(1.916205395355,-18.59555603213,
    -7.059593337605));
#10480 = CARTESIAN_POINT('',(0.673735184135,-19.8674792336,
    -6.453114910184));
#10481 = CARTESIAN_POINT('',(-1.181335040935,-19.684415606,
    -6.686673520189));
#10482 = CARTESIAN_POINT('',(-1.962268930793,-18.26316027732,
    -7.635102442126));
#10483 = CARTESIAN_POINT('',(-0.959000655109,-16.94634039294,
    -8.523235532182));
#10484 = CARTESIAN_POINT('',(0.916244198018,-16.98162466186,
    -8.630730925357));
#10485 = CARTESIAN_POINT('',(1.958389188784,-18.38727425823,
    -7.947045527841));
#10486 = CARTESIAN_POINT('',(1.219859028947,-19.93553877089,
    -7.181021370012));
#10487 = CARTESIAN_POINT('',(-0.627834162503,-20.26899445379,
    -7.116367417062));
#10488 = CARTESIAN_POINT('',(-1.904665945859,-19.13478862169,
    -7.899068234874));
#10489 = CARTESIAN_POINT('',(-1.449670619134,-17.61454722845,
    -8.904646787832));
#10490 = CARTESIAN_POINT('',(0.323445041624,-17.14090101051,
    -9.305973334592));
#10491 = CARTESIAN_POINT('',(1.802466662196,-18.1948587589,
    -8.825337320176));
#10492 = CARTESIAN_POINT('',(1.642586375086,-19.8684476486,
    -7.986957099534));
#10493 = CARTESIAN_POINT('',(-1.082386460155E-02,-20.69029211205,
    -7.640331752661));
#10494 = CARTESIAN_POINT('',(-1.654392450271,-19.96346949999,
    -8.187829758722));
#10495 = CARTESIAN_POINT('',(-1.793696351151,-18.39919051766,
    -9.218833425592));
#10496 = CARTESIAN_POINT('',(-0.302072791894,-17.47012730145,
    -9.883095098896));
#10497 = CARTESIAN_POINT('',(1.464211977839,-18.07137884676,
    -9.663829132697));
#10498 = CARTESIAN_POINT('',(1.899154617011,-19.70659772814,
    -8.84760184668));
#10499 = CARTESIAN_POINT('',(0.60728133557,-20.93929650241,
    -8.263769652864));
#10500 = CARTESIAN_POINT('',(-1.236765564899,-20.6989811634,
    -8.530382553866));
#10501 = CARTESIAN_POINT('',(-1.956277134077,-19.25450322531,
    -9.492219055596));
#10502 = CARTESIAN_POINT('',(-0.897033844898,-17.96960511585,
    -10.3619221003));
#10503 = CARTESIAN_POINT('',(0.977841993187,-18.06293051189,
    -10.43590743311));
#10504 = CARTESIAN_POINT('',(1.963610067459,-19.49996638535,
    -9.734101160068));
#10505 = CARTESIAN_POINT('',(1.163955770595,-21.024424227,
    -8.981821790163));
#10506 = CARTESIAN_POINT('',(-0.694031171385,-21.30052656034,
    -8.950280809019));
#10507 = CARTESIAN_POINT('',(-1.920966794789,-20.12756965288,
    -9.755354570618));
#10508 = CARTESIAN_POINT('',(-1.401253612881,-18.62241381504,
    -10.7522234741));
#10509 = CARTESIAN_POINT('',(0.392556387062,-18.20397366164,
    -11.12167678464));
#10510 = CARTESIAN_POINT('',(1.829432708691,-19.30306062483,
    -10.61498540591));
#10511 = CARTESIAN_POINT('',(1.602887721426,-20.97066979556,
    -9.780057577627));
#10512 = CARTESIAN_POINT('',(-8.109026525875E-02,-21.74085902857,
    -9.463255391958));
#10513 = CARTESIAN_POINT('',(-1.691337982177,-20.96368059884,
    -10.0398263429));
#10514 = CARTESIAN_POINT('',(-1.76372525193,-19.39611757157,
    -11.072726054));
#10515 = CARTESIAN_POINT('',(-0.232441989169,-18.51385524118,
    -11.70996722328));
#10516 = CARTESIAN_POINT('',(1.510201146902,-19.16938581555,
    -11.45936324504));
#10517 = CARTESIAN_POINT('',(1.879665184261,-20.81711134977,
    -10.63591523964));
#10518 = CARTESIAN_POINT('',(0.540075244822,-22.00897205812,
    -10.07566091418));
#10519 = CARTESIAN_POINT('',(-1.290660870677,-21.71199701357,
    -10.37498631142));
#10520 = CARTESIAN_POINT('',(-1.947701151853,-20.24579416776,
    -11.34936569447));
#10521 = CARTESIAN_POINT('',(-0.834088026007,-18.99534506998,
    -12.19917959302));
#10522 = CARTESIAN_POINT('',(1.038514545046,-19.14505912365,
    -12.24060891916));
#10523 = CARTESIAN_POINT('',(1.96570203913,-20.61499833966,
    -11.51980589244));
#10524 = CARTESIAN_POINT('',(1.393679188588,-21.60882478941,
    -11.03126444104));
#10525 = CARTESIAN_POINT('',(0.937354838134,-21.89623821663,
    -10.90794847991));
#10526 = CARTESIAN_POINT('',(1.16331236981,-18.69462474627,
    -5.381605795931));
#10527 = CARTESIAN_POINT('',(0.710137972738,-19.04687270422,
    -5.220857601028));
#10528 = CARTESIAN_POINT('',(-0.601619854328,-19.32504842378,
    -5.145497291347));
#10529 = CARTESIAN_POINT('',(-2.033992485199,-18.14163095281,
    -5.956610462112));
#10530 = CARTESIAN_POINT('',(-1.611920253565,-16.48476409304,
    -7.041069764945));
#10531 = CARTESIAN_POINT('',(0.273314962148,-15.91119269639,
    -7.500088140534));
#10532 = CARTESIAN_POINT('',(1.91130262297,-16.99281031072,
    -7.003482695077));
#10533 = CARTESIAN_POINT('',(1.810780118394,-18.79648320869,
    -6.089998437235));
#10534 = CARTESIAN_POINT('',(6.412947012599E-02,-19.73256165618,
    -5.677420068927));
#10535 = CARTESIAN_POINT('',(-1.741002035808,-19.00025244654,
    -6.22808576358));
#10536 = CARTESIAN_POINT('',(-1.963030983348,-17.31575640049,
    -7.328496784551));
#10537 = CARTESIAN_POINT('',(-0.400209099542,-16.26105290864,
    -8.065296904817));
#10538 = CARTESIAN_POINT('',(1.526528023249,-16.84548038934,
    -7.855744316851));
#10539 = CARTESIAN_POINT('',(2.065249982678,-18.58798859404,
    -6.977573511132));
#10540 = CARTESIAN_POINT('',(0.72613905625,-19.95453681726,
    -6.31646330193));
#10541 = CARTESIAN_POINT('',(-1.273220594589,-19.75292771726,
    -6.560729145419));
#10542 = CARTESIAN_POINT('',(-2.114896391146,-18.21681898825,
    -7.575468708957));
#10543 = CARTESIAN_POINT('',(-1.033592792899,-16.79326880857,
    -8.525222563735));
#10544 = CARTESIAN_POINT('',(0.987510691011,-16.82699094737,
    -8.633619853151));
#10545 = CARTESIAN_POINT('',(2.110714878488,-18.33766695326,
    -7.88929742983));
#10546 = CARTESIAN_POINT('',(1.314741021244,-20.00205062227,
    -7.056231845824));
#10547 = CARTESIAN_POINT('',(-0.676667802093,-20.35713627934,
    -6.979089821466));
#10548 = CARTESIAN_POINT('',(-2.052812981964,-19.13040407608,
    -7.815210764576));
#10549 = CARTESIAN_POINT('',(-1.562427612569,-17.48761003628,
    -8.891545121012));
#10550 = CARTESIAN_POINT('',(0.348602956776,-16.9728165088,
    -9.31662807801));
#10551 = CARTESIAN_POINT('',(1.942664524327,-18.10444568354,
    -8.791148444689));
#10552 = CARTESIAN_POINT('',(1.770348570627,-19.90390159904,
    -7.88009886281));
#10553 = CARTESIAN_POINT('',(-1.166575683121E-02,-20.78536345932,
    -7.499053395834));
#10554 = CARTESIAN_POINT('',(-1.783072935473,-19.99770119614,
    -8.081677190844));
#10555 = CARTESIAN_POINT('',(-1.933212048732,-18.30744427459,
    -9.185414254836));
#10556 = CARTESIAN_POINT('',(-0.325568349687,-17.3018109081,
    -9.893883725022));
#10557 = CARTESIAN_POINT('',(1.578100014331,-17.94552188765,
    -9.650103793028));
#10558 = CARTESIAN_POINT('',(2.046872975827,-19.70362333292,
    -8.762930225674));
#10559 = CARTESIAN_POINT('',(0.654516353418,-21.02789620936,
    -8.126227699319));
#10560 = CARTESIAN_POINT('',(-1.33296256637,-20.76458229614,
    -8.40611883333));
#10561 = CARTESIAN_POINT('',(-2.108438545816,-19.20344467732,
    -9.435308833132));
#10562 = CARTESIAN_POINT('',(-0.966806135255,-17.81429918373,
    -10.36519913313));
#10563 = CARTESIAN_POINT('',(1.053899631212,-17.91057695309,
    -10.4374799124));
#10564 = CARTESIAN_POINT('',(2.116341842914,-19.45508049562,
    -9.673627151703));
#10565 = CARTESIAN_POINT('',(1.254489545269,-21.09380578425,
    -8.855375440514));
#10566 = CARTESIAN_POINT('',(-0.748013687967,-21.38707708443,
    -8.813921951747));
#10567 = CARTESIAN_POINT('',(-2.070381729058,-20.11857970406,
    -9.6741560311));
#10568 = CARTESIAN_POINT('',(-1.510244677708,-18.49204459095,
    -10.74110329183));
#10569 = CARTESIAN_POINT('',(0.423089859545,-18.03675111712,
    -11.13183387684));
#10570 = CARTESIAN_POINT('',(1.971728019916,-19.21701970719,
    -10.57827226399));
#10571 = CARTESIAN_POINT('',(1.727562111523,-21.01003079454,
    -9.670943605385));
#10572 = CARTESIAN_POINT('',(-8.739755629903E-02,-21.83581962308,
    -9.322040978267));
#10573 = CARTESIAN_POINT('',(-1.822892131951,-20.99388481071,
    -9.935999044158));
#10574 = CARTESIAN_POINT('',(-1.900909764073,-19.30008840756,
    -11.0417796288));
#10575 = CARTESIAN_POINT('',(-0.250521585665,-18.34489615183,
    -11.72112691011));
#10576 = CARTESIAN_POINT('',(1.627666272124,-19.04710804372,
    -11.44357146063));
#10577 = CARTESIAN_POINT('',(2.025867633317,-20.8186889232,
    -10.54861553831));
#10578 = CARTESIAN_POINT('',(0.582082898168,-22.09894730352,
    -9.937324793138));
#10579 = CARTESIAN_POINT('',(-1.391049908988,-21.77456662984,
    -10.25247283774));
#10580 = CARTESIAN_POINT('',(-2.099195514155,-20.19001431581,
    -11.29518131812));
#10581 = CARTESIAN_POINT('',(-0.898964320547,-18.83799731634,
    -12.20363547205));
#10582 = CARTESIAN_POINT('',(1.11929136165,-18.99504971586,
    -12.24082800224));
#10583 = CARTESIAN_POINT('',(2.118596530469,-20.57501585952,
    -11.45650089922));
#10584 = CARTESIAN_POINT('',(1.502081106268,-21.6432721829,
    -10.92498734025));
#10585 = CARTESIAN_POINT('',(1.010263340199,-21.95160541962,
    -10.78959332147));
#10586 = CARTESIAN_POINT('',(1.247266086571,-18.74270240668,
    -5.267459256861));
#10587 = CARTESIAN_POINT('',(0.761387081552,-19.1190394038,
    -5.092803248713));
#10588 = CARTESIAN_POINT('',(-0.645037447194,-19.41462660284,
    -5.007390416669));
#10589 = CARTESIAN_POINT('',(-2.180781287097,-18.14180869047,
    -5.870118956339));
#10590 = CARTESIAN_POINT('',(-1.728249022967,-16.36137357942,
    -7.025920422312));
#10591 = CARTESIAN_POINT('',(0.293039506917,-15.7424130026,
    -7.511144253291));
#10592 = CARTESIAN_POINT('',(2.049237165074,-16.89809281801,
    -6.971778976099));
#10593 = CARTESIAN_POINT('',(1.941460170564,-18.82793707223,
    -5.985449651766));
#10594 = CARTESIAN_POINT('',(6.875755413053E-02,-19.82757447654,
    -5.536175502631));
#10595 = CARTESIAN_POINT('',(-1.86664635593,-19.03842032493,
    -6.119660639827));
#10596 = CARTESIAN_POINT('',(-2.104698648411,-17.22836208948,
    -7.292565024648));
#10597 = CARTESIAN_POINT('',(-0.429091317474,-16.09354716341,
    -8.075617503028));
#10598 = CARTESIAN_POINT('',(1.636694221614,-16.71615571753,
    -7.844021062041));
#10599 = CARTESIAN_POINT('',(2.214294570002,-18.58042115596,
    -6.89555368466));
#10600 = CARTESIAN_POINT('',(0.778542928366,-20.04159440093,
    -6.179811693676));
#10601 = CARTESIAN_POINT('',(-1.365106148244,-19.82143982853,
    -6.43478477065));
#10602 = CARTESIAN_POINT('',(-2.2675238515,-18.17047769917,
    -7.515834975788));
#10603 = CARTESIAN_POINT('',(-1.108184930689,-16.6401972242,
    -8.527209595287));
#10604 = CARTESIAN_POINT('',(1.058777184004,-16.67235723289,
    -8.636508780944));
#10605 = CARTESIAN_POINT('',(2.263040568192,-18.28805964828,
    -7.83154933182));
#10606 = CARTESIAN_POINT('',(1.409623013542,-20.06856247365,
    -6.931442321635));
#10607 = CARTESIAN_POINT('',(-0.725501441684,-20.44527810488,
    -6.841812225871));
#10608 = CARTESIAN_POINT('',(-2.200960018069,-19.12601953046,
    -7.731353294279));
#10609 = CARTESIAN_POINT('',(-1.675184606004,-17.36067284411,
    -8.878443454191));
#10610 = CARTESIAN_POINT('',(0.373760871929,-16.8047320071,
    -9.327282821428));
#10611 = CARTESIAN_POINT('',(2.082862386457,-18.01403260817,
    -8.756959569202));
#10612 = CARTESIAN_POINT('',(1.898110766168,-19.93935554949,
    -7.773240626087));
#10613 = CARTESIAN_POINT('',(-1.250764906088E-02,-20.88043480659,
    -7.357775039006));
#10614 = CARTESIAN_POINT('',(-1.911753420676,-20.03193289229,
    -7.975524622967));
#10615 = CARTESIAN_POINT('',(-2.072727746313,-18.21569803152,
    -9.15199508408));
#10616 = CARTESIAN_POINT('',(-0.34906390748,-17.13349451474,
    -9.904672351147));
#10617 = CARTESIAN_POINT('',(1.691988050823,-17.81966492855,
    -9.636378453358));
#10618 = CARTESIAN_POINT('',(2.194591334643,-19.7006489377,
    -8.678258604667));
#10619 = CARTESIAN_POINT('',(0.701751371266,-21.1164959163,
    -7.988685745773));
#10620 = CARTESIAN_POINT('',(-1.429159567842,-20.83018342888,
    -8.281855112794));
#10621 = CARTESIAN_POINT('',(-2.260599957556,-19.15238612933,
    -9.378398610668));
#10622 = CARTESIAN_POINT('',(-1.036578425612,-17.65899325161,
    -10.36847616595));
#10623 = CARTESIAN_POINT('',(1.129957269238,-17.7582233943,
    -10.4390523917));
#10624 = CARTESIAN_POINT('',(2.269073618369,-19.41019460588,
    -9.613153143337));
#10625 = CARTESIAN_POINT('',(1.345023319943,-21.16318734151,
    -8.728929090865));
#10626 = CARTESIAN_POINT('',(-0.801996204549,-21.47362760852,
    -8.677563094474));
#10627 = CARTESIAN_POINT('',(-2.219796663326,-20.10958975524,
    -9.592957491583));
#10628 = CARTESIAN_POINT('',(-1.619235742536,-18.36167536686,
    -10.72998310957));
#10629 = CARTESIAN_POINT('',(0.453623332028,-17.8695285726,
    -11.14199096905));
#10630 = CARTESIAN_POINT('',(2.114023331141,-19.13097878954,
    -10.54155912206));
#10631 = CARTESIAN_POINT('',(1.85223650162,-21.04939179351,
    -9.561829633142));
#10632 = CARTESIAN_POINT('',(-9.370484733932E-02,-21.93078021759,
    -9.180826564575));
#10633 = CARTESIAN_POINT('',(-1.954446281725,-21.02408902259,
    -9.832171745412));
#10634 = CARTESIAN_POINT('',(-2.038094276215,-19.20405924354,
    -11.01083320361));
#10635 = CARTESIAN_POINT('',(-0.268601182161,-18.17593706249,
    -11.73228659693));
#10636 = CARTESIAN_POINT('',(1.745131397346,-18.92483027189,
    -11.42777967622));
#10637 = CARTESIAN_POINT('',(2.172070082373,-20.82026649663,
    -10.46131583697));
#10638 = CARTESIAN_POINT('',(0.624090551514,-22.18892254892,
    -9.798988672096));
#10639 = CARTESIAN_POINT('',(-1.491438947298,-21.83713624611,
    -10.12995936405));
#10640 = CARTESIAN_POINT('',(-2.250689876456,-20.13423446386,
    -11.24099694177));
#10641 = CARTESIAN_POINT('',(-0.963840615087,-18.68064956271,
    -12.20809135107));
#10642 = CARTESIAN_POINT('',(1.200068178254,-18.84504030807,
    -12.24104708532));
#10643 = CARTESIAN_POINT('',(2.271491021808,-20.53503337937,
    -11.39319590601));
#10644 = CARTESIAN_POINT('',(1.610483023948,-21.67771957639,
    -10.81871023945));
#10645 = CARTESIAN_POINT('',(1.083171842265,-22.00697262262,
    -10.67123816303));
#10646 = CARTESIAN_POINT('',(1.331219803332,-18.79078006709,
    -5.153312717791));
#10647 = CARTESIAN_POINT('',(0.812636190365,-19.19120610337,
    -4.964748896398));
#10648 = CARTESIAN_POINT('',(-0.688455040059,-19.50420478189,
    -4.86928354199));
#10649 = CARTESIAN_POINT('',(-2.327570088994,-18.14198642812,
    -5.783627450566));
#10650 = CARTESIAN_POINT('',(-1.844577792368,-16.23798306579,
    -7.010771079678));
#10651 = CARTESIAN_POINT('',(0.312764051686,-15.5736333088,
    -7.522200366049));
#10652 = CARTESIAN_POINT('',(2.187171707178,-16.80337532531,
    -6.94007525712));
#10653 = CARTESIAN_POINT('',(2.072140222733,-18.85939093577,
    -5.880900866296));
#10654 = CARTESIAN_POINT('',(7.338563813507E-02,-19.92258729689,
    -5.394930936336));
#10655 = CARTESIAN_POINT('',(-1.992290676053,-19.07658820332,
    -6.011235516074));
#10656 = CARTESIAN_POINT('',(-2.246366313473,-17.14096777847,
    -7.256633264745));
#10657 = CARTESIAN_POINT('',(-0.457973535407,-15.92604141818,
    -8.085938101239));
#10658 = CARTESIAN_POINT('',(1.746860419978,-16.58683104573,
    -7.832297807232));
#10659 = CARTESIAN_POINT('',(2.363339157326,-18.57285371787,
    -6.813533858187));
#10660 = CARTESIAN_POINT('',(0.830946800481,-20.1286519846,
    -6.043160085422));
#10661 = CARTESIAN_POINT('',(-1.456991701898,-19.88995193979,
    -6.308840395881));
#10662 = CARTESIAN_POINT('',(-2.420151311853,-18.1241364101,
    -7.45620124262));
#10663 = CARTESIAN_POINT('',(-1.182777068479,-16.48712563983,
    -8.52919662684));
#10664 = CARTESIAN_POINT('',(1.130043676997,-16.51772351841,
    -8.639397708738));
#10665 = CARTESIAN_POINT('',(2.415366257896,-18.23845234331,
    -7.77380123381));
#10666 = CARTESIAN_POINT('',(1.50450500584,-20.13507432504,
    -6.806652797446));
#10667 = CARTESIAN_POINT('',(-0.774335081274,-20.53341993043,
    -6.704534630275));
#10668 = CARTESIAN_POINT('',(-2.349107054174,-19.12163498484,
    -7.647495823981));
#10669 = CARTESIAN_POINT('',(-1.787941599439,-17.23373565194,
    -8.865341787371));
#10670 = CARTESIAN_POINT('',(0.398918787081,-16.63664750539,
    -9.337937564846));
#10671 = CARTESIAN_POINT('',(2.223060248588,-17.9236195328,
    -8.722770693714));
#10672 = CARTESIAN_POINT('',(2.025872961709,-19.97480949994,
    -7.666382389363));
#10673 = CARTESIAN_POINT('',(-1.334954129054E-02,-20.97550615386,
    -7.216496682179));
#10674 = CARTESIAN_POINT('',(-2.040433905879,-20.06616458845,
    -7.86937205509));
#10675 = CARTESIAN_POINT('',(-2.212243443894,-18.12395178845,
    -9.118575913323));
#10676 = CARTESIAN_POINT('',(-0.372559465272,-16.96517812138,
    -9.915460977272));
#10677 = CARTESIAN_POINT('',(1.805876087314,-17.69380796944,
    -9.622653113688));
#10678 = CARTESIAN_POINT('',(2.342309693459,-19.69767454248,
    -8.593586983661));
#10679 = CARTESIAN_POINT('',(0.748986389114,-21.20509562325,
    -7.851143792228));
#10680 = CARTESIAN_POINT('',(-1.525356569313,-20.89578456162,
    -8.157591392258));
#10681 = CARTESIAN_POINT('',(-2.412761369295,-19.10132758134,
    -9.321488388204));
#10682 = CARTESIAN_POINT('',(-1.106350715969,-17.50368731949,
    -10.37175319878));
#10683 = CARTESIAN_POINT('',(1.206014907263,-17.6058698355,
    -10.44062487099));
#10684 = CARTESIAN_POINT('',(2.421805393825,-19.36530871614,
    -9.552679134971));
#10685 = CARTESIAN_POINT('',(1.435557094616,-21.23256889877,
    -8.602482741216));
#10686 = CARTESIAN_POINT('',(-0.855978721131,-21.56017813262,
    -8.541204237201));
#10687 = CARTESIAN_POINT('',(-2.369211597595,-20.10059980643,
    -9.511758952065));
#10688 = CARTESIAN_POINT('',(-1.728226807363,-18.23130614277,
    -10.7188629273));
#10689 = CARTESIAN_POINT('',(0.484156804511,-17.70230602809,
    -11.15214806125));
#10690 = CARTESIAN_POINT('',(2.256318642366,-19.04493787189,
    -10.50484598014));
#10691 = CARTESIAN_POINT('',(1.976910891717,-21.08875279249,
    -9.452715660899));
#10692 = CARTESIAN_POINT('',(-0.10001213838,-22.0257408121,
    -9.039612150883));
#10693 = CARTESIAN_POINT('',(-2.086000431499,-21.05429323447,
    -9.728344446665));
#10694 = CARTESIAN_POINT('',(-2.175278788358,-19.10803007953,
    -10.97988677841));
#10695 = CARTESIAN_POINT('',(-0.286680778658,-18.00697797315,
    -11.74344628376));
#10696 = CARTESIAN_POINT('',(1.862596522567,-18.80255250007,
    -11.41198789181));
#10697 = CARTESIAN_POINT('',(2.318272531429,-20.82184407006,
    -10.37401613564));
#10698 = CARTESIAN_POINT('',(0.66609820486,-22.27889779432,
    -9.660652551054));
#10699 = CARTESIAN_POINT('',(-1.591827985609,-21.89970586238,
    -10.00744589037));
#10700 = CARTESIAN_POINT('',(-2.402184238758,-20.07845461191,
    -11.18681256542));
#10701 = CARTESIAN_POINT('',(-1.028716909627,-18.52330180907,
    -12.2125472301));
#10702 = CARTESIAN_POINT('',(1.280844994858,-18.69503090028,
    -12.2412661684));
#10703 = CARTESIAN_POINT('',(2.424385513147,-20.49505089923,
    -11.3298909128));
#10704 = CARTESIAN_POINT('',(1.718884941628,-21.71216696988,
    -10.71243313866));
#10705 = CARTESIAN_POINT('',(1.156080344331,-22.06233982561,
    -10.55288300459));
#10706 = ADVANCED_FACE('',(#10707),#10815,.T.);
#10707 = FACE_BOUND('',#10708,.T.);
#10708 = EDGE_LOOP('',(#10709,#10710,#10798,#10807,#10814));
#10709 = ORIENTED_EDGE('',*,*,#5008,.T.);
#10710 = ORIENTED_EDGE('',*,*,#10711,.T.);
#10711 = EDGE_CURVE('',#5009,#2947,#10712,.T.);
#10712 = B_SPLINE_CURVE_WITH_KNOTS('',3,(#10713,#10714,#10715,#10716,
    #10717,#10718,#10719,#10720,#10721,#10722,#10723,#10724,#10725,
    #10726,#10727,#10728,#10729,#10730,#10731,#10732,#10733,#10734,
    #10735,#10736,#10737,#10738,#10739,#10740,#10741,#10742,#10743,
    #10744,#10745,#10746,#10747,#10748,#10749,#10750,#10751,#10752,
    #10753,#10754,#10755,#10756,#10757,#10758,#10759,#10760,#10761,
    #10762,#10763,#10764,#10765,#10766,#10767,#10768,#10769,#10770,
    #10771,#10772,#10773,#10774,#10775,#10776,#10777,#10778,#10779,
    #10780,#10781,#10782,#10783,#10784,#10785,#10786,#10787,#10788,
    #10789,#10790,#10791,#10792,#10793,#10794,#10795,#10796,#10797),
  .UNSPECIFIED.,.F.,.F.,(4,3,3,3,3,3,3,3,3,3,3,3,3,3,3,3,3,3,3,3,3,3,3,3
    ,3,3,3,3,4),(-0.376940817212,-0.354632080326,-0.33299455886,
    -0.328136984205,-0.305890103774,-0.290345329376,-0.284611214104,
    -0.280769837416,-0.259083928309,-0.237824976141,-0.217022444274,
    -0.21043153904,-0.206764557632,-0.203280372506,-0.182714109908,
    -0.181531908596,-0.160557017939,-0.141048035373,-0.135298623525,
    -0.131563601791,-0.111100042693,-9.075568890444E-02,
    -7.086154098104E-02,-6.646586282039E-02,-6.275571837616E-02,
    -4.321515978856E-02,-2.385015859887E-02,-4.485157409185E-03,0.),
  .UNSPECIFIED.);
#10713 = CARTESIAN_POINT('',(-1.985174325672,-17.08835858828,
    -6.395372883521));
#10714 = CARTESIAN_POINT('',(-1.959252433453,-17.0277286531,
    -6.430377592921));
#10715 = CARTESIAN_POINT('',(-1.929259531556,-16.96855806254,
    -6.464539749305));
#10716 = CARTESIAN_POINT('',(-1.895481925584,-16.91103722747,
    -6.49774941892));
#10717 = CARTESIAN_POINT('',(-1.862720605297,-16.85524705387,
    -6.529959890668));
#10718 = CARTESIAN_POINT('',(-1.826397966388,-16.80100851003,
    -6.561274528554));
#10719 = CARTESIAN_POINT('',(-1.786741902539,-16.74852174749,
    -6.591577775032));
#10720 = CARTESIAN_POINT('',(-1.777839205853,-16.73673858796,
    -6.598380785361));
#10721 = CARTESIAN_POINT('',(-1.768767309761,-16.72504246911,
    -6.605133542727));
#10722 = CARTESIAN_POINT('',(-1.759532078131,-16.71344020126,
    -6.611832115194));
#10723 = CARTESIAN_POINT('',(-1.717236260067,-16.66030375274,
    -6.642510458052));
#10724 = CARTESIAN_POINT('',(-1.671609530801,-16.60924739733,
    -6.671987858587));
#10725 = CARTESIAN_POINT('',(-1.622920713698,-16.56047806534,
    -6.700144845542));
#10726 = CARTESIAN_POINT('',(-1.58889991335,-16.52640100606,
    -6.719819244893));
#10727 = CARTESIAN_POINT('',(-1.553383228018,-16.49344118094,
    -6.738848608794));
#10728 = CARTESIAN_POINT('',(-1.51645408558,-16.46168013153,
    -6.757185859224));
#10729 = CARTESIAN_POINT('',(-1.502831761176,-16.44996419961,
    -6.76395005567));
#10730 = CARTESIAN_POINT('',(-1.489017190196,-16.43841148242,
    -6.770620020052));
#10731 = CARTESIAN_POINT('',(-1.475014397109,-16.4270264256,
    -6.777193185673));
#10732 = CARTESIAN_POINT('',(-1.465633699235,-16.41939939164,
    -6.781596655779));
#10733 = CARTESIAN_POINT('',(-1.456166792448,-16.41184625169,
    -6.785957463166));
#10734 = CARTESIAN_POINT('',(-1.446620553723,-16.40437282877,
    -6.790272245897));
#10735 = CARTESIAN_POINT('',(-1.392728711788,-16.36218275392,
    -6.814630696971));
#10736 = CARTESIAN_POINT('',(-1.336430833175,-16.32262229191,
    -6.837470940362));
#10737 = CARTESIAN_POINT('',(-1.27797719805,-16.28588088585,
    -6.858683601038));
#10738 = CARTESIAN_POINT('',(-1.220674410926,-16.24986285267,
    -6.879478622193));
#10739 = CARTESIAN_POINT('',(-1.161299045109,-16.21655363698,
    -6.898709706839));
#10740 = CARTESIAN_POINT('',(-1.100066401152,-16.18617041023,
    -6.916251470979));
#10741 = CARTESIAN_POINT('',(-1.040148394978,-16.15643949793,
    -6.933416621202));
#10742 = CARTESIAN_POINT('',(-0.978451274993,-16.12951003331,
    -6.948964354848));
#10743 = CARTESIAN_POINT('',(-0.915168623953,-16.10562710402,
    -6.962753170499));
#10744 = CARTESIAN_POINT('',(-0.895118662793,-16.09806023069,
    -6.967121906854));
#10745 = CARTESIAN_POINT('',(-0.874909523239,-16.09079950976,
    -6.971313886036));
#10746 = CARTESIAN_POINT('',(-0.854547362681,-16.08385369562,
    -6.975324053705));
#10747 = CARTESIAN_POINT('',(-0.843218469071,-16.07998925356,
    -6.977555190363));
#10748 = CARTESIAN_POINT('',(-0.83184220875,-16.07622229866,
    -6.979730042793));
#10749 = CARTESIAN_POINT('',(-0.820419648681,-16.07255440423,
    -6.98184770263));
#10750 = CARTESIAN_POINT('',(-0.809566494692,-16.06906935159,
    -6.983859798706));
#10751 = CARTESIAN_POINT('',(-0.798680876923,-16.06567673256,
    -6.98581852822));
#10752 = CARTESIAN_POINT('',(-0.787764627972,-16.06237766732,
    -6.987723244424));
#10753 = CARTESIAN_POINT('',(-0.723328774415,-16.04290412054,
    -6.998966301898));
#10754 = CARTESIAN_POINT('',(-0.657816770253,-16.02668355833,
    -7.008331247858));
#10755 = CARTESIAN_POINT('',(-0.59142688159,-16.01391624049,
    -7.015702462246));
#10756 = CARTESIAN_POINT('',(-0.587610621193,-16.01318234245,
    -7.01612617848));
#10757 = CARTESIAN_POINT('',(-0.583791458027,-16.01245986711,
    -7.01654329981));
#10758 = CARTESIAN_POINT('',(-0.579969429138,-16.0117488571,
    -7.016953801629));
#10759 = CARTESIAN_POINT('',(-0.512158103577,-15.99913395216,
    -7.024237020397));
#10760 = CARTESIAN_POINT('',(-0.44344421157,-15.99012441721,
    -7.029438677823));
#10761 = CARTESIAN_POINT('',(-0.3741831367,-15.98463732522,
    -7.032606651862));
#10762 = CARTESIAN_POINT('',(-0.309762629138,-15.97953371902,
    -7.035553220276));
#10763 = CARTESIAN_POINT('',(-0.2448680522,-15.97747809085,
    -7.036740037754));
#10764 = CARTESIAN_POINT('',(-0.179797149165,-15.97843648873,
    -7.036186706475));
#10765 = CARTESIAN_POINT('',(-0.160620371512,-15.97871893423,
    -7.036023636494));
#10766 = CARTESIAN_POINT('',(-0.141428397593,-15.9792633473,
    -7.035709319462));
#10767 = CARTESIAN_POINT('',(-0.122229188166,-15.98006933272,
    -7.035243983562));
#10768 = CARTESIAN_POINT('',(-0.109756701176,-15.98059292942,
    -7.034941684867));
#10769 = CARTESIAN_POINT('',(-9.728954433067E-02,-15.98122660484,
    -7.034575832193));
#10770 = CARTESIAN_POINT('',(-8.483605092587E-02,-15.98196938025,
    -7.034146990608));
#10771 = CARTESIAN_POINT('',(-1.660544440848E-02,-15.98603892245,
    -7.031797439324));
#10772 = CARTESIAN_POINT('',(5.127598813484E-02,-15.99338224947,
    -7.027557767491));
#10773 = CARTESIAN_POINT('',(0.118471432965,-16.00390812914,
    -7.021480648033));
#10774 = CARTESIAN_POINT('',(0.185275447656,-16.01437269294,
    -7.015438929304));
#10775 = CARTESIAN_POINT('',(0.251402461056,-16.02798326095,
    -7.007580864197));
#10776 = CARTESIAN_POINT('',(0.316500972702,-16.04469059349,
    -6.997934881257));
#10777 = CARTESIAN_POINT('',(0.380158901273,-16.06102820483,
    -6.988502356956));
#10778 = CARTESIAN_POINT('',(0.442834143551,-16.08032749781,
    -6.97735990496));
#10779 = CARTESIAN_POINT('',(0.504165109809,-16.10257455874,
    -6.964515558339));
#10780 = CARTESIAN_POINT('',(0.517716390819,-16.10749012086,
    -6.961677557227));
#10781 = CARTESIAN_POINT('',(0.531201887821,-16.11254970607,
    -6.958756404347));
#10782 = CARTESIAN_POINT('',(0.544617418314,-16.11775334868,
    -6.955752079882));
#10783 = CARTESIAN_POINT('',(0.555940712264,-16.12214545043,
    -6.953216298755));
#10784 = CARTESIAN_POINT('',(0.56720707649,-16.12663748407,
    -6.950622821924));
#10785 = CARTESIAN_POINT('',(0.578407386721,-16.13122620833,
    -6.947973520738));
#10786 = CARTESIAN_POINT('',(0.637397089563,-16.15539406394,
    -6.934020202798));
#10787 = CARTESIAN_POINT('',(0.694618445519,-16.18226496434,
    -6.918506281216));
#10788 = CARTESIAN_POINT('',(0.749757111867,-16.21178710011,
    -6.901461668181));
#10789 = CARTESIAN_POINT('',(0.804400398272,-16.24104400143,
    -6.884570188329));
#10790 = CARTESIAN_POINT('',(0.856999049315,-16.27290511646,
    -6.866175164988));
#10791 = CARTESIAN_POINT('',(0.907209565717,-16.30735076976,
    -6.846287957787));
#10792 = CARTESIAN_POINT('',(0.957420082119,-16.34179642305,
    -6.826400750586));
#10793 = CARTESIAN_POINT('',(1.005243280662,-16.37882695747,
    -6.805021161569));
#10794 = CARTESIAN_POINT('',(1.05028579314,-16.41844809371,
    -6.782145887893));
#10795 = CARTESIAN_POINT('',(1.060718158033,-16.4276248054,
    -6.776847710929));
#10796 = CARTESIAN_POINT('',(1.071001112053,-16.43694058588,
    -6.771469242563));
#10797 = CARTESIAN_POINT('',(1.081132691733,-16.44639207981,-6.76601242)
  );
#10798 = ORIENTED_EDGE('',*,*,#10799,.F.);
#10799 = EDGE_CURVE('',#10800,#2947,#10802,.T.);
#10800 = VERTEX_POINT('',#10801);
#10801 = CARTESIAN_POINT('',(-9.861285352386E-16,-18.9902977874,
    -5.297287774927));
#10802 = CIRCLE('',#10803,1.666);
#10803 = AXIS2_PLACEMENT_3D('',#10804,#10805,#10806);
#10804 = CARTESIAN_POINT('',(-1.074474452624E-15,-17.5474994647,
    -6.130287774927));
#10805 = DIRECTION('',(-3.061616997868E-17,-0.5,-0.866025403784));
#10806 = DIRECTION('',(-5.302876193625E-17,-0.866025403784,0.5));
#10807 = ORIENTED_EDGE('',*,*,#10808,.F.);
#10808 = EDGE_CURVE('',#2973,#10800,#10809,.T.);
#10809 = CIRCLE('',#10810,1.666);
#10810 = AXIS2_PLACEMENT_3D('',#10811,#10812,#10813);
#10811 = CARTESIAN_POINT('',(-1.074474452624E-15,-17.5474994647,
    -6.130287774927));
#10812 = DIRECTION('',(-3.061616997868E-17,-0.5,-0.866025403784));
#10813 = DIRECTION('',(-5.302876193625E-17,-0.866025403784,0.5));
#10814 = ORIENTED_EDGE('',*,*,#10277,.T.);
#10815 = PLANE('',#10816);
#10816 = AXIS2_PLACEMENT_3D('',#10817,#10818,#10819);
#10817 = CARTESIAN_POINT('',(-1.03465466866E-15,-17.5474994647,
    -6.130287774927));
#10818 = DIRECTION('',(0.,-0.5,-0.866025403784));
#10819 = DIRECTION('',(-1.,-0.,0.));
#10820 = ADVANCED_FACE('',(#10821),#10952,.F.);
#10821 = FACE_BOUND('',#10822,.F.);
#10822 = EDGE_LOOP('',(#10823,#10824,#10825,#10826,#10827,#10828,#10829,
    #10830,#10831,#10832,#10833,#10834,#10835,#10860,#10861,#10862,
    #10863,#10864,#10865,#10866,#10867));
#10823 = ORIENTED_EDGE('',*,*,#4629,.F.);
#10824 = ORIENTED_EDGE('',*,*,#4677,.F.);
#10825 = ORIENTED_EDGE('',*,*,#4722,.F.);
#10826 = ORIENTED_EDGE('',*,*,#4768,.F.);
#10827 = ORIENTED_EDGE('',*,*,#4814,.F.);
#10828 = ORIENTED_EDGE('',*,*,#4859,.F.);
#10829 = ORIENTED_EDGE('',*,*,#4905,.F.);
#10830 = ORIENTED_EDGE('',*,*,#4951,.F.);
#10831 = ORIENTED_EDGE('',*,*,#10203,.F.);
#10832 = ORIENTED_EDGE('',*,*,#5017,.F.);
#10833 = ORIENTED_EDGE('',*,*,#10711,.T.);
#10834 = ORIENTED_EDGE('',*,*,#2946,.T.);
#10835 = ORIENTED_EDGE('',*,*,#10836,.T.);
#10836 = EDGE_CURVE('',#2949,#2903,#10837,.T.);
#10837 = B_SPLINE_CURVE_WITH_KNOTS('',3,(#10838,#10839,#10840,#10841,
    #10842,#10843,#10844,#10845,#10846,#10847,#10848,#10849,#10850,
    #10851,#10852,#10853,#10854,#10855,#10856,#10857,#10858,#10859),
  .UNSPECIFIED.,.F.,.F.,(4,3,3,3,3,3,3,4),(7.593007562352,7.951703170556
    ,8.945666066875,9.939628963195,10.933591859514,11.927554755834,
    12.921517652153,13.876192869531),.UNSPECIFIED.);
#10838 = CARTESIAN_POINT('',(1.10619553969E-03,-16.41704623958,
    -7.500578958951));
#10839 = CARTESIAN_POINT('',(0.200813768317,-16.42263699297,
    -7.512732411251));
#10840 = CARTESIAN_POINT('',(0.400124502632,-16.45810822334,
    -7.507634362114));
#10841 = CARTESIAN_POINT('',(0.585807438622,-16.5250555525,
    -7.484363578875));
#10842 = CARTESIAN_POINT('',(1.100343843953,-16.71056984279,
    -7.419879111881));
#10843 = CARTESIAN_POINT('',(1.510236347357,-17.13777994594,
    -7.215851502268));
#10844 = CARTESIAN_POINT('',(1.629153443461,-17.62084498161,
    -6.979576032337));
#10845 = CARTESIAN_POINT('',(1.748070539564,-18.10391001727,
    -6.743300562406));
#10846 = CARTESIAN_POINT('',(1.576012228367,-18.64282998544,
    -6.474777232157));
#10847 = CARTESIAN_POINT('',(1.191192277222,-19.00099276605,
    -6.310614112803));
#10848 = CARTESIAN_POINT('',(0.806372326076,-19.35915554666,
    -6.14645099345));
#10849 = CARTESIAN_POINT('',(0.208790734983,-19.53656113971,
    -6.086648084991));
#10850 = CARTESIAN_POINT('',(-0.329871004818,-19.46094404127,
    -6.172927895571));
#10851 = CARTESIAN_POINT('',(-0.868532744619,-19.38532694284,
    -6.259207706151));
#10852 = CARTESIAN_POINT('',(-1.348274633128,-19.05668715293,
    -6.49157023577));
#10853 = CARTESIAN_POINT('',(-1.55099508843,-18.63282531348,
    -6.778909241319));
#10854 = CARTESIAN_POINT('',(-1.753715543733,-18.20896347403,
    -7.066248246869));
#10855 = CARTESIAN_POINT('',(-1.679414565829,-17.68987958505,
    -7.408563728349));
#10856 = CARTESIAN_POINT('',(-1.361870251859,-17.31995337184,
    -7.664762985571));
#10857 = CARTESIAN_POINT('',(-1.056877290765,-16.96464897434,
    -7.910835633237));
#10858 = CARTESIAN_POINT('',(-0.527489987341,-16.74694398286,
    -8.077465226804));
#10859 = CARTESIAN_POINT('',(3.940578627952E-04,-16.76320338276,
    -8.109015416025));
#10860 = ORIENTED_EDGE('',*,*,#2902,.T.);
#10861 = ORIENTED_EDGE('',*,*,#2833,.T.);
#10862 = ORIENTED_EDGE('',*,*,#2764,.T.);
#10863 = ORIENTED_EDGE('',*,*,#2689,.T.);
#10864 = ORIENTED_EDGE('',*,*,#2620,.T.);
#10865 = ORIENTED_EDGE('',*,*,#2551,.T.);
#10866 = ORIENTED_EDGE('',*,*,#2482,.T.);
#10867 = ORIENTED_EDGE('',*,*,#10868,.T.);
#10868 = EDGE_CURVE('',#2474,#4632,#10869,.T.);
#10869 = B_SPLINE_CURVE_WITH_KNOTS('',3,(#10870,#10871,#10872,#10873,
    #10874,#10875,#10876,#10877,#10878,#10879,#10880,#10881,#10882,
    #10883,#10884,#10885,#10886,#10887,#10888,#10889,#10890,#10891,
    #10892,#10893,#10894,#10895,#10896,#10897,#10898,#10899,#10900,
    #10901,#10902,#10903,#10904,#10905,#10906,#10907,#10908,#10909,
    #10910,#10911,#10912,#10913,#10914,#10915,#10916,#10917,#10918,
    #10919,#10920,#10921,#10922,#10923,#10924,#10925,#10926,#10927,
    #10928,#10929,#10930,#10931,#10932,#10933,#10934,#10935,#10936,
    #10937,#10938,#10939,#10940,#10941,#10942,#10943,#10944,#10945,
    #10946,#10947,#10948,#10949,#10950,#10951),.UNSPECIFIED.,.F.,.F.,(4,
    3,3,3,3,3,3,3,3,3,3,3,3,3,3,3,3,3,3,3,3,3,3,3,3,3,3,4),(0.,
    1.860156322427E-02,3.834256462254E-02,5.561594084603E-02,
    6.415578307295E-02,6.842409472693E-02,8.847895728983E-02,
    0.108891509845,0.125801025987,0.133439715373,0.137247318161,
    0.158320653786,0.17652957441,0.197047612237,0.205562935581,
    0.20907819756,0.230085887607,0.251579514952,0.26828972374,
    0.278586719024,0.284041582427,0.306308407818,0.322596147277,
    0.328283787788,0.333191927125,0.35571647627,0.371459365653,
    0.376940817212),.UNSPECIFIED.);
#10870 = CARTESIAN_POINT('',(-1.554344411915,-20.0719450387,
    -11.7020379706));
#10871 = CARTESIAN_POINT('',(-1.583169608491,-20.11948781577,
    -11.67458913546));
#10872 = CARTESIAN_POINT('',(-1.608571460171,-20.16834967477,
    -11.64637872801));
#10873 = CARTESIAN_POINT('',(-1.630664356109,-20.21824892189,
    -11.61756938426));
#10874 = CARTESIAN_POINT('',(-1.654110551699,-20.27120474582,
    -11.58699532506));
#10875 = CARTESIAN_POINT('',(-1.673830564105,-20.32532935788,
    -11.55574646571));
#10876 = CARTESIAN_POINT('',(-1.68991657831,-20.38032200705,
    -11.52399644492));
#10877 = CARTESIAN_POINT('',(-1.703991840739,-20.42844057506,
    -11.49621517672));
#10878 = CARTESIAN_POINT('',(-1.715284201453,-20.47722464861,
    -11.46804967872));
#10879 = CARTESIAN_POINT('',(-1.72382525908,-20.52648847976,
    -11.43960719255));
#10880 = CARTESIAN_POINT('',(-1.728047901118,-20.55084418997,
    -11.4255454167));
#10881 = CARTESIAN_POINT('',(-1.731597615249,-20.57531734538,
    -11.41141583384));
#10882 = CARTESIAN_POINT('',(-1.734475582642,-20.59988628812,
    -11.39723094813));
#10883 = CARTESIAN_POINT('',(-1.735914023943,-20.61216612911,
    -11.39014117863));
#10884 = CARTESIAN_POINT('',(-1.737184751097,-20.62447270652,
    -11.38303597285));
#10885 = CARTESIAN_POINT('',(-1.73828613433,-20.63678108974,
    -11.37592972449));
#10886 = CARTESIAN_POINT('',(-1.743461035124,-20.69461260574,
    -11.34254068316));
#10887 = CARTESIAN_POINT('',(-1.744914143391,-20.75257846562,
    -11.30907407835));
#10888 = CARTESIAN_POINT('',(-1.742740370912,-20.81037953838,
    -11.27570261343));
#10889 = CARTESIAN_POINT('',(-1.740527827954,-20.86921152646,
    -11.24173594928));
#10890 = CARTESIAN_POINT('',(-1.734558127275,-20.92787364397,
    -11.20786735994));
#10891 = CARTESIAN_POINT('',(-1.724882186073,-20.98606908502,
    -11.17426820639));
#10892 = CARTESIAN_POINT('',(-1.716866751283,-21.03427749733,
    -11.14643506656));
#10893 = CARTESIAN_POINT('',(-1.706307136947,-21.08216626125,
    -11.11878647582));
#10894 = CARTESIAN_POINT('',(-1.693205678601,-21.12956952505,
    -11.0914181887));
#10895 = CARTESIAN_POINT('',(-1.687287237767,-21.15098343217,
    -11.07905486366));
#10896 = CARTESIAN_POINT('',(-1.680849756299,-21.17229826072,
    -11.06674874167));
#10897 = CARTESIAN_POINT('',(-1.673891793859,-21.19349855689,
    -11.05450874497));
#10898 = CARTESIAN_POINT('',(-1.670423508157,-21.20406611667,
    -11.04840756148));
#10899 = CARTESIAN_POINT('',(-1.666825326718,-21.21460649278,
    -11.0423220725));
#10900 = CARTESIAN_POINT('',(-1.663102847375,-21.22510208086,
    -11.03626244189));
#10901 = CARTESIAN_POINT('',(-1.642500630986,-21.28319034861,
    -11.00272516487));
#10902 = CARTESIAN_POINT('',(-1.618061318609,-21.34001342209,
    -10.9699183481));
#10903 = CARTESIAN_POINT('',(-1.589851388702,-21.39526090579,
    -10.93802119852));
#10904 = CARTESIAN_POINT('',(-1.565475922775,-21.44299881797,
    -10.91045970207));
#10905 = CARTESIAN_POINT('',(-1.538284447447,-21.48956097432,
    -10.88357702856));
#10906 = CARTESIAN_POINT('',(-1.508288500641,-21.53474761698,
    -10.85748850826));
#10907 = CARTESIAN_POINT('',(-1.474488695375,-21.58566448692,
    -10.8280916397));
#10908 = CARTESIAN_POINT('',(-1.437129021135,-21.63483587175,
    -10.79970252743));
#10909 = CARTESIAN_POINT('',(-1.396511851558,-21.68215632117,
    -10.77238205322));
#10910 = CARTESIAN_POINT('',(-1.379655057786,-21.70179508638,
    -10.76104360683));
#10911 = CARTESIAN_POINT('',(-1.362236622317,-21.72111483349,
    -10.74988934564));
#10912 = CARTESIAN_POINT('',(-1.344275881863,-21.74010697748,
    -10.73892422619));
#10913 = CARTESIAN_POINT('',(-1.336861400288,-21.74794723898,
    -10.73439764911));
#10914 = CARTESIAN_POINT('',(-1.329354481028,-21.75573154417,
    -10.72990337841));
#10915 = CARTESIAN_POINT('',(-1.321765937146,-21.7634499512,
    -10.72544715404));
#10916 = CARTESIAN_POINT('',(-1.276415753088,-21.80957621531,
    -10.69881614304));
#10917 = CARTESIAN_POINT('',(-1.228074433557,-21.85343609346,
    -10.67349363058));
#10918 = CARTESIAN_POINT('',(-1.177108717658,-21.89493826738,
    -10.64953233929));
#10919 = CARTESIAN_POINT('',(-1.124964093357,-21.93740044473,
    -10.62501678977));
#10920 = CARTESIAN_POINT('',(-1.070071701742,-21.97739516929,
    -10.60192582478));
#10921 = CARTESIAN_POINT('',(-1.012772584929,-22.01480564614,
    -10.5803268759));
#10922 = CARTESIAN_POINT('',(-0.968225417997,-22.04389040084,
    -10.56353478494));
#10923 = CARTESIAN_POINT('',(-0.922222398675,-22.07141286498,
    -10.54764468286));
#10924 = CARTESIAN_POINT('',(-0.874906470116,-22.09730700078,
    -10.53269469659));
#10925 = CARTESIAN_POINT('',(-0.845749928783,-22.11326322237,
    -10.52348236776));
#10926 = CARTESIAN_POINT('',(-0.816094578103,-22.12860093954,
    -10.51462713262));
#10927 = CARTESIAN_POINT('',(-0.78597162388,-22.14330242046,
    -10.50613922866));
#10928 = CARTESIAN_POINT('',(-0.770013900677,-22.15109057302,
    -10.50164273668));
#10929 = CARTESIAN_POINT('',(-0.753920159193,-22.15870218869,
    -10.49724816832));
#10930 = CARTESIAN_POINT('',(-0.737723019645,-22.16612192665,
    -10.49296438061));
#10931 = CARTESIAN_POINT('',(-0.671606079307,-22.19640939629,
    -10.47547790186));
#10932 = CARTESIAN_POINT('',(-0.603695658081,-22.22354031407,
    -10.45981385918));
#10933 = CARTESIAN_POINT('',(-0.53434687289,-22.24737843015,
    -10.44605091644));
#10934 = CARTESIAN_POINT('',(-0.483619617202,-22.26481553747,
    -10.43598359784));
#10935 = CARTESIAN_POINT('',(-0.432121737108,-22.28049027555,
    -10.42693378359));
#10936 = CARTESIAN_POINT('',(-0.379980848185,-22.29433759883,
    -10.41893902776));
#10937 = CARTESIAN_POINT('',(-0.361773371764,-22.29917305173,
    -10.41614727773));
#10938 = CARTESIAN_POINT('',(-0.343487417846,-22.30378557259,
    -10.41348423757));
#10939 = CARTESIAN_POINT('',(-0.325128219357,-22.30817205809,
    -10.41095169899));
#10940 = CARTESIAN_POINT('',(-0.309285181435,-22.31195736801,
    -10.40876624929));
#10941 = CARTESIAN_POINT('',(-0.293396411606,-22.31557221185,
    -10.40667921822));
#10942 = CARTESIAN_POINT('',(-0.277469757433,-22.31901420775,
    -10.40469198096));
#10943 = CARTESIAN_POINT('',(-0.204378779365,-22.33481029676,
    -10.39557210472));
#10944 = CARTESIAN_POINT('',(-0.13046387778,-22.34697577441,
    -10.38854836292));
#10945 = CARTESIAN_POINT('',(-5.606311024315E-02,-22.35535503002,
    -10.38371059744));
#10946 = CARTESIAN_POINT('',(-4.062821766467E-03,-22.36121147106,
    -10.38032937963));
#10947 = CARTESIAN_POINT('',(4.817551570737E-02,-22.36521768394,
    -10.37801639155));
#10948 = CARTESIAN_POINT('',(0.100542490387,-22.36730846743,
    -10.37680927714));
#10949 = CARTESIAN_POINT('',(0.118775930767,-22.36803644868,
    -10.37638897696));
#10950 = CARTESIAN_POINT('',(0.137024996684,-22.36853211932,
    -10.37610280139));
#10951 = CARTESIAN_POINT('',(0.155285505713,-22.36879808978,
    -10.37594924327));
#10952 = B_SPLINE_SURFACE_WITH_KNOTS('',3,3,(
    (#10953,#10954,#10955,#10956,#10957,#10958,#10959,#10960,#10961
      ,#10962,#10963,#10964,#10965,#10966,#10967,#10968,#10969,#10970
      ,#10971,#10972,#10973,#10974,#10975,#10976,#10977,#10978,#10979
      ,#10980,#10981,#10982,#10983,#10984,#10985,#10986,#10987,#10988
      ,#10989,#10990,#10991,#10992,#10993,#10994,#10995,#10996,#10997
      ,#10998,#10999,#11000,#11001,#11002,#11003,#11004,#11005,#11006
      ,#11007,#11008,#11009,#11010,#11011,#11012)
    ,(#11013,#11014,#11015,#11016,#11017,#11018,#11019,#11020,#11021
      ,#11022,#11023,#11024,#11025,#11026,#11027,#11028,#11029,#11030
      ,#11031,#11032,#11033,#11034,#11035,#11036,#11037,#11038,#11039
      ,#11040,#11041,#11042,#11043,#11044,#11045,#11046,#11047,#11048
      ,#11049,#11050,#11051,#11052,#11053,#11054,#11055,#11056,#11057
      ,#11058,#11059,#11060,#11061,#11062,#11063,#11064,#11065,#11066
      ,#11067,#11068,#11069,#11070,#11071,#11072)
    ,(#11073,#11074,#11075,#11076,#11077,#11078,#11079,#11080,#11081
      ,#11082,#11083,#11084,#11085,#11086,#11087,#11088,#11089,#11090
      ,#11091,#11092,#11093,#11094,#11095,#11096,#11097,#11098,#11099
      ,#11100,#11101,#11102,#11103,#11104,#11105,#11106,#11107,#11108
      ,#11109,#11110,#11111,#11112,#11113,#11114,#11115,#11116,#11117
      ,#11118,#11119,#11120,#11121,#11122,#11123,#11124,#11125,#11126
      ,#11127,#11128,#11129,#11130,#11131,#11132)
    ,(#11133,#11134,#11135,#11136,#11137,#11138,#11139,#11140,#11141
      ,#11142,#11143,#11144,#11145,#11146,#11147,#11148,#11149,#11150
      ,#11151,#11152,#11153,#11154,#11155,#11156,#11157,#11158,#11159
      ,#11160,#11161,#11162,#11163,#11164,#11165,#11166,#11167,#11168
      ,#11169,#11170,#11171,#11172,#11173,#11174,#11175,#11176,#11177
      ,#11178,#11179,#11180,#11181,#11182,#11183,#11184,#11185,#11186
      ,#11187,#11188,#11189,#11190,#11191,#11192
  )),.UNSPECIFIED.,.F.,.F.,.F.,(4,4),(4,1,1,1,1,1,1,1,1,1,1,1,1,1,1,1,1,
    1,1,1,1,1,1,1,1,1,1,1,1,1,1,1,1,1,1,1,1,1,1,1,1,1,1,1,1,1,1,1,1,1,1,
    1,1,1,1,1,1,4),(0.,4.488898342949E-02),(14.398141012777,
    15.392103909096,16.386066805416,17.380029701735,18.373992598055,
    19.367955494374,20.361918390694,21.355881287013,22.349844183333,
    23.343807079652,24.337769975972,25.331732872291,26.325695768611,
    27.31965866493,28.31362156125,29.307584457569,30.301547353889,
    31.295510250208,32.289473146528,33.283436042847,34.277398939167,
    35.271361835486,36.265324731806,37.259287628125,38.253250524445,
    39.247213420764,40.241176317084,41.235139213403,42.229102109723,
    43.223065006042,44.217027902362,45.210990798681,46.204953695001,
    47.19891659132,48.19287948764,49.186842383959,50.180805280279,
    51.174768176598,52.168731072918,53.162693969237,54.156656865557,
    55.150619761876,56.144582658196,57.138545554515,58.132508450835,
    59.126471347154,60.120434243474,61.114397139793,62.108360036113,
    63.102322932432,64.096285828752,65.090248725071,66.084211621391,
    67.07817451771,68.07213741403,69.066100310349,70.060063206669,
    71.054026102988),.UNSPECIFIED.);
#10953 = CARTESIAN_POINT('',(-1.985174325672,-17.08835858828,
    -6.395372883521));
#10954 = CARTESIAN_POINT('',(-1.809517817465,-16.53720378773,
    -6.756204514429));
#10955 = CARTESIAN_POINT('',(-0.756219792048,-15.60762422727,
    -7.378142040783));
#10956 = CARTESIAN_POINT('',(1.522964604484,-16.02153026604,
    -7.267040053216));
#10957 = CARTESIAN_POINT('',(2.412589197265,-17.92636504725,
    -6.295149954857));
#10958 = CARTESIAN_POINT('',(1.110904549917,-19.63636357164,
    -5.435748621823));
#10959 = CARTESIAN_POINT('',(-1.202070658665,-19.64913244521,
    -5.55624328456));
#10960 = CARTESIAN_POINT('',(-2.421444873047,-18.00233663964,
    -6.634888061542));
#10961 = CARTESIAN_POINT('',(-1.439422159079,-16.24422512271,
    -7.777800994439));
#10962 = CARTESIAN_POINT('',(0.85156356062,-16.02343206368,
    -8.033142701842));
#10963 = CARTESIAN_POINT('',(2.368178124912,-17.59120252738,
    -7.25585677793));
#10964 = CARTESIAN_POINT('',(1.731557209666,-19.57230284427,
    -6.239934752016));
#10965 = CARTESIAN_POINT('',(-0.479512612,-20.21578912345,
    -5.996284550847));
#10966 = CARTESIAN_POINT('',(-2.254571997498,-18.98689229822,
    -6.833655239033));
#10967 = CARTESIAN_POINT('',(-1.979656149333,-17.05334659084,
    -8.077855149016));
#10968 = CARTESIAN_POINT('',(9.527498616071E-02,-16.22357663721,
    -8.68478983044));
#10969 = CARTESIAN_POINT('',(2.083575349782,-17.30240116697,
    -8.189796973113));
#10970 = CARTESIAN_POINT('',(2.177375085692,-19.35923575667,
    -7.130149744402));
#10971 = CARTESIAN_POINT('',(0.291385138236,-20.57423744558,
    -6.556534967582));
#10972 = CARTESIAN_POINT('',(-1.859548012746,-19.89300303694,
    -7.077712612126));
#10973 = CARTESIAN_POINT('',(-2.319677852778,-17.98529211459,
    -8.30699680201));
#10974 = CARTESIAN_POINT('',(-0.670628844138,-16.63604394603,
    -9.21385237067));
#10975 = CARTESIAN_POINT('',(1.5881927981,-17.12241286315,
    -9.060913920777));
#10976 = CARTESIAN_POINT('',(2.402942137274,-19.05250902565,
    -8.07443915713));
#10977 = CARTESIAN_POINT('',(1.032804203332,-20.72172634628,
    -7.238582863063));
#10978 = CARTESIAN_POINT('',(-1.276416161282,-20.66266412224,
    -7.400549229348));
#10979 = CARTESIAN_POINT('',(-2.425048691145,-18.97936855911,
    -8.500267151181));
#10980 = CARTESIAN_POINT('',(-1.368693458495,-17.2527282184,
    -9.625010192013));
#10981 = CARTESIAN_POINT('',(0.93215320853,-17.10304312204,
    -9.839297698025));
#10982 = CARTESIAN_POINT('',(2.385434866408,-18.71675877579,
    -9.035485306275));
#10983 = CARTESIAN_POINT('',(1.669747832717,-20.6769396544,
    -8.031641123681));
#10984 = CARTESIAN_POINT('',(-0.564165845,-21.25162497769,
    -7.827713172915));
#10985 = CARTESIAN_POINT('',(-2.285108880761,-19.96862279244,
    -8.696321605276));
#10986 = CARTESIAN_POINT('',(-1.928305134035,-18.044852887,
    -9.934877453372));
#10987 = CARTESIAN_POINT('',(0.181819788272,-17.27985633551,
    -10.50441519363));
#10988 = CARTESIAN_POINT('',(2.126624149683,-18.41955368739,
    -9.974277396069));
#10989 = CARTESIAN_POINT('',(2.13778477153,-20.47801295597,
    -8.913692158575));
#10990 = CARTESIAN_POINT('',(0.205153797611,-21.63391322843,
    -8.37419960045));
#10991 = CARTESIAN_POINT('',(-1.91401429644,-20.88658994636,
    -8.933533673859));
#10992 = CARTESIAN_POINT('',(-2.292855242712,-18.96589411142,
    -10.17031470652));
#10993 = CARTESIAN_POINT('',(-0.586905965776,-17.66857176247,
    -11.04719088925));
#10994 = CARTESIAN_POINT('',(1.652690480079,-18.22456321323,
    -10.85405585082));
#10995 = CARTESIAN_POINT('',(2.389569848788,-20.17867431302,
    -9.853716056666));
#10996 = CARTESIAN_POINT('',(0.953720610845,-21.80446266456,
    -9.042933489592));
#10997 = CARTESIAN_POINT('',(-1.349303590998,-21.67401673926,
    -9.246113255014));
#10998 = CARTESIAN_POINT('',(-2.4254673065,-19.95628647263,
    -10.36571206218));
#10999 = CARTESIAN_POINT('',(-1.296261436504,-18.26347475487,
    -11.47092413845));
#11000 = CARTESIAN_POINT('',(1.011574356434,-18.18511418833,
    -11.64403240797));
#11001 = CARTESIAN_POINT('',(2.399635601693,-19.84281479614,
    -10.81482529115));
#11002 = CARTESIAN_POINT('',(1.605807215511,-21.77961495652,
    -9.824479972527));
#11003 = CARTESIAN_POINT('',(-0.648092239989,-22.28487636621,
    -9.660633936964));
#11004 = CARTESIAN_POINT('',(-2.312744163031,-20.94940748639,
    -10.55953402955));
#11005 = CARTESIAN_POINT('',(-1.874456289987,-19.03807463454,
    -11.79090934141));
#11006 = CARTESIAN_POINT('',(0.268062783577,-18.33864092291,
    -12.32259435843));
#11007 = CARTESIAN_POINT('',(2.167093281507,-19.53832865562,
    -11.75782109834));
#11008 = CARTESIAN_POINT('',(2.095197019364,-21.59487443774,
    -10.69834061277));
#11009 = CARTESIAN_POINT('',(0.119193271405,-22.69219171829,
    -10.19267096079));
#11010 = CARTESIAN_POINT('',(-1.967199468965,-21.87590335661,
    -10.79182204148));
#11011 = CARTESIAN_POINT('',(-2.162073169415,-20.5945962193,
    -11.61682957901));
#11012 = CARTESIAN_POINT('',(-1.917040324359,-20.06299126942,
    -11.96637409837));
#11013 = CARTESIAN_POINT('',(-1.859978800003,-17.07990693868,
    -6.313863556804));
#11014 = CARTESIAN_POINT('',(-1.695400114332,-16.56467478739,
    -6.653955236495));
#11015 = CARTESIAN_POINT('',(-0.708528597798,-15.69604726132,
    -7.240702089382));
#11016 = CARTESIAN_POINT('',(1.426918452885,-16.08734200322,
    -7.14265474015));
#11017 = CARTESIAN_POINT('',(2.260438643599,-17.87553968578,
    -6.238105102094));
#11018 = CARTESIAN_POINT('',(1.04084507086,-19.4811885098,
    -5.438950096658));
#11019 = CARTESIAN_POINT('',(-1.126261765684,-19.49664390424,
    -5.557893695851));
#11020 = CARTESIAN_POINT('',(-2.268735833927,-17.95719548971,
    -6.574561427715));
#11021 = CARTESIAN_POINT('',(-1.348644633128,-16.31345151759,
    -7.651444227833));
#11022 = CARTESIAN_POINT('',(0.797859487263,-16.11007462233,
    -7.896730708392));
#11023 = CARTESIAN_POINT('',(2.218828366862,-17.58246503462,
    -7.174512482838));
#11024 = CARTESIAN_POINT('',(1.622356112167,-19.44211854738,
    -6.22870780198));
#11025 = CARTESIAN_POINT('',(-0.449272026704,-20.04851499322,
    -6.006471426076));
#11026 = CARTESIAN_POINT('',(-2.112386838878,-18.90061065315,
    -6.797081081151));
#11027 = CARTESIAN_POINT('',(-1.854808628864,-17.09249629258,
    -7.968863169288));
#11028 = CARTESIAN_POINT('',(8.926644483452E-02,-16.31854778606,
    -8.543569323199));
#11029 = CARTESIAN_POINT('',(1.952174138406,-17.33282776456,
    -8.085841279915));
#11030 = CARTESIAN_POINT('',(2.040058370023,-19.26343934888,
    -7.099068937337));
#11031 = CARTESIAN_POINT('',(0.273008860102,-20.40530843922,
    -6.567677285986));
#11032 = CARTESIAN_POINT('',(-1.742275142574,-19.77052804562,
    -7.062034692443));
#11033 = CARTESIAN_POINT('',(-2.173386776772,-17.98661919278,
    -8.219841724175));
#11034 = CARTESIAN_POINT('',(-0.628335464869,-16.72595349757,
    -9.075554177998));
#11035 = CARTESIAN_POINT('',(1.488033013818,-17.1851412279,
    -8.938308793617));
#11036 = CARTESIAN_POINT('',(2.251399977909,-18.99700717629,
    -8.020094275913));
#11037 = CARTESIAN_POINT('',(0.967670142571,-20.56444667357,
    -7.24299943555));
#11038 = CARTESIAN_POINT('',(-1.195918650198,-20.5126010169,
    -7.400799314718));
#11039 = CARTESIAN_POINT('',(-2.272112376316,-18.93895471135,
    -8.437211208173));
#11040 = CARTESIAN_POINT('',(-1.282376456104,-17.32469717769,
    -9.497070005109));
#11041 = CARTESIAN_POINT('',(0.873366728453,-17.18794380328,
    -9.70389137797));
#11042 = CARTESIAN_POINT('',(2.23499680755,-18.70338186047,
    -8.956819583044));
#11043 = CARTESIAN_POINT('',(1.564444759355,-20.54343522468,
    -8.022331053233));
#11044 = CARTESIAN_POINT('',(-0.528586581952,-21.08536966447,
    -7.837311833869));
#11045 = CARTESIAN_POINT('',(-2.140997905801,-19.88677213272,
    -8.657189216808));
#11046 = CARTESIAN_POINT('',(-1.806696078455,-18.08781706065,
    -9.82368318726));
#11047 = CARTESIAN_POINT('',(0.170353276905,-17.37455700513,
    -10.36335084765));
#11048 = CARTESIAN_POINT('',(1.99250805475,-18.44587084568,
    -9.872694288759));
#11049 = CARTESIAN_POINT('',(2.002964829132,-20.37800464809,
    -8.885043093162));
#11050 = CARTESIAN_POINT('',(0.192215720988,-21.4644995679,
    -8.385621734072));
#11051 = CARTESIAN_POINT('',(-1.793306496181,-20.76779821254,
    -8.915729224466));
#11052 = CARTESIAN_POINT('',(-2.148255741458,-18.97172334393,
    -10.08056030867));
#11053 = CARTESIAN_POINT('',(-0.549892591206,-17.75970875326,
    -10.90818403419));
#11054 = CARTESIAN_POINT('',(1.548463133016,-18.28412825438,
    -10.73327706939));
#11055 = CARTESIAN_POINT('',(2.238871016211,-20.1184946319,
    -9.802071922869));
#11056 = CARTESIAN_POINT('',(0.893573977035,-21.64524401913,
    -9.048469528506));
#11057 = CARTESIAN_POINT('',(-1.264209415551,-21.52651649254,
    -9.244883673272));
#11058 = CARTESIAN_POINT('',(-2.272504591587,-19.92060711685,
    -10.29992265895));
#11059 = CARTESIAN_POINT('',(-1.214512378072,-18.3380447954,
    -11.34148221659));
#11060 = CARTESIAN_POINT('',(0.947779161388,-18.26811785113,
    -11.50972133202));
#11061 = CARTESIAN_POINT('',(2.248301969838,-19.82476694003,
    -10.73885633684));
#11062 = CARTESIAN_POINT('',(1.504536573498,-21.64291409695,
    -9.817015361704));
#11063 = CARTESIAN_POINT('',(-0.607220137414,-22.11980285999,
    -9.669550281328));
#11064 = CARTESIAN_POINT('',(-2.166890361939,-20.87204745916,
    -10.51780897321));
#11065 = CARTESIAN_POINT('',(-1.756243225506,-19.08474509472,
    -11.67757524978));
#11066 = CARTESIAN_POINT('',(0.251157335693,-18.43291314182,
    -12.18177737858));
#11067 = CARTESIAN_POINT('',(2.030424990444,-19.56043405452,
    -11.65866965145));
#11068 = CARTESIAN_POINT('',(1.963062884429,-21.49077504499,
    -10.67205353631));
#11069 = CARTESIAN_POINT('',(0.111676317313,-22.52238152423,
    -10.20432203316));
#11070 = CARTESIAN_POINT('',(-1.843137532224,-21.76106438962,
    -10.7717354611));
#11071 = CARTESIAN_POINT('',(-2.025721473003,-20.56289107613,
    -11.54874566307));
#11072 = CARTESIAN_POINT('',(-1.796141686877,-20.06597585918,
    -11.87826205578));
#11073 = CARTESIAN_POINT('',(-1.734783274334,-17.07145528908,
    -6.232354230087));
#11074 = CARTESIAN_POINT('',(-1.581282411199,-16.59214578704,
    -6.551705958561));
#11075 = CARTESIAN_POINT('',(-0.660837403547,-15.78447029537,
    -7.103262137982));
#11076 = CARTESIAN_POINT('',(1.330872301287,-16.1531537404,
    -7.018269427084));
#11077 = CARTESIAN_POINT('',(2.108288089933,-17.82471432431,
    -6.18106024933));
#11078 = CARTESIAN_POINT('',(0.970785591802,-19.32601344796,
    -5.442151571493));
#11079 = CARTESIAN_POINT('',(-1.050452872704,-19.34415536327,
    -5.559544107141));
#11080 = CARTESIAN_POINT('',(-2.116026794807,-17.91205433979,
    -6.514234793887));
#11081 = CARTESIAN_POINT('',(-1.257867107178,-16.38267791247,
    -7.525087461227));
#11082 = CARTESIAN_POINT('',(0.744155413906,-16.19671718098,
    -7.760318714943));
#11083 = CARTESIAN_POINT('',(2.069478608812,-17.57372754186,
    -7.093168187747));
#11084 = CARTESIAN_POINT('',(1.513155014668,-19.31193425049,
    -6.217480851944));
#11085 = CARTESIAN_POINT('',(-0.419031441407,-19.88124086299,
    -6.016658301304));
#11086 = CARTESIAN_POINT('',(-1.970201680257,-18.81432900808,
    -6.76050692327));
#11087 = CARTESIAN_POINT('',(-1.729961108395,-17.13164599432,
    -7.859871189559));
#11088 = CARTESIAN_POINT('',(8.325790350833E-02,-16.41351893491,
    -8.402348815957));
#11089 = CARTESIAN_POINT('',(1.820772927029,-17.36325436215,
    -7.981885586717));
#11090 = CARTESIAN_POINT('',(1.902741654354,-19.1676429411,
    -7.067988130272));
#11091 = CARTESIAN_POINT('',(0.254632581968,-20.23637943287,
    -6.57881960439));
#11092 = CARTESIAN_POINT('',(-1.625002272403,-19.6480530543,
    -7.046356772759));
#11093 = CARTESIAN_POINT('',(-2.027095700767,-17.98794627096,
    -8.13268664634));
#11094 = CARTESIAN_POINT('',(-0.5860420856,-16.8158630491,
    -8.937255985326));
#11095 = CARTESIAN_POINT('',(1.387873229536,-17.24786959264,
    -8.815703666456));
#11096 = CARTESIAN_POINT('',(2.099857818544,-18.94150532692,
    -7.965749394695));
#11097 = CARTESIAN_POINT('',(0.90253608181,-20.40716700086,
    -7.247416008038));
#11098 = CARTESIAN_POINT('',(-1.115421139115,-20.36253791157,
    -7.401049400089));
#11099 = CARTESIAN_POINT('',(-2.119176061488,-18.89854086359,
    -8.374155265166));
#11100 = CARTESIAN_POINT('',(-1.196059453713,-17.39666613697,
    -9.369129818205));
#11101 = CARTESIAN_POINT('',(0.814580248375,-17.27284448452,
    -9.568485057914));
#11102 = CARTESIAN_POINT('',(2.084558748691,-18.69000494516,
    -8.878153859813));
#11103 = CARTESIAN_POINT('',(1.459141685994,-20.40993079495,
    -8.013020982785));
#11104 = CARTESIAN_POINT('',(-0.493007318904,-20.91911435125,
    -7.846910494822));
#11105 = CARTESIAN_POINT('',(-1.996886930841,-19.804921473,
    -8.61805682834));
#11106 = CARTESIAN_POINT('',(-1.685087022876,-18.1307812343,
    -9.712488921149));
#11107 = CARTESIAN_POINT('',(0.158886765539,-17.46925767474,
    -10.22228650167));
#11108 = CARTESIAN_POINT('',(1.858391959818,-18.47218800397,
    -9.771111181449));
#11109 = CARTESIAN_POINT('',(1.868144886733,-20.27799634021,
    -8.856394027748));
#11110 = CARTESIAN_POINT('',(0.179277644365,-21.29508590737,
    -8.397043867694));
#11111 = CARTESIAN_POINT('',(-1.672598695923,-20.64900647873,
    -8.897924775072));
#11112 = CARTESIAN_POINT('',(-2.003656240204,-18.97755257644,
    -9.990805910828));
#11113 = CARTESIAN_POINT('',(-0.512879216636,-17.85084574406,
    -10.76917717913));
#11114 = CARTESIAN_POINT('',(1.444235785954,-18.34369329552,
    -10.61249828796));
#11115 = CARTESIAN_POINT('',(2.088172183633,-20.05831495079,
    -9.750427789072));
#11116 = CARTESIAN_POINT('',(0.833427343224,-21.48602537369,
    -9.05400556742));
#11117 = CARTESIAN_POINT('',(-1.179115240103,-21.37901624583,
    -9.243654091531));
#11118 = CARTESIAN_POINT('',(-2.119541876674,-19.88492776108,
    -10.23413325572));
#11119 = CARTESIAN_POINT('',(-1.13276331964,-18.41261483592,
    -11.21204029473));
#11120 = CARTESIAN_POINT('',(0.883983966342,-18.35112151392,
    -11.37541025607));
#11121 = CARTESIAN_POINT('',(2.096968337984,-19.80671908391,
    -10.66288738254));
#11122 = CARTESIAN_POINT('',(1.403265931485,-21.50621323739,
    -9.809550750881));
#11123 = CARTESIAN_POINT('',(-0.566348034839,-21.95472935377,
    -9.678466625691));
#11124 = CARTESIAN_POINT('',(-2.021036560848,-20.79468743193,
    -10.47608391686));
#11125 = CARTESIAN_POINT('',(-1.638030161024,-19.1314155549,
    -11.56424115814));
#11126 = CARTESIAN_POINT('',(0.23425188781,-18.52718536073,
    -12.04096039873));
#11127 = CARTESIAN_POINT('',(1.893756699381,-19.58253945342,
    -11.55951820456));
#11128 = CARTESIAN_POINT('',(1.830928749493,-21.38667565223,
    -10.64576645985));
#11129 = CARTESIAN_POINT('',(0.104159363222,-22.35257133016,
    -10.21597310552));
#11130 = CARTESIAN_POINT('',(-1.719075595482,-21.64622542262,
    -10.75164888072));
#11131 = CARTESIAN_POINT('',(-1.889369776591,-20.53118593296,
    -11.48066174712));
#11132 = CARTESIAN_POINT('',(-1.675243049396,-20.06896044894,
    -11.79015001319));
#11133 = CARTESIAN_POINT('',(-1.609587748665,-17.06300363948,
    -6.15084490337));
#11134 = CARTESIAN_POINT('',(-1.467164708065,-16.61961678669,
    -6.449456680627));
#11135 = CARTESIAN_POINT('',(-0.613146209297,-15.87289332942,
    -6.965822186582));
#11136 = CARTESIAN_POINT('',(1.234826149688,-16.21896547758,
    -6.893884114018));
#11137 = CARTESIAN_POINT('',(1.956137536267,-17.77388896284,
    -6.124015396567));
#11138 = CARTESIAN_POINT('',(0.900726112745,-19.17083838612,
    -5.445353046329));
#11139 = CARTESIAN_POINT('',(-0.974643979723,-19.19166682229,
    -5.561194518431));
#11140 = CARTESIAN_POINT('',(-1.963317755686,-17.86691318986,
    -6.453908160059));
#11141 = CARTESIAN_POINT('',(-1.167089581227,-16.45190430734,
    -7.398730694621));
#11142 = CARTESIAN_POINT('',(0.690451340549,-16.28335973963,
    -7.623906721493));
#11143 = CARTESIAN_POINT('',(1.920128850762,-17.5649900491,
    -7.011823892656));
#11144 = CARTESIAN_POINT('',(1.403953917169,-19.18174995361,
    -6.206253901908));
#11145 = CARTESIAN_POINT('',(-0.38879085611,-19.71396673276,
    -6.026845176533));
#11146 = CARTESIAN_POINT('',(-1.828016521636,-18.72804736301,
    -6.723932765388));
#11147 = CARTESIAN_POINT('',(-1.605113587925,-17.17079569607,
    -7.75087920983));
#11148 = CARTESIAN_POINT('',(7.724936218214E-02,-16.50849008376,
    -8.261128308716));
#11149 = CARTESIAN_POINT('',(1.689371715653,-17.39368095974,
    -7.87792989352));
#11150 = CARTESIAN_POINT('',(1.765424938685,-19.07184653331,
    -7.036907323208));
#11151 = CARTESIAN_POINT('',(0.236256303833,-20.06745042651,
    -6.589961922795));
#11152 = CARTESIAN_POINT('',(-1.507729402231,-19.52557806299,
    -7.030678853075));
#11153 = CARTESIAN_POINT('',(-1.880804624761,-17.98927334914,
    -8.045531568505));
#11154 = CARTESIAN_POINT('',(-0.543748706331,-16.90577260064,
    -8.798957792654));
#11155 = CARTESIAN_POINT('',(1.287713445253,-17.31059795739,
    -8.693098539296));
#11156 = CARTESIAN_POINT('',(1.948315659179,-18.88600347756,
    -7.911404513477));
#11157 = CARTESIAN_POINT('',(0.837402021049,-20.24988732816,
    -7.251832580525));
#11158 = CARTESIAN_POINT('',(-1.034923628031,-20.21247480624,
    -7.401299485459));
#11159 = CARTESIAN_POINT('',(-1.966239746659,-18.85812701584,
    -8.311099322158));
#11160 = CARTESIAN_POINT('',(-1.109742451321,-17.46863509625,
    -9.241189631301));
#11161 = CARTESIAN_POINT('',(0.755793768298,-17.35774516576,
    -9.433078737858));
#11162 = CARTESIAN_POINT('',(1.934120689833,-18.67662802984,
    -8.799488136582));
#11163 = CARTESIAN_POINT('',(1.353838612632,-20.27642636522,
    -8.003710912336));
#11164 = CARTESIAN_POINT('',(-0.457428055856,-20.75285903803,
    -7.856509155776));
#11165 = CARTESIAN_POINT('',(-1.852775955882,-19.72307081329,
    -8.578924439872));
#11166 = CARTESIAN_POINT('',(-1.563477967296,-18.17374540795,
    -9.601294655038));
#11167 = CARTESIAN_POINT('',(0.147420254172,-17.56395834435,
    -10.08122215569));
#11168 = CARTESIAN_POINT('',(1.724275864885,-18.49850516225,
    -9.669528074139));
#11169 = CARTESIAN_POINT('',(1.733324944334,-20.17798803233,
    -8.827744962335));
#11170 = CARTESIAN_POINT('',(0.166339567743,-21.12567224684,
    -8.408466001316));
#11171 = CARTESIAN_POINT('',(-1.551890895665,-20.53021474491,
    -8.880120325678));
#11172 = CARTESIAN_POINT('',(-1.859056738951,-18.98338180895,
    -9.901051512979));
#11173 = CARTESIAN_POINT('',(-0.475865842065,-17.94198273485,
    -10.63017032408));
#11174 = CARTESIAN_POINT('',(1.340008438891,-18.40325833667,
    -10.49171950653));
#11175 = CARTESIAN_POINT('',(1.937473351055,-19.99813526967,
    -9.698783655275));
#11176 = CARTESIAN_POINT('',(0.773280709414,-21.32680672825,
    -9.059541606334));
#11177 = CARTESIAN_POINT('',(-1.094021064656,-21.23151599911,
    -9.24242450979));
#11178 = CARTESIAN_POINT('',(-1.966579161762,-19.84924840531,
    -10.16834385249));
#11179 = CARTESIAN_POINT('',(-1.051014261207,-18.48718487644,
    -11.08259837287));
#11180 = CARTESIAN_POINT('',(0.820188771296,-18.43412517672,
    -11.24109918012));
#11181 = CARTESIAN_POINT('',(1.94563470613,-19.7886712278,
    -10.58691842824));
#11182 = CARTESIAN_POINT('',(1.301995289471,-21.36951237783,
    -9.802086140059));
#11183 = CARTESIAN_POINT('',(-0.525475932265,-21.78965584755,
    -9.687382970055));
#11184 = CARTESIAN_POINT('',(-1.875182759756,-20.7173274047,
    -10.43435886052));
#11185 = CARTESIAN_POINT('',(-1.519817096542,-19.17808601508,
    -11.4509070665));
#11186 = CARTESIAN_POINT('',(0.217346439926,-18.62145757964,
    -11.90014341888));
#11187 = CARTESIAN_POINT('',(1.757088408318,-19.60464485232,
    -11.46036675766));
#11188 = CARTESIAN_POINT('',(1.698794614557,-21.28257625948,
    -10.6194793834));
#11189 = CARTESIAN_POINT('',(9.664240913036E-02,-22.1827611361,
    -10.22762417789));
#11190 = CARTESIAN_POINT('',(-1.59501365874,-21.53138645562,
    -10.73156230034));
#11191 = CARTESIAN_POINT('',(-1.753018080178,-20.49948078979,
    -11.41257783118));
#11192 = CARTESIAN_POINT('',(-1.554344411915,-20.0719450387,
    -11.7020379706));
#11193 = ADVANCED_FACE('',(#11194),#11225,.F.);
#11194 = FACE_BOUND('',#11195,.F.);
#11195 = EDGE_LOOP('',(#11196,#11209,#11210,#11224));
#11196 = ORIENTED_EDGE('',*,*,#11197,.T.);
#11197 = EDGE_CURVE('',#4606,#4540,#11198,.T.);
#11198 = B_SPLINE_CURVE_WITH_KNOTS('',3,(#11199,#11200,#11201,#11202,
    #11203,#11204,#11205,#11206,#11207,#11208),.UNSPECIFIED.,.F.,.F.,(4,
    1,1,1,1,1,1,4),(15.707963267949,16.386066805416,17.380029701735,
    18.373992598055,19.367955494374,20.361918390694,21.355881287013,
    21.991148575128),.UNSPECIFIED.);
#11199 = CARTESIAN_POINT('',(13.721464532137,7.919377942183,
    -7.282981555043));
#11200 = CARTESIAN_POINT('',(13.502261467236,8.330142932462,
    -7.30308329886));
#11201 = CARTESIAN_POINT('',(13.241198792535,9.512160809647,
    -7.164095575088));
#11202 = CARTESIAN_POINT('',(14.318381884881,11.052567578523,
    -6.295149264692));
#11203 = CARTESIAN_POINT('',(16.450145607402,10.780246998497,
    -5.435746358857));
#11204 = CARTESIAN_POINT('',(17.617683125994,8.783547734303,
    -5.556241803732));
#11205 = CARTESIAN_POINT('',(16.801208187675,6.904128799484,
    -6.634887562195));
#11206 = CARTESIAN_POINT('',(15.029837236214,6.878973949612,
    -7.640320117662));
#11207 = CARTESIAN_POINT('',(14.232763048318,7.715157259064,
    -7.867335123828));
#11208 = CARTESIAN_POINT('',(14.022843366089,8.097667962485,
    -7.889114619324));
#11209 = ORIENTED_EDGE('',*,*,#4570,.T.);
#11210 = ORIENTED_EDGE('',*,*,#11211,.F.);
#11211 = EDGE_CURVE('',#4587,#4556,#11212,.T.);
#11212 = B_SPLINE_CURVE_WITH_KNOTS('',3,(#11213,#11214,#11215,#11216,
    #11217,#11218,#11219,#11220,#11221,#11222,#11223),.UNSPECIFIED.,.F.,
  .F.,(4,1,1,1,1,1,1,1,4),(15.707963267949,15.837431589535,
    16.831394485854,17.825357382174,18.819320278493,19.813283174813,
    20.807246071132,21.801208967452,21.991148575128),.UNSPECIFIED.);
#11213 = CARTESIAN_POINT('',(13.741688452995,7.93533112743,
    -7.335409495148));
#11214 = CARTESIAN_POINT('',(13.699047662642,8.012794345481,
    -7.339919934173));
#11215 = CARTESIAN_POINT('',(13.367822763242,8.706559566634,
    -7.35343362247));
#11216 = CARTESIAN_POINT('',(13.458561146904,10.295829706749,
    -6.940077924669));
#11217 = CARTESIAN_POINT('',(15.296640720189,11.22423010389,
    -5.880898803758));
#11218 = CARTESIAN_POINT('',(17.216777794418,10.024847307488,
    -5.39492903216));
#11219 = CARTESIAN_POINT('',(17.51695894938,7.812918901633,
    -6.011233960288));
#11220 = CARTESIAN_POINT('',(15.967697736959,6.625068347015,
    -7.256634260565));
#11221 = CARTESIAN_POINT('',(14.546147368285,7.312584696173,
    -7.86232991337));
#11222 = CARTESIAN_POINT('',(14.108244194579,7.993356025618,
    -7.935526829719));
#11223 = CARTESIAN_POINT('',(14.047219623144,8.108139206399,
    -7.941048891483));
#11224 = ORIENTED_EDGE('',*,*,#4615,.F.);
#11225 = CYLINDRICAL_SURFACE('',#11226,2.05475);
#11226 = AXIS2_PLACEMENT_3D('',#11227,#11228,#11229);
#11227 = CARTESIAN_POINT('',(14.527175026677,8.387268412217,
    -4.791477209629));
#11228 = DIRECTION('',(0.433012701892,0.25,-0.866025403784));
#11229 = DIRECTION('',(0.75,0.433012701892,0.5));
#11230 = ADVANCED_FACE('',(#11231),#11459,.F.);
#11231 = FACE_BOUND('',#11232,.F.);
#11232 = EDGE_LOOP('',(#11233,#11234,#11235,#11236,#11237,#11238,#11239,
    #11240,#11241,#11269,#11270,#11361,#11362,#11363,#11364,#11365,
    #11366,#11367,#11368,#11369,#11370,#11371));
#11233 = ORIENTED_EDGE('',*,*,#3013,.T.);
#11234 = ORIENTED_EDGE('',*,*,#3047,.T.);
#11235 = ORIENTED_EDGE('',*,*,#3122,.T.);
#11236 = ORIENTED_EDGE('',*,*,#3194,.T.);
#11237 = ORIENTED_EDGE('',*,*,#3263,.T.);
#11238 = ORIENTED_EDGE('',*,*,#3335,.T.);
#11239 = ORIENTED_EDGE('',*,*,#3407,.T.);
#11240 = ORIENTED_EDGE('',*,*,#3476,.T.);
#11241 = ORIENTED_EDGE('',*,*,#11242,.T.);
#11242 = EDGE_CURVE('',#3477,#3584,#11243,.T.);
#11243 = B_SPLINE_CURVE_WITH_KNOTS('',3,(#11244,#11245,#11246,#11247,
    #11248,#11249,#11250,#11251,#11252,#11253,#11254,#11255,#11256,
    #11257,#11258,#11259,#11260,#11261,#11262,#11263,#11264,#11265,
    #11266,#11267,#11268),.UNSPECIFIED.,.F.,.F.,(4,3,3,3,3,3,3,3,4),(
    -10.12956857087,-9.939628963195,-8.945666066875,-7.951703170556,
    -6.957740274236,-5.963777377917,-4.969814481597,-3.975851585278,
    -3.846383263692),.UNSPECIFIED.);
#11244 = CARTESIAN_POINT('',(14.435926869284,8.332942906187,
    -7.940966696786));
#11245 = CARTESIAN_POINT('',(14.4848279877,8.239542588144,
    -7.935333660753));
#11246 = CARTESIAN_POINT('',(14.541213235985,8.150653189272,
    -7.924656369586));
#11247 = CARTESIAN_POINT('',(14.604586923298,8.068171456921,
    -7.90863512491));
#11248 = CARTESIAN_POINT('',(14.936224408301,7.636540673935,
    -7.824795198338));
#11249 = CARTESIAN_POINT('',(15.4592387658,7.380382435491,
    -7.594612275104));
#11250 = CARTESIAN_POINT('',(15.928591878893,7.411949411177,
    -7.308200859158));
#11251 = CARTESIAN_POINT('',(16.397944991986,7.443516386862,
    -7.021789443212));
#11252 = CARTESIAN_POINT('',(16.813636860673,7.762808576678,
    -6.679149534554));
#11253 = CARTESIAN_POINT('',(16.979406112329,8.220488542797,
    -6.42152182446));
#11254 = CARTESIAN_POINT('',(17.145175363985,8.678168508916,
    -6.163894114366));
#11255 = CARTESIAN_POINT('',(17.061021998611,9.274236251339,
    -5.991278602837));
#11256 = CARTESIAN_POINT('',(16.757957446839,9.733474615869,
    -5.967617923586));
#11257 = CARTESIAN_POINT('',(16.454892895068,10.1927129804,
    -5.943957244335));
#11258 = CARTESIAN_POINT('',(15.932917156899,10.515121967037,
    -6.069251397363));
#11259 = CARTESIAN_POINT('',(15.422030180264,10.549995016583,
    -6.272005644964));
#11260 = CARTESIAN_POINT('',(14.91114320363,10.584868066129,
    -6.474759892566));
#11261 = CARTESIAN_POINT('',(14.411344988529,10.332205178582,
    -6.754974234741));
#11262 = CARTESIAN_POINT('',(14.142665751729,9.902551748566,
    -6.970721856435));
#11263 = CARTESIAN_POINT('',(13.873986514928,9.472898318551,
    -7.186469478129));
#11264 = CARTESIAN_POINT('',(13.836426256428,8.866254346066,
    -7.337750379343));
#11265 = CARTESIAN_POINT('',(14.0396481531,8.354470188922,
    -7.341256533009));
#11266 = CARTESIAN_POINT('',(14.066118756751,8.287807905969,
    -7.341713225942));
#11267 = CARTESIAN_POINT('',(14.096674538429,8.222755041425,
    -7.339662730785));
#11268 = CARTESIAN_POINT('',(14.130853984033,8.159720125039,
    -7.335217872209));
#11269 = ORIENTED_EDGE('',*,*,#3583,.T.);
#11270 = ORIENTED_EDGE('',*,*,#11271,.T.);
#11271 = EDGE_CURVE('',#3575,#4585,#11272,.T.);
#11272 = B_SPLINE_CURVE_WITH_KNOTS('',3,(#11273,#11274,#11275,#11276,
    #11277,#11278,#11279,#11280,#11281,#11282,#11283,#11284,#11285,
    #11286,#11287,#11288,#11289,#11290,#11291,#11292,#11293,#11294,
    #11295,#11296,#11297,#11298,#11299,#11300,#11301,#11302,#11303,
    #11304,#11305,#11306,#11307,#11308,#11309,#11310,#11311,#11312,
    #11313,#11314,#11315,#11316,#11317,#11318,#11319,#11320,#11321,
    #11322,#11323,#11324,#11325,#11326,#11327,#11328,#11329,#11330,
    #11331,#11332,#11333,#11334,#11335,#11336,#11337,#11338,#11339,
    #11340,#11341,#11342,#11343,#11344,#11345,#11346,#11347,#11348,
    #11349,#11350,#11351,#11352,#11353,#11354,#11355,#11356,#11357,
    #11358,#11359,#11360),.UNSPECIFIED.,.F.,.F.,(4,3,3,3,3,3,3,3,3,3,3,3
    ,3,3,3,3,3,3,3,3,3,3,3,3,3,3,3,3,3,4),(-0.378621596831,
    -0.359794056416,-0.348063156938,-0.341277659718,-0.335295976334,
    -0.315421465017,-0.301182284582,-0.297272241191,-0.293229872427,
    -0.272827150894,-0.252131152775,-0.239475369965,-0.229320841477,
    -0.224569910547,-0.203267635147,-0.201508021535,-0.181032550637,
    -0.159091553136,-0.154479424543,-0.150832477643,-0.12944644887,
    -0.107611058673,-8.564656503934E-02,-8.022015665923E-02,
    -7.595142550497E-02,-5.340655646922E-02,-3.08370742688E-02,
    -8.769201407043E-03,-5.504570634101E-03,0.),.UNSPECIFIED.);
#11273 = CARTESIAN_POINT('',(15.608704142692,10.258025556264,
    -5.495752335001));
#11274 = CARTESIAN_POINT('',(15.66431420103,10.240887078423,
    -5.472894758229));
#11275 = CARTESIAN_POINT('',(15.719200656221,10.220270273518,
    -5.451403089564));
#11276 = CARTESIAN_POINT('',(15.77318585159,10.196461738005,
    -5.431283424073));
#11277 = CARTESIAN_POINT('',(15.806822475716,10.181627323596,
    -5.418747438586));
#11278 = CARTESIAN_POINT('',(15.840109391282,10.16555277328,
    -5.406744303779));
#11279 = CARTESIAN_POINT('',(15.873004109958,10.148297875076,
    -5.395278004503));
#11280 = CARTESIAN_POINT('',(15.892031382551,10.138317134553,
    -5.38864555982));
#11281 = CARTESIAN_POINT('',(15.910927433167,10.127941341812,
    -5.382192767878));
#11282 = CARTESIAN_POINT('',(15.929683954938,10.117181046564,
    -5.375920736672));
#11283 = CARTESIAN_POINT('',(15.946218568538,10.107695421972,
    -5.370391693827));
#11284 = CARTESIAN_POINT('',(15.962648924324,10.09790821664,
    -5.365001838751));
#11285 = CARTESIAN_POINT('',(15.978943848803,10.087842468195,
    -5.359760107799));
#11286 = CARTESIAN_POINT('',(16.033084738615,10.054398399266,
    -5.342344133992));
#11287 = CARTESIAN_POINT('',(16.085778745006,10.017857820435,
    -5.326545487309));
#11288 = CARTESIAN_POINT('',(16.136825147294,9.978510153587,
    -5.312380979188));
#11289 = CARTESIAN_POINT('',(16.173397565158,9.950319345824,
    -5.302232755482));
#11290 = CARTESIAN_POINT('',(16.209124327199,9.920686463479,
    -5.29292365076));
#11291 = CARTESIAN_POINT('',(16.243928934131,9.889702864815,
    -5.284465541809));
#11292 = CARTESIAN_POINT('',(16.253486192282,9.881194845991,
    -5.282142966213));
#11293 = CARTESIAN_POINT('',(16.262973894894,9.872584911195,
    -5.279884588993));
#11294 = CARTESIAN_POINT('',(16.272390402516,9.863874805046,
    -5.277690726247));
#11295 = CARTESIAN_POINT('',(16.282125587649,9.854869927729,
    -5.275422617852));
#11296 = CARTESIAN_POINT('',(16.291778931674,9.845763249344,
    -5.273224817448));
#11297 = CARTESIAN_POINT('',(16.301344843369,9.836561023722,
    -5.27109831532));
#11298 = CARTESIAN_POINT('',(16.349626097241,9.790115373208,
    -5.260365392798));
#11299 = CARTESIAN_POINT('',(16.395713406003,9.741209457679,
    -5.251439660165));
#11300 = CARTESIAN_POINT('',(16.43940387496,9.690137266355,
    -5.244337697391));
#11301 = CARTESIAN_POINT('',(16.483722367561,9.638330943664,
    -5.237133648266));
#11302 = CARTESIAN_POINT('',(16.525575487471,9.584295070921,
    -5.231805901148));
#11303 = CARTESIAN_POINT('',(16.564735593462,9.528290751305,
    -5.228392902655));
#11304 = CARTESIAN_POINT('',(16.58868233879,9.494043622878,-5.2263058244
    ));
#11305 = CARTESIAN_POINT('',(16.611621688442,9.459059549129,
    -5.224935181772));
#11306 = CARTESIAN_POINT('',(16.633496554924,9.423391393888,
    -5.224294258046));
#11307 = CARTESIAN_POINT('',(16.651048132586,9.394772595356,
    -5.223780004733));
#11308 = CARTESIAN_POINT('',(16.667914349715,9.365713286436,
    -5.223735596082));
#11309 = CARTESIAN_POINT('',(16.684063341845,9.336238824816,
    -5.224169644192));
#11310 = CARTESIAN_POINT('',(16.691618862153,9.322448806743,
    -5.224372719362));
#11311 = CARTESIAN_POINT('',(16.699019496309,9.308563489398,
    -5.224680748137));
#11312 = CARTESIAN_POINT('',(16.706248196035,9.294612394057,
    -5.225093732599));
#11313 = CARTESIAN_POINT('',(16.73866031791,9.232058322143,
    -5.226945476791));
#11314 = CARTESIAN_POINT('',(16.767669311318,9.168095460208,
    -5.230905467865));
#11315 = CARTESIAN_POINT('',(16.793049020385,9.1030058099,
    -5.237005376895));
#11316 = CARTESIAN_POINT('',(16.795145438758,9.097629265258,
    -5.237509242457));
#11317 = CARTESIAN_POINT('',(16.797217078973,9.092245011194,
    -5.238027722616));
#11318 = CARTESIAN_POINT('',(16.799263804879,9.086853195614,
    -5.238560842751));
#11319 = CARTESIAN_POINT('',(16.823080213464,9.024112169829,
    -5.244764412522));
#11320 = CARTESIAN_POINT('',(16.843526324246,8.960349368244,
    -5.25294809246));
#11321 = CARTESIAN_POINT('',(16.860700766522,8.895862719232,
    -5.262976563406));
#11322 = CARTESIAN_POINT('',(16.879104465118,8.826760454781,
    -5.273722819599));
#11323 = CARTESIAN_POINT('',(16.893752011186,8.756826262851,
    -5.286587308833));
#11324 = CARTESIAN_POINT('',(16.904714841238,8.686403863558,
    -5.301435089401));
#11325 = CARTESIAN_POINT('',(16.907019293529,8.671600655025,
    -5.304556181471));
#11326 = CARTESIAN_POINT('',(16.909160747212,8.656775824115,
    -5.307765014688));
#11327 = CARTESIAN_POINT('',(16.9111395713,8.641932501233,
    -5.311060500875));
#11328 = CARTESIAN_POINT('',(16.91270428621,8.630195445498,
    -5.313666339564));
#11329 = CARTESIAN_POINT('',(16.914166262454,8.618454498659,
    -5.316324670851));
#11330 = CARTESIAN_POINT('',(16.915525535503,8.606716320284,
    -5.319033554549));
#11331 = CARTESIAN_POINT('',(16.923496436462,8.537882573204,
    -5.334918695272));
#11332 = CARTESIAN_POINT('',(16.927946280621,8.469091600203,
    -5.352552016583));
#11333 = CARTESIAN_POINT('',(16.928991894156,8.400671782659,
    -5.371780309854));
#11334 = CARTESIAN_POINT('',(16.930059478034,8.330814333711,
    -5.391412626392));
#11335 = CARTESIAN_POINT('',(16.927578438113,8.261342894404,
    -5.412707823445));
#11336 = CARTESIAN_POINT('',(16.921628176077,8.192590530083,
    -5.435530052487));
#11337 = CARTESIAN_POINT('',(16.915642732656,8.123431662083,
    -5.458487219726));
#11338 = CARTESIAN_POINT('',(16.906146988858,8.054999358253,
    -5.482989796144));
#11339 = CARTESIAN_POINT('',(16.893175134589,7.987630985415,
    -5.508923297375));
#11340 = CARTESIAN_POINT('',(16.889970390611,7.970987382834,
    -5.515330263579));
#11341 = CARTESIAN_POINT('',(16.886553256177,7.954408752806,
    -5.521824669051));
#11342 = CARTESIAN_POINT('',(16.882923804444,7.937900282904,
    -5.528404979688));
#11343 = CARTESIAN_POINT('',(16.880068664802,7.924913752064,
    -5.533581438048));
#11344 = CARTESIAN_POINT('',(16.877081640481,7.911969056743,
    -5.538811761872));
#11345 = CARTESIAN_POINT('',(16.873967776234,7.899088424748,
    -5.54408701217));
#11346 = CARTESIAN_POINT('',(16.857522219203,7.831060678108,
    -5.571947709604));
#11347 = CARTESIAN_POINT('',(16.837516625571,7.764696860455,
    -5.601108090412));
#11348 = CARTESIAN_POINT('',(16.81404521035,7.700345856599,
    -5.631420332722));
#11349 = CARTESIAN_POINT('',(16.790548170415,7.635924598095,
    -5.661765668159));
#11350 = CARTESIAN_POINT('',(16.763577728749,7.573519467181,
    -5.693265698558));
#11351 = CARTESIAN_POINT('',(16.733181662604,7.513484052553,
    -5.725794463029));
#11352 = CARTESIAN_POINT('',(16.703461152527,7.454782931922,
    -5.757600271967));
#11353 = CARTESIAN_POINT('',(16.670465424616,7.398346402758,
    -5.790389958575));
#11354 = CARTESIAN_POINT('',(16.634196083013,7.344523414602,
    -5.824061987726));
#11355 = CARTESIAN_POINT('',(16.62883054509,7.336561062067,
    -5.829043289877));
#11356 = CARTESIAN_POINT('',(16.623393288172,7.32865595548,
    -5.834043926044));
#11357 = CARTESIAN_POINT('',(16.617884238438,7.320809279564,
    -5.839063591138));
#11358 = CARTESIAN_POINT('',(16.608595300269,7.30757881498,
    -5.847527366367));
#11359 = CARTESIAN_POINT('',(16.59910226188,7.294514462693,
    -5.856045239216));
#11360 = CARTESIAN_POINT('',(16.589409172454,7.281617336525,
    -5.864614863562));
#11361 = ORIENTED_EDGE('',*,*,#4584,.T.);
#11362 = ORIENTED_EDGE('',*,*,#11211,.T.);
#11363 = ORIENTED_EDGE('',*,*,#4555,.T.);
#11364 = ORIENTED_EDGE('',*,*,#4510,.T.);
#11365 = ORIENTED_EDGE('',*,*,#4463,.T.);
#11366 = ORIENTED_EDGE('',*,*,#4418,.T.);
#11367 = ORIENTED_EDGE('',*,*,#4373,.T.);
#11368 = ORIENTED_EDGE('',*,*,#4326,.T.);
#11369 = ORIENTED_EDGE('',*,*,#4281,.T.);
#11370 = ORIENTED_EDGE('',*,*,#4240,.T.);
#11371 = ORIENTED_EDGE('',*,*,#11372,.T.);
#11372 = EDGE_CURVE('',#4232,#3014,#11373,.T.);
#11373 = B_SPLINE_CURVE_WITH_KNOTS('',3,(#11374,#11375,#11376,#11377,
    #11378,#11379,#11380,#11381,#11382,#11383,#11384,#11385,#11386,
    #11387,#11388,#11389,#11390,#11391,#11392,#11393,#11394,#11395,
    #11396,#11397,#11398,#11399,#11400,#11401,#11402,#11403,#11404,
    #11405,#11406,#11407,#11408,#11409,#11410,#11411,#11412,#11413,
    #11414,#11415,#11416,#11417,#11418,#11419,#11420,#11421,#11422,
    #11423,#11424,#11425,#11426,#11427,#11428,#11429,#11430,#11431,
    #11432,#11433,#11434,#11435,#11436,#11437,#11438,#11439,#11440,
    #11441,#11442,#11443,#11444,#11445,#11446,#11447,#11448,#11449,
    #11450,#11451,#11452,#11453,#11454,#11455,#11456,#11457,#11458),
  .UNSPECIFIED.,.F.,.F.,(4,3,3,3,3,3,3,3,3,3,3,3,3,3,3,3,3,3,3,3,3,3,3,3
    ,3,3,3,3,4),(0.,2.196922880196E-02,4.454538596048E-02,
    6.353762577065E-02,7.211130619334E-02,7.681477601408E-02,
    8.106177883648E-02,0.103006485468,0.12477994849,0.142705787478,
    0.150369163975,0.154090367603,0.157595463612,0.178369326537,
    0.196483304442,0.218687926271,0.226643345247,0.230453486964,
    0.251129163457,0.271773935377,0.287393935575,0.296563273615,
    0.300766481105,0.320533399569,0.334030651823,0.338663026469,
    0.357696237635,0.374120279072,0.378621596831),.UNSPECIFIED.);
#11374 = CARTESIAN_POINT('',(18.528506583741,12.032364859813,
    -10.55288300459));
#11375 = CARTESIAN_POINT('',(18.465283525312,12.061014068651,
    -10.57622421958));
#11376 = CARTESIAN_POINT('',(18.401175543036,12.085814484147,
    -10.60111894744));
#11377 = CARTESIAN_POINT('',(18.336478222315,12.106841960756,
    -10.62739749816));
#11378 = CARTESIAN_POINT('',(18.269993554441,12.128450348598,
    -10.65440202783));
#11379 = CARTESIAN_POINT('',(18.20288560703,12.146074495931,
    -10.68286834843));
#11380 = CARTESIAN_POINT('',(18.13547338726,12.159744683678,
    -10.71262821503));
#11381 = CARTESIAN_POINT('',(18.078762715243,12.171244757944,
    -10.73766376555));
#11382 = CARTESIAN_POINT('',(18.02183638864,12.179945631246,
    -10.76361520308));
#11383 = CARTESIAN_POINT('',(17.964890813127,12.185837899,
    -10.79038703965));
#11384 = CARTESIAN_POINT('',(17.93918383118,12.188497849653,
    -10.80247266901));
#11385 = CARTESIAN_POINT('',(17.913473047673,12.190585104382,
    -10.81472552222));
#11386 = CARTESIAN_POINT('',(17.887777281288,12.192097191566,
    -10.82713690344));
#11387 = CARTESIAN_POINT('',(17.873680737475,12.192926713555,
    -10.83394571298));
#11388 = CARTESIAN_POINT('',(17.859588722682,12.193583118498,
    -10.84080223259));
#11389 = CARTESIAN_POINT('',(17.845504420951,12.194065873793,
    -10.84770502401));
#11390 = CARTESIAN_POINT('',(17.832786986487,12.194501778174,
    -10.85393790648));
#11391 = CARTESIAN_POINT('',(17.82007422911,12.19479601371,
    -10.86020934669));
#11392 = CARTESIAN_POINT('',(17.807387733969,12.194948217864,
    -10.8665086567));
#11393 = CARTESIAN_POINT('',(17.741835290119,12.195734672604,
    -10.8990578487));
#11394 = CARTESIAN_POINT('',(17.676867905178,12.192738305172,
    -10.93240651794));
#11395 = CARTESIAN_POINT('',(17.612783610448,12.185990830288,
    -10.96639649353));
#11396 = CARTESIAN_POINT('',(17.549199391935,12.179296008738,
    -11.0001212313));
#11397 = CARTESIAN_POINT('',(17.486483690741,12.168908125354,
    -11.03447780553));
#11398 = CARTESIAN_POINT('',(17.424946692606,12.154811106934,
    -11.06931576329));
#11399 = CARTESIAN_POINT('',(17.374283997414,12.143205195548,
    -11.09799744891));
#11400 = CARTESIAN_POINT('',(17.324420366703,12.129084317917,
    -11.12700561052));
#11401 = CARTESIAN_POINT('',(17.275544704161,12.11241710138,
    -11.15625485277));
#11402 = CARTESIAN_POINT('',(17.254650139401,12.105291791621,
    -11.1687590349));
#11403 = CARTESIAN_POINT('',(17.233936345224,12.097700868222,
    -11.18130724282));
#11404 = CARTESIAN_POINT('',(17.213419112639,12.089640805622,
    -11.19389259877));
#11405 = CARTESIAN_POINT('',(17.203456297899,12.085726978055,
    -11.20000383084));
#11406 = CARTESIAN_POINT('',(17.193539840646,12.081702522384,
    -11.20612381975));
#11407 = CARTESIAN_POINT('',(17.183671608566,12.077566981833,
    -11.21225176352));
#11408 = CARTESIAN_POINT('',(17.174376470666,12.073671611376,
    -11.21802382906));
#11409 = CARTESIAN_POINT('',(17.165131676164,12.069680839645,
    -11.22379826287));
#11410 = CARTESIAN_POINT('',(17.155939754292,12.065595280724,
    -11.22957362308));
#11411 = CARTESIAN_POINT('',(17.101461439145,12.04138115341,
    -11.26380279712));
#11412 = CARTESIAN_POINT('',(17.048823149975,12.013834575522,
    -11.29807395378));
#11413 = CARTESIAN_POINT('',(16.998296755018,11.982945883575,
    -11.33225394856));
#11414 = CARTESIAN_POINT('',(16.954239758724,11.956012179165,
    -11.36205753746));
#11415 = CARTESIAN_POINT('',(16.911788531646,11.926536686052,
    -11.39179199294));
#11416 = CARTESIAN_POINT('',(16.87114409808,11.894488320664,
    -11.42136577591));
#11417 = CARTESIAN_POINT('',(16.8213210122,11.855202536095,-11.457618148
    ));
#11418 = CARTESIAN_POINT('',(16.774211460584,11.81205021186,
    -11.49362992682));
#11419 = CARTESIAN_POINT('',(16.729990083264,11.765372326851,
    -11.52921536021));
#11420 = CARTESIAN_POINT('',(16.714146553615,11.748648685484,
    -11.54196482446));
#11421 = CARTESIAN_POINT('',(16.698674246559,11.731472251717,
    -11.55465938732));
#11422 = CARTESIAN_POINT('',(16.683582880872,11.713858072872,
    -11.56728984561));
#11423 = CARTESIAN_POINT('',(16.676355072739,11.705421997055,
    -11.573339035));
#11424 = CARTESIAN_POINT('',(16.669219634781,11.696891251334,
    -11.57936936815));
#11425 = CARTESIAN_POINT('',(16.662180657993,11.688272132778,
    -11.58537698175));
#11426 = CARTESIAN_POINT('',(16.623983756749,11.641500616092,
    -11.61797720625));
#11427 = CARTESIAN_POINT('',(16.588590240427,11.592090094152,
    -11.64993755348));
#11428 = CARTESIAN_POINT('',(16.55610124227,11.540354641443,
    -11.68111679133));
#11429 = CARTESIAN_POINT('',(16.523660806424,11.488696519314,
    -11.71224942461));
#11430 = CARTESIAN_POINT('',(16.494115962642,11.43471936362,
    -11.74260370919));
#11431 = CARTESIAN_POINT('',(16.467611341999,11.378713714056,
    -11.77202345794));
#11432 = CARTESIAN_POINT('',(16.447557733208,11.33633938991,
    -11.79428267606));
#11433 = CARTESIAN_POINT('',(16.429245387191,11.292803291192,
    -11.81600663822));
#11434 = CARTESIAN_POINT('',(16.412755019595,11.248228262238,
    -11.83711952451));
#11435 = CARTESIAN_POINT('',(16.40307475372,11.222061584681,
    -11.84951332661));
#11436 = CARTESIAN_POINT('',(16.39402263917,11.195536870045,
    -11.86169640945));
#11437 = CARTESIAN_POINT('',(16.385617650473,11.168679135485,
    -11.87365206394));
#11438 = CARTESIAN_POINT('',(16.381764819299,11.156367599953,
    -11.8791325137));
#11439 = CARTESIAN_POINT('',(16.378050419138,11.143993696052,
    -11.88456175216));
#11440 = CARTESIAN_POINT('',(16.374477248411,11.131565218597,
    -11.88993612992));
#11441 = CARTESIAN_POINT('',(16.357673277969,11.073116355193,
    -11.91521084865));
#11442 = CARTESIAN_POINT('',(16.343977726774,11.013424123431,
    -11.93929028729));
#11443 = CARTESIAN_POINT('',(16.333537994712,10.952753004095,
    -11.96202439686));
#11444 = CARTESIAN_POINT('',(16.326409534232,10.911325535079,
    -11.97754770729));
#11445 = CARTESIAN_POINT('',(16.320799981831,10.869441481815,
    -11.99244336821));
#11446 = CARTESIAN_POINT('',(16.316768613614,10.827185820725,
    -12.00665721097));
#11447 = CARTESIAN_POINT('',(16.315385012895,10.812683309444,
    -12.01153552572));
#11448 = CARTESIAN_POINT('',(16.314187289936,10.798135435767,
    -12.0163339966));
#11449 = CARTESIAN_POINT('',(16.313178466357,10.783550733461,
    -12.02104864929));
#11450 = CARTESIAN_POINT('',(16.30903347514,10.723626020969,
    -12.04041991934));
#11451 = CARTESIAN_POINT('',(16.308082966218,10.663219185616,
    -12.05833312513));
#11452 = CARTESIAN_POINT('',(16.310475080734,10.602571564815,
    -12.07464452797));
#11453 = CARTESIAN_POINT('',(16.312539271982,10.550237829412,
    -12.08871988045));
#11454 = CARTESIAN_POINT('',(16.317093075354,10.497724508378,
    -12.10160226878));
#11455 = CARTESIAN_POINT('',(16.324258276782,10.445193174236,
    -12.11318415802));
#11456 = CARTESIAN_POINT('',(16.326222035128,10.430795973143,
    -12.11635839282));
#11457 = CARTESIAN_POINT('',(16.328382095447,10.416397472822,
    -12.11943485167));
#11458 = CARTESIAN_POINT('',(16.330736485864,10.402001588988,
    -12.12241339017));
#11459 = B_SPLINE_SURFACE_WITH_KNOTS('',3,3,(
    (#11460,#11461,#11462,#11463,#11464,#11465,#11466,#11467,#11468
      ,#11469,#11470,#11471,#11472,#11473,#11474,#11475,#11476,#11477
      ,#11478,#11479,#11480,#11481,#11482,#11483,#11484,#11485,#11486
      ,#11487,#11488,#11489,#11490,#11491,#11492,#11493,#11494,#11495
      ,#11496,#11497,#11498,#11499,#11500,#11501,#11502,#11503,#11504
      ,#11505,#11506,#11507,#11508,#11509,#11510,#11511,#11512,#11513
      ,#11514,#11515,#11516,#11517,#11518,#11519)
    ,(#11520,#11521,#11522,#11523,#11524,#11525,#11526,#11527,#11528
      ,#11529,#11530,#11531,#11532,#11533,#11534,#11535,#11536,#11537
      ,#11538,#11539,#11540,#11541,#11542,#11543,#11544,#11545,#11546
      ,#11547,#11548,#11549,#11550,#11551,#11552,#11553,#11554,#11555
      ,#11556,#11557,#11558,#11559,#11560,#11561,#11562,#11563,#11564
      ,#11565,#11566,#11567,#11568,#11569,#11570,#11571,#11572,#11573
      ,#11574,#11575,#11576,#11577,#11578,#11579)
    ,(#11580,#11581,#11582,#11583,#11584,#11585,#11586,#11587,#11588
      ,#11589,#11590,#11591,#11592,#11593,#11594,#11595,#11596,#11597
      ,#11598,#11599,#11600,#11601,#11602,#11603,#11604,#11605,#11606
      ,#11607,#11608,#11609,#11610,#11611,#11612,#11613,#11614,#11615
      ,#11616,#11617,#11618,#11619,#11620,#11621,#11622,#11623,#11624
      ,#11625,#11626,#11627,#11628,#11629,#11630,#11631,#11632,#11633
      ,#11634,#11635,#11636,#11637,#11638,#11639)
    ,(#11640,#11641,#11642,#11643,#11644,#11645,#11646,#11647,#11648
      ,#11649,#11650,#11651,#11652,#11653,#11654,#11655,#11656,#11657
      ,#11658,#11659,#11660,#11661,#11662,#11663,#11664,#11665,#11666
      ,#11667,#11668,#11669,#11670,#11671,#11672,#11673,#11674,#11675
      ,#11676,#11677,#11678,#11679,#11680,#11681,#11682,#11683,#11684
      ,#11685,#11686,#11687,#11688,#11689,#11690,#11691,#11692,#11693
      ,#11694,#11695,#11696,#11697,#11698,#11699
  )),.UNSPECIFIED.,.F.,.F.,.F.,(4,4),(4,1,1,1,1,1,1,1,1,1,1,1,1,1,1,1,1,
    1,1,1,1,1,1,1,1,1,1,1,1,1,1,1,1,1,1,1,1,1,1,1,1,1,1,1,1,1,1,1,1,1,1,
    1,1,1,1,1,1,4),(0.,4.488898342949E-02),(11.861580004257,
    12.855542900576,13.849505796896,14.843468693215,15.837431589535,
    16.831394485854,17.825357382174,18.819320278493,19.813283174813,
    20.807246071132,21.801208967452,22.795171863771,23.789134760091,
    24.78309765641,25.77706055273,26.771023449049,27.764986345369,
    28.758949241688,29.752912138008,30.746875034327,31.740837930647,
    32.734800826966,33.728763723286,34.722726619605,35.716689515925,
    36.710652412244,37.704615308564,38.698578204883,39.692541101203,
    40.686503997522,41.680466893841,42.674429790161,43.668392686481,
    44.6623555828,45.656318479119,46.650281375439,47.644244271759,
    48.638207168078,49.632170064397,50.626132960717,51.620095857037,
    52.614058753356,53.608021649675,54.601984545995,55.595947442314,
    56.589910338634,57.583873234954,58.577836131273,59.571799027592,
    60.565761923912,61.559724820231,62.553687716551,63.54765061287,
    64.54161350919,65.535576405509,66.529539301829,67.523502198148,
    68.517465094468),.UNSPECIFIED.);
#11460 = CARTESIAN_POINT('',(15.608704142692,10.258025556264,
    -5.495752335001));
#11461 = CARTESIAN_POINT('',(16.103132997408,10.057967496755,
    -5.348911953342));
#11462 = CARTESIAN_POINT('',(16.93749837709,9.134267726132,
    -5.283622936001));
#11463 = CARTESIAN_POINT('',(16.654568468583,7.436385007444,
    -6.043091187932));
#11464 = CARTESIAN_POINT('',(15.130878153463,7.008837348171,
    -7.056225498913));
#11465 = CARTESIAN_POINT('',(13.798865997928,8.259610373582,
    -7.489031280556));
#11466 = CARTESIAN_POINT('',(13.911546773428,10.079542291035,
    -7.035188576916));
#11467 = CARTESIAN_POINT('',(15.41094141873,10.837530953675,
    -6.19454555039));
#11468 = CARTESIAN_POINT('',(16.976868633237,9.870303993762,
    -5.818663091308));
#11469 = CARTESIAN_POINT('',(17.229328729359,8.082100766493,
    -6.336509625896));
#11470 = CARTESIAN_POINT('',(15.9822531233,7.124224197047,-7.36442935187
    ));
#11471 = CARTESIAN_POINT('',(14.413210050801,7.892698912379,
    -8.054978121572));
#11472 = CARTESIAN_POINT('',(13.992428213286,9.714008894961,
    -7.867468911303));
#11473 = CARTESIAN_POINT('',(15.146119983529,10.95726423741,
    -7.059592898198));
#11474 = CARTESIAN_POINT('',(16.868876175064,10.517214014525,
    -6.453113135085));
#11475 = CARTESIAN_POINT('',(17.637874895965,8.819141017311,
    -6.686672000991));
#11476 = CARTESIAN_POINT('',(16.79749692504,7.432201991839,
    -7.635102571641));
#11477 = CARTESIAN_POINT('',(15.15546004704,7.642648240641,
    -8.523237186777));
#11478 = CARTESIAN_POINT('',(14.248392857526,9.284303154726,
    -8.630732603587));
#11479 = CARTESIAN_POINT('',(14.94464986857,10.889655038672,
    -7.947045702229));
#11480 = CARTESIAN_POINT('',(16.65475455477,11.024201617252,
    -7.181019882782));
#11481 = CARTESIAN_POINT('',(17.867384487767,9.590777401323,
    -7.116365620083));
#11482 = CARTESIAN_POINT('',(17.523548560769,7.91790244441,
    -7.899067762263));
#11483 = CARTESIAN_POINT('',(15.979480161006,7.551818500679,
    -8.904648069208));
#11484 = CARTESIAN_POINT('',(14.682730080797,8.85056104829,
    -9.305975204912));
#11485 = CARTESIAN_POINT('',(14.85597369665,10.658413651315,
    -8.825338078814));
#11486 = CARTESIAN_POINT('',(16.385287190554,11.356748999009,
    -7.986956056708));
#11487 = CARTESIAN_POINT('',(17.923733367637,10.335773938328,
    -7.64032985656));
#11488 = CARTESIAN_POINT('',(18.116071092802,8.548986985585,
    -8.187828733387));
#11489 = CARTESIAN_POINT('',(16.831015135647,7.646204983314,
    -9.218834203315));
#11490 = CARTESIAN_POINT('',(15.280607927144,8.473458812125,
    -9.883096972524));
#11491 = CARTESIAN_POINT('',(14.918163863248,10.303735541417,
    -9.663830398633));
#11492 = CARTESIAN_POINT('',(16.116835854517,11.498018606245,
    -8.847601353849));
#11493 = CARTESIAN_POINT('',(17.830324160385,10.995571890974,
    -8.263767849406));
#11494 = CARTESIAN_POINT('',(18.544229706285,9.278419395555,
    -8.530381079525));
#11495 = CARTESIAN_POINT('',(17.653029090272,7.93306248175,
    -9.492219251037));
#11496 = CARTESIAN_POINT('',(16.010649782638,8.207945500995,
    -10.36192378761));
#11497 = CARTESIAN_POINT('',(15.154032282681,9.878301470907,
    -10.43590907848));
#11498 = CARTESIAN_POINT('',(15.90565917592,11.450522580744,
    -9.734101266707));
#11499 = CARTESIAN_POINT('',(17.625708764493,11.520230646517,
    -8.981820262485));
#11500 = CARTESIAN_POINT('',(18.79381603347,10.049215033185,
    -8.9502790335));
#11501 = CARTESIAN_POINT('',(18.391472491246,8.40017592505,
    -9.75535416644));
#11502 = CARTESIAN_POINT('',(16.828109612716,8.097682192821,
    -10.7522247999));
#11503 = CARTESIAN_POINT('',(15.56882226814,9.441949674545,
    -11.1216786513));
#11504 = CARTESIAN_POINT('',(15.802221734703,11.235867976761,
    -10.61498608601));
#11505 = CARTESIAN_POINT('',(17.35968897408,11.873479989385,
    -9.780056508099));
#11506 = CARTESIAN_POINT('',(18.868684353141,10.800204832735,
    -9.463253444206));
#11507 = CARTESIAN_POINT('',(19.000751882339,9.017096573365,
    -10.03982547171));
#11508 = CARTESIAN_POINT('',(17.679393879404,8.170624392807,
    -11.07272671916));
#11509 = CARTESIAN_POINT('',(16.149686898607,9.055624647941,
    -11.70996941713));
#11510 = CARTESIAN_POINT('',(15.84607203256,10.892567473538,
    -11.45936390806));
#11511 = CARTESIAN_POINT('',(17.088312340091,12.036396088567,
    -10.63591565024));
#11512 = CARTESIAN_POINT('',(18.790295773369,11.472209279572,
    -10.07565741195));
#11513 = CARTESIAN_POINT('',(19.448471113404,9.738248961046,
    -10.3749877456));
#11514 = CARTESIAN_POINT('',(18.507229917186,8.43614151586,
    -11.34936116104));
#11515 = CARTESIAN_POINT('',(16.867484984382,8.775315893945,
    -12.19918919353));
#11516 = CARTESIAN_POINT('',(16.060859393565,10.471933357809,
    -12.24059748954));
#11517 = CARTESIAN_POINT('',(16.870238471012,12.009804083706,
    -11.51982968736));
#11518 = CARTESIAN_POINT('',(18.016951619262,12.011373976749,
    -11.03126444104));
#11519 = CARTESIAN_POINT('',(18.494021123854,11.759892210501,
    -10.90794847991));
#11520 = CARTESIAN_POINT('',(15.608363759582,10.354770437927,
    -5.381605795931));
#11521 = CARTESIAN_POINT('',(16.14000663814,10.138433876697,
    -5.220857601028));
#11522 = CARTESIAN_POINT('',(17.036783480232,9.141452183749,
    -5.145517521272));
#11523 = CARTESIAN_POINT('',(16.728117361186,7.309352968499,
    -5.956598843682));
#11524 = CARTESIAN_POINT('',(15.082183110823,6.846396886764,
    -7.041076653404));
#11525 = CARTESIAN_POINT('',(13.642835960528,8.192303139607,
    -7.500087335194));
#11526 = CARTESIAN_POINT('',(13.760551564587,10.151638096273,
    -7.003485026167));
#11527 = CARTESIAN_POINT('',(15.372841185883,10.966430670413,
    -6.089996634846));
#11528 = CARTESIAN_POINT('',(17.05683835363,9.921818431671,
    -5.677418404925));
#11529 = CARTESIAN_POINT('',(17.325205469366,7.992373478207,
    -6.228084404026));
#11530 = CARTESIAN_POINT('',(15.977401327853,6.957838913703,
    -7.328497654768));
#11531 = CARTESIAN_POINT('',(14.28258673219,7.783933157379,
    -8.065298860953));
#11532 = CARTESIAN_POINT('',(13.825346407745,9.744753366613,
    -7.855745760693));
#11533 = CARTESIAN_POINT('',(15.065043999785,11.08255720275,
    -6.977573037548));
#11534 = CARTESIAN_POINT('',(16.918068476857,10.606126094097,
    -6.316461388762));
#11535 = CARTESIAN_POINT('',(17.743151166228,8.773821800246,
    -6.560727508057));
#11536 = CARTESIAN_POINT('',(16.833678054338,7.276851824579,
    -7.575468848546));
#11537 = CARTESIAN_POINT('',(15.060192113781,7.501513526822,
    -8.525224347026));
#11538 = CARTESIAN_POINT('',(14.078842621693,9.268704896474,
    -8.633621661915));
#11539 = CARTESIAN_POINT('',(14.825525670091,10.996769545918,
    -7.889297617783));
#11540 = CARTESIAN_POINT('',(16.66491459367,11.139628017155,
    -7.056230242915));
#11541 = CARTESIAN_POINT('',(17.968134624329,9.592557181205,
    -6.979087884716));
#11542 = CARTESIAN_POINT('',(17.593825148919,7.787410859262,
    -7.815210255206));
#11543 = CARTESIAN_POINT('',(15.92592778382,7.390699209239,
    -8.891546502055));
#11544 = CARTESIAN_POINT('',(14.524585432297,8.788306107082,
    -9.316630093805));
#11545 = CARTESIAN_POINT('',(14.707574521804,10.734622206806,
    -8.791149262334));
#11546 = CARTESIAN_POINT('',(16.35211011303,11.485121564802,
    -7.880097738872));
#11547 = CARTESIAN_POINT('',(18.006488737692,10.382580638222,
    -7.499051352252));
#11548 = CARTESIAN_POINT('',(18.210057097574,8.454662118693,
    -8.081676085758));
#11549 = CARTESIAN_POINT('',(16.821318451006,7.479507438088,
    -9.185415093051));
#11550 = CARTESIAN_POINT('',(15.146589237572,8.368952700078,
    -9.893885744383));
#11551 = CARTESIAN_POINT('',(14.752224263675,10.339437099556,
    -9.650105157429));
#11552 = CARTESIAN_POINT('',(16.040400688371,11.62445953984,
    -8.762929694509));
#11553 = CARTESIAN_POINT('',(17.883436413319,11.08077867021,
    -8.126225755586));
#11554 = CARTESIAN_POINT('',(18.649140719249,9.227910853559,
    -8.406117244314));
#11555 = CARTESIAN_POINT('',(17.684891920399,7.775757292462,
    -9.435309043774));
#11556 = CARTESIAN_POINT('',(15.911036915649,8.069867728836,
    -10.36520095167));
#11557 = CARTESIAN_POINT('',(14.984061146094,9.867992554366,
    -10.43748168576));
#11558 = CARTESIAN_POINT('',(15.790420807721,11.560349481235,
    -9.673627266636));
#11559 = CARTESIAN_POINT('',(17.640528159243,11.633326228009,
    -8.855373794012));
#11560 = CARTESIAN_POINT('',(18.895762503545,10.045740093947,
    -8.813920038126));
#11561 = CARTESIAN_POINT('',(18.45839462551,8.266283599616,
    -9.674155595484));
#11562 = CARTESIAN_POINT('',(16.769702035622,7.938108278486,
    -10.74110472076));
#11563 = CARTESIAN_POINT('',(15.408736312985,9.384781090462,
    -11.1318358887));
#11564 = CARTESIAN_POINT('',(15.65656024219,11.316079063959,
    -10.57827299699));
#11565 = CARTESIAN_POINT('',(17.331439408532,12.001131958332,
    -9.670942452667));
#11566 = CARTESIAN_POINT('',(18.954076519338,10.842222976138,
    -9.322038879016));
#11567 = CARTESIAN_POINT('',(19.092686800364,8.918269282843,
    -9.935998105203));
#11568 = CARTESIAN_POINT('',(17.664822494512,8.003804264528,
    -11.0417803457));
#11569 = CARTESIAN_POINT('',(16.012403595522,8.955487534119,
    -11.72112927459));
#11570 = CARTESIAN_POINT('',(15.681443619927,10.933156526288,
    -11.44357217522));
#11571 = CARTESIAN_POINT('',(17.016577152991,12.16380011354,
    -10.54861598084));
#11572 = CARTESIAN_POINT('',(18.847213143561,11.553576937014,
    -9.937321018509));
#11573 = CARTESIAN_POINT('',(19.552852486217,9.682593966077,
    -10.25247438347));
#11574 = CARTESIAN_POINT('',(18.534670895166,8.277053865381,
    -11.29517643208));
#11575 = CARTESIAN_POINT('',(16.763655169851,8.640456314005,
    -12.2036458193));
#11576 = CARTESIAN_POINT('',(15.890559735742,10.466885281702,
    -12.24081568361));
#11577 = CARTESIAN_POINT('',(16.759163610712,12.122220013555,
    -11.45652654494));
#11578 = CARTESIAN_POINT('',(17.992582978281,12.122476488025,
    -10.92498734025));
#11579 = CARTESIAN_POINT('',(18.50551627715,11.850716426938,
    -10.78959332147));
#11580 = CARTESIAN_POINT('',(15.608023376473,10.451515319591,
    -5.267459256861));
#11581 = CARTESIAN_POINT('',(16.176880278872,10.218900256638,
    -5.092803248713));
#11582 = CARTESIAN_POINT('',(17.136068583373,9.148636641365,
    -5.007412106542));
#11583 = CARTESIAN_POINT('',(16.801666253789,7.182320929554,
    -5.870106499432));
#11584 = CARTESIAN_POINT('',(15.033488068182,6.683956425357,
    -7.025927807896));
#11585 = CARTESIAN_POINT('',(13.486805923129,8.124995905632,
    -7.511143389832));
#11586 = CARTESIAN_POINT('',(13.609556355746,10.223733901511,
    -6.971781475418));
#11587 = CARTESIAN_POINT('',(15.334740953036,11.095330387151,
    -5.985447719302));
#11588 = CARTESIAN_POINT('',(17.136808074024,9.973332869579,
    -5.536173718543));
#11589 = CARTESIAN_POINT('',(17.421082209373,7.90264618992,
    -6.119659182157));
#11590 = CARTESIAN_POINT('',(15.972549532406,6.791453630359,
    -7.292565957667));
#11591 = CARTESIAN_POINT('',(14.151963413579,7.675167402379,
    -8.075619600333));
#11592 = CARTESIAN_POINT('',(13.658264602204,9.775497838264,
    -7.844022610082));
#11593 = CARTESIAN_POINT('',(14.98396801604,11.20785016809,
    -6.895553176898));
#11594 = CARTESIAN_POINT('',(16.967260778651,10.695038173668,
    -6.179809642439));
#11595 = CARTESIAN_POINT('',(17.848427436491,8.728502583181,
    -6.434783015123));
#11596 = CARTESIAN_POINT('',(16.869859183636,7.121501657318,
    -7.515835125452));
#11597 = CARTESIAN_POINT('',(14.964924180521,7.360378813002,
    -8.527211507275));
#11598 = CARTESIAN_POINT('',(13.909292385859,9.253106638222,
    -8.636510720243));
#11599 = CARTESIAN_POINT('',(14.706401471613,11.103884053165,
    -7.831549533337));
#11600 = CARTESIAN_POINT('',(16.675074632571,11.255054417059,
    -6.931440603048));
#11601 = CARTESIAN_POINT('',(18.06888476089,9.594336961088,
    -6.841810149349));
#11602 = CARTESIAN_POINT('',(17.664101737068,7.656919274114,
    -7.731352748148));
#11603 = CARTESIAN_POINT('',(15.872375406634,7.229579917798,
    -8.878444934902));
#11604 = CARTESIAN_POINT('',(14.366440783798,8.726051165874,
    -9.327284982698));
#11605 = CARTESIAN_POINT('',(14.559175346959,10.810830762296,
    -8.756960445854));
#11606 = CARTESIAN_POINT('',(16.318933035506,11.613494130595,
    -7.773239421037));
#11607 = CARTESIAN_POINT('',(18.089244107747,10.429387338117,
    -7.357772847944));
#11608 = CARTESIAN_POINT('',(18.304043102346,8.3603372518,
    -7.975523438129));
#11609 = CARTESIAN_POINT('',(16.811621766365,7.312809892863,
    -9.151995982787));
#11610 = CARTESIAN_POINT('',(15.012570547999,8.264446588032,
    -9.904674516241));
#11611 = CARTESIAN_POINT('',(14.586284664102,10.375138657695,
    -9.636379916225));
#11612 = CARTESIAN_POINT('',(15.963965522224,11.750900473435,
    -8.678258035169));
#11613 = CARTESIAN_POINT('',(17.936548666254,11.165985449447,
    -7.988683661765));
#11614 = CARTESIAN_POINT('',(18.754051732212,9.177402311563,
    -8.281853409102));
#11615 = CARTESIAN_POINT('',(17.716754750527,7.618452103175,
    -9.378398836512));
#11616 = CARTESIAN_POINT('',(15.811424048661,7.931789956676,
    -10.36847811574));
#11617 = CARTESIAN_POINT('',(14.814090009508,9.857683637825,
    -10.43905429303));
#11618 = CARTESIAN_POINT('',(15.675182439523,11.670176381727,
    -9.613153266564));
#11619 = CARTESIAN_POINT('',(17.655347553993,11.746421809502,
    -8.728927325538));
#11620 = CARTESIAN_POINT('',(18.997708973621,10.04226515471,
    -8.677561042751));
#11621 = CARTESIAN_POINT('',(18.525316759775,8.132391274183,
    -9.592957024529));
#11622 = CARTESIAN_POINT('',(16.711294458528,7.778534364152,
    -10.72998464161));
#11623 = CARTESIAN_POINT('',(15.248650357831,9.327612506379,
    -11.14199312609));
#11624 = CARTESIAN_POINT('',(15.510898749678,11.396290151157,
    -10.54155990796));
#11625 = CARTESIAN_POINT('',(17.303189842983,12.128783927279,
    -9.561828397235));
#11626 = CARTESIAN_POINT('',(19.039468685536,10.884241119541,
    -9.180824313826));
#11627 = CARTESIAN_POINT('',(19.18462171839,8.819441992322,
    -9.832170738694));
#11628 = CARTESIAN_POINT('',(17.65025110962,7.836984136248,
    -11.01083397225));
#11629 = CARTESIAN_POINT('',(15.875120292437,8.855350420298,
    -11.73228913206));
#11630 = CARTESIAN_POINT('',(15.516815207295,10.973745579039,
    -11.42778044239));
#11631 = CARTESIAN_POINT('',(16.944841965891,12.291204138513,
    -10.46131631144));
#11632 = CARTESIAN_POINT('',(18.904130513753,11.634944594456,
    -9.798984625061));
#11633 = CARTESIAN_POINT('',(19.657233859029,9.626938971108,
    -10.12996102134));
#11634 = CARTESIAN_POINT('',(18.562111873146,8.117966214902,
    -11.24099170311));
#11635 = CARTESIAN_POINT('',(16.659825355321,8.505596734066,
    -12.20810244507));
#11636 = CARTESIAN_POINT('',(15.72026007792,10.461837205595,
    -12.24103387768));
#11637 = CARTESIAN_POINT('',(16.648088750413,12.234635943404,
    -11.39322340252));
#11638 = CARTESIAN_POINT('',(17.9682143373,12.2335789993,-10.81871023945
    ));
#11639 = CARTESIAN_POINT('',(18.517011430445,11.941540643376,
    -10.67123816303));
#11640 = CARTESIAN_POINT('',(15.607682993364,10.548260201254,
    -5.153312717791));
#11641 = CARTESIAN_POINT('',(16.213753919604,10.299366636579,
    -4.964748896398));
#11642 = CARTESIAN_POINT('',(17.235353686515,9.155821098982,
    -4.869306691813));
#11643 = CARTESIAN_POINT('',(16.875215146391,7.05528889061,
    -5.783614155182));
#11644 = CARTESIAN_POINT('',(14.984793025542,6.52151596395,
    -7.010778962388));
#11645 = CARTESIAN_POINT('',(13.330775885729,8.057688671656,
    -7.52219944447));
#11646 = CARTESIAN_POINT('',(13.458561146904,10.295829706749,
    -6.940077924669));
#11647 = CARTESIAN_POINT('',(15.296640720189,11.22423010389,
    -5.880898803758));
#11648 = CARTESIAN_POINT('',(17.216777794418,10.024847307488,
    -5.39492903216));
#11649 = CARTESIAN_POINT('',(17.51695894938,7.812918901633,
    -6.011233960288));
#11650 = CARTESIAN_POINT('',(15.967697736959,6.625068347015,
    -7.256634260565));
#11651 = CARTESIAN_POINT('',(14.021340094968,7.566401647379,
    -8.085940339714));
#11652 = CARTESIAN_POINT('',(13.491182796663,9.806242309916,
    -7.832299459472));
#11653 = CARTESIAN_POINT('',(14.902892032296,11.33314313343,
    -6.813533316248));
#11654 = CARTESIAN_POINT('',(17.016453080444,10.78395025324,
    -6.043157896116));
#11655 = CARTESIAN_POINT('',(17.953703706753,8.683183366116,
    -6.308838522189));
#11656 = CARTESIAN_POINT('',(16.906040312935,6.966151490058,
    -7.456201402357));
#11657 = CARTESIAN_POINT('',(14.869656247262,7.219244099183,
    -8.529198667523));
#11658 = CARTESIAN_POINT('',(13.739742150026,9.23750837997,
    -8.639399778571));
#11659 = CARTESIAN_POINT('',(14.587277273135,11.210998560412,
    -7.773801448891));
#11660 = CARTESIAN_POINT('',(16.685234671471,11.370480816962,
    -6.806650963181));
#11661 = CARTESIAN_POINT('',(18.169634897452,9.59611674097,
    -6.704532413982));
#11662 = CARTESIAN_POINT('',(17.734378325218,7.526427688965,
    -7.64749524109));
#11663 = CARTESIAN_POINT('',(15.818823029447,7.068460626357,
    -8.865343367748));
#11664 = CARTESIAN_POINT('',(14.208296135299,8.663796224665,
    -9.337939871592));
#11665 = CARTESIAN_POINT('',(14.410776172113,10.887039317787,
    -8.722771629375));
#11666 = CARTESIAN_POINT('',(16.285755957982,11.741866696389,
    -7.666381103201));
#11667 = CARTESIAN_POINT('',(18.171999477802,10.476194038011,
    -7.216494343636));
#11668 = CARTESIAN_POINT('',(18.398029107118,8.266012384907,
    -7.8693707905));
#11669 = CARTESIAN_POINT('',(16.801925081724,7.146112347638,
    -9.118576872523));
#11670 = CARTESIAN_POINT('',(14.878551858427,8.159940475985,
    -9.915463288099));
#11671 = CARTESIAN_POINT('',(14.42034506453,10.410840215834,
    -9.622654675022));
#11672 = CARTESIAN_POINT('',(15.887530356078,11.87734140703,
    -8.59358637583));
#11673 = CARTESIAN_POINT('',(17.989660919188,11.251192228683,
    -7.851141567945));
#11674 = CARTESIAN_POINT('',(18.858962745176,9.126893769567,
    -8.15758957389));
#11675 = CARTESIAN_POINT('',(17.748617580654,7.461146913887,
    -9.32148862925));
#11676 = CARTESIAN_POINT('',(15.711811181672,7.793712184517,
    -10.37175527981));
#11677 = CARTESIAN_POINT('',(14.644118872921,9.847374721284,
    -10.44062690031));
#11678 = CARTESIAN_POINT('',(15.559944071325,11.780003282217,
    -9.552679266493));
#11679 = CARTESIAN_POINT('',(17.670166948743,11.859517390994,
    -8.602480857065));
#11680 = CARTESIAN_POINT('',(19.099655443696,10.038790215473,
    -8.541202047377));
#11681 = CARTESIAN_POINT('',(18.592238894039,7.998498948749,
    -9.511758453574));
#11682 = CARTESIAN_POINT('',(16.652886881434,7.618960449817,
    -10.71886456247));
#11683 = CARTESIAN_POINT('',(15.088564402676,9.270443922295,
    -11.15215036348));
#11684 = CARTESIAN_POINT('',(15.365237257165,11.476501238354,
    -10.50484681894));
#11685 = CARTESIAN_POINT('',(17.274940277435,12.256435896227,
    -9.452714341803));
#11686 = CARTESIAN_POINT('',(19.124860851734,10.926259262944,
    -9.039609748636));
#11687 = CARTESIAN_POINT('',(19.276556636415,8.720614701801,
    -9.728343372186));
#11688 = CARTESIAN_POINT('',(17.635679724727,7.670164007969,
    -10.97988759879));
#11689 = CARTESIAN_POINT('',(15.737836989352,8.755213306476,
    -11.74344898952));
#11690 = CARTESIAN_POINT('',(15.352186794663,11.014334631789,
    -11.41198870955));
#11691 = CARTESIAN_POINT('',(16.873106778791,12.418608163486,
    -10.37401664205));
#11692 = CARTESIAN_POINT('',(18.961047883945,11.716312251898,
    -9.660648231612));
#11693 = CARTESIAN_POINT('',(19.761615231842,9.571283976139,
    -10.00744765921));
#11694 = CARTESIAN_POINT('',(18.589552851126,7.958878564423,
    -11.18680697415));
#11695 = CARTESIAN_POINT('',(16.55599554079,8.370737154126,
    -12.21255907083));
#11696 = CARTESIAN_POINT('',(15.549960420098,10.456789129487,
    -12.24125207176));
#11697 = CARTESIAN_POINT('',(16.537013890113,12.347051873254,
    -11.32992026011));
#11698 = CARTESIAN_POINT('',(17.943845696318,12.344681510576,
    -10.71243313866));
#11699 = CARTESIAN_POINT('',(18.528506583741,12.032364859813,
    -10.55288300459));
#11700 = ADVANCED_FACE('',(#11701),#11809,.T.);
#11701 = FACE_BOUND('',#11702,.T.);
#11702 = EDGE_LOOP('',(#11703,#11704,#11792,#11801,#11808));
#11703 = ORIENTED_EDGE('',*,*,#4596,.T.);
#11704 = ORIENTED_EDGE('',*,*,#11705,.T.);
#11705 = EDGE_CURVE('',#4597,#3549,#11706,.T.);
#11706 = B_SPLINE_CURVE_WITH_KNOTS('',3,(#11707,#11708,#11709,#11710,
    #11711,#11712,#11713,#11714,#11715,#11716,#11717,#11718,#11719,
    #11720,#11721,#11722,#11723,#11724,#11725,#11726,#11727,#11728,
    #11729,#11730,#11731,#11732,#11733,#11734,#11735,#11736,#11737,
    #11738,#11739,#11740,#11741,#11742,#11743,#11744,#11745,#11746,
    #11747,#11748,#11749,#11750,#11751,#11752,#11753,#11754,#11755,
    #11756,#11757,#11758,#11759,#11760,#11761,#11762,#11763,#11764,
    #11765,#11766,#11767,#11768,#11769,#11770,#11771,#11772,#11773,
    #11774,#11775,#11776,#11777,#11778,#11779,#11780,#11781,#11782,
    #11783,#11784,#11785,#11786,#11787,#11788,#11789,#11790,#11791),
  .UNSPECIFIED.,.F.,.F.,(4,3,3,3,3,3,3,3,3,3,3,3,3,3,3,3,3,3,3,3,3,3,3,3
    ,3,3,3,3,4),(-0.376940817212,-0.354632386634,-0.33299482688,
    -0.328137217001,-0.305890328736,-0.290345526219,-0.284611634847,
    -0.280770172232,-0.259084222234,-0.237825124629,-0.217022487917,
    -0.210431625079,-0.206764441075,-0.203280357337,-0.182713963021,
    -0.181531908596,-0.160557012838,-0.14104803091,-0.135298504928,
    -0.131563546022,-0.111100004105,-9.07555957862E-02,
    -7.086125326167E-02,-6.646441386157E-02,-6.275541639275E-02,
    -4.321474861599E-02,-2.384995301259E-02,-4.485157409187E-03,0.),
  .UNSPECIFIED.);
#11707 = CARTESIAN_POINT('',(15.791539809271,6.824967897171,
    -6.395372883521));
#11708 = CARTESIAN_POINT('',(15.726072697963,6.817102054757,
    -6.430377112293));
#11709 = CARTESIAN_POINT('',(15.659833792335,6.813491712734,
    -6.464538781076));
#11710 = CARTESIAN_POINT('',(15.593131163907,6.813984056446,
    -6.497747967903));
#11711 = CARTESIAN_POINT('',(15.528434451899,6.81446159414,
    -6.529958470649));
#11712 = CARTESIAN_POINT('',(15.463300722842,6.818799407557,
    -6.561273116305));
#11713 = CARTESIAN_POINT('',(15.398017288702,6.826900140048,
    -6.591576353333));
#11714 = CARTESIAN_POINT('',(15.383361224979,6.828718746148,
    -6.598379398834));
#11715 = CARTESIAN_POINT('',(15.368695937604,6.830727415542,
    -6.605132189614));
#11716 = CARTESIAN_POINT('',(15.35403025439,6.832924474602,
    -6.611830794901));
#11717 = CARTESIAN_POINT('',(15.28686433865,6.842986568642,
    -6.64250907642));
#11718 = CARTESIAN_POINT('',(15.219834305909,6.856973540783,
    -6.671986401724));
#11719 = CARTESIAN_POINT('',(15.153253805856,6.874755969192,
    -6.700143306837));
#11720 = CARTESIAN_POINT('',(15.106731311901,6.887181272659,
    -6.719817677664));
#11721 = CARTESIAN_POINT('',(15.060428407877,6.901460721254,
    -6.738847007931));
#11722 = CARTESIAN_POINT('',(15.014457435859,6.91756280791,
    -6.757184221907));
#11723 = CARTESIAN_POINT('',(14.997500478091,6.923502260382,
    -6.763948128549));
#11724 = CARTESIAN_POINT('',(14.980588740128,6.929689793963,
    -6.770617810441));
#11725 = CARTESIAN_POINT('',(14.963728084088,6.93612414496,
    -6.777190701321));
#11726 = CARTESIAN_POINT('',(14.952432163806,6.940434885642,
    -6.781594257816));
#11727 = CARTESIAN_POINT('',(14.941157134459,6.94485723771,
    -6.785955149411));
#11728 = CARTESIAN_POINT('',(14.929911474603,6.949388157762,
    -6.790270015383));
#11729 = CARTESIAN_POINT('',(14.866427108934,6.974966255366,
    -6.814628437449));
#11730 = CARTESIAN_POINT('',(14.804017033584,7.003942861821,
    -6.837468649355));
#11731 = CARTESIAN_POINT('',(14.742970481768,7.036195874216,
    -6.858681282569));
#11732 = CARTESIAN_POINT('',(14.683125531295,7.067814038911,
    -6.879476379856));
#11733 = CARTESIAN_POINT('',(14.624590235763,7.10258148997,
    -6.898707529008));
#11734 = CARTESIAN_POINT('',(14.567660355292,7.140420284067,
    -6.916249350265));
#11735 = CARTESIAN_POINT('',(14.511952834519,7.177446629296,
    -6.933414525459));
#11736 = CARTESIAN_POINT('',(14.457781946364,7.217414348502,
    -6.948962282816));
#11737 = CARTESIAN_POINT('',(14.405456766475,7.260278266811,
    -6.962751125373));
#11738 = CARTESIAN_POINT('',(14.388878671671,7.273858766733,
    -6.967119820132));
#11739 = CARTESIAN_POINT('',(14.372486128906,7.287730170745,
    -6.971311762094));
#11740 = CARTESIAN_POINT('',(14.356289799099,7.301891521252,
    -6.975321897234));
#11741 = CARTESIAN_POINT('',(14.347278092581,7.309770956667,
    -6.977553153415));
#11742 = CARTESIAN_POINT('',(14.338327138459,7.317740159151,
    -6.979728119875));
#11743 = CARTESIAN_POINT('',(14.329438833239,7.325798990922,
    -6.981845888139));
#11744 = CARTESIAN_POINT('',(14.32099431569,7.333455450125,
    -6.983857917523));
#11745 = CARTESIAN_POINT('',(14.312613616078,7.34118622839,
    -6.985816583873));
#11746 = CARTESIAN_POINT('',(14.304298619325,7.348990299832,
    -6.987721240876));
#11747 = CARTESIAN_POINT('',(14.255215556222,7.395057393104,
    -6.998964348076));
#11748 = CARTESIAN_POINT('',(14.208411711456,7.443682731875,
    -7.008329344245));
#11749 = CARTESIAN_POINT('',(14.164159679962,7.494794674139,
    -7.015700613179));
#11750 = CARTESIAN_POINT('',(14.161616292489,7.497732335288,
    -7.016124277188));
#11751 = CARTESIAN_POINT('',(14.159081344305,7.500678218557,
    -7.016541348031));
#11752 = CARTESIAN_POINT('',(14.156554890826,7.503632313166,
    -7.016951801112));
#11753 = CARTESIAN_POINT('',(14.11172438454,7.556051072524,
    -7.024235061842));
#11754 = CARTESIAN_POINT('',(14.069565068416,7.611053826096,
    -7.029436792613));
#11755 = CARTESIAN_POINT('',(14.030182791318,7.668291407632,
    -7.032604864609));
#11756 = CARTESIAN_POINT('',(13.993552900943,7.721528713633,
    -7.035551523321));
#11757 = CARTESIAN_POINT('',(13.959325692176,7.77670033191,
    -7.036738453372));
#11758 = CARTESIAN_POINT('',(13.927620612747,7.833531487721,
    -7.036185251534));
#11759 = CARTESIAN_POINT('',(13.918276753667,7.850280296455,
    -7.036022216458));
#11760 = CARTESIAN_POINT('',(13.909152181764,7.867173239572,
    -7.035707929782));
#11761 = CARTESIAN_POINT('',(13.900250534831,7.88420322622,
    -7.03524261956));
#11762 = CARTESIAN_POINT('',(13.894467921518,7.895266103489,
    -7.034940348632));
#11763 = CARTESIAN_POINT('',(13.888783303846,7.906379395357,
    -7.034574526442));
#11764 = CARTESIAN_POINT('',(13.883199999664,7.917535398106,
    -7.034145717938));
#11765 = CARTESIAN_POINT('',(13.852609521418,7.978658247285,
    -7.031796310348));
#11766 = CARTESIAN_POINT('',(13.825028868513,8.041115433525,
    -7.027556800156));
#11767 = CARTESIAN_POINT('',(13.800547412767,8.104569719651,
    -7.021479853441));
#11768 = CARTESIAN_POINT('',(13.776208481904,8.16765459087,
    -7.015438285182));
#11769 = CARTESIAN_POINT('',(13.754932624347,8.231726078098,
    -7.007580368762));
#11770 = CARTESIAN_POINT('',(13.736852923768,8.29645521635,
    -6.997934526354));
#11771 = CARTESIAN_POINT('',(13.719173188363,8.359752394992,
    -6.988502072492));
#11772 = CARTESIAN_POINT('',(13.704549759121,8.423679370403,
    -6.977359658883));
#11773 = CARTESIAN_POINT('',(13.693151362627,8.487916093803,
    -6.964515312356));
#11774 = CARTESIAN_POINT('',(13.690632208312,8.502113022202,
    -6.961676589297));
#11775 = CARTESIAN_POINT('',(13.688270756435,8.516325001201,
    -6.958754670285));
#11776 = CARTESIAN_POINT('',(13.686069129407,8.530548423646,
    -6.955749535411));
#11777 = CARTESIAN_POINT('',(13.6842119251,8.542546732668,
    -6.953214524093));
#11778 = CARTESIAN_POINT('',(13.682469660018,8.55454569094,
    -6.950621855739));
#11779 = CARTESIAN_POINT('',(13.680844084433,8.566535804079,
    -6.947973396007));
#11780 = CARTESIAN_POINT('',(13.672279820719,8.629705115848,
    -6.934020118288));
#11781 = CARTESIAN_POINT('',(13.666940647914,8.692694582942,
    -6.918506211798));
#11782 = CARTESIAN_POINT('',(13.664938848738,8.755206127528,
    -6.901461582839));
#11783 = CARTESIAN_POINT('',(13.662955066386,8.817155048496,
    -6.884570360917));
#11784 = CARTESIAN_POINT('',(13.664248802696,8.878635504894,
    -6.866175613736));
#11785 = CARTESIAN_POINT('',(13.668974740239,8.93934025118,
    -6.84628869416));
#11786 = CARTESIAN_POINT('',(13.673700677782,9.000044997466,
    -6.826401774584));
#11787 = CARTESIAN_POINT('',(13.681858705158,9.059974912251,
    -6.805022484679));
#11788 = CARTESIAN_POINT('',(13.693650429408,9.118792266078,
    -6.782147515022));
#11789 = CARTESIAN_POINT('',(13.696381557609,9.132415187575,
    -6.776849352224));
#11790 = CARTESIAN_POINT('',(13.699307823187,9.145978263792,
    -6.771470896583));
#11791 = CARTESIAN_POINT('',(13.702427302293,9.159478116102,
    -6.766014085347));
#11792 = ORIENTED_EDGE('',*,*,#11793,.F.);
#11793 = EDGE_CURVE('',#11794,#3549,#11796,.T.);
#11794 = VERTEX_POINT('',#11795);
#11795 = CARTESIAN_POINT('',(16.446080309326,9.495148893704,
    -5.297287774927));
#11796 = CIRCLE('',#11797,1.666);
#11797 = AXIS2_PLACEMENT_3D('',#11798,#11799,#11800);
#11798 = CARTESIAN_POINT('',(15.196580309326,8.773749732351,
    -6.130287774927));
#11799 = DIRECTION('',(0.433012701892,0.25,-0.866025403784));
#11800 = DIRECTION('',(0.75,0.433012701892,0.5));
#11801 = ORIENTED_EDGE('',*,*,#11802,.F.);
#11802 = EDGE_CURVE('',#3575,#11794,#11803,.T.);
#11803 = CIRCLE('',#11804,1.666);
#11804 = AXIS2_PLACEMENT_3D('',#11805,#11806,#11807);
#11805 = CARTESIAN_POINT('',(15.196580309326,8.773749732351,
    -6.130287774927));
#11806 = DIRECTION('',(0.433012701892,0.25,-0.866025403784));
#11807 = DIRECTION('',(0.75,0.433012701892,0.5));
#11808 = ORIENTED_EDGE('',*,*,#11271,.T.);
#11809 = PLANE('',#11810);
#11810 = AXIS2_PLACEMENT_3D('',#11811,#11812,#11813);
#11811 = CARTESIAN_POINT('',(15.196580309326,8.773749732351,
    -6.130287774927));
#11812 = DIRECTION('',(0.433012701892,0.25,-0.866025403784));
#11813 = DIRECTION('',(-0.894427191,-1.249000902703E-16,-0.4472135955));
#11814 = ADVANCED_FACE('',(#11815),#11946,.F.);
#11815 = FACE_BOUND('',#11816,.F.);
#11816 = EDGE_LOOP('',(#11817,#11818,#11819,#11820,#11821,#11822,#11823,
    #11824,#11825,#11826,#11827,#11828,#11829,#11854,#11855,#11856,
    #11857,#11858,#11859,#11860,#11861));
#11817 = ORIENTED_EDGE('',*,*,#4217,.F.);
#11818 = ORIENTED_EDGE('',*,*,#4265,.F.);
#11819 = ORIENTED_EDGE('',*,*,#4310,.F.);
#11820 = ORIENTED_EDGE('',*,*,#4356,.F.);
#11821 = ORIENTED_EDGE('',*,*,#4402,.F.);
#11822 = ORIENTED_EDGE('',*,*,#4447,.F.);
#11823 = ORIENTED_EDGE('',*,*,#4493,.F.);
#11824 = ORIENTED_EDGE('',*,*,#4539,.F.);
#11825 = ORIENTED_EDGE('',*,*,#11197,.F.);
#11826 = ORIENTED_EDGE('',*,*,#4605,.F.);
#11827 = ORIENTED_EDGE('',*,*,#11705,.T.);
#11828 = ORIENTED_EDGE('',*,*,#3548,.T.);
#11829 = ORIENTED_EDGE('',*,*,#11830,.T.);
#11830 = EDGE_CURVE('',#3551,#3505,#11831,.T.);
#11831 = B_SPLINE_CURVE_WITH_KNOTS('',3,(#11832,#11833,#11834,#11835,
    #11836,#11837,#11838,#11839,#11840,#11841,#11842,#11843,#11844,
    #11845,#11846,#11847,#11848,#11849,#11850,#11851,#11852,#11853),
  .UNSPECIFIED.,.F.,.F.,(4,3,3,3,3,3,3,4),(7.593007562352,7.951703170556
    ,8.945666066875,9.939628963195,10.933591859514,11.927554755834,
    12.921517652153,13.876192869531),.UNSPECIFIED.);
#11832 = CARTESIAN_POINT('',(14.217023652346,8.209479911803,
    -7.500580480011));
#11833 = CARTESIAN_POINT('',(14.12201153336,8.385227306892,
    -7.512733911841));
#11834 = CARTESIAN_POINT('',(14.053075131345,8.575571293671,
    -7.507635812115));
#11835 = CARTESIAN_POINT('',(14.018211725403,8.769851388298,
    -7.48436495789));
#11836 = CARTESIAN_POINT('',(13.921603539651,9.308210936438,
    -7.419880294191));
#11837 = CARTESIAN_POINT('',(14.086631986206,9.876794712578,
    -7.215852331253));
#11838 = CARTESIAN_POINT('',(14.445520575362,10.221313154581,
    -6.979576387504));
#11839 = CARTESIAN_POINT('',(14.804409164518,10.565831596585,
    -6.743300443755));
#11840 = CARTESIAN_POINT('',(15.357157896275,10.686284704452,
    -6.474776519195));
#11841 = CARTESIAN_POINT('',(15.859746871197,10.532101895653,
    -6.310613033261));
#11842 = CARTESIAN_POINT('',(16.36233584612,10.377919086855,
    -6.146449547326));
#11843 = CARTESIAN_POINT('',(16.814765064206,9.949100361391,
    -6.086646500018));
#11844 = CARTESIAN_POINT('',(17.018609921173,9.444796152567,
    -6.172926415338));
#11845 = CARTESIAN_POINT('',(17.22245477814,8.940491943744,
    -6.259206330658));
#11846 = CARTESIAN_POINT('',(17.177715273988,8.360702251562,
    -6.491569208606));
#11847 = CARTESIAN_POINT('',(16.911999883273,7.973209531046,
    -6.778908675658));
#11848 = CARTESIAN_POINT('',(16.646284492559,7.58571681053,
    -7.066248142709));
#11849 = CARTESIAN_POINT('',(16.159593215281,7.39052106168,
    -7.408564198864));
#11850 = CARTESIAN_POINT('',(15.680454649995,7.48055955267,
    -7.664763866447));
#11851 = CARTESIAN_POINT('',(15.220254660978,7.567039154953,
    -7.910836908255));
#11852 = CARTESIAN_POINT('',(14.7670221222,7.916650116533,
    -8.077466744383));
#11853 = CARTESIAN_POINT('',(14.517160675816,8.381941635987,
    -8.1090169337));
#11854 = ORIENTED_EDGE('',*,*,#3504,.T.);
#11855 = ORIENTED_EDGE('',*,*,#3435,.T.);
#11856 = ORIENTED_EDGE('',*,*,#3366,.T.);
#11857 = ORIENTED_EDGE('',*,*,#3291,.T.);
#11858 = ORIENTED_EDGE('',*,*,#3222,.T.);
#11859 = ORIENTED_EDGE('',*,*,#3153,.T.);
#11860 = ORIENTED_EDGE('',*,*,#3084,.T.);
#11861 = ORIENTED_EDGE('',*,*,#11862,.T.);
#11862 = EDGE_CURVE('',#3076,#4220,#11863,.T.);
#11863 = B_SPLINE_CURVE_WITH_KNOTS('',3,(#11864,#11865,#11866,#11867,
    #11868,#11869,#11870,#11871,#11872,#11873,#11874,#11875,#11876,
    #11877,#11878,#11879,#11880,#11881,#11882,#11883,#11884,#11885,
    #11886,#11887,#11888,#11889,#11890,#11891,#11892,#11893,#11894,
    #11895,#11896,#11897,#11898,#11899,#11900,#11901,#11902,#11903,
    #11904,#11905,#11906,#11907,#11908,#11909,#11910,#11911,#11912,
    #11913,#11914,#11915,#11916,#11917,#11918,#11919,#11920,#11921,
    #11922,#11923,#11924,#11925,#11926,#11927,#11928,#11929,#11930,
    #11931,#11932,#11933,#11934,#11935,#11936,#11937,#11938,#11939,
    #11940,#11941,#11942,#11943,#11944,#11945),.UNSPECIFIED.,.F.,.F.,(4,
    3,3,3,3,3,3,3,3,3,3,3,3,3,3,3,3,3,3,3,3,3,3,3,3,3,3,4),(0.,
    1.860105605996E-02,3.834212085377E-02,5.561555254836E-02,
    6.415513448367E-02,6.842393926094E-02,8.847844316062E-02,
    0.108890829224,0.125800515521,0.133438948379,0.137247509568,
    0.158320895689,0.17652957441,0.197047877313,0.205562920412,
    0.209078203889,0.23008619913,0.251579984606,0.268289876799,
    0.278587237852,0.284041677034,0.306308520877,0.322596232071,
    0.32828405393,0.333192034033,0.355716582023,0.371459365653,
    0.376940817212),.UNSPECIFIED.);
#11864 = CARTESIAN_POINT('',(18.159986512839,8.689870772403,
    -11.7020379706));
#11865 = CARTESIAN_POINT('',(18.215570848311,8.688678840933,
    -11.67458988384));
#11866 = CARTESIAN_POINT('',(18.27058586669,8.691111264289,
    -11.64638019451));
#11867 = CARTESIAN_POINT('',(18.324844832082,8.696928080522,
    -11.61757154161));
#11868 = CARTESIAN_POINT('',(18.382429183636,8.70310139379,
    -11.58699728379));
#11869 = CARTESIAN_POINT('',(18.439162614834,8.713086369118,
    -11.5557481541));
#11870 = CARTESIAN_POINT('',(18.494830767327,8.726652715397,
    -11.52399781101));
#11871 = CARTESIAN_POINT('',(18.543540400759,8.738523268391,
    -11.49621626081));
#11872 = CARTESIAN_POINT('',(18.591434911337,8.753136804543,
    -11.46805044101));
#11873 = CARTESIAN_POINT('',(18.638369240637,8.770373033481,
    -11.43960760565));
#11874 = CARTESIAN_POINT('',(18.661572478866,8.77889422324,
    -11.42554613094));
#11875 = CARTESIAN_POINT('',(18.684540976556,8.788056893347,
    -11.41141684707));
#11876 = CARTESIAN_POINT('',(18.707256570421,8.797849187071,
    -11.39723225842));
#11877 = CARTESIAN_POINT('',(18.718611744052,8.802744203074,
    -11.39014160221));
#11878 = CARTESIAN_POINT('',(18.729906202797,8.807797874182,
    -11.38303550365));
#11879 = CARTESIAN_POINT('',(18.741117534985,8.812999142186,
    -11.37592836081));
#11880 = CARTESIAN_POINT('',(18.793787478171,8.837434283849,
    -11.34253957141));
#11881 = CARTESIAN_POINT('',(18.84471292878,8.865159721688,
    -11.3090732016));
#11882 = CARTESIAN_POINT('',(18.893682308192,8.89594362962,
    -11.27570196313));
#11883 = CARTESIAN_POINT('',(18.94352556948,8.927276891036,
    -11.24173519903));
#11884 = CARTESIAN_POINT('',(18.991343182057,8.961778961856,
    -11.20786650281));
#11885 = CARTESIAN_POINT('',(19.036903578559,8.999257269454,
    -11.17426724906));
#11886 = CARTESIAN_POINT('',(19.074645957622,9.030304420063,
    -11.14643351915));
#11887 = CARTESIAN_POINT('',(19.110839406576,9.063395060357,
    -11.11878434963));
#11888 = CARTESIAN_POINT('',(19.145341462847,9.098444194726,
    -11.09141550792));
#11889 = CARTESIAN_POINT('',(19.160926710005,9.114276567658,
    -11.07905247195));
#11890 = CARTESIAN_POINT('',(19.176166659302,9.130508857072,
    -11.06674663897));
#11891 = CARTESIAN_POINT('',(19.191047209173,9.147134579934,
    -11.05450693125));
#11892 = CARTESIAN_POINT('',(19.19846672647,9.155424249295,
    -11.04840415118));
#11893 = CARTESIAN_POINT('',(19.205797712019,9.16381286517,
    -11.04231707359));
#11894 = CARTESIAN_POINT('',(19.213027711374,9.172286768582,
    -11.03625586871));
#11895 = CARTESIAN_POINT('',(19.253032469208,9.219174249096,
    -11.00271824004));
#11896 = CARTESIAN_POINT('',(19.290023000534,9.268751958911,
    -10.96991112233));
#11897 = CARTESIAN_POINT('',(19.323763741942,9.320807047437,
    -10.93801374193));
#11898 = CARTESIAN_POINT('',(19.352917780908,9.365785788741,
    -10.91045247825));
#11899 = CARTESIAN_POINT('',(19.379645671432,9.412615123153,
    -10.88357006858));
#11900 = CARTESIAN_POINT('',(19.403780199922,9.461185132321,
    -10.8574818504));
#11901 = CARTESIAN_POINT('',(19.43097599889,9.515915855805,
    -10.82808455194));
#11902 = CARTESIAN_POINT('',(19.454880187921,9.572856493555,
    -10.79969511116));
#11903 = CARTESIAN_POINT('',(19.475552624769,9.631692508678,
    -10.77237439815));
#11904 = CARTESIAN_POINT('',(19.48413163306,9.656109304108,
    -10.7610363723));
#11905 = CARTESIAN_POINT('',(19.492153585577,9.680852917094,
    -10.74988253023));
#11906 = CARTESIAN_POINT('',(19.499620715038,9.705902315498,
    -10.73891782705));
#11907 = CARTESIAN_POINT('',(19.502703386084,9.716243512283,
    -10.73439124515));
#11908 = CARTESIAN_POINT('',(19.505691378509,9.726636777683,
    -10.72989697165));
#11909 = CARTESIAN_POINT('',(19.508581488806,9.737067776641,
    -10.72544074647));
#11910 = CARTESIAN_POINT('',(19.525853331538,9.799405388367,
    -10.69880950665));
#11911 = CARTESIAN_POINT('',(19.539666789533,9.863200004305,
    -10.67348685831));
#11912 = CARTESIAN_POINT('',(19.550126143331,9.928088414175,
    -10.64952551096));
#11913 = CARTESIAN_POINT('',(19.560827359901,9.994477307814,
    -10.62501007987));
#11914 = CARTESIAN_POINT('',(19.568017788622,10.062011940099,
    -10.60191929644));
#11915 = CARTESIAN_POINT('',(19.571766794548,10.130338625212,
    -10.58032057846));
#11916 = CARTESIAN_POINT('',(19.574681380483,10.183457771829,
    -10.56352910869));
#11917 = CARTESIAN_POINT('',(19.575515144521,10.237056487452,
    -10.54763961023));
#11918 = CARTESIAN_POINT('',(19.574282362471,10.290978001627,
    -10.53269020089));
#11919 = CARTESIAN_POINT('',(19.573522668649,10.324206779744,
    -10.5234777258));
#11920 = CARTESIAN_POINT('',(19.571977875371,10.35755828156,
    -10.51462237317));
#11921 = CARTESIAN_POINT('',(19.569648228277,10.3909966197,
    -10.50613437995));
#11922 = CARTESIAN_POINT('',(19.568414230719,10.408708670464,
    -10.50163835009));
#11923 = CARTESIAN_POINT('',(19.566959373173,10.426450239901,
    -10.49724422892));
#11924 = CARTESIAN_POINT('',(19.565286679555,10.444185415502,
    -10.49296087153));
#11925 = CARTESIAN_POINT('',(19.558458185121,10.516586330146,
    -10.47547477496));
#11926 = CARTESIAN_POINT('',(19.54799928898,10.588962164083,
    -10.45981111943));
#11927 = CARTESIAN_POINT('',(19.533969543793,10.660937325345,
    -10.44604855266));
#11928 = CARTESIAN_POINT('',(19.523707090822,10.713585587848,
    -10.43598153488));
#11929 = CARTESIAN_POINT('',(19.51153306975,10.766020083686,
    -10.42693201027));
#11930 = CARTESIAN_POINT('',(19.497454953294,10.818097801166,
    -10.4189375264));
#11931 = CARTESIAN_POINT('',(19.492538742688,10.83628382966,
    -10.41614577748));
#11932 = CARTESIAN_POINT('',(19.487390212509,10.854426360899,
    -10.41348274492));
#11933 = CARTESIAN_POINT('',(19.482009291474,10.872519312013,
    -10.41095022034));
#11934 = CARTESIAN_POINT('',(19.477366133859,10.888131587902,
    -10.4087649233));
#11935 = CARTESIAN_POINT('',(19.472552493016,10.903698243477,
    -10.40667803733));
#11936 = CARTESIAN_POINT('',(19.467570228792,10.919211296254,
    -10.40469093685));
#11937 = CARTESIAN_POINT('',(19.444704763319,10.990406471132,
    -10.39557139289));
#11938 = CARTESIAN_POINT('',(19.418283110465,11.06050004529,
    -10.38854794736));
#11939 = CARTESIAN_POINT('',(19.388339526144,11.129121520397,
    -10.38371042596));
#11940 = CARTESIAN_POINT('',(19.367411453834,11.17708221801,
    -10.38032940128));
#11941 = CARTESIAN_POINT('',(19.344762018755,11.224324084672,
    -10.3780165666));
#11942 = CARTESIAN_POINT('',(19.320389457471,11.270719794372,
    -10.3768095595));
#11943 = CARTESIAN_POINT('',(19.311903219131,11.286874233207,
    -10.37638929387));
#11944 = CARTESIAN_POINT('',(19.303207978665,11.302926066216,
    -10.37610314904));
#11945 = CARTESIAN_POINT('',(19.294308088087,11.31887297582,
    -10.37594961806));
#11946 = B_SPLINE_SURFACE_WITH_KNOTS('',3,3,(
    (#11947,#11948,#11949,#11950,#11951,#11952,#11953,#11954,#11955
      ,#11956,#11957,#11958,#11959,#11960,#11961,#11962,#11963,#11964
      ,#11965,#11966,#11967,#11968,#11969,#11970,#11971,#11972,#11973
      ,#11974,#11975,#11976,#11977,#11978,#11979,#11980,#11981,#11982
      ,#11983,#11984,#11985,#11986,#11987,#11988,#11989,#11990,#11991
      ,#11992,#11993,#11994,#11995,#11996,#11997,#11998,#11999,#12000
      ,#12001,#12002,#12003,#12004,#12005,#12006)
    ,(#12007,#12008,#12009,#12010,#12011,#12012,#12013,#12014,#12015
      ,#12016,#12017,#12018,#12019,#12020,#12021,#12022,#12023,#12024
      ,#12025,#12026,#12027,#12028,#12029,#12030,#12031,#12032,#12033
      ,#12034,#12035,#12036,#12037,#12038,#12039,#12040,#12041,#12042
      ,#12043,#12044,#12045,#12046,#12047,#12048,#12049,#12050,#12051
      ,#12052,#12053,#12054,#12055,#12056,#12057,#12058,#12059,#12060
      ,#12061,#12062,#12063,#12064,#12065,#12066)
    ,(#12067,#12068,#12069,#12070,#12071,#12072,#12073,#12074,#12075
      ,#12076,#12077,#12078,#12079,#12080,#12081,#12082,#12083,#12084
      ,#12085,#12086,#12087,#12088,#12089,#12090,#12091,#12092,#12093
      ,#12094,#12095,#12096,#12097,#12098,#12099,#12100,#12101,#12102
      ,#12103,#12104,#12105,#12106,#12107,#12108,#12109,#12110,#12111
      ,#12112,#12113,#12114,#12115,#12116,#12117,#12118,#12119,#12120
      ,#12121,#12122,#12123,#12124,#12125,#12126)
    ,(#12127,#12128,#12129,#12130,#12131,#12132,#12133,#12134,#12135
      ,#12136,#12137,#12138,#12139,#12140,#12141,#12142,#12143,#12144
      ,#12145,#12146,#12147,#12148,#12149,#12150,#12151,#12152,#12153
      ,#12154,#12155,#12156,#12157,#12158,#12159,#12160,#12161,#12162
      ,#12163,#12164,#12165,#12166,#12167,#12168,#12169,#12170,#12171
      ,#12172,#12173,#12174,#12175,#12176,#12177,#12178,#12179,#12180
      ,#12181,#12182,#12183,#12184,#12185,#12186
  )),.UNSPECIFIED.,.F.,.F.,.F.,(4,4),(4,1,1,1,1,1,1,1,1,1,1,1,1,1,1,1,1,
    1,1,1,1,1,1,1,1,1,1,1,1,1,1,1,1,1,1,1,1,1,1,1,1,1,1,1,1,1,1,1,1,1,1,
    1,1,1,1,1,1,4),(0.,4.488898342949E-02),(14.398141012777,
    15.392103909096,16.386066805416,17.380029701735,18.373992598055,
    19.367955494374,20.361918390694,21.355881287013,22.349844183333,
    23.343807079652,24.337769975972,25.331732872291,26.325695768611,
    27.31965866493,28.31362156125,29.307584457569,30.301547353889,
    31.295510250208,32.289473146528,33.283436042847,34.277398939167,
    35.271361835486,36.265324731806,37.259287628125,38.253250524445,
    39.247213420764,40.241176317084,41.235139213403,42.229102109723,
    43.223065006042,44.217027902362,45.210990798681,46.204953695001,
    47.19891659132,48.19287948764,49.186842383959,50.180805280279,
    51.174768176598,52.168731072918,53.162693969237,54.156656865557,
    55.150619761876,56.144582658196,57.138545554515,58.132508450835,
    59.126471347154,60.120434243474,61.114397139793,62.108360036113,
    63.102322932432,64.096285828752,65.090248725071,66.084211621391,
    67.07817451771,68.07213741403,69.066100310349,70.060063206669,
    71.054026102988),.UNSPECIFIED.);
#11947 = CARTESIAN_POINT('',(15.791539809271,6.824967897171,
    -6.395372883521));
#11948 = CARTESIAN_POINT('',(15.226397496473,6.701513495343,
    -6.756204514429));
#11949 = CARTESIAN_POINT('',(13.894685426477,7.148964834278,
    -7.378136990824));
#11950 = CARTESIAN_POINT('',(13.113578905885,9.329660231392,
    -7.267044489183));
#11951 = CARTESIAN_POINT('',(14.318381884881,11.052567578523,
    -6.295149264692));
#11952 = CARTESIAN_POINT('',(16.450145607402,10.780246998497,
    -5.435746358857));
#11953 = CARTESIAN_POINT('',(17.617683125994,8.783547734303,
    -5.556241803732));
#11954 = CARTESIAN_POINT('',(16.801208187675,6.904128799484,
    -6.634887562195));
#11955 = CARTESIAN_POINT('',(14.78761984648,6.875534273654,
    -7.777803036719));
#11956 = CARTESIAN_POINT('',(13.450914445487,8.749190338632,
    -8.033144595808));
#11957 = CARTESIAN_POINT('',(14.050335828039,10.846507504987,
    -7.255857364581));
#11958 = CARTESIAN_POINT('',(16.084333902106,11.285727749432,
    -6.239933139699));
#11959 = CARTESIAN_POINT('',(17.7471467648,9.692625725803,
    -5.996282424781));
#11960 = CARTESIAN_POINT('',(17.570420434181,7.540926594375,
    -6.833654401797));
#11961 = CARTESIAN_POINT('',(15.758459279139,6.812236595714,
    -8.077856438094));
#11962 = CARTESIAN_POINT('',(14.002388646174,8.194297092768,
    -8.684792029905));
#11963 = CARTESIAN_POINT('',(13.942527673605,10.45563208601,
    -8.189798107986));
#11964 = CARTESIAN_POINT('',(15.676901906328,11.56528428594,
    -7.13014876879));
#11965 = CARTESIAN_POINT('',(17.672122741064,10.539468016596,
    -6.556532776379));
#11966 = CARTESIAN_POINT('',(18.157623816539,8.336083993648,
    -7.077711193365));
#11967 = CARTESIAN_POINT('',(16.735559934164,6.983741892021,
    -8.306997448091));
#11968 = CARTESIAN_POINT('',(14.74254852555,7.737237461371,
    -9.213854492834));
#11969 = CARTESIAN_POINT('',(14.034344164281,9.936622799995,
    -9.060915590149));
#11970 = CARTESIAN_POINT('',(15.298484018316,11.607267497902,
    -8.074438855438));
#11971 = CARTESIAN_POINT('',(17.429141381457,11.255301209665,
    -7.238580864831));
#11972 = CARTESIAN_POINT('',(18.532604099486,9.225922853137,
    -7.400547351365));
#11973 = CARTESIAN_POINT('',(17.649141948574,7.389526726871,
    -8.500267101075));
#11974 = CARTESIAN_POINT('',(15.625646162169,7.441037066767,
    -9.625012015309));
#11975 = CARTESIAN_POINT('',(14.345589314454,9.358789624072,
    -9.839299736901));
#11976 = CARTESIAN_POINT('',(15.016468370446,11.424229996052,
    -9.03548570686));
#11977 = CARTESIAN_POINT('',(17.071881979549,11.784517888658,
    -8.031639521752));
#11978 = CARTESIAN_POINT('',(18.686533760366,10.137231505606,
    -7.827711025022));
#11979 = CARTESIAN_POINT('',(18.435892248986,8.005346093175,
    -8.69632086442));
#11980 = CARTESIAN_POINT('',(16.591453320671,7.352461010091,
    -9.934878793146));
#11981 = CARTESIAN_POINT('',(14.87388119724,8.79738710278,
    -10.50441739591));
#11982 = CARTESIAN_POINT('',(14.888485815269,11.051489815334,
    -9.974278458292));
#11983 = CARTESIAN_POINT('',(16.665586672005,12.090386672657,
    -8.91369111514));
#11984 = CARTESIAN_POINT('',(18.632944654526,10.994627244255,
    -8.374197399692));
#11985 = CARTESIAN_POINT('',(19.045328417415,8.78570812515,
    -8.933532317598));
#11986 = CARTESIAN_POINT('',(17.571374734466,7.497271929792,
    -10.17031542651));
#11987 = CARTESIAN_POINT('',(15.594882296525,8.326007621428,
    -11.04719303349));
#11988 = CARTESIAN_POINT('',(14.956585548477,10.543554757955,
    -10.85405746474));
#11989 = CARTESIAN_POINT('',(16.280458034754,12.158769437807,
    -9.853715681838));
#11990 = CARTESIAN_POINT('',(18.406360463569,11.728180888302,
    -9.042931450248));
#11991 = CARTESIAN_POINT('',(19.444904860701,9.668476613627,
    -9.246111435733));
#11992 = CARTESIAN_POINT('',(18.495386894322,7.877623139117,
    -10.36571206205));
#11993 = CARTESIAN_POINT('',(16.46476215272,8.009138279702,
    -11.47092605727));
#11994 = CARTESIAN_POINT('',(15.242979825458,9.968606230329,
    -11.64403432186));
#11995 = CARTESIAN_POINT('',(15.98456109379,11.999555949243,
    -10.81482577956));
#11996 = CARTESIAN_POINT('',(18.058797471506,12.280481910962,
    -9.824478026231));
#11997 = CARTESIAN_POINT('',(19.623318596422,10.581173533369,
    -9.660632313727));
#11998 = CARTESIAN_POINT('',(19.29909482209,8.471807494187,
    -10.55953250149));
#11999 = CARTESIAN_POINT('',(17.42468321072,7.895702794661,
    -11.79091218419));
#12000 = CARTESIAN_POINT('',(15.747695020477,9.401474477708,
    -12.32259421137));
#12001 = CARTESIAN_POINT('',(15.83713789048,11.645913721748,
    -11.75782575084));
#12002 = CARTESIAN_POINT('',(17.654110997967,12.611954357221,
    -10.69833406196));
#12003 = CARTESIAN_POINT('',(19.592424689582,11.449288964002,
    -10.19267658037));
#12004 = CARTESIAN_POINT('',(19.928680984355,9.234368011368,
    -10.79180781243));
#12005 = CARTESIAN_POINT('',(18.916480091305,8.424887820096,
    -11.61682957901));
#12006 = CARTESIAN_POINT('',(18.333580277404,8.371290013737,
    -11.96637409837));
#12007 = CARTESIAN_POINT('',(15.721622703179,6.929164578041,
    -6.313863556804));
#12008 = CARTESIAN_POINT('',(15.193129228474,6.814077825105,
    -6.653955236495));
#12009 = CARTESIAN_POINT('',(13.94741790787,7.23447446216,
    -7.240697357901));
#12010 = CARTESIAN_POINT('',(13.218596050979,9.279389643887,
    -7.142658896361));
#12011 = CARTESIAN_POINT('',(14.350441804077,10.895387295876,
    -6.238104455454));
#12012 = CARTESIAN_POINT('',(16.350789284753,10.641986579323,
    -5.438947976407));
#12013 = CARTESIAN_POINT('',(17.447719733222,8.772955560557,
    -5.557892308411));
#12014 = CARTESIAN_POINT('',(16.685759976898,7.013808557251,
    -6.574560959859));
#12015 = CARTESIAN_POINT('',(14.802183080076,6.988763249061,
    -7.651446141316));
#12016 = CARTESIAN_POINT('',(13.552801328024,8.746002612521,
    -7.896732482915));
#12017 = CARTESIAN_POINT('',(14.117444029612,10.712797832897,
    -7.174513032492));
#12018 = CARTESIAN_POINT('',(16.026191477415,11.126064437061,
    -6.228706291344));
#12019 = CARTESIAN_POINT('',(17.587162603964,9.635177695844,
    -6.006469434091));
#12020 = CARTESIAN_POINT('',(17.424605546066,7.620921916043,
    -6.797080296716));
#12021 = CARTESIAN_POINT('',(15.729940165427,6.939932834753,
    -7.968864377069));
#12022 = CARTESIAN_POINT('',(14.087640556821,8.236579230285,
    -8.543571383954));
#12023 = CARTESIAN_POINT('',(14.034578713332,10.357048451422,
    -8.085842343217));
#12024 = CARTESIAN_POINT('',(15.662598173839,11.398466048635,
    -7.099068023253));
#12025 = CARTESIAN_POINT('',(17.535013878809,10.439089040779,
    -6.567675232972));
#12026 = CARTESIAN_POINT('',(17.992920686571,8.376407890337,
    -7.062033363155));
#12027 = CARTESIAN_POINT('',(16.663563607557,7.111097485175,
    -8.219842329511));
#12028 = CARTESIAN_POINT('',(14.79926595381,7.818819560643,
    -9.075556166327));
#12029 = CARTESIAN_POINT('',(14.138748662953,9.881245997946,
    -8.93831035771));
#12030 = CARTESIAN_POINT('',(15.326189195916,11.448276958028,
    -8.020093993246));
#12031 = CARTESIAN_POINT('',(17.32550009005,11.120253410185,
    -7.242997563337));
#12032 = CARTESIAN_POINT('',(18.362396631611,9.220604214386,
    -7.400797555171));
#12033 = CARTESIAN_POINT('',(17.537674228358,7.501766775228,
    -8.437211161227));
#12034 = CARTESIAN_POINT('',(15.644814701889,7.551774498957,
    -9.497071713418));
#12035 = CARTESIAN_POINT('',(14.448508947638,9.350329398197,
    -9.703893288263));
#12036 = CARTESIAN_POINT('',(15.080102826249,11.287258142374,
    -8.956819958366));
#12037 = CARTESIAN_POINT('',(17.008915232903,11.626570283619,
    -8.02232955233));
#12038 = CARTESIAN_POINT('',(18.524762568499,10.084916333439,
    -7.837309821433));
#12039 = CARTESIAN_POINT('',(18.292951809586,8.089224715389,
    -8.657188522674));
#12040 = CARTESIAN_POINT('',(16.567856874737,7.479259893321,
    -9.823684442541));
#12041 = CARTESIAN_POINT('',(14.961627857332,8.83480724965,
    -10.36335291104));
#12042 = CARTESIAN_POINT('',(14.978335412958,10.948500295726,
    -9.872695283993));
#12043 = CARTESIAN_POINT('',(16.646386932027,11.923624754078,
    -8.885042115531));
#12044 = CARTESIAN_POINT('',(18.492696962671,10.898715570347,
    -8.385619672105));
#12045 = CARTESIAN_POINT('',(18.882097619832,8.830848396,-8.915727953737
    ));
#12046 = CARTESIAN_POINT('',(17.504123183764,7.625413654813,
    -10.08056098326));
#12047 = CARTESIAN_POINT('',(15.655302727588,8.403630815046,
    -10.90818604321));
#12048 = CARTESIAN_POINT('',(15.060284308476,10.48307367183,
    -10.73327858153));
#12049 = CARTESIAN_POINT('',(16.303690419979,11.998170322097,
    -9.802071571679));
#12050 = CARTESIAN_POINT('',(18.298546250934,11.596482845966,
    -9.048467617773));
#12051 = CARTESIAN_POINT('',(19.274618562079,9.66842024379,
    -9.244881968725));
#12052 = CARTESIAN_POINT('',(18.388006170227,7.992253297429,
    -10.29992265883));
#12053 = CARTESIAN_POINT('',(16.488467277939,8.117220298665,
    -11.3414840144));
#12054 = CARTESIAN_POINT('',(15.346760946632,9.954859799297,
    -11.50972312521));
#12055 = CARTESIAN_POINT('',(16.044598184511,11.859473052249,
    -10.73885679446));
#12056 = CARTESIAN_POINT('',(17.991046297069,12.12442824304,
    -9.817013538152));
#12057 = CARTESIAN_POINT('',(19.459924479378,10.534033078687,
    -9.66954876046));
#12058 = CARTESIAN_POINT('',(19.159171941711,8.559440643861,
    -10.51780754152));
#12059 = CARTESIAN_POINT('',(17.405994558716,8.021414030861,
    -11.67757791327));
#12060 = CARTESIAN_POINT('',(15.837790038392,9.433969734858,
    -12.18177724079));
#12061 = CARTESIAN_POINT('',(15.924616152525,11.538608741529,
    -11.65867401054));
#12062 = CARTESIAN_POINT('',(17.630025368672,12.445471674262,
    -10.67204739863));
#12063 = CARTESIAN_POINT('',(19.44912279403,11.357875967466,
    -10.20432729833));
#12064 = CARTESIAN_POINT('',(19.767196981288,9.284385466754,
    -10.77172212941));
#12065 = CARTESIAN_POINT('',(18.820846783684,8.527119281454,
    -11.54874566307));
#12066 = CARTESIAN_POINT('',(18.275715689216,8.477483599959,
    -11.87826205578));
#12067 = CARTESIAN_POINT('',(15.651705597087,7.03336125891,
    -6.232354230087));
#12068 = CARTESIAN_POINT('',(15.159860960475,6.926642154867,
    -6.551705958561));
#12069 = CARTESIAN_POINT('',(14.000150389263,7.319984090042,
    -7.103257724978));
#12070 = CARTESIAN_POINT('',(13.323613196073,9.229119056381,
    -7.01827330354));
#12071 = CARTESIAN_POINT('',(14.382501723272,10.738207013229,
    -6.181059646215));
#12072 = CARTESIAN_POINT('',(16.251432962105,10.503726160148,
    -5.442149593957));
#12073 = CARTESIAN_POINT('',(17.27775634045,8.76236338681,-5.55954281309
    ));
#12074 = CARTESIAN_POINT('',(16.570311766121,7.123488315018,
    -6.514234357523));
#12075 = CARTESIAN_POINT('',(14.816746313673,7.101992224469,
    -7.525089245913));
#12076 = CARTESIAN_POINT('',(13.65468821056,8.74281488641,
    -7.760320370022));
#12077 = CARTESIAN_POINT('',(14.184552231186,10.579088160807,
    -7.093168700404));
#12078 = CARTESIAN_POINT('',(15.968049052724,10.96640112469,
    -6.21747944299));
#12079 = CARTESIAN_POINT('',(17.427178443128,9.577729665885,
    -6.0166564434));
#12080 = CARTESIAN_POINT('',(17.278790657951,7.700917237711,
    -6.760506191635));
#12081 = CARTESIAN_POINT('',(15.701421051715,7.067629073791,
    -7.859872316044));
#12082 = CARTESIAN_POINT('',(14.172892467469,8.278861367802,
    -8.402350738003));
#12083 = CARTESIAN_POINT('',(14.126629753059,10.258464816833,
    -7.981886578448));
#12084 = CARTESIAN_POINT('',(15.648294441351,11.23164781133,
    -7.067987277715));
#12085 = CARTESIAN_POINT('',(17.397905016554,10.338710064962,
    -6.578817689565));
#12086 = CARTESIAN_POINT('',(17.828217556603,8.416731787026,
    -7.046355532946));
#12087 = CARTESIAN_POINT('',(16.591567280949,7.238453078328,
    -8.132687210931));
#12088 = CARTESIAN_POINT('',(14.85598338207,7.900401659914,
    -8.937257839821));
#12089 = CARTESIAN_POINT('',(14.243153161624,9.825869195897,
    -8.81570512527));
#12090 = CARTESIAN_POINT('',(15.353894373516,11.289286418154,
    -7.965749131055));
#12091 = CARTESIAN_POINT('',(17.221858798643,10.985205610705,
    -7.247414261844));
#12092 = CARTESIAN_POINT('',(18.192189163736,9.215285575635,
    -7.401047758977));
#12093 = CARTESIAN_POINT('',(17.426206508143,7.614006823586,
    -8.37415522138));
#12094 = CARTESIAN_POINT('',(15.663983241609,7.662511931147,
    -9.369131411527));
#12095 = CARTESIAN_POINT('',(14.551428580823,9.341869172322,
    -9.568486839625));
#12096 = CARTESIAN_POINT('',(15.143737282052,11.150286288696,
    -8.878154209872));
#12097 = CARTESIAN_POINT('',(16.945948486256,11.46862267858,
    -8.013019582908));
#12098 = CARTESIAN_POINT('',(18.362991376632,10.032601161273,
    -7.846908617844));
#12099 = CARTESIAN_POINT('',(18.150011370185,8.173103337602,
    -8.618056180929));
#12100 = CARTESIAN_POINT('',(16.544260428802,7.606058776551,
    -9.712490091937));
#12101 = CARTESIAN_POINT('',(15.049374517424,8.87222739652,
    -10.22228842617));
#12102 = CARTESIAN_POINT('',(15.068185010648,10.845510776119,
    -9.771112109694));
#12103 = CARTESIAN_POINT('',(16.627187192049,11.756862835499,
    -8.856393115922));
#12104 = CARTESIAN_POINT('',(18.352449270815,10.802803896439,
    -8.397041944518));
#12105 = CARTESIAN_POINT('',(18.718866822248,8.875988666851,
    -8.897923589877));
#12106 = CARTESIAN_POINT('',(17.436871633062,7.753555379833,
    -9.990806540007));
#12107 = CARTESIAN_POINT('',(15.715723158651,8.481254008663,
    -10.76917905292));
#12108 = CARTESIAN_POINT('',(15.163983068475,10.422592585705,
    -10.61249969832));
#12109 = CARTESIAN_POINT('',(16.326922805204,11.837571206388,
    -9.750427461521));
#12110 = CARTESIAN_POINT('',(18.190732038298,11.46478480363,
    -9.054003785299));
#12111 = CARTESIAN_POINT('',(19.104332263457,9.668363873953,
    -9.243652501718));
#12112 = CARTESIAN_POINT('',(18.280625446131,8.106883455741,
    -10.23413325561));
#12113 = CARTESIAN_POINT('',(16.512172403158,8.225302317629,
    -11.21204197153));
#12114 = CARTESIAN_POINT('',(15.450542067806,9.941113368266,
    -11.37541192856));
#12115 = CARTESIAN_POINT('',(16.104635275231,11.719390155256,
    -10.66288780935));
#12116 = CARTESIAN_POINT('',(17.923295122633,11.968374575118,
    -9.809549050073));
#12117 = CARTESIAN_POINT('',(19.296530362333,10.486892624005,
    -9.678465207194));
#12118 = CARTESIAN_POINT('',(19.019249061332,8.647073793536,
    -10.47608258154));
#12119 = CARTESIAN_POINT('',(17.387305906712,8.14712526706,
    -11.56424364236));
#12120 = CARTESIAN_POINT('',(15.927885056307,9.466464992007,
    -12.04096027022));
#12121 = CARTESIAN_POINT('',(16.01209441457,11.43130376131,
    -11.55952227023));
#12122 = CARTESIAN_POINT('',(17.605939739377,12.278988991303,
    -10.6457607353));
#12123 = CARTESIAN_POINT('',(19.305820898478,11.266462970931,
    -10.2159780163));
#12124 = CARTESIAN_POINT('',(19.60571297822,9.334402922141,
    -10.75163644639));
#12125 = CARTESIAN_POINT('',(18.725213476062,8.629350742811,
    -11.48066174712));
#12126 = CARTESIAN_POINT('',(18.217851101027,8.583677186181,
    -11.79015001319));
#12127 = CARTESIAN_POINT('',(15.581788490994,7.13755793978,
    -6.15084490337));
#12128 = CARTESIAN_POINT('',(15.126592692476,7.039206484629,
    -6.449456680627));
#12129 = CARTESIAN_POINT('',(14.052882870655,7.405493717924,
    -6.965818092055));
#12130 = CARTESIAN_POINT('',(13.428630341167,9.178848468875,
    -6.893887710718));
#12131 = CARTESIAN_POINT('',(14.414561642468,10.581026730583,
    -6.124014836977));
#12132 = CARTESIAN_POINT('',(16.152076639457,10.365465740973,
    -5.445351211506));
#12133 = CARTESIAN_POINT('',(17.107792947678,8.751771213063,
    -5.561193317769));
#12134 = CARTESIAN_POINT('',(16.454863555344,7.233168072785,
    -6.453907755187));
#12135 = CARTESIAN_POINT('',(14.83130954727,7.215221199876,
    -7.39873235051));
#12136 = CARTESIAN_POINT('',(13.756575093097,8.739627160299,
    -7.623908257129));
#12137 = CARTESIAN_POINT('',(14.25166043276,10.445378488718,
    -7.011824368315));
#12138 = CARTESIAN_POINT('',(15.909906628033,10.806737812319,
    -6.206252594635));
#12139 = CARTESIAN_POINT('',(17.267194282293,9.520281635926,
    -6.02684345271));
#12140 = CARTESIAN_POINT('',(17.132975769836,7.780912559379,
    -6.723932086554));
#12141 = CARTESIAN_POINT('',(15.672901938004,7.19532531283,
    -7.750880255019));
#12142 = CARTESIAN_POINT('',(14.258144378116,8.321143505319,
    -8.261130092051));
#12143 = CARTESIAN_POINT('',(14.218680792786,10.159881182245,
    -7.877930813679));
#12144 = CARTESIAN_POINT('',(15.633990708862,11.064829574024,
    -7.036906532177));
#12145 = CARTESIAN_POINT('',(17.260796154299,10.238331089145,
    -6.589960146158));
#12146 = CARTESIAN_POINT('',(17.663514426636,8.457055683715,
    -7.030677702737));
#12147 = CARTESIAN_POINT('',(16.519570954342,7.365808671482,
    -8.045532092351));
#12148 = CARTESIAN_POINT('',(14.91270081033,7.981983759186,
    -8.798959513314));
#12149 = CARTESIAN_POINT('',(14.347557660296,9.770492393848,
    -8.69309989283));
#12150 = CARTESIAN_POINT('',(15.381599551117,11.13029587828,
    -7.911404268863));
#12151 = CARTESIAN_POINT('',(17.118217507235,10.850157811225,
    -7.25183096035));
#12152 = CARTESIAN_POINT('',(18.021981695861,9.209966936884,
    -7.401297962783));
#12153 = CARTESIAN_POINT('',(17.314738787927,7.726246871944,
    -8.311099281532));
#12154 = CARTESIAN_POINT('',(15.683151781328,7.773249363337,
    -9.241191109636));
#12155 = CARTESIAN_POINT('',(14.654348214007,9.333408946447,
    -9.433080390987));
#12156 = CARTESIAN_POINT('',(15.207371737854,11.013314435018,
    -8.799488461378));
#12157 = CARTESIAN_POINT('',(16.88298173961,11.310675073541,
    -8.003709613486));
#12158 = CARTESIAN_POINT('',(18.201220184765,9.980285989107,
    -7.856507414255));
#12159 = CARTESIAN_POINT('',(18.007070930784,8.256981959815,
    -8.578923839183));
#12160 = CARTESIAN_POINT('',(16.520663982868,7.732857659782,
    -9.601295741332));
#12161 = CARTESIAN_POINT('',(15.137121177517,8.909647543389,
    -10.0812239413));
#12162 = CARTESIAN_POINT('',(15.158034608337,10.742521256511,
    -9.669528935395));
#12163 = CARTESIAN_POINT('',(16.607987452072,11.59010091692,
    -8.827744116313));
#12164 = CARTESIAN_POINT('',(18.212201578959,10.706892222531,
    -8.408464216932));
#12165 = CARTESIAN_POINT('',(18.555636024665,8.921128937701,
    -8.880119226016));
#12166 = CARTESIAN_POINT('',(17.36962008236,7.881697104854,
    -9.901052096752));
#12167 = CARTESIAN_POINT('',(15.776143589713,8.558877202281,
    -10.63017206264));
#12168 = CARTESIAN_POINT('',(15.267681828473,10.362111499581,
    -10.49172081511));
#12169 = CARTESIAN_POINT('',(16.35015519043,11.676972090678,
    -9.698783351363));
#12170 = CARTESIAN_POINT('',(18.082917825664,11.333086761294,
    -9.059539952825));
#12171 = CARTESIAN_POINT('',(18.934045964836,9.668307504117,
    -9.24242303471));
#12172 = CARTESIAN_POINT('',(18.173244722035,8.221513614052,
    -10.16834385239));
#12173 = CARTESIAN_POINT('',(16.535877528377,8.333384336592,
    -11.08259992866));
#12174 = CARTESIAN_POINT('',(15.55432318898,9.927366937234,
    -11.24110073191));
#12175 = CARTESIAN_POINT('',(16.164672365952,11.579307258262,
    -10.58691882425));
#12176 = CARTESIAN_POINT('',(17.855543948196,11.812320907197,
    -9.802084561993));
#12177 = CARTESIAN_POINT('',(19.133136245289,10.439752169323,
    -9.687381653928));
#12178 = CARTESIAN_POINT('',(18.879326180953,8.73470694321,
    -10.43435762156));
#12179 = CARTESIAN_POINT('',(17.368617254708,8.27283650326,
    -11.45090937144));
#12180 = CARTESIAN_POINT('',(16.017980074222,9.498960249157,
    -11.90014329964));
#12181 = CARTESIAN_POINT('',(16.099572676615,11.323998781092,
    -11.46037052993));
#12182 = CARTESIAN_POINT('',(17.581854110082,12.112506308343,
    -10.61947407197));
#12183 = CARTESIAN_POINT('',(19.162519002926,11.175049974396,
    -10.22762873426));
#12184 = CARTESIAN_POINT('',(19.444228975153,9.384420377528,
    -10.73155076337));
#12185 = CARTESIAN_POINT('',(18.629580168441,8.731582204169,
    -11.41257783118));
#12186 = CARTESIAN_POINT('',(18.159986512839,8.689870772403,
    -11.7020379706));
#12187 = ADVANCED_FACE('',(#12188,#12194),#12201,.T.);
#12188 = FACE_BOUND('',#12189,.T.);
#12189 = EDGE_LOOP('',(#12190,#12191,#12192,#12193));
#12190 = ORIENTED_EDGE('',*,*,#8909,.T.);
#12191 = ORIENTED_EDGE('',*,*,#8962,.T.);
#12192 = ORIENTED_EDGE('',*,*,#6303,.F.);
#12193 = ORIENTED_EDGE('',*,*,#8954,.T.);
#12194 = FACE_BOUND('',#12195,.T.);
#12195 = EDGE_LOOP('',(#12196,#12197,#12198,#12199,#12200));
#12196 = ORIENTED_EDGE('',*,*,#9384,.T.);
#12197 = ORIENTED_EDGE('',*,*,#3626,.T.);
#12198 = ORIENTED_EDGE('',*,*,#3677,.T.);
#12199 = ORIENTED_EDGE('',*,*,#9874,.T.);
#12200 = ORIENTED_EDGE('',*,*,#5055,.T.);
#12201 = PLANE('',#12202);
#12202 = AXIS2_PLACEMENT_3D('',#12203,#12204,#12205);
#12203 = CARTESIAN_POINT('',(-19.02317013209,10.983032396605,
    -10.60846742046));
#12204 = DIRECTION('',(-0.433012701892,0.25,-0.866025403784));
#12205 = DIRECTION('',(-0.75,0.433012701892,0.5));
#12206 = ADVANCED_FACE('',(#12207,#12213),#12220,.T.);
#12207 = FACE_BOUND('',#12208,.T.);
#12208 = EDGE_LOOP('',(#12209,#12210,#12211,#12212));
#12209 = ORIENTED_EDGE('',*,*,#8865,.T.);
#12210 = ORIENTED_EDGE('',*,*,#8986,.T.);
#12211 = ORIENTED_EDGE('',*,*,#6255,.F.);
#12212 = ORIENTED_EDGE('',*,*,#8978,.T.);
#12213 = FACE_BOUND('',#12214,.T.);
#12214 = EDGE_LOOP('',(#12215,#12216,#12217,#12218,#12219));
#12215 = ORIENTED_EDGE('',*,*,#11372,.T.);
#12216 = ORIENTED_EDGE('',*,*,#3024,.T.);
#12217 = ORIENTED_EDGE('',*,*,#3075,.T.);
#12218 = ORIENTED_EDGE('',*,*,#11862,.T.);
#12219 = ORIENTED_EDGE('',*,*,#4231,.T.);
#12220 = PLANE('',#12221);
#12221 = AXIS2_PLACEMENT_3D('',#12222,#12223,#12224);
#12222 = CARTESIAN_POINT('',(19.023170132095,10.983032396605,
    -10.60846742046));
#12223 = DIRECTION('',(0.433012701892,0.25,-0.866025403784));
#12224 = DIRECTION('',(0.75,0.433012701892,0.5));
#12225 = ADVANCED_FACE('',(#12226,#12232),#12239,.T.);
#12226 = FACE_BOUND('',#12227,.T.);
#12227 = EDGE_LOOP('',(#12228,#12229,#12230,#12231));
#12228 = ORIENTED_EDGE('',*,*,#8821,.T.);
#12229 = ORIENTED_EDGE('',*,*,#9010,.T.);
#12230 = ORIENTED_EDGE('',*,*,#6207,.F.);
#12231 = ORIENTED_EDGE('',*,*,#9002,.T.);
#12232 = FACE_BOUND('',#12233,.T.);
#12233 = EDGE_LOOP('',(#12234,#12235,#12236,#12237,#12238));
#12234 = ORIENTED_EDGE('',*,*,#10378,.T.);
#12235 = ORIENTED_EDGE('',*,*,#2422,.T.);
#12236 = ORIENTED_EDGE('',*,*,#2473,.T.);
#12237 = ORIENTED_EDGE('',*,*,#10868,.T.);
#12238 = ORIENTED_EDGE('',*,*,#4643,.T.);
#12239 = PLANE('',#12240);
#12240 = AXIS2_PLACEMENT_3D('',#12241,#12242,#12243);
#12241 = CARTESIAN_POINT('',(-1.345033546943E-15,-21.96606479321,
    -10.60846742046));
#12242 = DIRECTION('',(-3.061616997868E-17,-0.5,-0.866025403784));
#12243 = DIRECTION('',(-5.302876193625E-17,-0.866025403784,0.5));
#12244 = ADVANCED_FACE('',(#12245),#12251,.F.);
#12245 = FACE_BOUND('',#12246,.F.);
#12246 = EDGE_LOOP('',(#12247,#12248,#12249,#12250));
#12247 = ORIENTED_EDGE('',*,*,#9254,.F.);
#12248 = ORIENTED_EDGE('',*,*,#4136,.T.);
#12249 = ORIENTED_EDGE('',*,*,#9842,.F.);
#12250 = ORIENTED_EDGE('',*,*,#4203,.F.);
#12251 = CYLINDRICAL_SURFACE('',#12252,1.666);
#12252 = AXIS2_PLACEMENT_3D('',#12253,#12254,#12255);
#12253 = CARTESIAN_POINT('',(-16.51456272071,9.534687232351,
    -8.766252597696));
#12254 = DIRECTION('',(-0.433012701892,0.25,-0.866025403784));
#12255 = DIRECTION('',(-0.75,0.433012701892,0.5));
#12256 = ADVANCED_FACE('',(#12257,#12272),#12275,.F.);
#12257 = FACE_BOUND('',#12258,.F.);
#12258 = EDGE_LOOP('',(#12259,#12260,#12261,#12270,#12271));
#12259 = ORIENTED_EDGE('',*,*,#4176,.F.);
#12260 = ORIENTED_EDGE('',*,*,#9805,.F.);
#12261 = ORIENTED_EDGE('',*,*,#12262,.T.);
#12262 = EDGE_CURVE('',#9806,#12263,#12265,.T.);
#12263 = VERTEX_POINT('',#12264);
#12264 = CARTESIAN_POINT('',(-15.19658030932,8.773749732351,
    -4.464287774927));
#12265 = CIRCLE('',#12266,1.666);
#12266 = AXIS2_PLACEMENT_3D('',#12267,#12268,#12269);
#12267 = CARTESIAN_POINT('',(-15.19658030932,8.773749732351,
    -6.130287774927));
#12268 = DIRECTION('',(0.5,0.866025403784,0.));
#12269 = DIRECTION('',(-0.866025403784,0.5,0.));
#12270 = ORIENTED_EDGE('',*,*,#12262,.F.);
#12271 = ORIENTED_EDGE('',*,*,#9814,.F.);
#12272 = FACE_BOUND('',#12273,.F.);
#12273 = EDGE_LOOP('',(#12274));
#12274 = ORIENTED_EDGE('',*,*,#5649,.F.);
#12275 = SPHERICAL_SURFACE('',#12276,1.666);
#12276 = AXIS2_PLACEMENT_3D('',#12277,#12278,#12279);
#12277 = CARTESIAN_POINT('',(-15.19658030932,8.773749732351,
    -6.130287774927));
#12278 = DIRECTION('',(0.,0.,1.));
#12279 = DIRECTION('',(0.866025403784,-0.5,0.));
#12280 = ADVANCED_FACE('',(#12281),#12287,.F.);
#12281 = FACE_BOUND('',#12282,.F.);
#12282 = EDGE_LOOP('',(#12283,#12284,#12285,#12286));
#12283 = ORIENTED_EDGE('',*,*,#11242,.F.);
#12284 = ORIENTED_EDGE('',*,*,#3534,.T.);
#12285 = ORIENTED_EDGE('',*,*,#11830,.F.);
#12286 = ORIENTED_EDGE('',*,*,#3601,.F.);
#12287 = CYLINDRICAL_SURFACE('',#12288,1.666);
#12288 = AXIS2_PLACEMENT_3D('',#12289,#12290,#12291);
#12289 = CARTESIAN_POINT('',(16.514562720711,9.534687232351,
    -8.766252597696));
#12290 = DIRECTION('',(0.433012701892,0.25,-0.866025403784));
#12291 = DIRECTION('',(0.75,0.433012701892,0.5));
#12292 = ADVANCED_FACE('',(#12293,#12308),#12311,.F.);
#12293 = FACE_BOUND('',#12294,.F.);
#12294 = EDGE_LOOP('',(#12295,#12296,#12297,#12306,#12307));
#12295 = ORIENTED_EDGE('',*,*,#3574,.F.);
#12296 = ORIENTED_EDGE('',*,*,#11793,.F.);
#12297 = ORIENTED_EDGE('',*,*,#12298,.T.);
#12298 = EDGE_CURVE('',#11794,#12299,#12301,.T.);
#12299 = VERTEX_POINT('',#12300);
#12300 = CARTESIAN_POINT('',(15.196580309326,8.773749732351,
    -4.464287774927));
#12301 = CIRCLE('',#12302,1.666);
#12302 = AXIS2_PLACEMENT_3D('',#12303,#12304,#12305);
#12303 = CARTESIAN_POINT('',(15.196580309326,8.773749732351,
    -6.130287774927));
#12304 = DIRECTION('',(0.5,-0.866025403784,0.));
#12305 = DIRECTION('',(0.866025403784,0.5,0.));
#12306 = ORIENTED_EDGE('',*,*,#12298,.F.);
#12307 = ORIENTED_EDGE('',*,*,#11802,.F.);
#12308 = FACE_BOUND('',#12309,.F.);
#12309 = EDGE_LOOP('',(#12310));
#12310 = ORIENTED_EDGE('',*,*,#5660,.F.);
#12311 = SPHERICAL_SURFACE('',#12312,1.666);
#12312 = AXIS2_PLACEMENT_3D('',#12313,#12314,#12315);
#12313 = CARTESIAN_POINT('',(15.196580309326,8.773749732351,
    -6.130287774927));
#12314 = DIRECTION('',(0.,0.,1.));
#12315 = DIRECTION('',(-0.866025403784,-0.5,0.));
#12316 = ADVANCED_FACE('',(#12317),#12323,.F.);
#12317 = FACE_BOUND('',#12318,.F.);
#12318 = EDGE_LOOP('',(#12319,#12320,#12321,#12322));
#12319 = ORIENTED_EDGE('',*,*,#10248,.F.);
#12320 = ORIENTED_EDGE('',*,*,#2932,.T.);
#12321 = ORIENTED_EDGE('',*,*,#10836,.F.);
#12322 = ORIENTED_EDGE('',*,*,#2999,.F.);
#12323 = CYLINDRICAL_SURFACE('',#12324,1.666);
#12324 = AXIS2_PLACEMENT_3D('',#12325,#12326,#12327);
#12325 = CARTESIAN_POINT('',(-1.167662419997E-15,-19.0693744647,
    -8.766252597696));
#12326 = DIRECTION('',(-3.061616997868E-17,-0.5,-0.866025403784));
#12327 = DIRECTION('',(-5.302876193625E-17,-0.866025403784,0.5));
#12328 = ADVANCED_FACE('',(#12329,#12344),#12347,.F.);
#12329 = FACE_BOUND('',#12330,.F.);
#12330 = EDGE_LOOP('',(#12331,#12332,#12333,#12342,#12343));
#12331 = ORIENTED_EDGE('',*,*,#2972,.F.);
#12332 = ORIENTED_EDGE('',*,*,#10799,.F.);
#12333 = ORIENTED_EDGE('',*,*,#12334,.T.);
#12334 = EDGE_CURVE('',#10800,#12335,#12337,.T.);
#12335 = VERTEX_POINT('',#12336);
#12336 = CARTESIAN_POINT('',(-1.074474452624E-15,-17.5474994647,
    -4.464287774927));
#12337 = CIRCLE('',#12338,1.666);
#12338 = AXIS2_PLACEMENT_3D('',#12339,#12340,#12341);
#12339 = CARTESIAN_POINT('',(-1.074474452624E-15,-17.5474994647,
    -6.130287774927));
#12340 = DIRECTION('',(-1.,-6.123233995737E-17,0.));
#12341 = DIRECTION('',(6.123233995737E-17,-1.,0.));
#12342 = ORIENTED_EDGE('',*,*,#12334,.F.);
#12343 = ORIENTED_EDGE('',*,*,#10808,.F.);
#12344 = FACE_BOUND('',#12345,.F.);
#12345 = EDGE_LOOP('',(#12346));
#12346 = ORIENTED_EDGE('',*,*,#5671,.F.);
#12347 = SPHERICAL_SURFACE('',#12348,1.666);
#12348 = AXIS2_PLACEMENT_3D('',#12349,#12350,#12351);
#12349 = CARTESIAN_POINT('',(-1.074474452624E-15,-17.5474994647,
    -6.130287774927));
#12350 = DIRECTION('',(0.,0.,1.));
#12351 = DIRECTION('',(6.123233995737E-17,1.,-0.));
#12352 = ADVANCED_FACE('',(#12353),#12369,.T.);
#12353 = FACE_BOUND('',#12354,.T.);
#12354 = EDGE_LOOP('',(#12355,#12356,#12357,#12366,#12367,#12368));
#12355 = ORIENTED_EDGE('',*,*,#5580,.T.);
#12356 = ORIENTED_EDGE('',*,*,#5532,.T.);
#12357 = ORIENTED_EDGE('',*,*,#12358,.T.);
#12358 = EDGE_CURVE('',#5456,#12359,#12361,.T.);
#12359 = VERTEX_POINT('',#12360);
#12360 = CARTESIAN_POINT('',(-1.059319481262E-15,-1.297292212003E-31,
    -17.4));
#12361 = CIRCLE('',#12362,17.3);
#12362 = AXIS2_PLACEMENT_3D('',#12363,#12364,#12365);
#12363 = CARTESIAN_POINT('',(0.,0.,-0.1));
#12364 = DIRECTION('',(1.224646799147E-16,-1.,0.));
#12365 = DIRECTION('',(-1.,-1.224646799147E-16,0.));
#12366 = ORIENTED_EDGE('',*,*,#12358,.F.);
#12367 = ORIENTED_EDGE('',*,*,#9166,.T.);
#12368 = ORIENTED_EDGE('',*,*,#9191,.T.);
#12369 = SPHERICAL_SURFACE('',#12370,17.3);
#12370 = AXIS2_PLACEMENT_3D('',#12371,#12372,#12373);
#12371 = CARTESIAN_POINT('',(0.,0.,-0.1));
#12372 = DIRECTION('',(6.123233995737E-17,0.,1.));
#12373 = DIRECTION('',(1.,0.,-6.123233995737E-17));
#12374 = ADVANCED_FACE('',(#12375),#12388,.T.);
#12375 = FACE_BOUND('',#12376,.T.);
#12376 = EDGE_LOOP('',(#12377,#12378,#12387));
#12377 = ORIENTED_EDGE('',*,*,#5632,.T.);
#12378 = ORIENTED_EDGE('',*,*,#12379,.F.);
#12379 = EDGE_CURVE('',#12380,#5624,#12382,.T.);
#12380 = VERTEX_POINT('',#12381);
#12381 = CARTESIAN_POINT('',(-1.059319481262E-15,-1.297292212003E-31,
    17.2));
#12382 = CIRCLE('',#12383,17.3);
#12383 = AXIS2_PLACEMENT_3D('',#12384,#12385,#12386);
#12384 = CARTESIAN_POINT('',(0.,0.,-0.1));
#12385 = DIRECTION('',(1.224646799147E-16,-1.,0.));
#12386 = DIRECTION('',(-1.,-1.224646799147E-16,0.));
#12387 = ORIENTED_EDGE('',*,*,#12379,.T.);
#12388 = SPHERICAL_SURFACE('',#12389,17.3);
#12389 = AXIS2_PLACEMENT_3D('',#12390,#12391,#12392);
#12390 = CARTESIAN_POINT('',(0.,0.,-0.1));
#12391 = DIRECTION('',(6.123233995737E-17,0.,1.));
#12392 = DIRECTION('',(1.,0.,-6.123233995737E-17));
#12393 = ( GEOMETRIC_REPRESENTATION_CONTEXT(3) 
GLOBAL_UNCERTAINTY_ASSIGNED_CONTEXT((#12397)) 
GLOBAL_UNIT_ASSIGNED_CONTEXT((#12394,#12395,#12396)) 
REPRESENTATION_CONTEXT('Context #1',
  '3D Context with UNIT and UNCERTAINTY') );
#12394 = ( LENGTH_UNIT() NAMED_UNIT(*) SI_UNIT(.MILLI.,.METRE.) );
#12395 = ( NAMED_UNIT(*) PLANE_ANGLE_UNIT() SI_UNIT($,.RADIAN.) );
#12396 = ( NAMED_UNIT(*) SI_UNIT($,.STERADIAN.) SOLID_ANGLE_UNIT() );
#12397 = UNCERTAINTY_MEASURE_WITH_UNIT(LENGTH_MEASURE(2.E-03),#12394,
  'distance_accuracy_value','confusion accuracy');
#12398 = CONTEXT_DEPENDENT_SHAPE_REPRESENTATION(#12399,#12401);
#12399 = ( REPRESENTATION_RELATIONSHIP('','',#2404,#10) 
REPRESENTATION_RELATIONSHIP_WITH_TRANSFORMATION(#12400) 
SHAPE_REPRESENTATION_RELATIONSHIP() );
#12400 = ITEM_DEFINED_TRANSFORMATION('','',#11,#19);
#12401 = PRODUCT_DEFINITION_SHAPE('Placement','Placement of an item',
  #12402);
#12402 = NEXT_ASSEMBLY_USAGE_OCCURRENCE('2','Part','',#5,#2399,$);
#12403 = PRODUCT_RELATED_PRODUCT_CATEGORY('part',$,(#2401));
#12404 = MECHANICAL_DESIGN_GEOMETRIC_PRESENTATION_REPRESENTATION('',(
    #12405),#12393);
#12405 = STYLED_ITEM('color',(#12406),#2405);
#12406 = PRESENTATION_STYLE_ASSIGNMENT((#12407,#12413));
#12407 = SURFACE_STYLE_USAGE(.BOTH.,#12408);
#12408 = SURFACE_SIDE_STYLE('',(#12409));
#12409 = SURFACE_STYLE_FILL_AREA(#12410);
#12410 = FILL_AREA_STYLE('',(#12411));
#12411 = FILL_AREA_STYLE_COLOUR('',#12412);
#12412 = COLOUR_RGB('',0.349019616187,0.349019616187,0.349019616187);
#12413 = CURVE_STYLE('',#12414,POSITIVE_LENGTH_MEASURE(0.1),#12415);
#12414 = DRAUGHTING_PRE_DEFINED_CURVE_FONT('continuous');
#12415 = COLOUR_RGB('',9.803921802644E-02,9.803921802644E-02,
  9.803921802644E-02);
#12416 = MECHANICAL_DESIGN_GEOMETRIC_PRESENTATION_REPRESENTATION('',(
    #12417),#2386);
#12417 = STYLED_ITEM('color',(#12418),#37);
#12418 = PRESENTATION_STYLE_ASSIGNMENT((#12419,#12425));
#12419 = SURFACE_STYLE_USAGE(.BOTH.,#12420);
#12420 = SURFACE_SIDE_STYLE('',(#12421));
#12421 = SURFACE_STYLE_FILL_AREA(#12422);
#12422 = FILL_AREA_STYLE('',(#12423));
#12423 = FILL_AREA_STYLE_COLOUR('',#12424);
#12424 = COLOUR_RGB('',0.627451011593,0.627451011593,0.627451011593);
#12425 = CURVE_STYLE('',#12426,POSITIVE_LENGTH_MEASURE(0.1),#12415);
#12426 = DRAUGHTING_PRE_DEFINED_CURVE_FONT('continuous');
ENDSEC;
END-ISO-10303-21;
