ISO-10303-21;
HEADER;
/* Generated by software containing ST-Developer
 * from STEP Tools, Inc. (www.steptools.com) 
 */

FILE_DESCRIPTION(
/* description */ ('Designed by EasyEDA Pro'),
/* implementation_level */ '2;1');

FILE_NAME(
/* name */ 'key-skpcb-mx.step',
/* time_stamp */ '2026-01-03T02:09:33-05:00',
/* author */ (''),
/* organization */ (''),
/* preprocessor_version */ 'ST-DEVELOPER v20.1',
/* originating_system */ 'Autodesk Translation Framework v14.21.0.0',
/* authorisation */ '');

FILE_SCHEMA (('AUTOMOTIVE_DESIGN { 1 0 10303 214 3 1 1 }'));
ENDSEC;

DATA;
#10=MECHANICAL_DESIGN_GEOMETRIC_PRESENTATION_REPRESENTATION('',(#29,#30),
#2248);
#11=ITEM_DEFINED_TRANSFORMATION($,$,#1423,#1501);
#12=(
REPRESENTATION_RELATIONSHIP($,$,#2259,#2258)
REPRESENTATION_RELATIONSHIP_WITH_TRANSFORMATION(#11)
SHAPE_REPRESENTATION_RELATIONSHIP()
);
#13=CONTEXT_DEPENDENT_SHAPE_REPRESENTATION(#12,#2257);
#14=NEXT_ASSEMBLY_USAGE_OCCURRENCE('key-mx-better:1','key-mx-better:1',
'key-mx-better:1',#2261,#2262,'key-mx-better:1');
#15=SHAPE_REPRESENTATION_RELATIONSHIP('SRR','None',#2259,#16);
#16=ADVANCED_BREP_SHAPE_REPRESENTATION('',(#31,#32),#2247);
#17=CYLINDRICAL_SURFACE('',#1459,0.875006350013);
#18=CYLINDRICAL_SURFACE('',#1467,2.);
#19=CYLINDRICAL_SURFACE('',#1480,2.1);
#20=CIRCLE('',#1450,2.);
#21=CIRCLE('',#1451,0.875006350013);
#22=CIRCLE('',#1453,2.1);
#23=CIRCLE('',#1454,0.875006350013);
#24=CIRCLE('',#1455,2.);
#25=CIRCLE('',#1460,0.875006350013);
#26=CIRCLE('',#1468,2.);
#27=CIRCLE('',#1469,2.);
#28=CIRCLE('',#1481,2.1);
#29=STYLED_ITEM('',(#2273),#31);
#30=STYLED_ITEM('',(#2272),#32);
#31=MANIFOLD_SOLID_BREP('Body1',#1408);
#32=MANIFOLD_SOLID_BREP('Body2',#1409);
#33=FACE_BOUND('',#122,.T.);
#34=FACE_BOUND('',#126,.T.);
#35=FACE_BOUND('',#129,.T.);
#36=FACE_BOUND('',#131,.T.);
#37=FACE_BOUND('',#141,.T.);
#38=FACE_BOUND('',#142,.T.);
#39=FACE_BOUND('',#143,.T.);
#40=FACE_BOUND('',#144,.T.);
#41=FACE_BOUND('',#145,.T.);
#42=FACE_BOUND('',#188,.T.);
#43=FACE_OUTER_BOUND('',#111,.T.);
#44=FACE_OUTER_BOUND('',#112,.T.);
#45=FACE_OUTER_BOUND('',#113,.T.);
#46=FACE_OUTER_BOUND('',#114,.T.);
#47=FACE_OUTER_BOUND('',#115,.T.);
#48=FACE_OUTER_BOUND('',#116,.T.);
#49=FACE_OUTER_BOUND('',#117,.T.);
#50=FACE_OUTER_BOUND('',#118,.T.);
#51=FACE_OUTER_BOUND('',#119,.T.);
#52=FACE_OUTER_BOUND('',#120,.T.);
#53=FACE_OUTER_BOUND('',#121,.T.);
#54=FACE_OUTER_BOUND('',#123,.T.);
#55=FACE_OUTER_BOUND('',#124,.T.);
#56=FACE_OUTER_BOUND('',#125,.T.);
#57=FACE_OUTER_BOUND('',#127,.T.);
#58=FACE_OUTER_BOUND('',#128,.T.);
#59=FACE_OUTER_BOUND('',#130,.T.);
#60=FACE_OUTER_BOUND('',#132,.T.);
#61=FACE_OUTER_BOUND('',#133,.T.);
#62=FACE_OUTER_BOUND('',#134,.T.);
#63=FACE_OUTER_BOUND('',#135,.T.);
#64=FACE_OUTER_BOUND('',#136,.T.);
#65=FACE_OUTER_BOUND('',#137,.T.);
#66=FACE_OUTER_BOUND('',#138,.T.);
#67=FACE_OUTER_BOUND('',#139,.T.);
#68=FACE_OUTER_BOUND('',#140,.T.);
#69=FACE_OUTER_BOUND('',#146,.T.);
#70=FACE_OUTER_BOUND('',#147,.T.);
#71=FACE_OUTER_BOUND('',#148,.T.);
#72=FACE_OUTER_BOUND('',#149,.T.);
#73=FACE_OUTER_BOUND('',#150,.T.);
#74=FACE_OUTER_BOUND('',#151,.T.);
#75=FACE_OUTER_BOUND('',#152,.T.);
#76=FACE_OUTER_BOUND('',#153,.T.);
#77=FACE_OUTER_BOUND('',#154,.T.);
#78=FACE_OUTER_BOUND('',#155,.T.);
#79=FACE_OUTER_BOUND('',#156,.T.);
#80=FACE_OUTER_BOUND('',#157,.T.);
#81=FACE_OUTER_BOUND('',#158,.T.);
#82=FACE_OUTER_BOUND('',#159,.T.);
#83=FACE_OUTER_BOUND('',#160,.T.);
#84=FACE_OUTER_BOUND('',#161,.T.);
#85=FACE_OUTER_BOUND('',#162,.T.);
#86=FACE_OUTER_BOUND('',#163,.T.);
#87=FACE_OUTER_BOUND('',#164,.T.);
#88=FACE_OUTER_BOUND('',#165,.T.);
#89=FACE_OUTER_BOUND('',#166,.T.);
#90=FACE_OUTER_BOUND('',#167,.T.);
#91=FACE_OUTER_BOUND('',#168,.T.);
#92=FACE_OUTER_BOUND('',#169,.T.);
#93=FACE_OUTER_BOUND('',#170,.T.);
#94=FACE_OUTER_BOUND('',#171,.T.);
#95=FACE_OUTER_BOUND('',#172,.T.);
#96=FACE_OUTER_BOUND('',#173,.T.);
#97=FACE_OUTER_BOUND('',#174,.T.);
#98=FACE_OUTER_BOUND('',#175,.T.);
#99=FACE_OUTER_BOUND('',#176,.T.);
#100=FACE_OUTER_BOUND('',#177,.T.);
#101=FACE_OUTER_BOUND('',#178,.T.);
#102=FACE_OUTER_BOUND('',#179,.T.);
#103=FACE_OUTER_BOUND('',#180,.T.);
#104=FACE_OUTER_BOUND('',#181,.T.);
#105=FACE_OUTER_BOUND('',#182,.T.);
#106=FACE_OUTER_BOUND('',#183,.T.);
#107=FACE_OUTER_BOUND('',#184,.T.);
#108=FACE_OUTER_BOUND('',#185,.T.);
#109=FACE_OUTER_BOUND('',#186,.T.);
#110=FACE_OUTER_BOUND('',#187,.T.);
#111=EDGE_LOOP('',(#885,#886,#887,#888));
#112=EDGE_LOOP('',(#889,#890,#891,#892));
#113=EDGE_LOOP('',(#893,#894,#895,#896));
#114=EDGE_LOOP('',(#897,#898,#899,#900));
#115=EDGE_LOOP('',(#901,#902,#903,#904));
#116=EDGE_LOOP('',(#905,#906,#907,#908));
#117=EDGE_LOOP('',(#909,#910,#911,#912));
#118=EDGE_LOOP('',(#913,#914,#915,#916));
#119=EDGE_LOOP('',(#917,#918,#919,#920));
#120=EDGE_LOOP('',(#921,#922,#923,#924));
#121=EDGE_LOOP('',(#925,#926,#927,#928));
#122=EDGE_LOOP('',(#929,#930,#931,#932));
#123=EDGE_LOOP('',(#933,#934,#935,#936));
#124=EDGE_LOOP('',(#937,#938,#939,#940));
#125=EDGE_LOOP('',(#941,#942,#943,#944));
#126=EDGE_LOOP('',(#945,#946,#947,#948));
#127=EDGE_LOOP('',(#949,#950,#951,#952));
#128=EDGE_LOOP('',(#953,#954,#955,#956));
#129=EDGE_LOOP('',(#957,#958,#959,#960));
#130=EDGE_LOOP('',(#961,#962,#963,#964));
#131=EDGE_LOOP('',(#965,#966,#967,#968));
#132=EDGE_LOOP('',(#969,#970,#971,#972));
#133=EDGE_LOOP('',(#973,#974,#975,#976));
#134=EDGE_LOOP('',(#977,#978,#979,#980));
#135=EDGE_LOOP('',(#981,#982,#983,#984));
#136=EDGE_LOOP('',(#985,#986,#987,#988));
#137=EDGE_LOOP('',(#989,#990,#991,#992));
#138=EDGE_LOOP('',(#993,#994,#995,#996));
#139=EDGE_LOOP('',(#997,#998,#999,#1000));
#140=EDGE_LOOP('',(#1001,#1002,#1003,#1004));
#141=EDGE_LOOP('',(#1005,#1006,#1007,#1008,#1009,#1010));
#142=EDGE_LOOP('',(#1011));
#143=EDGE_LOOP('',(#1012,#1013,#1014,#1015));
#144=EDGE_LOOP('',(#1016,#1017,#1018,#1019,#1020,#1021,#1022,#1023,#1024,
#1025));
#145=EDGE_LOOP('',(#1026));
#146=EDGE_LOOP('',(#1027,#1028,#1029,#1030,#1031,#1032,#1033,#1034,#1035,
#1036,#1037,#1038,#1039,#1040,#1041,#1042,#1043,#1044,#1045,#1046));
#147=EDGE_LOOP('',(#1047,#1048,#1049,#1050));
#148=EDGE_LOOP('',(#1051,#1052,#1053,#1054));
#149=EDGE_LOOP('',(#1055,#1056,#1057,#1058));
#150=EDGE_LOOP('',(#1059,#1060,#1061,#1062,#1063,#1064,#1065));
#151=EDGE_LOOP('',(#1066,#1067,#1068,#1069,#1070,#1071,#1072,#1073,#1074,
#1075,#1076,#1077,#1078,#1079,#1080,#1081));
#152=EDGE_LOOP('',(#1082,#1083,#1084,#1085));
#153=EDGE_LOOP('',(#1086,#1087,#1088,#1089));
#154=EDGE_LOOP('',(#1090,#1091,#1092,#1093));
#155=EDGE_LOOP('',(#1094,#1095,#1096,#1097));
#156=EDGE_LOOP('',(#1098,#1099,#1100,#1101,#1102,#1103));
#157=EDGE_LOOP('',(#1104,#1105,#1106,#1107,#1108,#1109,#1110,#1111));
#158=EDGE_LOOP('',(#1112,#1113,#1114,#1115));
#159=EDGE_LOOP('',(#1116,#1117,#1118,#1119));
#160=EDGE_LOOP('',(#1120,#1121,#1122,#1123,#1124,#1125,#1126));
#161=EDGE_LOOP('',(#1127,#1128,#1129,#1130,#1131,#1132,#1133,#1134,#1135,
#1136));
#162=EDGE_LOOP('',(#1137,#1138,#1139,#1140));
#163=EDGE_LOOP('',(#1141,#1142,#1143,#1144));
#164=EDGE_LOOP('',(#1145,#1146,#1147,#1148));
#165=EDGE_LOOP('',(#1149,#1150,#1151,#1152));
#166=EDGE_LOOP('',(#1153,#1154,#1155,#1156));
#167=EDGE_LOOP('',(#1157,#1158,#1159,#1160));
#168=EDGE_LOOP('',(#1161,#1162,#1163,#1164));
#169=EDGE_LOOP('',(#1165,#1166,#1167,#1168));
#170=EDGE_LOOP('',(#1169,#1170,#1171,#1172,#1173,#1174));
#171=EDGE_LOOP('',(#1175,#1176,#1177,#1178));
#172=EDGE_LOOP('',(#1179,#1180,#1181,#1182,#1183,#1184));
#173=EDGE_LOOP('',(#1185,#1186,#1187,#1188,#1189,#1190));
#174=EDGE_LOOP('',(#1191,#1192,#1193,#1194,#1195));
#175=EDGE_LOOP('',(#1196,#1197,#1198,#1199));
#176=EDGE_LOOP('',(#1200,#1201,#1202,#1203));
#177=EDGE_LOOP('',(#1204,#1205,#1206,#1207));
#178=EDGE_LOOP('',(#1208,#1209,#1210,#1211));
#179=EDGE_LOOP('',(#1212,#1213,#1214,#1215,#1216,#1217,#1218,#1219));
#180=EDGE_LOOP('',(#1220,#1221,#1222,#1223));
#181=EDGE_LOOP('',(#1224,#1225,#1226,#1227,#1228,#1229));
#182=EDGE_LOOP('',(#1230,#1231,#1232,#1233));
#183=EDGE_LOOP('',(#1234,#1235,#1236,#1237));
#184=EDGE_LOOP('',(#1238,#1239,#1240,#1241));
#185=EDGE_LOOP('',(#1242,#1243,#1244,#1245));
#186=EDGE_LOOP('',(#1246,#1247,#1248,#1249));
#187=EDGE_LOOP('',(#1250,#1251,#1252,#1253));
#188=EDGE_LOOP('',(#1254,#1255,#1256,#1257,#1258,#1259,#1260,#1261,#1262,
#1263,#1264,#1265,#1266,#1267,#1268,#1269,#1270,#1271,#1272,#1273,#1274));
#189=LINE('',#1853,#375);
#190=LINE('',#1855,#376);
#191=LINE('',#1857,#377);
#192=LINE('',#1858,#378);
#193=LINE('',#1862,#379);
#194=LINE('',#1864,#380);
#195=LINE('',#1866,#381);
#196=LINE('',#1867,#382);
#197=LINE('',#1870,#383);
#198=LINE('',#1872,#384);
#199=LINE('',#1873,#385);
#200=LINE('',#1877,#386);
#201=LINE('',#1879,#387);
#202=LINE('',#1881,#388);
#203=LINE('',#1882,#389);
#204=LINE('',#1886,#390);
#205=LINE('',#1887,#391);
#206=LINE('',#1888,#392);
#207=LINE('',#1891,#393);
#208=LINE('',#1893,#394);
#209=LINE('',#1894,#395);
#210=LINE('',#1896,#396);
#211=LINE('',#1897,#397);
#212=LINE('',#1900,#398);
#213=LINE('',#1902,#399);
#214=LINE('',#1903,#400);
#215=LINE('',#1907,#401);
#216=LINE('',#1909,#402);
#217=LINE('',#1911,#403);
#218=LINE('',#1912,#404);
#219=LINE('',#1914,#405);
#220=LINE('',#1918,#406);
#221=LINE('',#1920,#407);
#222=LINE('',#1922,#408);
#223=LINE('',#1923,#409);
#224=LINE('',#1924,#410);
#225=LINE('',#1927,#411);
#226=LINE('',#1929,#412);
#227=LINE('',#1930,#413);
#228=LINE('',#1932,#414);
#229=LINE('',#1933,#415);
#230=LINE('',#1936,#416);
#231=LINE('',#1938,#417);
#232=LINE('',#1939,#418);
#233=LINE('',#1940,#419);
#234=LINE('',#1941,#420);
#235=LINE('',#1943,#421);
#236=LINE('',#1944,#422);
#237=LINE('',#1953,#423);
#238=LINE('',#1955,#424);
#239=LINE('',#1957,#425);
#240=LINE('',#1958,#426);
#241=LINE('',#1962,#427);
#242=LINE('',#1964,#428);
#243=LINE('',#1966,#429);
#244=LINE('',#1967,#430);
#245=LINE('',#1971,#431);
#246=LINE('',#1973,#432);
#247=LINE('',#1975,#433);
#248=LINE('',#1976,#434);
#249=LINE('',#1979,#435);
#250=LINE('',#1981,#436);
#251=LINE('',#1982,#437);
#252=LINE('',#1985,#438);
#253=LINE('',#1987,#439);
#254=LINE('',#1988,#440);
#255=LINE('',#1992,#441);
#256=LINE('',#1994,#442);
#257=LINE('',#1996,#443);
#258=LINE('',#1997,#444);
#259=LINE('',#1999,#445);
#260=LINE('',#2001,#446);
#261=LINE('',#2002,#447);
#262=LINE('',#2006,#448);
#263=LINE('',#2008,#449);
#264=LINE('',#2009,#450);
#265=LINE('',#2011,#451);
#266=LINE('',#2013,#452);
#267=LINE('',#2015,#453);
#268=LINE('',#2017,#454);
#269=LINE('',#2019,#455);
#270=LINE('',#2021,#456);
#271=LINE('',#2023,#457);
#272=LINE('',#2025,#458);
#273=LINE('',#2026,#459);
#274=LINE('',#2032,#460);
#275=LINE('',#2033,#461);
#276=LINE('',#2034,#462);
#277=LINE('',#2036,#463);
#278=LINE('',#2038,#464);
#279=LINE('',#2042,#465);
#280=LINE('',#2043,#466);
#281=LINE('',#2045,#467);
#282=LINE('',#2047,#468);
#283=LINE('',#2049,#469);
#284=LINE('',#2053,#470);
#285=LINE('',#2056,#471);
#286=LINE('',#2059,#472);
#287=LINE('',#2061,#473);
#288=LINE('',#2062,#474);
#289=LINE('',#2065,#475);
#290=LINE('',#2066,#476);
#291=LINE('',#2069,#477);
#292=LINE('',#2071,#478);
#293=LINE('',#2072,#479);
#294=LINE('',#2076,#480);
#295=LINE('',#2077,#481);
#296=LINE('',#2080,#482);
#297=LINE('',#2082,#483);
#298=LINE('',#2084,#484);
#299=LINE('',#2086,#485);
#300=LINE('',#2088,#486);
#301=LINE('',#2090,#487);
#302=LINE('',#2092,#488);
#303=LINE('',#2093,#489);
#304=LINE('',#2095,#490);
#305=LINE('',#2097,#491);
#306=LINE('',#2099,#492);
#307=LINE('',#2100,#493);
#308=LINE('',#2103,#494);
#309=LINE('',#2105,#495);
#310=LINE('',#2106,#496);
#311=LINE('',#2109,#497);
#312=LINE('',#2110,#498);
#313=LINE('',#2113,#499);
#314=LINE('',#2114,#500);
#315=LINE('',#2117,#501);
#316=LINE('',#2118,#502);
#317=LINE('',#2121,#503);
#318=LINE('',#2122,#504);
#319=LINE('',#2126,#505);
#320=LINE('',#2129,#506);
#321=LINE('',#2132,#507);
#322=LINE('',#2133,#508);
#323=LINE('',#2136,#509);
#324=LINE('',#2137,#510);
#325=LINE('',#2139,#511);
#326=LINE('',#2143,#512);
#327=LINE('',#2145,#513);
#328=LINE('',#2146,#514);
#329=LINE('',#2149,#515);
#330=LINE('',#2150,#516);
#331=LINE('',#2153,#517);
#332=LINE('',#2154,#518);
#333=LINE('',#2157,#519);
#334=LINE('',#2158,#520);
#335=LINE('',#2161,#521);
#336=LINE('',#2162,#522);
#337=LINE('',#2165,#523);
#338=LINE('',#2166,#524);
#339=LINE('',#2169,#525);
#340=LINE('',#2172,#526);
#341=LINE('',#2175,#527);
#342=LINE('',#2176,#528);
#343=LINE('',#2179,#529);
#344=LINE('',#2180,#530);
#345=LINE('',#2183,#531);
#346=LINE('',#2184,#532);
#347=LINE('',#2187,#533);
#348=LINE('',#2188,#534);
#349=LINE('',#2190,#535);
#350=LINE('',#2193,#536);
#351=LINE('',#2194,#537);
#352=LINE('',#2197,#538);
#353=LINE('',#2198,#539);
#354=LINE('',#2201,#540);
#355=LINE('',#2202,#541);
#356=LINE('',#2205,#542);
#357=LINE('',#2206,#543);
#358=LINE('',#2209,#544);
#359=LINE('',#2210,#545);
#360=LINE('',#2213,#546);
#361=LINE('',#2214,#547);
#362=LINE('',#2217,#548);
#363=LINE('',#2218,#549);
#364=LINE('',#2221,#550);
#365=LINE('',#2222,#551);
#366=LINE('',#2224,#552);
#367=LINE('',#2227,#553);
#368=LINE('',#2229,#554);
#369=LINE('',#2230,#555);
#370=LINE('',#2233,#556);
#371=LINE('',#2234,#557);
#372=LINE('',#2237,#558);
#373=LINE('',#2238,#559);
#374=LINE('',#2240,#560);
#375=VECTOR('',#1508,10.);
#376=VECTOR('',#1509,10.);
#377=VECTOR('',#1510,10.);
#378=VECTOR('',#1511,10.);
#379=VECTOR('',#1514,10.);
#380=VECTOR('',#1515,10.);
#381=VECTOR('',#1516,10.);
#382=VECTOR('',#1517,10.);
#383=VECTOR('',#1520,1000.);
#384=VECTOR('',#1521,10.);
#385=VECTOR('',#1522,10.);
#386=VECTOR('',#1525,1000.);
#387=VECTOR('',#1526,1000.);
#388=VECTOR('',#1527,1000.);
#389=VECTOR('',#1528,1000.);
#390=VECTOR('',#1531,1000.);
#391=VECTOR('',#1532,1000.);
#392=VECTOR('',#1533,1000.);
#393=VECTOR('',#1536,1000.);
#394=VECTOR('',#1537,1000.);
#395=VECTOR('',#1538,1000.);
#396=VECTOR('',#1541,1000.);
#397=VECTOR('',#1542,1000.);
#398=VECTOR('',#1545,1000.);
#399=VECTOR('',#1546,1000.);
#400=VECTOR('',#1547,10.);
#401=VECTOR('',#1550,1000.);
#402=VECTOR('',#1551,10.);
#403=VECTOR('',#1552,1000.);
#404=VECTOR('',#1553,10.);
#405=VECTOR('',#1556,1000.);
#406=VECTOR('',#1559,1000.);
#407=VECTOR('',#1560,1000.);
#408=VECTOR('',#1561,1000.);
#409=VECTOR('',#1562,1000.);
#410=VECTOR('',#1563,10.);
#411=VECTOR('',#1566,1000.);
#412=VECTOR('',#1567,1000.);
#413=VECTOR('',#1568,1000.);
#414=VECTOR('',#1571,1000.);
#415=VECTOR('',#1572,1000.);
#416=VECTOR('',#1575,1000.);
#417=VECTOR('',#1576,1000.);
#418=VECTOR('',#1577,1000.);
#419=VECTOR('',#1578,10.);
#420=VECTOR('',#1579,10.);
#421=VECTOR('',#1582,1000.);
#422=VECTOR('',#1583,1000.);
#423=VECTOR('',#1596,10.);
#424=VECTOR('',#1597,10.);
#425=VECTOR('',#1598,10.);
#426=VECTOR('',#1599,10.);
#427=VECTOR('',#1602,10.);
#428=VECTOR('',#1603,10.);
#429=VECTOR('',#1604,10.);
#430=VECTOR('',#1605,10.);
#431=VECTOR('',#1608,10.);
#432=VECTOR('',#1609,10.);
#433=VECTOR('',#1610,10.);
#434=VECTOR('',#1611,10.);
#435=VECTOR('',#1614,10.);
#436=VECTOR('',#1615,10.);
#437=VECTOR('',#1616,10.);
#438=VECTOR('',#1619,10.);
#439=VECTOR('',#1620,10.);
#440=VECTOR('',#1621,10.);
#441=VECTOR('',#1624,10.);
#442=VECTOR('',#1625,10.);
#443=VECTOR('',#1626,10.);
#444=VECTOR('',#1627,10.);
#445=VECTOR('',#1628,10.);
#446=VECTOR('',#1629,10.);
#447=VECTOR('',#1630,10.);
#448=VECTOR('',#1633,10.);
#449=VECTOR('',#1634,10.);
#450=VECTOR('',#1635,10.);
#451=VECTOR('',#1636,10.);
#452=VECTOR('',#1637,10.);
#453=VECTOR('',#1638,10.);
#454=VECTOR('',#1639,10.);
#455=VECTOR('',#1640,10.);
#456=VECTOR('',#1641,10.);
#457=VECTOR('',#1642,10.);
#458=VECTOR('',#1643,10.);
#459=VECTOR('',#1644,10.);
#460=VECTOR('',#1649,10.);
#461=VECTOR('',#1650,10.);
#462=VECTOR('',#1651,10.);
#463=VECTOR('',#1652,10.);
#464=VECTOR('',#1653,10.);
#465=VECTOR('',#1656,10.);
#466=VECTOR('',#1657,10.);
#467=VECTOR('',#1658,10.);
#468=VECTOR('',#1659,10.);
#469=VECTOR('',#1660,10.);
#470=VECTOR('',#1663,10.);
#471=VECTOR('',#1666,10.);
#472=VECTOR('',#1669,10.);
#473=VECTOR('',#1670,10.);
#474=VECTOR('',#1671,10.);
#475=VECTOR('',#1674,10.);
#476=VECTOR('',#1675,10.);
#477=VECTOR('',#1678,10.);
#478=VECTOR('',#1679,10.);
#479=VECTOR('',#1680,10.);
#480=VECTOR('',#1685,10.);
#481=VECTOR('',#1686,0.875006350013);
#482=VECTOR('',#1689,10.);
#483=VECTOR('',#1690,10.);
#484=VECTOR('',#1691,10.);
#485=VECTOR('',#1692,10.);
#486=VECTOR('',#1693,10.);
#487=VECTOR('',#1694,10.);
#488=VECTOR('',#1695,10.);
#489=VECTOR('',#1696,10.);
#490=VECTOR('',#1697,10.);
#491=VECTOR('',#1698,10.);
#492=VECTOR('',#1699,10.);
#493=VECTOR('',#1700,10.);
#494=VECTOR('',#1703,10.);
#495=VECTOR('',#1704,10.);
#496=VECTOR('',#1705,10.);
#497=VECTOR('',#1708,10.);
#498=VECTOR('',#1709,10.);
#499=VECTOR('',#1712,10.);
#500=VECTOR('',#1713,10.);
#501=VECTOR('',#1716,10.);
#502=VECTOR('',#1717,10.);
#503=VECTOR('',#1720,10.);
#504=VECTOR('',#1721,10.);
#505=VECTOR('',#1726,2.);
#506=VECTOR('',#1729,10.);
#507=VECTOR('',#1732,10.);
#508=VECTOR('',#1733,10.);
#509=VECTOR('',#1736,10.);
#510=VECTOR('',#1737,10.);
#511=VECTOR('',#1740,10.);
#512=VECTOR('',#1745,10.);
#513=VECTOR('',#1746,10.);
#514=VECTOR('',#1747,10.);
#515=VECTOR('',#1750,10.);
#516=VECTOR('',#1751,10.);
#517=VECTOR('',#1754,10.);
#518=VECTOR('',#1755,10.);
#519=VECTOR('',#1758,10.);
#520=VECTOR('',#1759,10.);
#521=VECTOR('',#1762,10.);
#522=VECTOR('',#1763,10.);
#523=VECTOR('',#1766,10.);
#524=VECTOR('',#1767,10.);
#525=VECTOR('',#1770,10.);
#526=VECTOR('',#1773,10.);
#527=VECTOR('',#1776,10.);
#528=VECTOR('',#1777,10.);
#529=VECTOR('',#1780,10.);
#530=VECTOR('',#1781,10.);
#531=VECTOR('',#1784,10.);
#532=VECTOR('',#1785,10.);
#533=VECTOR('',#1788,10.);
#534=VECTOR('',#1789,10.);
#535=VECTOR('',#1792,10.);
#536=VECTOR('',#1795,10.);
#537=VECTOR('',#1796,10.);
#538=VECTOR('',#1799,10.);
#539=VECTOR('',#1800,10.);
#540=VECTOR('',#1803,10.);
#541=VECTOR('',#1804,10.);
#542=VECTOR('',#1807,10.);
#543=VECTOR('',#1808,10.);
#544=VECTOR('',#1811,10.);
#545=VECTOR('',#1812,10.);
#546=VECTOR('',#1815,10.);
#547=VECTOR('',#1816,10.);
#548=VECTOR('',#1819,10.);
#549=VECTOR('',#1820,10.);
#550=VECTOR('',#1823,10.);
#551=VECTOR('',#1824,10.);
#552=VECTOR('',#1827,10.);
#553=VECTOR('',#1830,10.);
#554=VECTOR('',#1831,10.);
#555=VECTOR('',#1832,10.);
#556=VECTOR('',#1835,10.);
#557=VECTOR('',#1836,10.);
#558=VECTOR('',#1839,10.);
#559=VECTOR('',#1840,10.);
#560=VECTOR('',#1843,10.);
#561=VERTEX_POINT('',#1851);
#562=VERTEX_POINT('',#1852);
#563=VERTEX_POINT('',#1854);
#564=VERTEX_POINT('',#1856);
#565=VERTEX_POINT('',#1860);
#566=VERTEX_POINT('',#1861);
#567=VERTEX_POINT('',#1863);
#568=VERTEX_POINT('',#1865);
#569=VERTEX_POINT('',#1869);
#570=VERTEX_POINT('',#1871);
#571=VERTEX_POINT('',#1875);
#572=VERTEX_POINT('',#1876);
#573=VERTEX_POINT('',#1878);
#574=VERTEX_POINT('',#1880);
#575=VERTEX_POINT('',#1884);
#576=VERTEX_POINT('',#1885);
#577=VERTEX_POINT('',#1890);
#578=VERTEX_POINT('',#1892);
#579=VERTEX_POINT('',#1899);
#580=VERTEX_POINT('',#1901);
#581=VERTEX_POINT('',#1905);
#582=VERTEX_POINT('',#1906);
#583=VERTEX_POINT('',#1908);
#584=VERTEX_POINT('',#1910);
#585=VERTEX_POINT('',#1916);
#586=VERTEX_POINT('',#1917);
#587=VERTEX_POINT('',#1919);
#588=VERTEX_POINT('',#1921);
#589=VERTEX_POINT('',#1926);
#590=VERTEX_POINT('',#1928);
#591=VERTEX_POINT('',#1935);
#592=VERTEX_POINT('',#1937);
#593=VERTEX_POINT('',#1951);
#594=VERTEX_POINT('',#1952);
#595=VERTEX_POINT('',#1954);
#596=VERTEX_POINT('',#1956);
#597=VERTEX_POINT('',#1960);
#598=VERTEX_POINT('',#1961);
#599=VERTEX_POINT('',#1963);
#600=VERTEX_POINT('',#1965);
#601=VERTEX_POINT('',#1969);
#602=VERTEX_POINT('',#1970);
#603=VERTEX_POINT('',#1972);
#604=VERTEX_POINT('',#1974);
#605=VERTEX_POINT('',#1978);
#606=VERTEX_POINT('',#1980);
#607=VERTEX_POINT('',#1984);
#608=VERTEX_POINT('',#1986);
#609=VERTEX_POINT('',#1990);
#610=VERTEX_POINT('',#1991);
#611=VERTEX_POINT('',#1993);
#612=VERTEX_POINT('',#1995);
#613=VERTEX_POINT('',#1998);
#614=VERTEX_POINT('',#2000);
#615=VERTEX_POINT('',#2003);
#616=VERTEX_POINT('',#2005);
#617=VERTEX_POINT('',#2007);
#618=VERTEX_POINT('',#2010);
#619=VERTEX_POINT('',#2012);
#620=VERTEX_POINT('',#2014);
#621=VERTEX_POINT('',#2016);
#622=VERTEX_POINT('',#2018);
#623=VERTEX_POINT('',#2020);
#624=VERTEX_POINT('',#2022);
#625=VERTEX_POINT('',#2024);
#626=VERTEX_POINT('',#2027);
#627=VERTEX_POINT('',#2030);
#628=VERTEX_POINT('',#2031);
#629=VERTEX_POINT('',#2035);
#630=VERTEX_POINT('',#2037);
#631=VERTEX_POINT('',#2039);
#632=VERTEX_POINT('',#2041);
#633=VERTEX_POINT('',#2044);
#634=VERTEX_POINT('',#2046);
#635=VERTEX_POINT('',#2048);
#636=VERTEX_POINT('',#2050);
#637=VERTEX_POINT('',#2052);
#638=VERTEX_POINT('',#2054);
#639=VERTEX_POINT('',#2058);
#640=VERTEX_POINT('',#2060);
#641=VERTEX_POINT('',#2064);
#642=VERTEX_POINT('',#2068);
#643=VERTEX_POINT('',#2070);
#644=VERTEX_POINT('',#2074);
#645=VERTEX_POINT('',#2079);
#646=VERTEX_POINT('',#2081);
#647=VERTEX_POINT('',#2083);
#648=VERTEX_POINT('',#2085);
#649=VERTEX_POINT('',#2087);
#650=VERTEX_POINT('',#2089);
#651=VERTEX_POINT('',#2091);
#652=VERTEX_POINT('',#2094);
#653=VERTEX_POINT('',#2096);
#654=VERTEX_POINT('',#2098);
#655=VERTEX_POINT('',#2102);
#656=VERTEX_POINT('',#2104);
#657=VERTEX_POINT('',#2108);
#658=VERTEX_POINT('',#2112);
#659=VERTEX_POINT('',#2116);
#660=VERTEX_POINT('',#2120);
#661=VERTEX_POINT('',#2124);
#662=VERTEX_POINT('',#2127);
#663=VERTEX_POINT('',#2131);
#664=VERTEX_POINT('',#2135);
#665=VERTEX_POINT('',#2142);
#666=VERTEX_POINT('',#2144);
#667=VERTEX_POINT('',#2148);
#668=VERTEX_POINT('',#2152);
#669=VERTEX_POINT('',#2156);
#670=VERTEX_POINT('',#2160);
#671=VERTEX_POINT('',#2164);
#672=VERTEX_POINT('',#2168);
#673=VERTEX_POINT('',#2170);
#674=VERTEX_POINT('',#2174);
#675=VERTEX_POINT('',#2178);
#676=VERTEX_POINT('',#2182);
#677=VERTEX_POINT('',#2186);
#678=VERTEX_POINT('',#2192);
#679=VERTEX_POINT('',#2196);
#680=VERTEX_POINT('',#2200);
#681=VERTEX_POINT('',#2204);
#682=VERTEX_POINT('',#2208);
#683=VERTEX_POINT('',#2212);
#684=VERTEX_POINT('',#2216);
#685=VERTEX_POINT('',#2220);
#686=VERTEX_POINT('',#2226);
#687=VERTEX_POINT('',#2228);
#688=VERTEX_POINT('',#2232);
#689=VERTEX_POINT('',#2236);
#690=EDGE_CURVE('',#561,#562,#189,.F.);
#691=EDGE_CURVE('',#561,#563,#190,.T.);
#692=EDGE_CURVE('',#564,#563,#191,.T.);
#693=EDGE_CURVE('',#562,#564,#192,.T.);
#694=EDGE_CURVE('',#565,#566,#193,.T.);
#695=EDGE_CURVE('',#567,#565,#194,.F.);
#696=EDGE_CURVE('',#568,#567,#195,.F.);
#697=EDGE_CURVE('',#568,#566,#196,.T.);
#698=EDGE_CURVE('',#569,#567,#197,.T.);
#699=EDGE_CURVE('',#570,#569,#198,.T.);
#700=EDGE_CURVE('',#568,#570,#199,.T.);
#701=EDGE_CURVE('',#571,#572,#200,.T.);
#702=EDGE_CURVE('',#573,#571,#201,.T.);
#703=EDGE_CURVE('',#573,#574,#202,.T.);
#704=EDGE_CURVE('',#572,#574,#203,.T.);
#705=EDGE_CURVE('',#575,#576,#204,.T.);
#706=EDGE_CURVE('',#575,#571,#205,.T.);
#707=EDGE_CURVE('',#576,#572,#206,.T.);
#708=EDGE_CURVE('',#577,#574,#207,.T.);
#709=EDGE_CURVE('',#578,#573,#208,.T.);
#710=EDGE_CURVE('',#578,#577,#209,.T.);
#711=EDGE_CURVE('',#577,#576,#210,.T.);
#712=EDGE_CURVE('',#578,#575,#211,.T.);
#713=EDGE_CURVE('',#570,#579,#212,.T.);
#714=EDGE_CURVE('',#569,#580,#213,.T.);
#715=EDGE_CURVE('',#580,#579,#214,.F.);
#716=EDGE_CURVE('',#581,#582,#215,.T.);
#717=EDGE_CURVE('',#581,#583,#216,.F.);
#718=EDGE_CURVE('',#583,#584,#217,.T.);
#719=EDGE_CURVE('',#584,#582,#218,.T.);
#720=EDGE_CURVE('',#580,#565,#219,.T.);
#721=EDGE_CURVE('',#585,#586,#220,.T.);
#722=EDGE_CURVE('',#587,#586,#221,.T.);
#723=EDGE_CURVE('',#588,#587,#222,.T.);
#724=EDGE_CURVE('',#588,#585,#223,.T.);
#725=EDGE_CURVE('',#579,#566,#224,.F.);
#726=EDGE_CURVE('',#586,#589,#225,.T.);
#727=EDGE_CURVE('',#590,#589,#226,.T.);
#728=EDGE_CURVE('',#590,#587,#227,.T.);
#729=EDGE_CURVE('',#581,#564,#228,.T.);
#730=EDGE_CURVE('',#582,#562,#229,.T.);
#731=EDGE_CURVE('',#591,#589,#230,.T.);
#732=EDGE_CURVE('',#592,#591,#231,.T.);
#733=EDGE_CURVE('',#592,#590,#232,.T.);
#734=EDGE_CURVE('',#561,#584,#233,.F.);
#735=EDGE_CURVE('',#583,#563,#234,.T.);
#736=EDGE_CURVE('',#585,#591,#235,.T.);
#737=EDGE_CURVE('',#592,#588,#236,.T.);
#738=EDGE_CURVE('',#593,#594,#237,.T.);
#739=EDGE_CURVE('',#594,#595,#238,.T.);
#740=EDGE_CURVE('',#596,#595,#239,.T.);
#741=EDGE_CURVE('',#593,#596,#240,.T.);
#742=EDGE_CURVE('',#597,#598,#241,.T.);
#743=EDGE_CURVE('',#598,#599,#242,.T.);
#744=EDGE_CURVE('',#600,#599,#243,.T.);
#745=EDGE_CURVE('',#597,#600,#244,.T.);
#746=EDGE_CURVE('',#601,#602,#245,.T.);
#747=EDGE_CURVE('',#602,#603,#246,.T.);
#748=EDGE_CURVE('',#604,#603,#247,.T.);
#749=EDGE_CURVE('',#601,#604,#248,.T.);
#750=EDGE_CURVE('',#605,#601,#249,.T.);
#751=EDGE_CURVE('',#606,#604,#250,.T.);
#752=EDGE_CURVE('',#605,#606,#251,.T.);
#753=EDGE_CURVE('',#607,#605,#252,.T.);
#754=EDGE_CURVE('',#608,#606,#253,.T.);
#755=EDGE_CURVE('',#607,#608,#254,.T.);
#756=EDGE_CURVE('',#609,#610,#255,.T.);
#757=EDGE_CURVE('',#610,#611,#256,.T.);
#758=EDGE_CURVE('',#611,#612,#257,.T.);
#759=EDGE_CURVE('',#612,#609,#258,.T.);
#760=EDGE_CURVE('',#603,#613,#259,.T.);
#761=EDGE_CURVE('',#613,#614,#260,.T.);
#762=EDGE_CURVE('',#614,#608,#261,.T.);
#763=EDGE_CURVE('',#615,#615,#20,.T.);
#764=EDGE_CURVE('',#599,#616,#262,.T.);
#765=EDGE_CURVE('',#616,#617,#263,.T.);
#766=EDGE_CURVE('',#617,#600,#264,.T.);
#767=EDGE_CURVE('',#595,#618,#265,.T.);
#768=EDGE_CURVE('',#618,#619,#266,.T.);
#769=EDGE_CURVE('',#619,#620,#267,.T.);
#770=EDGE_CURVE('',#620,#621,#268,.T.);
#771=EDGE_CURVE('',#621,#622,#269,.T.);
#772=EDGE_CURVE('',#622,#623,#270,.T.);
#773=EDGE_CURVE('',#623,#624,#271,.T.);
#774=EDGE_CURVE('',#624,#625,#272,.T.);
#775=EDGE_CURVE('',#625,#596,#273,.T.);
#776=EDGE_CURVE('',#626,#626,#21,.T.);
#777=EDGE_CURVE('',#627,#628,#274,.T.);
#778=EDGE_CURVE('',#594,#627,#275,.T.);
#779=EDGE_CURVE('',#593,#602,#276,.T.);
#780=EDGE_CURVE('',#607,#629,#277,.T.);
#781=EDGE_CURVE('',#629,#630,#278,.T.);
#782=EDGE_CURVE('',#630,#631,#22,.T.);
#783=EDGE_CURVE('',#631,#632,#279,.T.);
#784=EDGE_CURVE('',#598,#632,#280,.T.);
#785=EDGE_CURVE('',#633,#597,#281,.T.);
#786=EDGE_CURVE('',#633,#634,#282,.T.);
#787=EDGE_CURVE('',#635,#634,#283,.T.);
#788=EDGE_CURVE('',#636,#635,#23,.T.);
#789=EDGE_CURVE('',#637,#636,#284,.T.);
#790=EDGE_CURVE('',#638,#637,#24,.T.);
#791=EDGE_CURVE('',#628,#638,#285,.T.);
#792=EDGE_CURVE('',#618,#639,#286,.T.);
#793=EDGE_CURVE('',#640,#639,#287,.T.);
#794=EDGE_CURVE('',#640,#619,#288,.T.);
#795=EDGE_CURVE('',#641,#640,#289,.T.);
#796=EDGE_CURVE('',#620,#641,#290,.T.);
#797=EDGE_CURVE('',#642,#634,#291,.T.);
#798=EDGE_CURVE('',#643,#642,#292,.T.);
#799=EDGE_CURVE('',#635,#643,#293,.T.);
#800=EDGE_CURVE('',#644,#643,#25,.T.);
#801=EDGE_CURVE('',#636,#644,#294,.T.);
#802=EDGE_CURVE('',#636,#626,#295,.T.);
#803=EDGE_CURVE('',#645,#644,#296,.T.);
#804=EDGE_CURVE('',#646,#642,#297,.T.);
#805=EDGE_CURVE('',#647,#646,#298,.T.);
#806=EDGE_CURVE('',#648,#647,#299,.T.);
#807=EDGE_CURVE('',#649,#648,#300,.T.);
#808=EDGE_CURVE('',#650,#649,#301,.T.);
#809=EDGE_CURVE('',#651,#650,#302,.T.);
#810=EDGE_CURVE('',#641,#651,#303,.T.);
#811=EDGE_CURVE('',#652,#639,#304,.T.);
#812=EDGE_CURVE('',#653,#652,#305,.T.);
#813=EDGE_CURVE('',#654,#653,#306,.T.);
#814=EDGE_CURVE('',#645,#654,#307,.T.);
#815=EDGE_CURVE('',#654,#655,#308,.T.);
#816=EDGE_CURVE('',#656,#655,#309,.T.);
#817=EDGE_CURVE('',#645,#656,#310,.T.);
#818=EDGE_CURVE('',#653,#657,#311,.T.);
#819=EDGE_CURVE('',#655,#657,#312,.T.);
#820=EDGE_CURVE('',#652,#658,#313,.T.);
#821=EDGE_CURVE('',#657,#658,#314,.T.);
#822=EDGE_CURVE('',#639,#659,#315,.T.);
#823=EDGE_CURVE('',#658,#659,#316,.T.);
#824=EDGE_CURVE('',#660,#656,#317,.T.);
#825=EDGE_CURVE('',#637,#660,#318,.T.);
#826=EDGE_CURVE('',#661,#660,#26,.T.);
#827=EDGE_CURVE('',#661,#615,#319,.T.);
#828=EDGE_CURVE('',#662,#661,#27,.T.);
#829=EDGE_CURVE('',#638,#662,#320,.T.);
#830=EDGE_CURVE('',#663,#662,#321,.T.);
#831=EDGE_CURVE('',#628,#663,#322,.T.);
#832=EDGE_CURVE('',#664,#663,#323,.T.);
#833=EDGE_CURVE('',#627,#664,#324,.T.);
#834=EDGE_CURVE('',#659,#664,#325,.T.);
#835=EDGE_CURVE('',#651,#665,#326,.T.);
#836=EDGE_CURVE('',#666,#665,#327,.T.);
#837=EDGE_CURVE('',#641,#666,#328,.T.);
#838=EDGE_CURVE('',#650,#667,#329,.T.);
#839=EDGE_CURVE('',#665,#667,#330,.T.);
#840=EDGE_CURVE('',#649,#668,#331,.T.);
#841=EDGE_CURVE('',#667,#668,#332,.T.);
#842=EDGE_CURVE('',#648,#669,#333,.T.);
#843=EDGE_CURVE('',#668,#669,#334,.T.);
#844=EDGE_CURVE('',#647,#670,#335,.T.);
#845=EDGE_CURVE('',#669,#670,#336,.T.);
#846=EDGE_CURVE('',#646,#671,#337,.T.);
#847=EDGE_CURVE('',#670,#671,#338,.T.);
#848=EDGE_CURVE('',#630,#672,#339,.T.);
#849=EDGE_CURVE('',#673,#672,#28,.T.);
#850=EDGE_CURVE('',#631,#673,#340,.T.);
#851=EDGE_CURVE('',#674,#673,#341,.T.);
#852=EDGE_CURVE('',#632,#674,#342,.T.);
#853=EDGE_CURVE('',#675,#674,#343,.T.);
#854=EDGE_CURVE('',#675,#616,#344,.T.);
#855=EDGE_CURVE('',#676,#675,#345,.T.);
#856=EDGE_CURVE('',#676,#617,#346,.T.);
#857=EDGE_CURVE('',#677,#676,#347,.T.);
#858=EDGE_CURVE('',#633,#677,#348,.T.);
#859=EDGE_CURVE('',#671,#677,#349,.T.);
#860=EDGE_CURVE('',#678,#666,#350,.T.);
#861=EDGE_CURVE('',#678,#621,#351,.T.);
#862=EDGE_CURVE('',#679,#678,#352,.T.);
#863=EDGE_CURVE('',#679,#622,#353,.T.);
#864=EDGE_CURVE('',#680,#679,#354,.T.);
#865=EDGE_CURVE('',#680,#623,#355,.T.);
#866=EDGE_CURVE('',#681,#680,#356,.T.);
#867=EDGE_CURVE('',#681,#624,#357,.T.);
#868=EDGE_CURVE('',#682,#681,#358,.T.);
#869=EDGE_CURVE('',#682,#625,#359,.T.);
#870=EDGE_CURVE('',#683,#682,#360,.T.);
#871=EDGE_CURVE('',#683,#613,#361,.T.);
#872=EDGE_CURVE('',#684,#683,#362,.T.);
#873=EDGE_CURVE('',#684,#614,#363,.T.);
#874=EDGE_CURVE('',#685,#684,#364,.T.);
#875=EDGE_CURVE('',#629,#685,#365,.T.);
#876=EDGE_CURVE('',#672,#685,#366,.T.);
#877=EDGE_CURVE('',#686,#610,#367,.T.);
#878=EDGE_CURVE('',#687,#686,#368,.T.);
#879=EDGE_CURVE('',#687,#611,#369,.T.);
#880=EDGE_CURVE('',#688,#687,#370,.T.);
#881=EDGE_CURVE('',#688,#612,#371,.T.);
#882=EDGE_CURVE('',#689,#688,#372,.T.);
#883=EDGE_CURVE('',#609,#689,#373,.T.);
#884=EDGE_CURVE('',#686,#689,#374,.T.);
#885=ORIENTED_EDGE('',*,*,#690,.F.);
#886=ORIENTED_EDGE('',*,*,#691,.T.);
#887=ORIENTED_EDGE('',*,*,#692,.F.);
#888=ORIENTED_EDGE('',*,*,#693,.F.);
#889=ORIENTED_EDGE('',*,*,#694,.F.);
#890=ORIENTED_EDGE('',*,*,#695,.F.);
#891=ORIENTED_EDGE('',*,*,#696,.F.);
#892=ORIENTED_EDGE('',*,*,#697,.T.);
#893=ORIENTED_EDGE('',*,*,#696,.T.);
#894=ORIENTED_EDGE('',*,*,#698,.F.);
#895=ORIENTED_EDGE('',*,*,#699,.F.);
#896=ORIENTED_EDGE('',*,*,#700,.F.);
#897=ORIENTED_EDGE('',*,*,#701,.F.);
#898=ORIENTED_EDGE('',*,*,#702,.F.);
#899=ORIENTED_EDGE('',*,*,#703,.T.);
#900=ORIENTED_EDGE('',*,*,#704,.F.);
#901=ORIENTED_EDGE('',*,*,#705,.F.);
#902=ORIENTED_EDGE('',*,*,#706,.T.);
#903=ORIENTED_EDGE('',*,*,#701,.T.);
#904=ORIENTED_EDGE('',*,*,#707,.F.);
#905=ORIENTED_EDGE('',*,*,#708,.T.);
#906=ORIENTED_EDGE('',*,*,#703,.F.);
#907=ORIENTED_EDGE('',*,*,#709,.F.);
#908=ORIENTED_EDGE('',*,*,#710,.T.);
#909=ORIENTED_EDGE('',*,*,#711,.F.);
#910=ORIENTED_EDGE('',*,*,#710,.F.);
#911=ORIENTED_EDGE('',*,*,#712,.T.);
#912=ORIENTED_EDGE('',*,*,#705,.T.);
#913=ORIENTED_EDGE('',*,*,#713,.F.);
#914=ORIENTED_EDGE('',*,*,#699,.T.);
#915=ORIENTED_EDGE('',*,*,#714,.T.);
#916=ORIENTED_EDGE('',*,*,#715,.T.);
#917=ORIENTED_EDGE('',*,*,#716,.F.);
#918=ORIENTED_EDGE('',*,*,#717,.T.);
#919=ORIENTED_EDGE('',*,*,#718,.T.);
#920=ORIENTED_EDGE('',*,*,#719,.T.);
#921=ORIENTED_EDGE('',*,*,#695,.T.);
#922=ORIENTED_EDGE('',*,*,#720,.F.);
#923=ORIENTED_EDGE('',*,*,#714,.F.);
#924=ORIENTED_EDGE('',*,*,#698,.T.);
#925=ORIENTED_EDGE('',*,*,#721,.T.);
#926=ORIENTED_EDGE('',*,*,#722,.F.);
#927=ORIENTED_EDGE('',*,*,#723,.F.);
#928=ORIENTED_EDGE('',*,*,#724,.T.);
#929=ORIENTED_EDGE('',*,*,#697,.F.);
#930=ORIENTED_EDGE('',*,*,#700,.T.);
#931=ORIENTED_EDGE('',*,*,#713,.T.);
#932=ORIENTED_EDGE('',*,*,#725,.T.);
#933=ORIENTED_EDGE('',*,*,#726,.T.);
#934=ORIENTED_EDGE('',*,*,#727,.F.);
#935=ORIENTED_EDGE('',*,*,#728,.T.);
#936=ORIENTED_EDGE('',*,*,#722,.T.);
#937=ORIENTED_EDGE('',*,*,#693,.T.);
#938=ORIENTED_EDGE('',*,*,#729,.F.);
#939=ORIENTED_EDGE('',*,*,#716,.T.);
#940=ORIENTED_EDGE('',*,*,#730,.T.);
#941=ORIENTED_EDGE('',*,*,#731,.F.);
#942=ORIENTED_EDGE('',*,*,#732,.F.);
#943=ORIENTED_EDGE('',*,*,#733,.T.);
#944=ORIENTED_EDGE('',*,*,#727,.T.);
#945=ORIENTED_EDGE('',*,*,#691,.F.);
#946=ORIENTED_EDGE('',*,*,#734,.T.);
#947=ORIENTED_EDGE('',*,*,#718,.F.);
#948=ORIENTED_EDGE('',*,*,#735,.T.);
#949=ORIENTED_EDGE('',*,*,#736,.F.);
#950=ORIENTED_EDGE('',*,*,#724,.F.);
#951=ORIENTED_EDGE('',*,*,#737,.F.);
#952=ORIENTED_EDGE('',*,*,#732,.T.);
#953=ORIENTED_EDGE('',*,*,#706,.F.);
#954=ORIENTED_EDGE('',*,*,#712,.F.);
#955=ORIENTED_EDGE('',*,*,#709,.T.);
#956=ORIENTED_EDGE('',*,*,#702,.T.);
#957=ORIENTED_EDGE('',*,*,#737,.T.);
#958=ORIENTED_EDGE('',*,*,#723,.T.);
#959=ORIENTED_EDGE('',*,*,#728,.F.);
#960=ORIENTED_EDGE('',*,*,#733,.F.);
#961=ORIENTED_EDGE('',*,*,#708,.F.);
#962=ORIENTED_EDGE('',*,*,#711,.T.);
#963=ORIENTED_EDGE('',*,*,#707,.T.);
#964=ORIENTED_EDGE('',*,*,#704,.T.);
#965=ORIENTED_EDGE('',*,*,#721,.F.);
#966=ORIENTED_EDGE('',*,*,#736,.T.);
#967=ORIENTED_EDGE('',*,*,#731,.T.);
#968=ORIENTED_EDGE('',*,*,#726,.F.);
#969=ORIENTED_EDGE('',*,*,#694,.T.);
#970=ORIENTED_EDGE('',*,*,#725,.F.);
#971=ORIENTED_EDGE('',*,*,#715,.F.);
#972=ORIENTED_EDGE('',*,*,#720,.T.);
#973=ORIENTED_EDGE('',*,*,#690,.T.);
#974=ORIENTED_EDGE('',*,*,#730,.F.);
#975=ORIENTED_EDGE('',*,*,#719,.F.);
#976=ORIENTED_EDGE('',*,*,#734,.F.);
#977=ORIENTED_EDGE('',*,*,#692,.T.);
#978=ORIENTED_EDGE('',*,*,#735,.F.);
#979=ORIENTED_EDGE('',*,*,#717,.F.);
#980=ORIENTED_EDGE('',*,*,#729,.T.);
#981=ORIENTED_EDGE('',*,*,#738,.T.);
#982=ORIENTED_EDGE('',*,*,#739,.T.);
#983=ORIENTED_EDGE('',*,*,#740,.F.);
#984=ORIENTED_EDGE('',*,*,#741,.F.);
#985=ORIENTED_EDGE('',*,*,#742,.T.);
#986=ORIENTED_EDGE('',*,*,#743,.T.);
#987=ORIENTED_EDGE('',*,*,#744,.F.);
#988=ORIENTED_EDGE('',*,*,#745,.F.);
#989=ORIENTED_EDGE('',*,*,#746,.T.);
#990=ORIENTED_EDGE('',*,*,#747,.T.);
#991=ORIENTED_EDGE('',*,*,#748,.F.);
#992=ORIENTED_EDGE('',*,*,#749,.F.);
#993=ORIENTED_EDGE('',*,*,#750,.T.);
#994=ORIENTED_EDGE('',*,*,#749,.T.);
#995=ORIENTED_EDGE('',*,*,#751,.F.);
#996=ORIENTED_EDGE('',*,*,#752,.F.);
#997=ORIENTED_EDGE('',*,*,#753,.T.);
#998=ORIENTED_EDGE('',*,*,#752,.T.);
#999=ORIENTED_EDGE('',*,*,#754,.F.);
#1000=ORIENTED_EDGE('',*,*,#755,.F.);
#1001=ORIENTED_EDGE('',*,*,#756,.T.);
#1002=ORIENTED_EDGE('',*,*,#757,.T.);
#1003=ORIENTED_EDGE('',*,*,#758,.T.);
#1004=ORIENTED_EDGE('',*,*,#759,.T.);
#1005=ORIENTED_EDGE('',*,*,#754,.T.);
#1006=ORIENTED_EDGE('',*,*,#751,.T.);
#1007=ORIENTED_EDGE('',*,*,#748,.T.);
#1008=ORIENTED_EDGE('',*,*,#760,.T.);
#1009=ORIENTED_EDGE('',*,*,#761,.T.);
#1010=ORIENTED_EDGE('',*,*,#762,.T.);
#1011=ORIENTED_EDGE('',*,*,#763,.T.);
#1012=ORIENTED_EDGE('',*,*,#744,.T.);
#1013=ORIENTED_EDGE('',*,*,#764,.T.);
#1014=ORIENTED_EDGE('',*,*,#765,.T.);
#1015=ORIENTED_EDGE('',*,*,#766,.T.);
#1016=ORIENTED_EDGE('',*,*,#740,.T.);
#1017=ORIENTED_EDGE('',*,*,#767,.T.);
#1018=ORIENTED_EDGE('',*,*,#768,.T.);
#1019=ORIENTED_EDGE('',*,*,#769,.T.);
#1020=ORIENTED_EDGE('',*,*,#770,.T.);
#1021=ORIENTED_EDGE('',*,*,#771,.T.);
#1022=ORIENTED_EDGE('',*,*,#772,.T.);
#1023=ORIENTED_EDGE('',*,*,#773,.T.);
#1024=ORIENTED_EDGE('',*,*,#774,.T.);
#1025=ORIENTED_EDGE('',*,*,#775,.T.);
#1026=ORIENTED_EDGE('',*,*,#776,.T.);
#1027=ORIENTED_EDGE('',*,*,#777,.F.);
#1028=ORIENTED_EDGE('',*,*,#778,.F.);
#1029=ORIENTED_EDGE('',*,*,#738,.F.);
#1030=ORIENTED_EDGE('',*,*,#779,.T.);
#1031=ORIENTED_EDGE('',*,*,#746,.F.);
#1032=ORIENTED_EDGE('',*,*,#750,.F.);
#1033=ORIENTED_EDGE('',*,*,#753,.F.);
#1034=ORIENTED_EDGE('',*,*,#780,.T.);
#1035=ORIENTED_EDGE('',*,*,#781,.T.);
#1036=ORIENTED_EDGE('',*,*,#782,.T.);
#1037=ORIENTED_EDGE('',*,*,#783,.T.);
#1038=ORIENTED_EDGE('',*,*,#784,.F.);
#1039=ORIENTED_EDGE('',*,*,#742,.F.);
#1040=ORIENTED_EDGE('',*,*,#785,.F.);
#1041=ORIENTED_EDGE('',*,*,#786,.T.);
#1042=ORIENTED_EDGE('',*,*,#787,.F.);
#1043=ORIENTED_EDGE('',*,*,#788,.F.);
#1044=ORIENTED_EDGE('',*,*,#789,.F.);
#1045=ORIENTED_EDGE('',*,*,#790,.F.);
#1046=ORIENTED_EDGE('',*,*,#791,.F.);
#1047=ORIENTED_EDGE('',*,*,#792,.T.);
#1048=ORIENTED_EDGE('',*,*,#793,.F.);
#1049=ORIENTED_EDGE('',*,*,#794,.T.);
#1050=ORIENTED_EDGE('',*,*,#768,.F.);
#1051=ORIENTED_EDGE('',*,*,#794,.F.);
#1052=ORIENTED_EDGE('',*,*,#795,.F.);
#1053=ORIENTED_EDGE('',*,*,#796,.F.);
#1054=ORIENTED_EDGE('',*,*,#769,.F.);
#1055=ORIENTED_EDGE('',*,*,#787,.T.);
#1056=ORIENTED_EDGE('',*,*,#797,.F.);
#1057=ORIENTED_EDGE('',*,*,#798,.F.);
#1058=ORIENTED_EDGE('',*,*,#799,.F.);
#1059=ORIENTED_EDGE('',*,*,#799,.T.);
#1060=ORIENTED_EDGE('',*,*,#800,.F.);
#1061=ORIENTED_EDGE('',*,*,#801,.F.);
#1062=ORIENTED_EDGE('',*,*,#802,.T.);
#1063=ORIENTED_EDGE('',*,*,#776,.F.);
#1064=ORIENTED_EDGE('',*,*,#802,.F.);
#1065=ORIENTED_EDGE('',*,*,#788,.T.);
#1066=ORIENTED_EDGE('',*,*,#803,.T.);
#1067=ORIENTED_EDGE('',*,*,#800,.T.);
#1068=ORIENTED_EDGE('',*,*,#798,.T.);
#1069=ORIENTED_EDGE('',*,*,#804,.F.);
#1070=ORIENTED_EDGE('',*,*,#805,.F.);
#1071=ORIENTED_EDGE('',*,*,#806,.F.);
#1072=ORIENTED_EDGE('',*,*,#807,.F.);
#1073=ORIENTED_EDGE('',*,*,#808,.F.);
#1074=ORIENTED_EDGE('',*,*,#809,.F.);
#1075=ORIENTED_EDGE('',*,*,#810,.F.);
#1076=ORIENTED_EDGE('',*,*,#795,.T.);
#1077=ORIENTED_EDGE('',*,*,#793,.T.);
#1078=ORIENTED_EDGE('',*,*,#811,.F.);
#1079=ORIENTED_EDGE('',*,*,#812,.F.);
#1080=ORIENTED_EDGE('',*,*,#813,.F.);
#1081=ORIENTED_EDGE('',*,*,#814,.F.);
#1082=ORIENTED_EDGE('',*,*,#814,.T.);
#1083=ORIENTED_EDGE('',*,*,#815,.T.);
#1084=ORIENTED_EDGE('',*,*,#816,.F.);
#1085=ORIENTED_EDGE('',*,*,#817,.F.);
#1086=ORIENTED_EDGE('',*,*,#813,.T.);
#1087=ORIENTED_EDGE('',*,*,#818,.T.);
#1088=ORIENTED_EDGE('',*,*,#819,.F.);
#1089=ORIENTED_EDGE('',*,*,#815,.F.);
#1090=ORIENTED_EDGE('',*,*,#812,.T.);
#1091=ORIENTED_EDGE('',*,*,#820,.T.);
#1092=ORIENTED_EDGE('',*,*,#821,.F.);
#1093=ORIENTED_EDGE('',*,*,#818,.F.);
#1094=ORIENTED_EDGE('',*,*,#811,.T.);
#1095=ORIENTED_EDGE('',*,*,#822,.T.);
#1096=ORIENTED_EDGE('',*,*,#823,.F.);
#1097=ORIENTED_EDGE('',*,*,#820,.F.);
#1098=ORIENTED_EDGE('',*,*,#789,.T.);
#1099=ORIENTED_EDGE('',*,*,#801,.T.);
#1100=ORIENTED_EDGE('',*,*,#803,.F.);
#1101=ORIENTED_EDGE('',*,*,#817,.T.);
#1102=ORIENTED_EDGE('',*,*,#824,.F.);
#1103=ORIENTED_EDGE('',*,*,#825,.F.);
#1104=ORIENTED_EDGE('',*,*,#790,.T.);
#1105=ORIENTED_EDGE('',*,*,#825,.T.);
#1106=ORIENTED_EDGE('',*,*,#826,.F.);
#1107=ORIENTED_EDGE('',*,*,#827,.T.);
#1108=ORIENTED_EDGE('',*,*,#763,.F.);
#1109=ORIENTED_EDGE('',*,*,#827,.F.);
#1110=ORIENTED_EDGE('',*,*,#828,.F.);
#1111=ORIENTED_EDGE('',*,*,#829,.F.);
#1112=ORIENTED_EDGE('',*,*,#791,.T.);
#1113=ORIENTED_EDGE('',*,*,#829,.T.);
#1114=ORIENTED_EDGE('',*,*,#830,.F.);
#1115=ORIENTED_EDGE('',*,*,#831,.F.);
#1116=ORIENTED_EDGE('',*,*,#777,.T.);
#1117=ORIENTED_EDGE('',*,*,#831,.T.);
#1118=ORIENTED_EDGE('',*,*,#832,.F.);
#1119=ORIENTED_EDGE('',*,*,#833,.F.);
#1120=ORIENTED_EDGE('',*,*,#833,.T.);
#1121=ORIENTED_EDGE('',*,*,#834,.F.);
#1122=ORIENTED_EDGE('',*,*,#822,.F.);
#1123=ORIENTED_EDGE('',*,*,#792,.F.);
#1124=ORIENTED_EDGE('',*,*,#767,.F.);
#1125=ORIENTED_EDGE('',*,*,#739,.F.);
#1126=ORIENTED_EDGE('',*,*,#778,.T.);
#1127=ORIENTED_EDGE('',*,*,#823,.T.);
#1128=ORIENTED_EDGE('',*,*,#834,.T.);
#1129=ORIENTED_EDGE('',*,*,#832,.T.);
#1130=ORIENTED_EDGE('',*,*,#830,.T.);
#1131=ORIENTED_EDGE('',*,*,#828,.T.);
#1132=ORIENTED_EDGE('',*,*,#826,.T.);
#1133=ORIENTED_EDGE('',*,*,#824,.T.);
#1134=ORIENTED_EDGE('',*,*,#816,.T.);
#1135=ORIENTED_EDGE('',*,*,#819,.T.);
#1136=ORIENTED_EDGE('',*,*,#821,.T.);
#1137=ORIENTED_EDGE('',*,*,#810,.T.);
#1138=ORIENTED_EDGE('',*,*,#835,.T.);
#1139=ORIENTED_EDGE('',*,*,#836,.F.);
#1140=ORIENTED_EDGE('',*,*,#837,.F.);
#1141=ORIENTED_EDGE('',*,*,#809,.T.);
#1142=ORIENTED_EDGE('',*,*,#838,.T.);
#1143=ORIENTED_EDGE('',*,*,#839,.F.);
#1144=ORIENTED_EDGE('',*,*,#835,.F.);
#1145=ORIENTED_EDGE('',*,*,#808,.T.);
#1146=ORIENTED_EDGE('',*,*,#840,.T.);
#1147=ORIENTED_EDGE('',*,*,#841,.F.);
#1148=ORIENTED_EDGE('',*,*,#838,.F.);
#1149=ORIENTED_EDGE('',*,*,#807,.T.);
#1150=ORIENTED_EDGE('',*,*,#842,.T.);
#1151=ORIENTED_EDGE('',*,*,#843,.F.);
#1152=ORIENTED_EDGE('',*,*,#840,.F.);
#1153=ORIENTED_EDGE('',*,*,#806,.T.);
#1154=ORIENTED_EDGE('',*,*,#844,.T.);
#1155=ORIENTED_EDGE('',*,*,#845,.F.);
#1156=ORIENTED_EDGE('',*,*,#842,.F.);
#1157=ORIENTED_EDGE('',*,*,#805,.T.);
#1158=ORIENTED_EDGE('',*,*,#846,.T.);
#1159=ORIENTED_EDGE('',*,*,#847,.F.);
#1160=ORIENTED_EDGE('',*,*,#844,.F.);
#1161=ORIENTED_EDGE('',*,*,#782,.F.);
#1162=ORIENTED_EDGE('',*,*,#848,.T.);
#1163=ORIENTED_EDGE('',*,*,#849,.F.);
#1164=ORIENTED_EDGE('',*,*,#850,.F.);
#1165=ORIENTED_EDGE('',*,*,#783,.F.);
#1166=ORIENTED_EDGE('',*,*,#850,.T.);
#1167=ORIENTED_EDGE('',*,*,#851,.F.);
#1168=ORIENTED_EDGE('',*,*,#852,.F.);
#1169=ORIENTED_EDGE('',*,*,#852,.T.);
#1170=ORIENTED_EDGE('',*,*,#853,.F.);
#1171=ORIENTED_EDGE('',*,*,#854,.T.);
#1172=ORIENTED_EDGE('',*,*,#764,.F.);
#1173=ORIENTED_EDGE('',*,*,#743,.F.);
#1174=ORIENTED_EDGE('',*,*,#784,.T.);
#1175=ORIENTED_EDGE('',*,*,#854,.F.);
#1176=ORIENTED_EDGE('',*,*,#855,.F.);
#1177=ORIENTED_EDGE('',*,*,#856,.T.);
#1178=ORIENTED_EDGE('',*,*,#765,.F.);
#1179=ORIENTED_EDGE('',*,*,#856,.F.);
#1180=ORIENTED_EDGE('',*,*,#857,.F.);
#1181=ORIENTED_EDGE('',*,*,#858,.F.);
#1182=ORIENTED_EDGE('',*,*,#785,.T.);
#1183=ORIENTED_EDGE('',*,*,#745,.T.);
#1184=ORIENTED_EDGE('',*,*,#766,.F.);
#1185=ORIENTED_EDGE('',*,*,#797,.T.);
#1186=ORIENTED_EDGE('',*,*,#786,.F.);
#1187=ORIENTED_EDGE('',*,*,#858,.T.);
#1188=ORIENTED_EDGE('',*,*,#859,.F.);
#1189=ORIENTED_EDGE('',*,*,#846,.F.);
#1190=ORIENTED_EDGE('',*,*,#804,.T.);
#1191=ORIENTED_EDGE('',*,*,#796,.T.);
#1192=ORIENTED_EDGE('',*,*,#837,.T.);
#1193=ORIENTED_EDGE('',*,*,#860,.F.);
#1194=ORIENTED_EDGE('',*,*,#861,.T.);
#1195=ORIENTED_EDGE('',*,*,#770,.F.);
#1196=ORIENTED_EDGE('',*,*,#861,.F.);
#1197=ORIENTED_EDGE('',*,*,#862,.F.);
#1198=ORIENTED_EDGE('',*,*,#863,.T.);
#1199=ORIENTED_EDGE('',*,*,#771,.F.);
#1200=ORIENTED_EDGE('',*,*,#863,.F.);
#1201=ORIENTED_EDGE('',*,*,#864,.F.);
#1202=ORIENTED_EDGE('',*,*,#865,.T.);
#1203=ORIENTED_EDGE('',*,*,#772,.F.);
#1204=ORIENTED_EDGE('',*,*,#865,.F.);
#1205=ORIENTED_EDGE('',*,*,#866,.F.);
#1206=ORIENTED_EDGE('',*,*,#867,.T.);
#1207=ORIENTED_EDGE('',*,*,#773,.F.);
#1208=ORIENTED_EDGE('',*,*,#867,.F.);
#1209=ORIENTED_EDGE('',*,*,#868,.F.);
#1210=ORIENTED_EDGE('',*,*,#869,.T.);
#1211=ORIENTED_EDGE('',*,*,#774,.F.);
#1212=ORIENTED_EDGE('',*,*,#869,.F.);
#1213=ORIENTED_EDGE('',*,*,#870,.F.);
#1214=ORIENTED_EDGE('',*,*,#871,.T.);
#1215=ORIENTED_EDGE('',*,*,#760,.F.);
#1216=ORIENTED_EDGE('',*,*,#747,.F.);
#1217=ORIENTED_EDGE('',*,*,#779,.F.);
#1218=ORIENTED_EDGE('',*,*,#741,.T.);
#1219=ORIENTED_EDGE('',*,*,#775,.F.);
#1220=ORIENTED_EDGE('',*,*,#871,.F.);
#1221=ORIENTED_EDGE('',*,*,#872,.F.);
#1222=ORIENTED_EDGE('',*,*,#873,.T.);
#1223=ORIENTED_EDGE('',*,*,#761,.F.);
#1224=ORIENTED_EDGE('',*,*,#873,.F.);
#1225=ORIENTED_EDGE('',*,*,#874,.F.);
#1226=ORIENTED_EDGE('',*,*,#875,.F.);
#1227=ORIENTED_EDGE('',*,*,#780,.F.);
#1228=ORIENTED_EDGE('',*,*,#755,.T.);
#1229=ORIENTED_EDGE('',*,*,#762,.F.);
#1230=ORIENTED_EDGE('',*,*,#781,.F.);
#1231=ORIENTED_EDGE('',*,*,#875,.T.);
#1232=ORIENTED_EDGE('',*,*,#876,.F.);
#1233=ORIENTED_EDGE('',*,*,#848,.F.);
#1234=ORIENTED_EDGE('',*,*,#877,.F.);
#1235=ORIENTED_EDGE('',*,*,#878,.F.);
#1236=ORIENTED_EDGE('',*,*,#879,.T.);
#1237=ORIENTED_EDGE('',*,*,#757,.F.);
#1238=ORIENTED_EDGE('',*,*,#879,.F.);
#1239=ORIENTED_EDGE('',*,*,#880,.F.);
#1240=ORIENTED_EDGE('',*,*,#881,.T.);
#1241=ORIENTED_EDGE('',*,*,#758,.F.);
#1242=ORIENTED_EDGE('',*,*,#881,.F.);
#1243=ORIENTED_EDGE('',*,*,#882,.F.);
#1244=ORIENTED_EDGE('',*,*,#883,.F.);
#1245=ORIENTED_EDGE('',*,*,#759,.F.);
#1246=ORIENTED_EDGE('',*,*,#883,.T.);
#1247=ORIENTED_EDGE('',*,*,#884,.F.);
#1248=ORIENTED_EDGE('',*,*,#877,.T.);
#1249=ORIENTED_EDGE('',*,*,#756,.F.);
#1250=ORIENTED_EDGE('',*,*,#884,.T.);
#1251=ORIENTED_EDGE('',*,*,#882,.T.);
#1252=ORIENTED_EDGE('',*,*,#880,.T.);
#1253=ORIENTED_EDGE('',*,*,#878,.T.);
#1254=ORIENTED_EDGE('',*,*,#876,.T.);
#1255=ORIENTED_EDGE('',*,*,#874,.T.);
#1256=ORIENTED_EDGE('',*,*,#872,.T.);
#1257=ORIENTED_EDGE('',*,*,#870,.T.);
#1258=ORIENTED_EDGE('',*,*,#868,.T.);
#1259=ORIENTED_EDGE('',*,*,#866,.T.);
#1260=ORIENTED_EDGE('',*,*,#864,.T.);
#1261=ORIENTED_EDGE('',*,*,#862,.T.);
#1262=ORIENTED_EDGE('',*,*,#860,.T.);
#1263=ORIENTED_EDGE('',*,*,#836,.T.);
#1264=ORIENTED_EDGE('',*,*,#839,.T.);
#1265=ORIENTED_EDGE('',*,*,#841,.T.);
#1266=ORIENTED_EDGE('',*,*,#843,.T.);
#1267=ORIENTED_EDGE('',*,*,#845,.T.);
#1268=ORIENTED_EDGE('',*,*,#847,.T.);
#1269=ORIENTED_EDGE('',*,*,#859,.T.);
#1270=ORIENTED_EDGE('',*,*,#857,.T.);
#1271=ORIENTED_EDGE('',*,*,#855,.T.);
#1272=ORIENTED_EDGE('',*,*,#853,.T.);
#1273=ORIENTED_EDGE('',*,*,#851,.T.);
#1274=ORIENTED_EDGE('',*,*,#849,.T.);
#1275=PLANE('',#1424);
#1276=PLANE('',#1425);
#1277=PLANE('',#1426);
#1278=PLANE('',#1427);
#1279=PLANE('',#1428);
#1280=PLANE('',#1429);
#1281=PLANE('',#1430);
#1282=PLANE('',#1431);
#1283=PLANE('',#1432);
#1284=PLANE('',#1433);
#1285=PLANE('',#1434);
#1286=PLANE('',#1435);
#1287=PLANE('',#1436);
#1288=PLANE('',#1437);
#1289=PLANE('',#1438);
#1290=PLANE('',#1439);
#1291=PLANE('',#1440);
#1292=PLANE('',#1441);
#1293=PLANE('',#1442);
#1294=PLANE('',#1443);
#1295=PLANE('',#1444);
#1296=PLANE('',#1445);
#1297=PLANE('',#1446);
#1298=PLANE('',#1447);
#1299=PLANE('',#1448);
#1300=PLANE('',#1449);
#1301=PLANE('',#1452);
#1302=PLANE('',#1456);
#1303=PLANE('',#1457);
#1304=PLANE('',#1458);
#1305=PLANE('',#1461);
#1306=PLANE('',#1462);
#1307=PLANE('',#1463);
#1308=PLANE('',#1464);
#1309=PLANE('',#1465);
#1310=PLANE('',#1466);
#1311=PLANE('',#1470);
#1312=PLANE('',#1471);
#1313=PLANE('',#1472);
#1314=PLANE('',#1473);
#1315=PLANE('',#1474);
#1316=PLANE('',#1475);
#1317=PLANE('',#1476);
#1318=PLANE('',#1477);
#1319=PLANE('',#1478);
#1320=PLANE('',#1479);
#1321=PLANE('',#1482);
#1322=PLANE('',#1483);
#1323=PLANE('',#1484);
#1324=PLANE('',#1485);
#1325=PLANE('',#1486);
#1326=PLANE('',#1487);
#1327=PLANE('',#1488);
#1328=PLANE('',#1489);
#1329=PLANE('',#1490);
#1330=PLANE('',#1491);
#1331=PLANE('',#1492);
#1332=PLANE('',#1493);
#1333=PLANE('',#1494);
#1334=PLANE('',#1495);
#1335=PLANE('',#1496);
#1336=PLANE('',#1497);
#1337=PLANE('',#1498);
#1338=PLANE('',#1499);
#1339=PLANE('',#1500);
#1340=ADVANCED_FACE('',(#43),#1275,.T.);
#1341=ADVANCED_FACE('',(#44),#1276,.T.);
#1342=ADVANCED_FACE('',(#45),#1277,.T.);
#1343=ADVANCED_FACE('',(#46),#1278,.T.);
#1344=ADVANCED_FACE('',(#47),#1279,.T.);
#1345=ADVANCED_FACE('',(#48),#1280,.F.);
#1346=ADVANCED_FACE('',(#49),#1281,.F.);
#1347=ADVANCED_FACE('',(#50),#1282,.T.);
#1348=ADVANCED_FACE('',(#51),#1283,.T.);
#1349=ADVANCED_FACE('',(#52),#1284,.F.);
#1350=ADVANCED_FACE('',(#53,#33),#1285,.F.);
#1351=ADVANCED_FACE('',(#54),#1286,.F.);
#1352=ADVANCED_FACE('',(#55),#1287,.T.);
#1353=ADVANCED_FACE('',(#56,#34),#1288,.T.);
#1354=ADVANCED_FACE('',(#57),#1289,.T.);
#1355=ADVANCED_FACE('',(#58,#35),#1290,.F.);
#1356=ADVANCED_FACE('',(#59,#36),#1291,.T.);
#1357=ADVANCED_FACE('',(#60),#1292,.F.);
#1358=ADVANCED_FACE('',(#61),#1293,.T.);
#1359=ADVANCED_FACE('',(#62),#1294,.F.);
#1360=ADVANCED_FACE('',(#63),#1295,.T.);
#1361=ADVANCED_FACE('',(#64),#1296,.T.);
#1362=ADVANCED_FACE('',(#65),#1297,.T.);
#1363=ADVANCED_FACE('',(#66),#1298,.T.);
#1364=ADVANCED_FACE('',(#67),#1299,.T.);
#1365=ADVANCED_FACE('',(#68,#37,#38,#39,#40,#41),#1300,.T.);
#1366=ADVANCED_FACE('',(#69),#1301,.F.);
#1367=ADVANCED_FACE('',(#70),#1302,.T.);
#1368=ADVANCED_FACE('',(#71),#1303,.T.);
#1369=ADVANCED_FACE('',(#72),#1304,.T.);
#1370=ADVANCED_FACE('',(#73),#17,.F.);
#1371=ADVANCED_FACE('',(#74),#1305,.F.);
#1372=ADVANCED_FACE('',(#75),#1306,.T.);
#1373=ADVANCED_FACE('',(#76),#1307,.T.);
#1374=ADVANCED_FACE('',(#77),#1308,.T.);
#1375=ADVANCED_FACE('',(#78),#1309,.T.);
#1376=ADVANCED_FACE('',(#79),#1310,.T.);
#1377=ADVANCED_FACE('',(#80),#18,.F.);
#1378=ADVANCED_FACE('',(#81),#1311,.T.);
#1379=ADVANCED_FACE('',(#82),#1312,.T.);
#1380=ADVANCED_FACE('',(#83),#1313,.T.);
#1381=ADVANCED_FACE('',(#84),#1314,.F.);
#1382=ADVANCED_FACE('',(#85),#1315,.T.);
#1383=ADVANCED_FACE('',(#86),#1316,.T.);
#1384=ADVANCED_FACE('',(#87),#1317,.T.);
#1385=ADVANCED_FACE('',(#88),#1318,.T.);
#1386=ADVANCED_FACE('',(#89),#1319,.T.);
#1387=ADVANCED_FACE('',(#90),#1320,.T.);
#1388=ADVANCED_FACE('',(#91),#19,.F.);
#1389=ADVANCED_FACE('',(#92),#1321,.T.);
#1390=ADVANCED_FACE('',(#93),#1322,.T.);
#1391=ADVANCED_FACE('',(#94),#1323,.T.);
#1392=ADVANCED_FACE('',(#95),#1324,.T.);
#1393=ADVANCED_FACE('',(#96),#1325,.T.);
#1394=ADVANCED_FACE('',(#97),#1326,.T.);
#1395=ADVANCED_FACE('',(#98),#1327,.T.);
#1396=ADVANCED_FACE('',(#99),#1328,.T.);
#1397=ADVANCED_FACE('',(#100),#1329,.T.);
#1398=ADVANCED_FACE('',(#101),#1330,.T.);
#1399=ADVANCED_FACE('',(#102),#1331,.T.);
#1400=ADVANCED_FACE('',(#103),#1332,.T.);
#1401=ADVANCED_FACE('',(#104),#1333,.T.);
#1402=ADVANCED_FACE('',(#105),#1334,.T.);
#1403=ADVANCED_FACE('',(#106),#1335,.T.);
#1404=ADVANCED_FACE('',(#107),#1336,.T.);
#1405=ADVANCED_FACE('',(#108),#1337,.T.);
#1406=ADVANCED_FACE('',(#109),#1338,.T.);
#1407=ADVANCED_FACE('',(#110,#42),#1339,.F.);
#1408=CLOSED_SHELL('',(#1340,#1341,#1342,#1343,#1344,#1345,#1346,#1347,
#1348,#1349,#1350,#1351,#1352,#1353,#1354,#1355,#1356,#1357,#1358,#1359));
#1409=CLOSED_SHELL('',(#1360,#1361,#1362,#1363,#1364,#1365,#1366,#1367,
#1368,#1369,#1370,#1371,#1372,#1373,#1374,#1375,#1376,#1377,#1378,#1379,
#1380,#1381,#1382,#1383,#1384,#1385,#1386,#1387,#1388,#1389,#1390,#1391,
#1392,#1393,#1394,#1395,#1396,#1397,#1398,#1399,#1400,#1401,#1402,#1403,
#1404,#1405,#1406,#1407));
#1410=DERIVED_UNIT_ELEMENT(#1412,1.);
#1411=DERIVED_UNIT_ELEMENT(#2250,-3.);
#1412=(
MASS_UNIT()
NAMED_UNIT(*)
SI_UNIT(.KILO.,.GRAM.)
);
#1413=DERIVED_UNIT((#1410,#1411));
#1414=MEASURE_REPRESENTATION_ITEM('density measure',
POSITIVE_RATIO_MEASURE(7850.),#1413);
#1415=PROPERTY_DEFINITION_REPRESENTATION(#1420,#1417);
#1416=PROPERTY_DEFINITION_REPRESENTATION(#1421,#1418);
#1417=REPRESENTATION('material name',(#1419),#2247);
#1418=REPRESENTATION('density',(#1414),#2247);
#1419=DESCRIPTIVE_REPRESENTATION_ITEM('Steel','Steel');
#1420=PROPERTY_DEFINITION('material property','material name',#2262);
#1421=PROPERTY_DEFINITION('material property','density of part',#2262);
#1422=AXIS2_PLACEMENT_3D('',#1848,#1502,#1503);
#1423=AXIS2_PLACEMENT_3D('',#1849,#1504,#1505);
#1424=AXIS2_PLACEMENT_3D('',#1850,#1506,#1507);
#1425=AXIS2_PLACEMENT_3D('',#1859,#1512,#1513);
#1426=AXIS2_PLACEMENT_3D('',#1868,#1518,#1519);
#1427=AXIS2_PLACEMENT_3D('',#1874,#1523,#1524);
#1428=AXIS2_PLACEMENT_3D('',#1883,#1529,#1530);
#1429=AXIS2_PLACEMENT_3D('',#1889,#1534,#1535);
#1430=AXIS2_PLACEMENT_3D('',#1895,#1539,#1540);
#1431=AXIS2_PLACEMENT_3D('',#1898,#1543,#1544);
#1432=AXIS2_PLACEMENT_3D('',#1904,#1548,#1549);
#1433=AXIS2_PLACEMENT_3D('',#1913,#1554,#1555);
#1434=AXIS2_PLACEMENT_3D('',#1915,#1557,#1558);
#1435=AXIS2_PLACEMENT_3D('',#1925,#1564,#1565);
#1436=AXIS2_PLACEMENT_3D('',#1931,#1569,#1570);
#1437=AXIS2_PLACEMENT_3D('',#1934,#1573,#1574);
#1438=AXIS2_PLACEMENT_3D('',#1942,#1580,#1581);
#1439=AXIS2_PLACEMENT_3D('',#1945,#1584,#1585);
#1440=AXIS2_PLACEMENT_3D('',#1946,#1586,#1587);
#1441=AXIS2_PLACEMENT_3D('',#1947,#1588,#1589);
#1442=AXIS2_PLACEMENT_3D('',#1948,#1590,#1591);
#1443=AXIS2_PLACEMENT_3D('',#1949,#1592,#1593);
#1444=AXIS2_PLACEMENT_3D('',#1950,#1594,#1595);
#1445=AXIS2_PLACEMENT_3D('',#1959,#1600,#1601);
#1446=AXIS2_PLACEMENT_3D('',#1968,#1606,#1607);
#1447=AXIS2_PLACEMENT_3D('',#1977,#1612,#1613);
#1448=AXIS2_PLACEMENT_3D('',#1983,#1617,#1618);
#1449=AXIS2_PLACEMENT_3D('',#1989,#1622,#1623);
#1450=AXIS2_PLACEMENT_3D('',#2004,#1631,#1632);
#1451=AXIS2_PLACEMENT_3D('',#2028,#1645,#1646);
#1452=AXIS2_PLACEMENT_3D('',#2029,#1647,#1648);
#1453=AXIS2_PLACEMENT_3D('',#2040,#1654,#1655);
#1454=AXIS2_PLACEMENT_3D('',#2051,#1661,#1662);
#1455=AXIS2_PLACEMENT_3D('',#2055,#1664,#1665);
#1456=AXIS2_PLACEMENT_3D('',#2057,#1667,#1668);
#1457=AXIS2_PLACEMENT_3D('',#2063,#1672,#1673);
#1458=AXIS2_PLACEMENT_3D('',#2067,#1676,#1677);
#1459=AXIS2_PLACEMENT_3D('',#2073,#1681,#1682);
#1460=AXIS2_PLACEMENT_3D('',#2075,#1683,#1684);
#1461=AXIS2_PLACEMENT_3D('',#2078,#1687,#1688);
#1462=AXIS2_PLACEMENT_3D('',#2101,#1701,#1702);
#1463=AXIS2_PLACEMENT_3D('',#2107,#1706,#1707);
#1464=AXIS2_PLACEMENT_3D('',#2111,#1710,#1711);
#1465=AXIS2_PLACEMENT_3D('',#2115,#1714,#1715);
#1466=AXIS2_PLACEMENT_3D('',#2119,#1718,#1719);
#1467=AXIS2_PLACEMENT_3D('',#2123,#1722,#1723);
#1468=AXIS2_PLACEMENT_3D('',#2125,#1724,#1725);
#1469=AXIS2_PLACEMENT_3D('',#2128,#1727,#1728);
#1470=AXIS2_PLACEMENT_3D('',#2130,#1730,#1731);
#1471=AXIS2_PLACEMENT_3D('',#2134,#1734,#1735);
#1472=AXIS2_PLACEMENT_3D('',#2138,#1738,#1739);
#1473=AXIS2_PLACEMENT_3D('',#2140,#1741,#1742);
#1474=AXIS2_PLACEMENT_3D('',#2141,#1743,#1744);
#1475=AXIS2_PLACEMENT_3D('',#2147,#1748,#1749);
#1476=AXIS2_PLACEMENT_3D('',#2151,#1752,#1753);
#1477=AXIS2_PLACEMENT_3D('',#2155,#1756,#1757);
#1478=AXIS2_PLACEMENT_3D('',#2159,#1760,#1761);
#1479=AXIS2_PLACEMENT_3D('',#2163,#1764,#1765);
#1480=AXIS2_PLACEMENT_3D('',#2167,#1768,#1769);
#1481=AXIS2_PLACEMENT_3D('',#2171,#1771,#1772);
#1482=AXIS2_PLACEMENT_3D('',#2173,#1774,#1775);
#1483=AXIS2_PLACEMENT_3D('',#2177,#1778,#1779);
#1484=AXIS2_PLACEMENT_3D('',#2181,#1782,#1783);
#1485=AXIS2_PLACEMENT_3D('',#2185,#1786,#1787);
#1486=AXIS2_PLACEMENT_3D('',#2189,#1790,#1791);
#1487=AXIS2_PLACEMENT_3D('',#2191,#1793,#1794);
#1488=AXIS2_PLACEMENT_3D('',#2195,#1797,#1798);
#1489=AXIS2_PLACEMENT_3D('',#2199,#1801,#1802);
#1490=AXIS2_PLACEMENT_3D('',#2203,#1805,#1806);
#1491=AXIS2_PLACEMENT_3D('',#2207,#1809,#1810);
#1492=AXIS2_PLACEMENT_3D('',#2211,#1813,#1814);
#1493=AXIS2_PLACEMENT_3D('',#2215,#1817,#1818);
#1494=AXIS2_PLACEMENT_3D('',#2219,#1821,#1822);
#1495=AXIS2_PLACEMENT_3D('',#2223,#1825,#1826);
#1496=AXIS2_PLACEMENT_3D('',#2225,#1828,#1829);
#1497=AXIS2_PLACEMENT_3D('',#2231,#1833,#1834);
#1498=AXIS2_PLACEMENT_3D('',#2235,#1837,#1838);
#1499=AXIS2_PLACEMENT_3D('',#2239,#1841,#1842);
#1500=AXIS2_PLACEMENT_3D('',#2241,#1844,#1845);
#1501=AXIS2_PLACEMENT_3D('',#2242,#1846,#1847);
#1502=DIRECTION('axis',(0.,0.,1.));
#1503=DIRECTION('refdir',(1.,0.,0.));
#1504=DIRECTION('axis',(0.,0.,1.));
#1505=DIRECTION('refdir',(1.,0.,0.));
#1506=DIRECTION('center_axis',(-1.06057523872491E-16,0.866025403784439,
-0.5));
#1507=DIRECTION('ref_axis',(-1.,-1.22464679914735E-16,-1.49975978266186E-32));
#1508=DIRECTION('',(-0.654653670707977,0.377964473009227,0.654653670707977));
#1509=DIRECTION('',(1.,1.22464679914735E-16,1.49975978266186E-32));
#1510=DIRECTION('',(0.654653670707977,0.377964473009227,0.654653670707977));
#1511=DIRECTION('',(1.,1.22464679914735E-16,1.49975978266186E-32));
#1512=DIRECTION('center_axis',(1.06057523872491E-16,-0.866025403784439,
-0.5));
#1513=DIRECTION('ref_axis',(-1.,-1.22464679914735E-16,-1.49975978266186E-32));
#1514=DIRECTION('',(-0.654653670707978,-0.377964473009227,0.654653670707977));
#1515=DIRECTION('',(1.,1.22464679914735E-16,1.49975978266186E-32));
#1516=DIRECTION('',(0.654653670707978,-0.377964473009227,0.654653670707977));
#1517=DIRECTION('',(-1.,-1.22464679914735E-16,-1.49975978266186E-32));
#1518=DIRECTION('center_axis',(-0.499999999999999,-0.866025403784439,-1.06057523872491E-16));
#1519=DIRECTION('ref_axis',(0.,-1.22464679914735E-16,1.));
#1520=DIRECTION('',(0.,-1.22464679914735E-16,1.));
#1521=DIRECTION('',(-0.866025403784439,0.499999999999999,6.12323399573675E-17));
#1522=DIRECTION('',(0.,1.22464679914735E-16,-1.));
#1523=DIRECTION('center_axis',(-1.,-1.22464679914735E-16,-1.49975978266186E-32));
#1524=DIRECTION('ref_axis',(0.,-1.22464679914735E-16,1.));
#1525=DIRECTION('',(0.,-1.22464679914735E-16,1.));
#1526=DIRECTION('',(-1.22464679914735E-16,1.,1.22464679914735E-16));
#1527=DIRECTION('',(0.,-1.22464679914735E-16,1.));
#1528=DIRECTION('',(1.22464679914735E-16,-1.,-1.22464679914735E-16));
#1529=DIRECTION('center_axis',(-1.22464679914735E-16,1.,1.22464679914735E-16));
#1530=DIRECTION('ref_axis',(0.,-1.22464679914735E-16,1.));
#1531=DIRECTION('',(0.,-1.22464679914735E-16,1.));
#1532=DIRECTION('',(-1.,-1.22464679914735E-16,-1.49975978266186E-32));
#1533=DIRECTION('',(-1.,-1.22464679914735E-16,-1.49975978266186E-32));
#1534=DIRECTION('center_axis',(-1.22464679914735E-16,1.,1.22464679914735E-16));
#1535=DIRECTION('ref_axis',(0.,-1.22464679914735E-16,1.));
#1536=DIRECTION('',(-1.,-1.22464679914735E-16,-1.49975978266186E-32));
#1537=DIRECTION('',(-1.,-1.22464679914735E-16,-1.49975978266186E-32));
#1538=DIRECTION('',(0.,-1.22464679914735E-16,1.));
#1539=DIRECTION('center_axis',(-1.,-1.22464679914735E-16,-1.49975978266186E-32));
#1540=DIRECTION('ref_axis',(0.,-1.22464679914735E-16,1.));
#1541=DIRECTION('',(-1.22464679914735E-16,1.,1.22464679914735E-16));
#1542=DIRECTION('',(-1.22464679914735E-16,1.,1.22464679914735E-16));
#1543=DIRECTION('center_axis',(0.,-1.22464679914735E-16,1.));
#1544=DIRECTION('ref_axis',(-1.,-1.22464679914735E-16,-1.49975978266186E-32));
#1545=DIRECTION('',(-1.,-1.22464679914735E-16,-1.49975978266186E-32));
#1546=DIRECTION('',(-1.,-1.22464679914735E-16,-1.49975978266186E-32));
#1547=DIRECTION('',(0.866025403784439,0.499999999999999,6.12323399573676E-17));
#1548=DIRECTION('center_axis',(0.,-1.22464679914735E-16,1.));
#1549=DIRECTION('ref_axis',(-1.,-1.22464679914735E-16,-1.49975978266186E-32));
#1550=DIRECTION('',(-1.,-1.22464679914735E-16,-1.49975978266186E-32));
#1551=DIRECTION('',(-0.866025403784439,-0.5,-6.12323399573676E-17));
#1552=DIRECTION('',(-1.,-1.22464679914735E-16,-1.49975978266186E-32));
#1553=DIRECTION('',(0.866025403784439,-0.5,-6.12323399573676E-17));
#1554=DIRECTION('center_axis',(-1.22464679914735E-16,1.,1.22464679914735E-16));
#1555=DIRECTION('ref_axis',(0.,-1.22464679914735E-16,1.));
#1556=DIRECTION('',(0.,-1.22464679914735E-16,1.));
#1557=DIRECTION('center_axis',(-1.22464679914735E-16,1.,1.22464679914735E-16));
#1558=DIRECTION('ref_axis',(0.,-1.22464679914735E-16,1.));
#1559=DIRECTION('',(-1.,-1.22464679914735E-16,-1.49975978266186E-32));
#1560=DIRECTION('',(0.,-1.22464679914735E-16,1.));
#1561=DIRECTION('',(-1.,-1.22464679914735E-16,-1.49975978266186E-32));
#1562=DIRECTION('',(0.,-1.22464679914735E-16,1.));
#1563=DIRECTION('',(0.,1.22464679914735E-16,-1.));
#1564=DIRECTION('center_axis',(-1.,-1.22464679914735E-16,-1.49975978266186E-32));
#1565=DIRECTION('ref_axis',(0.,-1.22464679914735E-16,1.));
#1566=DIRECTION('',(1.22464679914735E-16,-1.,-1.22464679914735E-16));
#1567=DIRECTION('',(0.,-1.22464679914735E-16,1.));
#1568=DIRECTION('',(-1.22464679914735E-16,1.,1.22464679914735E-16));
#1569=DIRECTION('center_axis',(-1.22464679914735E-16,1.,1.22464679914735E-16));
#1570=DIRECTION('ref_axis',(0.,-1.22464679914735E-16,1.));
#1571=DIRECTION('',(0.,-1.22464679914735E-16,1.));
#1572=DIRECTION('',(0.,-1.22464679914735E-16,1.));
#1573=DIRECTION('center_axis',(-1.22464679914735E-16,1.,1.22464679914735E-16));
#1574=DIRECTION('ref_axis',(0.,-1.22464679914735E-16,1.));
#1575=DIRECTION('',(-1.,-1.22464679914735E-16,-1.49975978266186E-32));
#1576=DIRECTION('',(0.,-1.22464679914735E-16,1.));
#1577=DIRECTION('',(-1.,-1.22464679914735E-16,-1.49975978266186E-32));
#1578=DIRECTION('',(0.,-1.22464679914735E-16,1.));
#1579=DIRECTION('',(0.,-1.22464679914735E-16,1.));
#1580=DIRECTION('center_axis',(-1.,-1.22464679914735E-16,-1.49975978266186E-32));
#1581=DIRECTION('ref_axis',(0.,-1.22464679914735E-16,1.));
#1582=DIRECTION('',(1.22464679914735E-16,-1.,-1.22464679914735E-16));
#1583=DIRECTION('',(-1.22464679914735E-16,1.,1.22464679914735E-16));
#1584=DIRECTION('center_axis',(0.,-1.22464679914735E-16,1.));
#1585=DIRECTION('ref_axis',(-1.,-1.22464679914735E-16,-1.49975978266186E-32));
#1586=DIRECTION('center_axis',(0.,-1.22464679914735E-16,1.));
#1587=DIRECTION('ref_axis',(-1.,-1.22464679914735E-16,-1.49975978266186E-32));
#1588=DIRECTION('center_axis',(-0.499999999999999,0.866025403784439,1.06057523872491E-16));
#1589=DIRECTION('ref_axis',(0.,1.22464679914735E-16,-1.));
#1590=DIRECTION('center_axis',(0.5,0.866025403784439,1.06057523872491E-16));
#1591=DIRECTION('ref_axis',(0.,-1.22464679914735E-16,1.));
#1592=DIRECTION('center_axis',(0.5,-0.866025403784439,-1.06057523872491E-16));
#1593=DIRECTION('ref_axis',(0.,1.22464679914735E-16,-1.));
#1594=DIRECTION('center_axis',(-1.22464679914735E-16,1.,1.22464679914735E-16));
#1595=DIRECTION('ref_axis',(1.,1.22464679914735E-16,1.49975978266186E-32));
#1596=DIRECTION('',(1.,1.22464679914735E-16,1.49975978266186E-32));
#1597=DIRECTION('',(0.,1.22464679914735E-16,-1.));
#1598=DIRECTION('',(1.,1.22464679914735E-16,1.49975978266186E-32));
#1599=DIRECTION('',(0.,1.22464679914735E-16,-1.));
#1600=DIRECTION('center_axis',(1.,1.22464679914735E-16,1.49975978266186E-32));
#1601=DIRECTION('ref_axis',(1.22464679914735E-16,-1.,-1.22464679914735E-16));
#1602=DIRECTION('',(1.22464679914735E-16,-1.,-1.22464679914735E-16));
#1603=DIRECTION('',(0.,1.22464679914735E-16,-1.));
#1604=DIRECTION('',(1.22464679914735E-16,-1.,-1.22464679914735E-16));
#1605=DIRECTION('',(0.,1.22464679914735E-16,-1.));
#1606=DIRECTION('center_axis',(-0.00352146054995971,-0.999993799638575,
-1.22463920589458E-16));
#1607=DIRECTION('ref_axis',(-0.999993799638575,0.00352146054995971,4.31254539083184E-19));
#1608=DIRECTION('',(-0.999993799638575,0.00352146054995971,4.31254539083184E-19));
#1609=DIRECTION('',(0.,1.22464679914735E-16,-1.));
#1610=DIRECTION('',(-0.999993799638575,0.00352146054995971,4.31254539083184E-19));
#1611=DIRECTION('',(0.,1.22464679914735E-16,-1.));
#1612=DIRECTION('center_axis',(-1.,-1.22464679914735E-16,-1.49975978266186E-32));
#1613=DIRECTION('ref_axis',(-1.22464679914735E-16,1.,1.22464679914735E-16));
#1614=DIRECTION('',(-1.22464679914735E-16,1.,1.22464679914735E-16));
#1615=DIRECTION('',(-1.22464679914735E-16,1.,1.22464679914735E-16));
#1616=DIRECTION('',(0.,1.22464679914735E-16,-1.));
#1617=DIRECTION('center_axis',(-1.22464679914735E-16,1.,1.22464679914735E-16));
#1618=DIRECTION('ref_axis',(1.,1.22464679914735E-16,1.49975978266186E-32));
#1619=DIRECTION('',(1.,1.22464679914735E-16,1.49975978266186E-32));
#1620=DIRECTION('',(1.,1.22464679914735E-16,1.49975978266186E-32));
#1621=DIRECTION('',(0.,1.22464679914735E-16,-1.));
#1622=DIRECTION('center_axis',(0.,1.22464679914735E-16,-1.));
#1623=DIRECTION('ref_axis',(1.,1.22464679914735E-16,1.49975978266186E-32));
#1624=DIRECTION('',(-1.22464679914735E-16,1.,1.22464679914735E-16));
#1625=DIRECTION('',(1.,2.53079153400048E-16,3.09932575142291E-32));
#1626=DIRECTION('',(1.87771916657392E-16,-1.,-1.22464679914735E-16));
#1627=DIRECTION('',(-1.,8.14979357057719E-18,9.98061860991904E-34));
#1628=DIRECTION('',(1.22464679914735E-16,-1.,-1.22464679914735E-16));
#1629=DIRECTION('',(1.,1.22464679914735E-16,1.49975978266186E-32));
#1630=DIRECTION('',(1.22464679914735E-16,-1.,-1.22464679914735E-16));
#1631=DIRECTION('center_axis',(0.,-1.22464679914735E-16,1.));
#1632=DIRECTION('ref_axis',(1.,1.22464679914735E-16,1.49975978266186E-32));
#1633=DIRECTION('',(1.,1.22464679914735E-16,1.49975978266186E-32));
#1634=DIRECTION('',(-1.22464679914735E-16,1.,1.22464679914735E-16));
#1635=DIRECTION('',(-1.,-1.22464679914735E-16,-1.49975978266186E-32));
#1636=DIRECTION('',(-1.22464679914735E-16,1.,1.22464679914735E-16));
#1637=DIRECTION('',(-0.932004671541296,0.362446261154948,4.43868653586333E-17));
#1638=DIRECTION('',(-1.22464679914735E-16,1.,1.22464679914735E-16));
#1639=DIRECTION('',(-1.,-1.22464679914735E-16,-1.49975978266186E-32));
#1640=DIRECTION('',(1.22464679914735E-16,-1.,-1.22464679914735E-16));
#1641=DIRECTION('',(-0.707106781186547,-0.707106781186548,-8.65956056235493E-17));
#1642=DIRECTION('',(1.22464679914735E-16,-1.,-1.22464679914735E-16));
#1643=DIRECTION('',(0.707106781186547,-0.707106781186548,-8.65956056235493E-17));
#1644=DIRECTION('',(1.22464679914735E-16,-1.,-1.22464679914735E-16));
#1645=DIRECTION('center_axis',(0.,-1.22464679914735E-16,1.));
#1646=DIRECTION('ref_axis',(1.,1.22464679914735E-16,1.49975978266186E-32));
#1647=DIRECTION('center_axis',(0.,1.22464679914735E-16,-1.));
#1648=DIRECTION('ref_axis',(1.,1.22464679914735E-16,1.49975978266186E-32));
#1649=DIRECTION('',(1.,1.22464679914735E-16,1.49975978266186E-32));
#1650=DIRECTION('',(-1.22464679914735E-16,1.,1.22464679914735E-16));
#1651=DIRECTION('',(1.22464679914735E-16,-1.,-1.22464679914735E-16));
#1652=DIRECTION('',(1.22464679914735E-16,-1.,-1.22464679914735E-16));
#1653=DIRECTION('',(1.,1.22464679914735E-16,1.49975978266186E-32));
#1654=DIRECTION('center_axis',(0.,-1.22464679914735E-16,1.));
#1655=DIRECTION('ref_axis',(1.,1.1798199414625E-15,1.44486271488227E-31));
#1656=DIRECTION('',(-1.22464679914735E-16,1.,1.22464679914735E-16));
#1657=DIRECTION('',(1.,1.22464679914735E-16,1.49975978266186E-32));
#1658=DIRECTION('',(-1.,-1.22464679914735E-16,-1.49975978266186E-32));
#1659=DIRECTION('',(-1.22464679914735E-16,1.,1.22464679914735E-16));
#1660=DIRECTION('',(1.,1.22464679914735E-16,1.49975978266186E-32));
#1661=DIRECTION('center_axis',(0.,-1.22464679914735E-16,1.));
#1662=DIRECTION('ref_axis',(1.,1.22464679914735E-16,1.49975978266186E-32));
#1663=DIRECTION('',(1.,1.22464679914735E-16,1.49975978266186E-32));
#1664=DIRECTION('center_axis',(0.,-1.22464679914735E-16,1.));
#1665=DIRECTION('ref_axis',(1.,1.22464679914735E-16,1.49975978266186E-32));
#1666=DIRECTION('',(-1.22464679914735E-16,1.,1.22464679914735E-16));
#1667=DIRECTION('center_axis',(-0.362446261154948,-0.932004671541296,-1.14137653779343E-16));
#1668=DIRECTION('ref_axis',(0.932004671541296,-0.362446261154948,-4.43868653586333E-17));
#1669=DIRECTION('',(0.,-1.22464679914735E-16,1.));
#1670=DIRECTION('',(0.932004671541296,-0.362446261154948,-4.43868653586333E-17));
#1671=DIRECTION('',(0.,1.22464679914735E-16,-1.));
#1672=DIRECTION('center_axis',(-1.,-1.22464679914735E-16,-1.49975978266186E-32));
#1673=DIRECTION('ref_axis',(1.22464679914735E-16,-1.,-1.22464679914735E-16));
#1674=DIRECTION('',(1.22464679914735E-16,-1.,-1.22464679914735E-16));
#1675=DIRECTION('',(0.,-1.22464679914735E-16,1.));
#1676=DIRECTION('center_axis',(1.22464679914735E-16,-1.,-1.22464679914735E-16));
#1677=DIRECTION('ref_axis',(1.,1.22464679914735E-16,1.49975978266186E-32));
#1678=DIRECTION('',(0.,1.22464679914735E-16,-1.));
#1679=DIRECTION('',(1.,1.22464679914735E-16,1.49975978266186E-32));
#1680=DIRECTION('',(0.,-1.22464679914735E-16,1.));
#1681=DIRECTION('center_axis',(0.,-1.22464679914735E-16,1.));
#1682=DIRECTION('ref_axis',(1.,1.22464679914735E-16,1.49975978266186E-32));
#1683=DIRECTION('center_axis',(0.,1.22464679914735E-16,-1.));
#1684=DIRECTION('ref_axis',(1.,1.22464679914735E-16,1.49975978266186E-32));
#1685=DIRECTION('',(0.,-1.22464679914735E-16,1.));
#1686=DIRECTION('',(0.,1.22464679914735E-16,-1.));
#1687=DIRECTION('center_axis',(0.,1.22464679914735E-16,-1.));
#1688=DIRECTION('ref_axis',(1.,1.22464679914735E-16,1.49975978266186E-32));
#1689=DIRECTION('',(1.,1.22464679914735E-16,1.49975978266186E-32));
#1690=DIRECTION('',(1.22464679914735E-16,-1.,-1.22464679914735E-16));
#1691=DIRECTION('',(-0.707106781186547,-0.707106781186548,-8.65956056235494E-17));
#1692=DIRECTION('',(0.707106781186548,-0.707106781186547,-8.65956056235493E-17));
#1693=DIRECTION('',(1.22464679914735E-16,-1.,-1.22464679914735E-16));
#1694=DIRECTION('',(1.,1.22464679914735E-16,1.49975978266186E-32));
#1695=DIRECTION('',(0.221621025440545,-0.975132873552462,-1.19419335233938E-16));
#1696=DIRECTION('',(0.999999999999999,3.41047705964936E-8,4.17662981466507E-24));
#1697=DIRECTION('',(-0.932004671541296,0.362446261154948,4.43868653586333E-17));
#1698=DIRECTION('',(-1.,-1.22464679914735E-16,-1.49975978266186E-32));
#1699=DIRECTION('',(-0.992277876713668,-0.124034734589209,-1.51898740697766E-17));
#1700=DIRECTION('',(-1.22464679914735E-16,1.,1.22464679914735E-16));
#1701=DIRECTION('center_axis',(1.,1.22464679914735E-16,1.49975978266186E-32));
#1702=DIRECTION('ref_axis',(-1.22464679914735E-16,1.,1.22464679914735E-16));
#1703=DIRECTION('',(0.,-1.22464679914735E-16,1.));
#1704=DIRECTION('',(-1.22464679914735E-16,1.,1.22464679914735E-16));
#1705=DIRECTION('',(0.,-1.22464679914735E-16,1.));
#1706=DIRECTION('center_axis',(-0.124034734589209,0.992277876713668,1.21518992558213E-16));
#1707=DIRECTION('ref_axis',(-0.992277876713668,-0.124034734589209,-1.51898740697766E-17));
#1708=DIRECTION('',(0.,-1.22464679914735E-16,1.));
#1709=DIRECTION('',(-0.992277876713668,-0.124034734589209,-1.51898740697766E-17));
#1710=DIRECTION('center_axis',(-1.22464679914735E-16,1.,1.22464679914735E-16));
#1711=DIRECTION('ref_axis',(-1.,-1.22464679914735E-16,-1.49975978266186E-32));
#1712=DIRECTION('',(0.,-1.22464679914735E-16,1.));
#1713=DIRECTION('',(-1.,-1.22464679914735E-16,-1.49975978266186E-32));
#1714=DIRECTION('center_axis',(0.362446261154948,0.932004671541296,1.14137653779343E-16));
#1715=DIRECTION('ref_axis',(-0.932004671541296,0.362446261154948,4.43868653586333E-17));
#1716=DIRECTION('',(0.,-1.22464679914735E-16,1.));
#1717=DIRECTION('',(-0.932004671541296,0.362446261154948,4.43868653586333E-17));
#1718=DIRECTION('center_axis',(1.22464679914735E-16,-1.,-1.22464679914735E-16));
#1719=DIRECTION('ref_axis',(1.,1.22464679914735E-16,1.49975978266186E-32));
#1720=DIRECTION('',(1.,1.22464679914735E-16,1.49975978266186E-32));
#1721=DIRECTION('',(0.,-1.22464679914735E-16,1.));
#1722=DIRECTION('center_axis',(0.,-1.22464679914735E-16,1.));
#1723=DIRECTION('ref_axis',(1.,1.22464679914735E-16,1.49975978266186E-32));
#1724=DIRECTION('center_axis',(0.,1.22464679914735E-16,-1.));
#1725=DIRECTION('ref_axis',(1.,1.22464679914735E-16,1.49975978266186E-32));
#1726=DIRECTION('',(0.,1.22464679914735E-16,-1.));
#1727=DIRECTION('center_axis',(0.,1.22464679914735E-16,-1.));
#1728=DIRECTION('ref_axis',(1.,1.22464679914735E-16,1.49975978266186E-32));
#1729=DIRECTION('',(0.,-1.22464679914735E-16,1.));
#1730=DIRECTION('center_axis',(1.,1.22464679914735E-16,1.49975978266186E-32));
#1731=DIRECTION('ref_axis',(-1.22464679914735E-16,1.,1.22464679914735E-16));
#1732=DIRECTION('',(-1.22464679914735E-16,1.,1.22464679914735E-16));
#1733=DIRECTION('',(0.,-1.22464679914735E-16,1.));
#1734=DIRECTION('center_axis',(1.22464679914735E-16,-1.,-1.22464679914735E-16));
#1735=DIRECTION('ref_axis',(1.,1.22464679914735E-16,1.49975978266186E-32));
#1736=DIRECTION('',(1.,1.22464679914735E-16,1.49975978266186E-32));
#1737=DIRECTION('',(0.,-1.22464679914735E-16,1.));
#1738=DIRECTION('center_axis',(-1.,-1.22464679914735E-16,-1.49975978266186E-32));
#1739=DIRECTION('ref_axis',(1.22464679914735E-16,-1.,-1.22464679914735E-16));
#1740=DIRECTION('',(1.22464679914735E-16,-1.,-1.22464679914735E-16));
#1741=DIRECTION('center_axis',(0.,1.22464679914735E-16,-1.));
#1742=DIRECTION('ref_axis',(1.,1.22464679914735E-16,1.49975978266186E-32));
#1743=DIRECTION('center_axis',(3.41047705964936E-8,-1.,-1.22464679914735E-16));
#1744=DIRECTION('ref_axis',(0.999999999999999,3.41047705964936E-8,4.17662981466507E-24));
#1745=DIRECTION('',(0.,-1.22464679914735E-16,1.));
#1746=DIRECTION('',(0.999999999999999,3.41047705964936E-8,4.17662981466507E-24));
#1747=DIRECTION('',(0.,-1.22464679914735E-16,1.));
#1748=DIRECTION('center_axis',(-0.975132873552462,-0.221621025440545,-2.71407479429517E-17));
#1749=DIRECTION('ref_axis',(0.221621025440545,-0.975132873552462,-1.19419335233938E-16));
#1750=DIRECTION('',(0.,-1.22464679914735E-16,1.));
#1751=DIRECTION('',(0.221621025440545,-0.975132873552462,-1.19419335233938E-16));
#1752=DIRECTION('center_axis',(1.22464679914735E-16,-1.,-1.22464679914735E-16));
#1753=DIRECTION('ref_axis',(1.,1.22464679914735E-16,1.49975978266186E-32));
#1754=DIRECTION('',(0.,-1.22464679914735E-16,1.));
#1755=DIRECTION('',(1.,1.22464679914735E-16,1.49975978266186E-32));
#1756=DIRECTION('center_axis',(-1.,-1.22464679914735E-16,-1.49975978266186E-32));
#1757=DIRECTION('ref_axis',(1.22464679914735E-16,-1.,-1.22464679914735E-16));
#1758=DIRECTION('',(0.,-1.22464679914735E-16,1.));
#1759=DIRECTION('',(1.22464679914735E-16,-1.,-1.22464679914735E-16));
#1760=DIRECTION('center_axis',(-0.707106781186547,-0.707106781186548,-8.65956056235493E-17));
#1761=DIRECTION('ref_axis',(0.707106781186548,-0.707106781186547,-8.65956056235493E-17));
#1762=DIRECTION('',(0.,-1.22464679914735E-16,1.));
#1763=DIRECTION('',(0.707106781186548,-0.707106781186547,-8.65956056235493E-17));
#1764=DIRECTION('center_axis',(-0.707106781186548,0.707106781186547,8.65956056235493E-17));
#1765=DIRECTION('ref_axis',(-0.707106781186547,-0.707106781186548,-8.65956056235494E-17));
#1766=DIRECTION('',(0.,-1.22464679914735E-16,1.));
#1767=DIRECTION('',(-0.707106781186547,-0.707106781186548,-8.65956056235494E-17));
#1768=DIRECTION('center_axis',(0.,-1.22464679914735E-16,1.));
#1769=DIRECTION('ref_axis',(1.,1.1798199414625E-15,1.44486271488227E-31));
#1770=DIRECTION('',(0.,-1.22464679914735E-16,1.));
#1771=DIRECTION('center_axis',(0.,1.22464679914735E-16,-1.));
#1772=DIRECTION('ref_axis',(1.,1.1798199414625E-15,1.44486271488227E-31));
#1773=DIRECTION('',(0.,-1.22464679914735E-16,1.));
#1774=DIRECTION('center_axis',(-1.,-1.22464679914735E-16,-1.49975978266186E-32));
#1775=DIRECTION('ref_axis',(1.22464679914735E-16,-1.,-1.22464679914735E-16));
#1776=DIRECTION('',(1.22464679914735E-16,-1.,-1.22464679914735E-16));
#1777=DIRECTION('',(0.,-1.22464679914735E-16,1.));
#1778=DIRECTION('center_axis',(-1.22464679914735E-16,1.,1.22464679914735E-16));
#1779=DIRECTION('ref_axis',(-1.,-1.22464679914735E-16,-1.49975978266186E-32));
#1780=DIRECTION('',(-1.,-1.22464679914735E-16,-1.49975978266186E-32));
#1781=DIRECTION('',(0.,1.22464679914735E-16,-1.));
#1782=DIRECTION('center_axis',(-1.,-1.22464679914735E-16,-1.49975978266186E-32));
#1783=DIRECTION('ref_axis',(1.22464679914735E-16,-1.,-1.22464679914735E-16));
#1784=DIRECTION('',(1.22464679914735E-16,-1.,-1.22464679914735E-16));
#1785=DIRECTION('',(0.,1.22464679914735E-16,-1.));
#1786=DIRECTION('center_axis',(1.22464679914735E-16,-1.,-1.22464679914735E-16));
#1787=DIRECTION('ref_axis',(1.,1.22464679914735E-16,1.49975978266186E-32));
#1788=DIRECTION('',(1.,1.22464679914735E-16,1.49975978266186E-32));
#1789=DIRECTION('',(0.,-1.22464679914735E-16,1.));
#1790=DIRECTION('center_axis',(-1.,-1.22464679914735E-16,-1.49975978266186E-32));
#1791=DIRECTION('ref_axis',(1.22464679914735E-16,-1.,-1.22464679914735E-16));
#1792=DIRECTION('',(1.22464679914735E-16,-1.,-1.22464679914735E-16));
#1793=DIRECTION('center_axis',(1.22464679914735E-16,-1.,-1.22464679914735E-16));
#1794=DIRECTION('ref_axis',(1.,1.22464679914735E-16,1.49975978266186E-32));
#1795=DIRECTION('',(1.,1.22464679914735E-16,1.49975978266186E-32));
#1796=DIRECTION('',(0.,1.22464679914735E-16,-1.));
#1797=DIRECTION('center_axis',(1.,1.22464679914735E-16,1.49975978266186E-32));
#1798=DIRECTION('ref_axis',(-1.22464679914735E-16,1.,1.22464679914735E-16));
#1799=DIRECTION('',(-1.22464679914735E-16,1.,1.22464679914735E-16));
#1800=DIRECTION('',(0.,1.22464679914735E-16,-1.));
#1801=DIRECTION('center_axis',(0.707106781186548,-0.707106781186547,-8.65956056235493E-17));
#1802=DIRECTION('ref_axis',(0.707106781186547,0.707106781186548,8.65956056235493E-17));
#1803=DIRECTION('',(0.707106781186547,0.707106781186548,8.65956056235493E-17));
#1804=DIRECTION('',(0.,1.22464679914735E-16,-1.));
#1805=DIRECTION('center_axis',(1.,1.22464679914735E-16,1.49975978266186E-32));
#1806=DIRECTION('ref_axis',(-1.22464679914735E-16,1.,1.22464679914735E-16));
#1807=DIRECTION('',(-1.22464679914735E-16,1.,1.22464679914735E-16));
#1808=DIRECTION('',(0.,1.22464679914735E-16,-1.));
#1809=DIRECTION('center_axis',(0.707106781186548,0.707106781186547,8.65956056235493E-17));
#1810=DIRECTION('ref_axis',(-0.707106781186547,0.707106781186548,8.65956056235493E-17));
#1811=DIRECTION('',(-0.707106781186547,0.707106781186548,8.65956056235493E-17));
#1812=DIRECTION('',(0.,1.22464679914735E-16,-1.));
#1813=DIRECTION('center_axis',(1.,1.22464679914735E-16,1.49975978266186E-32));
#1814=DIRECTION('ref_axis',(-1.22464679914735E-16,1.,1.22464679914735E-16));
#1815=DIRECTION('',(-1.22464679914735E-16,1.,1.22464679914735E-16));
#1816=DIRECTION('',(0.,1.22464679914735E-16,-1.));
#1817=DIRECTION('center_axis',(-1.22464679914735E-16,1.,1.22464679914735E-16));
#1818=DIRECTION('ref_axis',(-1.,-1.22464679914735E-16,-1.49975978266186E-32));
#1819=DIRECTION('',(-1.,-1.22464679914735E-16,-1.49975978266186E-32));
#1820=DIRECTION('',(0.,1.22464679914735E-16,-1.));
#1821=DIRECTION('center_axis',(1.,1.22464679914735E-16,1.49975978266186E-32));
#1822=DIRECTION('ref_axis',(-1.22464679914735E-16,1.,1.22464679914735E-16));
#1823=DIRECTION('',(-1.22464679914735E-16,1.,1.22464679914735E-16));
#1824=DIRECTION('',(0.,-1.22464679914735E-16,1.));
#1825=DIRECTION('center_axis',(-1.22464679914735E-16,1.,1.22464679914735E-16));
#1826=DIRECTION('ref_axis',(-1.,-1.22464679914735E-16,-1.49975978266186E-32));
#1827=DIRECTION('',(-1.,-1.22464679914735E-16,-1.49975978266186E-32));
#1828=DIRECTION('center_axis',(-2.53079153400048E-16,1.,1.22464679914735E-16));
#1829=DIRECTION('ref_axis',(-1.,-2.53079153400048E-16,-3.09932575142291E-32));
#1830=DIRECTION('',(0.,1.22464679914735E-16,-1.));
#1831=DIRECTION('',(-1.,-2.53079153400048E-16,-3.09932575142291E-32));
#1832=DIRECTION('',(0.,1.22464679914735E-16,-1.));
#1833=DIRECTION('center_axis',(1.,1.87771916657392E-16,2.29954276704238E-32));
#1834=DIRECTION('ref_axis',(-1.87771916657392E-16,1.,1.22464679914735E-16));
#1835=DIRECTION('',(-1.87771916657392E-16,1.,1.22464679914735E-16));
#1836=DIRECTION('',(0.,1.22464679914735E-16,-1.));
#1837=DIRECTION('center_axis',(-8.14979357057719E-18,-1.,-1.22464679914735E-16));
#1838=DIRECTION('ref_axis',(1.,-8.14979357057719E-18,-9.98061860991904E-34));
#1839=DIRECTION('',(1.,-8.14979357057719E-18,-9.98061860991904E-34));
#1840=DIRECTION('',(0.,-1.22464679914735E-16,1.));
#1841=DIRECTION('center_axis',(-1.,-1.22464679914735E-16,-1.49975978266186E-32));
#1842=DIRECTION('ref_axis',(1.22464679914735E-16,-1.,-1.22464679914735E-16));
#1843=DIRECTION('',(1.22464679914735E-16,-1.,-1.22464679914735E-16));
#1844=DIRECTION('center_axis',(0.,1.22464679914735E-16,-1.));
#1845=DIRECTION('ref_axis',(1.,1.22464679914735E-16,1.49975978266186E-32));
#1846=DIRECTION('',(0.,0.,1.));
#1847=DIRECTION('',(1.,0.,0.));
#1848=CARTESIAN_POINT('',(0.,0.,0.));
#1849=CARTESIAN_POINT('',(0.,0.,0.));
#1850=CARTESIAN_POINT('Origin',(1.51070616245821E-16,-3.49999994039536,
0.762177723252799));
#1851=CARTESIAN_POINT('',(-3.8856404693132,-6.99999998673468,-5.30000007302045));
#1852=CARTESIAN_POINT('',(-2.49999992593103,-7.7999999865442,-6.68564081936259));
#1853=CARTESIAN_POINT('',(-3.7905270518497,-7.05491373829702,-5.39511359124053));
#1854=CARTESIAN_POINT('',(3.88564046376933,-6.9999999881061,-5.30000007735718));
#1855=CARTESIAN_POINT('',(1.65,-7.,-5.3));
#1856=CARTESIAN_POINT('',(2.49999992593103,-7.7999999865442,-6.68564081936259));
#1857=CARTESIAN_POINT('',(3.83201393838877,-7.03096127318585,-5.35362670470147));
#1858=CARTESIAN_POINT('',(1.25,-7.8,-6.68564085253165));
#1859=CARTESIAN_POINT('Origin',(-9.83737884714687E-16,3.49999994039535,
0.762177723252799));
#1860=CARTESIAN_POINT('',(-2.49999992593103,7.79999998654421,-6.68564081936259));
#1861=CARTESIAN_POINT('',(-3.88564046376934,6.9999999881061,-5.30000007735717));
#1862=CARTESIAN_POINT('',(-3.83201393838876,7.03096127318586,-5.35362670470147));
#1863=CARTESIAN_POINT('',(2.49999992593103,7.79999998654421,-6.68564081936259));
#1864=CARTESIAN_POINT('',(1.25,7.8,-6.68564085253165));
#1865=CARTESIAN_POINT('',(3.88564046376933,6.99999998810611,-5.30000007735717));
#1866=CARTESIAN_POINT('',(3.7905270518497,7.05491373829703,-5.39511359124053));
#1867=CARTESIAN_POINT('',(-1.65,7.,-5.3));
#1868=CARTESIAN_POINT('Origin',(3.47979583281325,7.23431449125334,-9.4));
#1869=CARTESIAN_POINT('',(2.49999994516647,7.7999999781522,-8.2));
#1870=CARTESIAN_POINT('',(2.5,7.8,-7.9));
#1871=CARTESIAN_POINT('',(3.88564043661369,7.,-8.2));
#1872=CARTESIAN_POINT('',(6.36739696498575,5.56715720028128,-8.2));
#1873=CARTESIAN_POINT('',(3.88564043661369,7.,-9.4));
#1874=CARTESIAN_POINT('Origin',(-9.,-9.6,-9.4));
#1875=CARTESIAN_POINT('',(-9.,9.,-9.4));
#1876=CARTESIAN_POINT('',(-9.,9.,-4.7));
#1877=CARTESIAN_POINT('',(-9.,9.,-9.4));
#1878=CARTESIAN_POINT('',(-9.,-9.,-9.4));
#1879=CARTESIAN_POINT('',(-9.,-9.6,-9.4));
#1880=CARTESIAN_POINT('',(-9.,-9.,-4.7));
#1881=CARTESIAN_POINT('',(-9.,-9.,-9.4));
#1882=CARTESIAN_POINT('',(-9.,-9.6,-4.7));
#1883=CARTESIAN_POINT('Origin',(9.6,9.,-9.4));
#1884=CARTESIAN_POINT('',(9.,9.,-9.4));
#1885=CARTESIAN_POINT('',(9.,9.,-4.7));
#1886=CARTESIAN_POINT('',(9.,9.,-9.4));
#1887=CARTESIAN_POINT('',(9.6,9.,-9.4));
#1888=CARTESIAN_POINT('',(9.6,9.,-4.7));
#1889=CARTESIAN_POINT('Origin',(9.6,-9.,-9.4));
#1890=CARTESIAN_POINT('',(9.,-9.,-4.7));
#1891=CARTESIAN_POINT('',(9.6,-9.,-4.7));
#1892=CARTESIAN_POINT('',(9.,-9.,-9.4));
#1893=CARTESIAN_POINT('',(9.6,-9.,-9.4));
#1894=CARTESIAN_POINT('',(9.,-9.,-9.4));
#1895=CARTESIAN_POINT('Origin',(9.,-9.6,-9.4));
#1896=CARTESIAN_POINT('',(9.,-9.6,-4.7));
#1897=CARTESIAN_POINT('',(9.,-9.6,-9.4));
#1898=CARTESIAN_POINT('Origin',(2.5,-7.8,-8.2));
#1899=CARTESIAN_POINT('',(-3.88564043661369,7.,-8.2));
#1900=CARTESIAN_POINT('',(7.2,7.,-8.2));
#1901=CARTESIAN_POINT('',(-2.49999994516648,7.7999999781522,-8.2));
#1902=CARTESIAN_POINT('',(2.5,7.8,-8.2));
#1903=CARTESIAN_POINT('',(-4.00249901642912,6.93253166748644,-8.2));
#1904=CARTESIAN_POINT('Origin',(2.5,-7.8,-8.2));
#1905=CARTESIAN_POINT('',(2.49999994516648,-7.7999999781522,-8.2));
#1906=CARTESIAN_POINT('',(-2.49999994516647,-7.7999999781522,-8.2));
#1907=CARTESIAN_POINT('',(2.5,-7.8,-8.2));
#1908=CARTESIAN_POINT('',(3.88564043661368,-7.,-8.2));
#1909=CARTESIAN_POINT('',(2.49999994166981,-7.79999991275589,-8.2));
#1910=CARTESIAN_POINT('',(-3.88564043661369,-7.,-8.2));
#1911=CARTESIAN_POINT('',(7.2,-7.,-8.2));
#1912=CARTESIAN_POINT('',(-1.11489789022645,-8.59968895501182,-8.2));
#1913=CARTESIAN_POINT('Origin',(2.5,7.8,-7.9));
#1914=CARTESIAN_POINT('',(-2.5,7.8,-7.9));
#1915=CARTESIAN_POINT('Origin',(7.2,7.,-9.4));
#1916=CARTESIAN_POINT('',(7.,7.,-4.7));
#1917=CARTESIAN_POINT('',(-7.,7.,-4.7));
#1918=CARTESIAN_POINT('',(7.2,7.,-4.7));
#1919=CARTESIAN_POINT('',(-7.,7.,-9.4));
#1920=CARTESIAN_POINT('',(-7.,7.,-9.4));
#1921=CARTESIAN_POINT('',(7.,7.,-9.4));
#1922=CARTESIAN_POINT('',(7.2,7.,-9.4));
#1923=CARTESIAN_POINT('',(7.,7.,-9.4));
#1924=CARTESIAN_POINT('',(-3.88564043661369,7.,-8.65));
#1925=CARTESIAN_POINT('Origin',(-7.,-7.2,-9.4));
#1926=CARTESIAN_POINT('',(-7.,-7.,-4.7));
#1927=CARTESIAN_POINT('',(-7.,-7.2,-4.7));
#1928=CARTESIAN_POINT('',(-7.,-7.,-9.4));
#1929=CARTESIAN_POINT('',(-7.,-7.,-9.4));
#1930=CARTESIAN_POINT('',(-7.,-9.6,-9.4));
#1931=CARTESIAN_POINT('Origin',(2.5,-7.8,-7.9));
#1932=CARTESIAN_POINT('',(2.5,-7.8,-7.9));
#1933=CARTESIAN_POINT('',(-2.5,-7.8,-7.9));
#1934=CARTESIAN_POINT('Origin',(7.2,-7.,-9.4));
#1935=CARTESIAN_POINT('',(7.,-7.,-4.7));
#1936=CARTESIAN_POINT('',(7.2,-7.,-4.7));
#1937=CARTESIAN_POINT('',(7.,-7.,-9.4));
#1938=CARTESIAN_POINT('',(7.,-7.,-9.4));
#1939=CARTESIAN_POINT('',(7.2,-7.,-9.4));
#1940=CARTESIAN_POINT('',(-3.88564043661369,-7.,-9.4));
#1941=CARTESIAN_POINT('',(3.88564043661368,-7.,-8.65));
#1942=CARTESIAN_POINT('Origin',(7.,-7.2,-9.4));
#1943=CARTESIAN_POINT('',(7.,-7.2,-4.7));
#1944=CARTESIAN_POINT('',(7.,-9.6,-9.4));
#1945=CARTESIAN_POINT('Origin',(9.6,-9.6,-9.4));
#1946=CARTESIAN_POINT('Origin',(9.6,-9.6,-4.7));
#1947=CARTESIAN_POINT('Origin',(-2.49999993569998,7.79999991620258,-7.9));
#1948=CARTESIAN_POINT('Origin',(-3.47979583281325,-7.23431449125334,-9.4));
#1949=CARTESIAN_POINT('Origin',(2.49999993569998,-7.79999991620258,-7.9));
#1950=CARTESIAN_POINT('Origin',(-6.69999985024333,-3.50000005215406,-12.750028244856));
#1951=CARTESIAN_POINT('',(-6.69999985024333,-3.50000005215406,-12.750028244856));
#1952=CARTESIAN_POINT('',(-3.02410635020418,-3.50000005215406,-12.750028244856));
#1953=CARTESIAN_POINT('',(-3.02410635020418,-3.50000005215406,-12.750028244856));
#1954=CARTESIAN_POINT('',(-3.02410635020418,-3.50000005215406,-13.550028244856));
#1955=CARTESIAN_POINT('',(-3.02410635020418,-3.50000005215406,-12.750028244856));
#1956=CARTESIAN_POINT('',(-6.69999985024333,-3.50000005215406,-13.550028244856));
#1957=CARTESIAN_POINT('',(-3.02410635020418,-3.50000005215406,-13.550028244856));
#1958=CARTESIAN_POINT('',(-6.69999985024333,-3.50000005215406,-12.750028244856));
#1959=CARTESIAN_POINT('Origin',(2.89999993517995,-1.59999996423721,-12.750028244856));
#1960=CARTESIAN_POINT('',(2.89999993517995,-1.59999996423721,-12.750028244856));
#1961=CARTESIAN_POINT('',(2.89999993517995,-3.577536195073,-12.750028244856));
#1962=CARTESIAN_POINT('',(2.89999993517995,-1.59999996423721,-12.750028244856));
#1963=CARTESIAN_POINT('',(2.89999993517995,-3.577536195073,-13.550028244856));
#1964=CARTESIAN_POINT('',(2.89999993517995,-3.577536195073,-12.750028244856));
#1965=CARTESIAN_POINT('',(2.89999993517995,-1.59999996423721,-13.550028244856));
#1966=CARTESIAN_POINT('',(2.89999993517995,-1.59999996423721,-13.550028244856));
#1967=CARTESIAN_POINT('',(2.89999993517995,-1.59999996423721,-12.750028244856));
#1968=CARTESIAN_POINT('Origin',(-1.72019673440647,-4.217536195073,-12.750028244856));
#1969=CARTESIAN_POINT('',(-1.72019673440647,-4.217536195073,-12.750028244856));
#1970=CARTESIAN_POINT('',(-6.69999985024333,-4.19999990612268,-12.750028244856));
#1971=CARTESIAN_POINT('',(-6.69999985024333,-4.19999990612268,-12.750028244856));
#1972=CARTESIAN_POINT('',(-6.69999985024333,-4.19999990612268,-13.550028244856));
#1973=CARTESIAN_POINT('',(-6.69999985024333,-4.19999990612268,-12.750028244856));
#1974=CARTESIAN_POINT('',(-1.72019673440647,-4.217536195073,-13.550028244856));
#1975=CARTESIAN_POINT('',(-6.69999985024333,-4.19999990612268,-13.550028244856));
#1976=CARTESIAN_POINT('',(-1.72019673440647,-4.217536195073,-12.750028244856));
#1977=CARTESIAN_POINT('Origin',(-1.72019673440647,-6.117536195073,-12.750028244856));
#1978=CARTESIAN_POINT('',(-1.72019673440647,-6.117536195073,-12.750028244856));
#1979=CARTESIAN_POINT('',(-1.72019673440647,-4.217536195073,-12.750028244856));
#1980=CARTESIAN_POINT('',(-1.72019673440647,-6.117536195073,-13.550028244856));
#1981=CARTESIAN_POINT('',(-1.72019673440647,-4.217536195073,-13.550028244856));
#1982=CARTESIAN_POINT('',(-1.72019673440647,-6.117536195073,-12.750028244856));
#1983=CARTESIAN_POINT('Origin',(-4.89999989047646,-6.117536195073,-12.750028244856));
#1984=CARTESIAN_POINT('',(-4.89999989047646,-6.117536195073,-12.750028244856));
#1985=CARTESIAN_POINT('',(-1.72019673440647,-6.117536195073,-12.750028244856));
#1986=CARTESIAN_POINT('',(-4.89999989047646,-6.117536195073,-13.550028244856));
#1987=CARTESIAN_POINT('',(-1.72019673440647,-6.117536195073,-13.550028244856));
#1988=CARTESIAN_POINT('',(-4.89999989047646,-6.117536195073,-12.750028244856));
#1989=CARTESIAN_POINT('Origin',(-5.44009437596781E-14,0.000127000254102035,
-13.550028244856));
#1990=CARTESIAN_POINT('',(-8.50000000000005,-8.4998729997459,-13.550028244856));
#1991=CARTESIAN_POINT('',(-8.50000000000006,8.5001270002541,-13.550028244856));
#1992=CARTESIAN_POINT('',(-8.50000000000005,-8.4998729997459,-13.550028244856));
#1993=CARTESIAN_POINT('',(8.49999999999994,8.50012700025411,-13.550028244856));
#1994=CARTESIAN_POINT('',(-8.50000000000006,8.5001270002541,-13.550028244856));
#1995=CARTESIAN_POINT('',(8.49999999999995,-8.4998729997459,-13.550028244856));
#1996=CARTESIAN_POINT('',(8.49999999999994,8.5001270002541,-13.550028244856));
#1997=CARTESIAN_POINT('',(8.49999999999995,-8.4998729997459,-13.550028244856));
#1998=CARTESIAN_POINT('',(-6.69999985024333,-6.09999986365438,-13.550028244856));
#1999=CARTESIAN_POINT('',(-6.69999985024333,-6.09999986365438,-13.550028244856));
#2000=CARTESIAN_POINT('',(-4.89999989047646,-6.09999986365438,-13.550028244856));
#2001=CARTESIAN_POINT('',(-4.89999989047646,-6.09999986365438,-13.550028244856));
#2002=CARTESIAN_POINT('',(-4.89999989047646,-6.942536195073,-13.550028244856));
#2003=CARTESIAN_POINT('',(-2.,0.00012700025400409,-13.550028244856));
#2004=CARTESIAN_POINT('Origin',(-1.77637239244546E-15,0.000127000254003584,
-13.550028244856));
#2005=CARTESIAN_POINT('',(7.99999982118607,-3.577536195073,-13.550028244856));
#2006=CARTESIAN_POINT('',(6.158305816612,-3.577536195073,-13.550028244856));
#2007=CARTESIAN_POINT('',(7.99999982118607,-1.59999996423721,-13.550028244856));
#2008=CARTESIAN_POINT('',(7.99999982118607,-3.577536195073,-13.550028244856));
#2009=CARTESIAN_POINT('',(6.25348076714453,-1.59999996423721,-13.550028244856));
#2010=CARTESIAN_POINT('',(-3.02410635020419,3.17604131370926,-13.550028244856));
#2011=CARTESIAN_POINT('',(-3.02410635020419,3.17604131370926,-13.550028244856));
#2012=CARTESIAN_POINT('',(-3.59999991953373,3.39999992400408,-13.550028244856));
#2013=CARTESIAN_POINT('',(-3.59999991953373,3.39999992400408,-13.550028244856));
#2014=CARTESIAN_POINT('',(-3.59999991953373,6.49999985471368,-13.550028244856));
#2015=CARTESIAN_POINT('',(-3.59999991953373,6.49999985471368,-13.550028244856));
#2016=CARTESIAN_POINT('',(-6.69999985024333,6.49999985471368,-13.550028244856));
#2017=CARTESIAN_POINT('',(-6.69999985024333,6.49999985471368,-13.550028244856));
#2018=CARTESIAN_POINT('',(-6.69999985024333,4.20710670295545,-13.550028244856));
#2019=CARTESIAN_POINT('',(-6.69999985024333,4.20710670295545,-13.550028244856));
#2020=CARTESIAN_POINT('',(-7.40710663142988,3.4999999217689,-13.550028244856));
#2021=CARTESIAN_POINT('',(-7.40710663142988,3.4999999217689,-13.550028244856));
#2022=CARTESIAN_POINT('',(-7.40710663142988,0.807106778951373,-13.550028244856));
#2023=CARTESIAN_POINT('',(-7.40710663142988,0.807106778951374,-13.550028244856));
#2024=CARTESIAN_POINT('',(-6.69999985024333,0.0999999977648261,-13.550028244856));
#2025=CARTESIAN_POINT('',(-6.69999985024333,0.0999999977648261,-13.550028244856));
#2026=CARTESIAN_POINT('',(-6.69999985024333,-4.29999990388751,-13.550028244856));
#2027=CARTESIAN_POINT('',(4.205003810007,0.00012700025400485,-13.550028244856));
#2028=CARTESIAN_POINT('Origin',(5.08001016002,0.000127000254004406,-13.550028244856));
#2029=CARTESIAN_POINT('Origin',(-5.44009437596781E-14,0.000127000254101937,
-12.750028244856));
#2030=CARTESIAN_POINT('',(-3.02410635020418,-2.5000000372529,-12.750028244856));
#2031=CARTESIAN_POINT('',(3.06161704349003E-16,-2.5000000372529,-12.750028244856));
#2032=CARTESIAN_POINT('',(-3.02410635020418,-2.5000000372529,-12.750028244856));
#2033=CARTESIAN_POINT('',(-3.02410635020419,3.17604131370926,-12.750028244856));
#2034=CARTESIAN_POINT('',(-6.69999985024333,-6.09999986365438,-12.750028244856));
#2035=CARTESIAN_POINT('',(-4.89999989047646,-6.942536195073,-12.750028244856));
#2036=CARTESIAN_POINT('',(-4.89999989047646,-6.942536195073,-12.750028244856));
#2037=CARTESIAN_POINT('',(4.058305816612,-6.942536195073,-12.750028244856));
#2038=CARTESIAN_POINT('',(-4.741694183388,-6.942536195073,-12.750028244856));
#2039=CARTESIAN_POINT('',(6.158305816612,-4.842536195073,-12.750028244856));
#2040=CARTESIAN_POINT('Origin',(4.058305816612,-4.842536195073,-12.750028244856));
#2041=CARTESIAN_POINT('',(6.158305816612,-3.577536195073,-12.750028244856));
#2042=CARTESIAN_POINT('',(6.158305816612,-4.842536195073,-12.750028244856));
#2043=CARTESIAN_POINT('',(6.158305816612,-3.577536195073,-12.750028244856));
#2044=CARTESIAN_POINT('',(6.25348076714453,-1.59999996423721,-12.750028244856));
#2045=CARTESIAN_POINT('',(6.25348076714453,-1.59999996423721,-12.750028244856));
#2046=CARTESIAN_POINT('',(6.25348076714453,0.000127000254004452,-12.750028244856));
#2047=CARTESIAN_POINT('',(6.25348076714453,-1.59999996423721,-12.750028244856));
#2048=CARTESIAN_POINT('',(5.955016510033,0.000127000254004415,-12.750028244856));
#2049=CARTESIAN_POINT('',(5.955016510033,0.000127000254004415,-12.750028244856));
#2050=CARTESIAN_POINT('',(4.205003810007,0.000127000254004201,-12.750028244856));
#2051=CARTESIAN_POINT('Origin',(5.08001016002,0.000127000254004308,-12.750028244856));
#2052=CARTESIAN_POINT('',(2.,0.000127000254003931,-12.750028244856));
#2053=CARTESIAN_POINT('',(2.,0.000127000254003931,-12.750028244856));
#2054=CARTESIAN_POINT('',(2.44913806784015E-16,-1.999872999746,-12.750028244856));
#2055=CARTESIAN_POINT('Origin',(-1.77637239244546E-15,0.000127000254003486,
-12.750028244856));
#2056=CARTESIAN_POINT('',(3.06161704349003E-16,-2.5000000372529,-12.750028244856));
#2057=CARTESIAN_POINT('Origin',(-3.59999991953373,3.39999992400408,-12.750028244856));
#2058=CARTESIAN_POINT('',(-3.02410635020419,3.17604131370926,-12.150028244856));
#2059=CARTESIAN_POINT('',(-3.02410635020419,3.17604131370926,-12.750028244856));
#2060=CARTESIAN_POINT('',(-3.59999991953373,3.39999992400408,-12.150028244856));
#2061=CARTESIAN_POINT('',(-3.59999991953373,3.39999992400408,-12.150028244856));
#2062=CARTESIAN_POINT('',(-3.59999991953373,3.39999992400408,-12.750028244856));
#2063=CARTESIAN_POINT('Origin',(-3.59999991953373,6.49999985471368,-12.750028244856));
#2064=CARTESIAN_POINT('',(-3.59999991953373,6.49999985471368,-12.150028244856));
#2065=CARTESIAN_POINT('',(-3.59999991953373,6.49999985471368,-12.150028244856));
#2066=CARTESIAN_POINT('',(-3.59999991953373,6.49999985471368,-12.750028244856));
#2067=CARTESIAN_POINT('Origin',(5.955016510033,0.000127000254004415,-12.750028244856));
#2068=CARTESIAN_POINT('',(6.25348076714453,0.000127000254004378,-12.150028244856));
#2069=CARTESIAN_POINT('',(6.25348076714453,0.000127000254004448,-12.750028244856));
#2070=CARTESIAN_POINT('',(5.955016510033,0.000127000254004342,-12.150028244856));
#2071=CARTESIAN_POINT('',(5.955016510033,0.000127000254004342,-12.150028244856));
#2072=CARTESIAN_POINT('',(5.955016510033,0.000127000254004415,-12.750028244856));
#2073=CARTESIAN_POINT('Origin',(5.08001016002,0.000127000254004308,-12.750028244856));
#2074=CARTESIAN_POINT('',(4.205003810007,0.000127000254004127,-12.150028244856));
#2075=CARTESIAN_POINT('Origin',(5.08001016002,0.000127000254004234,-12.150028244856));
#2076=CARTESIAN_POINT('',(4.205003810007,0.000127000254004201,-12.750028244856));
#2077=CARTESIAN_POINT('',(4.205003810007,0.000127000254004094,-12.750028244856));
#2078=CARTESIAN_POINT('Origin',(1.68029381439867,3.25006354855578,-12.150028244856));
#2079=CARTESIAN_POINT('',(3.1025019050035,0.000127000254003992,-12.150028244856));
#2080=CARTESIAN_POINT('',(2.,0.000127000254003857,-12.150028244856));
#2081=CARTESIAN_POINT('',(6.25348076714453,1.39999996870756,-12.150028244856));
#2082=CARTESIAN_POINT('',(6.25348076714453,2.32503175863167,-12.150028244856));
#2083=CARTESIAN_POINT('',(6.96058754833108,2.10710674989411,-12.150028244856));
#2084=CARTESIAN_POINT('',(5.92625331451339,1.07277251607643,-12.150028244856));
#2085=CARTESIAN_POINT('',(6.04627159516257,3.02142270306262,-12.150028244856));
#2086=CARTESIAN_POINT('',(4.89761693859831,4.17007735962688,-12.150028244856));
#2087=CARTESIAN_POINT('',(6.04627159516257,4.29999990388751,-12.150028244856));
#2088=CARTESIAN_POINT('',(6.04627159516257,3.77503172622164,-12.150028244856));
#2089=CARTESIAN_POINT('',(3.99999991059303,4.29999990388751,-12.150028244856));
#2090=CARTESIAN_POINT('',(2.84014686249585,4.29999990388751,-12.150028244856));
#2091=CARTESIAN_POINT('',(3.50000005215406,6.50000009685755,-12.150028244856));
#2092=CARTESIAN_POINT('',(3.80648362475155,5.15147187734624,-12.150028244856));
#2093=CARTESIAN_POINT('',(-0.959853107986697,6.49999994475528,-12.150028244856));
#2094=CARTESIAN_POINT('',(-1.79999995976686,2.6999999396503,-12.150028244856));
#2095=CARTESIAN_POINT('',(-0.381357643268816,2.14830570545661,-12.150028244856));
#2096=CARTESIAN_POINT('',(1.59999996423721,2.6999999396503,-12.150028244856));
#2097=CARTESIAN_POINT('',(1.64014688931794,2.6999999396503,-12.150028244856));
#2098=CARTESIAN_POINT('',(3.1025019050035,2.88781268224608,-12.150028244856));
#2099=CARTESIAN_POINT('',(2.42463028294018,2.80307872948817,-12.150028244856));
#2100=CARTESIAN_POINT('',(3.1025019050035,1.62509527440489,-12.150028244856));
#2101=CARTESIAN_POINT('Origin',(3.1025019050035,0.000127000254004066,-12.750028244856));
#2102=CARTESIAN_POINT('',(3.1025019050035,2.88781268224608,-11.000028244856));
#2103=CARTESIAN_POINT('',(3.1025019050035,2.88781268224608,-12.750028244856));
#2104=CARTESIAN_POINT('',(3.1025019050035,0.000127000254003847,-11.000028244856));
#2105=CARTESIAN_POINT('',(3.1025019050035,0.000127000254003851,-11.000028244856));
#2106=CARTESIAN_POINT('',(3.1025019050035,0.000127000254004066,-12.750028244856));
#2107=CARTESIAN_POINT('Origin',(3.1025019050035,2.88781268224608,-12.750028244856));
#2108=CARTESIAN_POINT('',(1.59999996423721,2.6999999396503,-11.000028244856));
#2109=CARTESIAN_POINT('',(1.59999996423721,2.6999999396503,-12.750028244856));
#2110=CARTESIAN_POINT('',(3.99999991059303,2.99999993294478,-11.000028244856));
#2111=CARTESIAN_POINT('Origin',(1.59999996423721,2.6999999396503,-12.750028244856));
#2112=CARTESIAN_POINT('',(-1.79999995976686,2.6999999396503,-11.000028244856));
#2113=CARTESIAN_POINT('',(-1.79999995976686,2.6999999396503,-12.750028244856));
#2114=CARTESIAN_POINT('',(-1.79999995976686,2.6999999396503,-11.000028244856));
#2115=CARTESIAN_POINT('Origin',(-1.79999995976686,2.6999999396503,-12.750028244856));
#2116=CARTESIAN_POINT('',(-3.02410635020419,3.17604131370926,-11.000028244856));
#2117=CARTESIAN_POINT('',(-3.02410635020419,3.17604131370926,-12.750028244856));
#2118=CARTESIAN_POINT('',(-3.59999991953373,3.39999992400408,-11.000028244856));
#2119=CARTESIAN_POINT('Origin',(2.,0.000127000254003931,-12.750028244856));
#2120=CARTESIAN_POINT('',(2.,0.000127000254003712,-11.000028244856));
#2121=CARTESIAN_POINT('',(2.,0.000127000254003716,-11.000028244856));
#2122=CARTESIAN_POINT('',(2.,0.000127000254003931,-12.750028244856));
#2123=CARTESIAN_POINT('Origin',(-1.77637239244546E-15,0.000127000254003486,
-12.750028244856));
#2124=CARTESIAN_POINT('',(-2.,0.000127000254002782,-11.000028244856));
#2125=CARTESIAN_POINT('Origin',(-1.77637239244546E-15,0.000127000254003272,
-11.000028244856));
#2126=CARTESIAN_POINT('',(-2.,0.000127000254002996,-12.750028244856));
#2127=CARTESIAN_POINT('',(2.44913806784015E-16,-1.999872999746,-11.000028244856));
#2128=CARTESIAN_POINT('Origin',(-1.77637239244546E-15,0.000127000254003272,
-11.000028244856));
#2129=CARTESIAN_POINT('',(2.44913806784015E-16,-1.999872999746,-12.750028244856));
#2130=CARTESIAN_POINT('Origin',(3.06161704349003E-16,-2.5000000372529,-12.750028244856));
#2131=CARTESIAN_POINT('',(3.06161704349003E-16,-2.5000000372529,-11.000028244856));
#2132=CARTESIAN_POINT('',(3.06161704349003E-16,-2.5000000372529,-11.000028244856));
#2133=CARTESIAN_POINT('',(3.06161704349003E-16,-2.5000000372529,-12.750028244856));
#2134=CARTESIAN_POINT('Origin',(-3.02410635020418,-2.5000000372529,-12.750028244856));
#2135=CARTESIAN_POINT('',(-3.02410635020418,-2.5000000372529,-11.000028244856));
#2136=CARTESIAN_POINT('',(-3.02410635020418,-2.5000000372529,-11.000028244856));
#2137=CARTESIAN_POINT('',(-3.02410635020418,-2.5000000372529,-12.750028244856));
#2138=CARTESIAN_POINT('Origin',(-3.02410635020419,3.17604131370926,-12.750028244856));
#2139=CARTESIAN_POINT('',(-3.02410635020419,3.17604131370926,-11.000028244856));
#2140=CARTESIAN_POINT('Origin',(0.0391977773996565,0.338020638228177,-11.000028244856));
#2141=CARTESIAN_POINT('Origin',(-3.59999991953373,6.49999985471368,-12.750028244856));
#2142=CARTESIAN_POINT('',(3.50000005215406,6.50000009685755,-11.000028244856));
#2143=CARTESIAN_POINT('',(3.50000005215406,6.50000009685755,-12.750028244856));
#2144=CARTESIAN_POINT('',(-3.59999991953373,6.49999985471368,-11.000028244856));
#2145=CARTESIAN_POINT('',(3.50000005215406,6.50000009685755,-11.000028244856));
#2146=CARTESIAN_POINT('',(-3.59999991953373,6.49999985471368,-12.750028244856));
#2147=CARTESIAN_POINT('Origin',(3.50000005215406,6.50000009685755,-12.750028244856));
#2148=CARTESIAN_POINT('',(3.99999991059303,4.29999990388751,-11.000028244856));
#2149=CARTESIAN_POINT('',(3.99999991059303,4.29999990388751,-12.750028244856));
#2150=CARTESIAN_POINT('',(3.50000005215406,6.50000009685755,-11.000028244856));
#2151=CARTESIAN_POINT('Origin',(3.99999991059303,4.29999990388751,-12.750028244856));
#2152=CARTESIAN_POINT('',(6.04627159516257,4.29999990388751,-11.000028244856));
#2153=CARTESIAN_POINT('',(6.04627159516257,4.29999990388751,-12.750028244856));
#2154=CARTESIAN_POINT('',(4.29999990388751,4.29999990388751,-11.000028244856));
#2155=CARTESIAN_POINT('Origin',(6.04627159516257,4.29999990388751,-12.750028244856));
#2156=CARTESIAN_POINT('',(6.04627159516257,3.02142270306262,-11.000028244856));
#2157=CARTESIAN_POINT('',(6.04627159516257,3.02142270306262,-12.750028244856));
#2158=CARTESIAN_POINT('',(6.04627159516257,3.02142270306262,-11.000028244856));
#2159=CARTESIAN_POINT('Origin',(6.04627159516257,3.02142270306262,-12.750028244856));
#2160=CARTESIAN_POINT('',(6.96058754833108,2.10710674989411,-11.000028244856));
#2161=CARTESIAN_POINT('',(6.96058754833108,2.10710674989411,-12.750028244856));
#2162=CARTESIAN_POINT('',(6.96058754833108,2.10710674989411,-11.000028244856));
#2163=CARTESIAN_POINT('Origin',(6.96058754833108,2.10710674989411,-12.750028244856));
#2164=CARTESIAN_POINT('',(6.25348076714453,1.39999996870756,-11.000028244856));
#2165=CARTESIAN_POINT('',(6.25348076714453,1.39999996870756,-12.750028244856));
#2166=CARTESIAN_POINT('',(6.25348076714453,1.39999996870756,-11.000028244856));
#2167=CARTESIAN_POINT('Origin',(4.058305816612,-4.842536195073,-12.750028244856));
#2168=CARTESIAN_POINT('',(4.058305816612,-6.942536195073,-11.000028244856));
#2169=CARTESIAN_POINT('',(4.058305816612,-6.942536195073,-12.750028244856));
#2170=CARTESIAN_POINT('',(6.158305816612,-4.842536195073,-11.000028244856));
#2171=CARTESIAN_POINT('Origin',(4.058305816612,-4.842536195073,-11.000028244856));
#2172=CARTESIAN_POINT('',(6.158305816612,-4.842536195073,-12.750028244856));
#2173=CARTESIAN_POINT('Origin',(6.158305816612,-3.577536195073,-12.750028244856));
#2174=CARTESIAN_POINT('',(6.158305816612,-3.577536195073,-11.000028244856));
#2175=CARTESIAN_POINT('',(6.158305816612,-4.842536195073,-11.000028244856));
#2176=CARTESIAN_POINT('',(6.158305816612,-3.577536195073,-12.750028244856));
#2177=CARTESIAN_POINT('Origin',(7.99999982118607,-3.577536195073,-12.750028244856));
#2178=CARTESIAN_POINT('',(7.99999982118607,-3.577536195073,-11.000028244856));
#2179=CARTESIAN_POINT('',(6.158305816612,-3.577536195073,-11.000028244856));
#2180=CARTESIAN_POINT('',(7.99999982118607,-3.577536195073,-12.750028244856));
#2181=CARTESIAN_POINT('Origin',(7.99999982118607,-1.59999996423721,-12.750028244856));
#2182=CARTESIAN_POINT('',(7.99999982118607,-1.59999996423721,-11.000028244856));
#2183=CARTESIAN_POINT('',(7.99999982118607,-3.577536195073,-11.000028244856));
#2184=CARTESIAN_POINT('',(7.99999982118607,-1.59999996423721,-12.750028244856));
#2185=CARTESIAN_POINT('Origin',(6.25348076714453,-1.59999996423721,-12.750028244856));
#2186=CARTESIAN_POINT('',(6.25348076714453,-1.59999996423721,-11.000028244856));
#2187=CARTESIAN_POINT('',(7.99999982118607,-1.59999996423721,-11.000028244856));
#2188=CARTESIAN_POINT('',(6.25348076714453,-1.59999996423721,-12.750028244856));
#2189=CARTESIAN_POINT('Origin',(6.25348076714453,1.39999996870756,-12.750028244856));
#2190=CARTESIAN_POINT('',(6.25348076714453,-1.59999996423721,-11.000028244856));
#2191=CARTESIAN_POINT('Origin',(-6.69999985024333,6.49999985471368,-12.750028244856));
#2192=CARTESIAN_POINT('',(-6.69999985024333,6.49999985471368,-11.000028244856));
#2193=CARTESIAN_POINT('',(-6.69999985024333,6.49999985471368,-11.000028244856));
#2194=CARTESIAN_POINT('',(-6.69999985024333,6.49999985471368,-12.750028244856));
#2195=CARTESIAN_POINT('Origin',(-6.69999985024333,4.20710670295545,-12.750028244856));
#2196=CARTESIAN_POINT('',(-6.69999985024333,4.20710670295545,-11.000028244856));
#2197=CARTESIAN_POINT('',(-6.69999985024333,4.20710670295545,-11.000028244856));
#2198=CARTESIAN_POINT('',(-6.69999985024333,4.20710670295545,-12.750028244856));
#2199=CARTESIAN_POINT('Origin',(-7.40710663142988,3.4999999217689,-12.750028244856));
#2200=CARTESIAN_POINT('',(-7.40710663142988,3.4999999217689,-11.000028244856));
#2201=CARTESIAN_POINT('',(-7.40710663142988,3.4999999217689,-11.000028244856));
#2202=CARTESIAN_POINT('',(-7.40710663142988,3.4999999217689,-12.750028244856));
#2203=CARTESIAN_POINT('Origin',(-7.40710663142988,0.807106778951374,-12.750028244856));
#2204=CARTESIAN_POINT('',(-7.40710663142988,0.807106778951373,-11.000028244856));
#2205=CARTESIAN_POINT('',(-7.40710663142988,0.807106778951373,-11.000028244856));
#2206=CARTESIAN_POINT('',(-7.40710663142988,0.807106778951374,-12.750028244856));
#2207=CARTESIAN_POINT('Origin',(-6.69999985024333,0.099999997764826,-12.750028244856));
#2208=CARTESIAN_POINT('',(-6.69999985024333,0.0999999977648258,-11.000028244856));
#2209=CARTESIAN_POINT('',(-6.69999985024333,0.0999999977648258,-11.000028244856));
#2210=CARTESIAN_POINT('',(-6.69999985024333,0.099999997764826,-12.750028244856));
#2211=CARTESIAN_POINT('Origin',(-6.69999985024333,-6.09999986365438,-12.750028244856));
#2212=CARTESIAN_POINT('',(-6.69999985024333,-6.09999986365438,-11.000028244856));
#2213=CARTESIAN_POINT('',(-6.69999985024333,-6.09999986365438,-11.000028244856));
#2214=CARTESIAN_POINT('',(-6.69999985024333,-6.09999986365438,-12.750028244856));
#2215=CARTESIAN_POINT('Origin',(-4.89999989047646,-6.09999986365438,-12.750028244856));
#2216=CARTESIAN_POINT('',(-4.89999989047646,-6.09999986365438,-11.000028244856));
#2217=CARTESIAN_POINT('',(-4.89999989047646,-6.09999986365438,-11.000028244856));
#2218=CARTESIAN_POINT('',(-4.89999989047646,-6.09999986365438,-12.750028244856));
#2219=CARTESIAN_POINT('Origin',(-4.89999989047646,-6.942536195073,-12.750028244856));
#2220=CARTESIAN_POINT('',(-4.89999989047646,-6.942536195073,-11.000028244856));
#2221=CARTESIAN_POINT('',(-4.89999989047646,-6.942536195073,-11.000028244856));
#2222=CARTESIAN_POINT('',(-4.89999989047646,-6.942536195073,-12.750028244856));
#2223=CARTESIAN_POINT('Origin',(4.058305816612,-6.942536195073,-12.750028244856));
#2224=CARTESIAN_POINT('',(-4.741694183388,-6.942536195073,-11.000028244856));
#2225=CARTESIAN_POINT('Origin',(8.49999999999994,8.5001270002541,-12.750028244856));
#2226=CARTESIAN_POINT('',(-8.50000000000006,8.5001270002541,-11.000028244856));
#2227=CARTESIAN_POINT('',(-8.50000000000006,8.5001270002541,-12.750028244856));
#2228=CARTESIAN_POINT('',(8.49999999999994,8.50012700025411,-11.000028244856));
#2229=CARTESIAN_POINT('',(-8.50000000000006,8.5001270002541,-11.000028244856));
#2230=CARTESIAN_POINT('',(8.49999999999994,8.5001270002541,-12.750028244856));
#2231=CARTESIAN_POINT('Origin',(8.49999999999995,-8.4998729997459,-12.750028244856));
#2232=CARTESIAN_POINT('',(8.49999999999995,-8.4998729997459,-11.000028244856));
#2233=CARTESIAN_POINT('',(8.49999999999994,8.5001270002541,-11.000028244856));
#2234=CARTESIAN_POINT('',(8.49999999999995,-8.4998729997459,-12.750028244856));
#2235=CARTESIAN_POINT('Origin',(-8.50000000000005,-8.4998729997459,-12.750028244856));
#2236=CARTESIAN_POINT('',(-8.50000000000005,-8.4998729997459,-11.000028244856));
#2237=CARTESIAN_POINT('',(8.49999999999995,-8.4998729997459,-11.000028244856));
#2238=CARTESIAN_POINT('',(-8.50000000000005,-8.4998729997459,-12.750028244856));
#2239=CARTESIAN_POINT('Origin',(-8.50000000000006,8.5001270002541,-12.750028244856));
#2240=CARTESIAN_POINT('',(-8.50000000000005,-8.4998729997459,-11.000028244856));
#2241=CARTESIAN_POINT('Origin',(-5.44009437596781E-14,0.000127000254101722,
-11.000028244856));
#2242=CARTESIAN_POINT('',(0.,0.,4.7));
#2243=UNCERTAINTY_MEASURE_WITH_UNIT(LENGTH_MEASURE(0.01),#2249,
'DISTANCE_ACCURACY_VALUE',
'Maximum model space distance between geometric entities at asserted c
onnectivities');
#2244=UNCERTAINTY_MEASURE_WITH_UNIT(LENGTH_MEASURE(0.01),#2249,
'DISTANCE_ACCURACY_VALUE',
'Maximum model space distance between geometric entities at asserted c
onnectivities');
#2245=UNCERTAINTY_MEASURE_WITH_UNIT(LENGTH_MEASURE(0.01),#2249,
'DISTANCE_ACCURACY_VALUE',
'Maximum model space distance between geometric entities at asserted c
onnectivities');
#2246=(
GEOMETRIC_REPRESENTATION_CONTEXT(3)
GLOBAL_UNCERTAINTY_ASSIGNED_CONTEXT((#2243))
GLOBAL_UNIT_ASSIGNED_CONTEXT((#2249,#2251,#2252))
REPRESENTATION_CONTEXT('','3D')
);
#2247=(
GEOMETRIC_REPRESENTATION_CONTEXT(3)
GLOBAL_UNCERTAINTY_ASSIGNED_CONTEXT((#2244))
GLOBAL_UNIT_ASSIGNED_CONTEXT((#2249,#2251,#2252))
REPRESENTATION_CONTEXT('','3D')
);
#2248=(
GEOMETRIC_REPRESENTATION_CONTEXT(3)
GLOBAL_UNCERTAINTY_ASSIGNED_CONTEXT((#2245))
GLOBAL_UNIT_ASSIGNED_CONTEXT((#2249,#2251,#2252))
REPRESENTATION_CONTEXT('','3D')
);
#2249=(
LENGTH_UNIT()
NAMED_UNIT(*)
SI_UNIT(.MILLI.,.METRE.)
);
#2250=(
LENGTH_UNIT()
NAMED_UNIT(*)
SI_UNIT($,.METRE.)
);
#2251=(
NAMED_UNIT(*)
PLANE_ANGLE_UNIT()
SI_UNIT($,.RADIAN.)
);
#2252=(
NAMED_UNIT(*)
SI_UNIT($,.STERADIAN.)
SOLID_ANGLE_UNIT()
);
#2253=SHAPE_DEFINITION_REPRESENTATION(#2255,#2258);
#2254=SHAPE_DEFINITION_REPRESENTATION(#2256,#2259);
#2255=PRODUCT_DEFINITION_SHAPE('',$,#2261);
#2256=PRODUCT_DEFINITION_SHAPE('',$,#2262);
#2257=PRODUCT_DEFINITION_SHAPE($,$,#14);
#2258=SHAPE_REPRESENTATION('',(#1422,#1501),#2246);
#2259=SHAPE_REPRESENTATION('',(#1423),#2247);
#2260=PRODUCT_DEFINITION_CONTEXT('part definition',#2268,'design');
#2261=PRODUCT_DEFINITION('EasyEDA PCB Model~R60q','key-skpcb-mx',#2263,
#2260);
#2262=PRODUCT_DEFINITION('2025-12-02-17-32-21-332','key-mx-better',#2264,
#2260);
#2263=PRODUCT_DEFINITION_FORMATION('',$,#2270);
#2264=PRODUCT_DEFINITION_FORMATION('',$,#2271);
#2265=PRODUCT_RELATED_PRODUCT_CATEGORY('key-skpcb-mx','key-skpcb-mx',(#2270));
#2266=PRODUCT_RELATED_PRODUCT_CATEGORY('key-mx-better','key-mx-better',
(#2271));
#2267=APPLICATION_PROTOCOL_DEFINITION('international standard',
'automotive_design',2009,#2268);
#2268=APPLICATION_CONTEXT(
'Core Data for Automotive Mechanical Design Process');
#2269=PRODUCT_CONTEXT('part definition',#2268,'mechanical');
#2270=PRODUCT('EasyEDA PCB Model~R60q','key-skpcb-mx',
'Designed by EasyEDA Pro',(#2269));
#2271=PRODUCT('2025-12-02-17-32-21-332','key-mx-better',$,(#2269));
#2272=PRESENTATION_STYLE_ASSIGNMENT((#2274));
#2273=PRESENTATION_STYLE_ASSIGNMENT((#2275));
#2274=SURFACE_STYLE_USAGE(.BOTH.,#2276);
#2275=SURFACE_STYLE_USAGE(.BOTH.,#2277);
#2276=SURFACE_SIDE_STYLE('',(#2278));
#2277=SURFACE_SIDE_STYLE('',(#2279));
#2278=SURFACE_STYLE_FILL_AREA(#2280);
#2279=SURFACE_STYLE_FILL_AREA(#2281);
#2280=FILL_AREA_STYLE('Steel - Satin',(#2282));
#2281=FILL_AREA_STYLE('Opaque(234,234,234)',(#2283));
#2282=FILL_AREA_STYLE_COLOUR('Steel - Satin',#2284);
#2283=FILL_AREA_STYLE_COLOUR('Opaque(234,234,234)',#2285);
#2284=COLOUR_RGB('Steel - Satin',0.627450980392157,0.627450980392157,0.627450980392157);
#2285=COLOUR_RGB('Opaque(234,234,234)',0.917647058823529,0.917647058823529,
0.917647058823529);
ENDSEC;
END-ISO-10303-21;
