ISO-10303-21;
HEADER;
/* Generated by software containing ST-Developer
 * from STEP Tools, Inc. (www.steptools.com) 
 */

FILE_DESCRIPTION(
/* description */ (''),
/* implementation_level */ '2;1');

FILE_NAME(
/* name */ 'key-skree-con-mx-22mm.step',
/* time_stamp */ '2025-12-02T15:28:25-05:00',
/* author */ (''),
/* organization */ (''),
/* preprocessor_version */ 'ST-DEVELOPER v20.1',
/* originating_system */ 'Autodesk Translation Framework v14.21.0.0',
/* authorisation */ '');

FILE_SCHEMA (('AUTOMOTIVE_DESIGN { 1 0 10303 214 3 1 1 }'));
ENDSEC;

DATA;
#10=MECHANICAL_DESIGN_GEOMETRIC_PRESENTATION_REPRESENTATION('',(#17,#18),
#2288);
#11=ITEM_DEFINED_TRANSFORMATION($,$,#1433,#1521);
#12=(
REPRESENTATION_RELATIONSHIP($,$,#2299,#2298)
REPRESENTATION_RELATIONSHIP_WITH_TRANSFORMATION(#11)
SHAPE_REPRESENTATION_RELATIONSHIP()
);
#13=CONTEXT_DEPENDENT_SHAPE_REPRESENTATION(#12,#2297);
#14=NEXT_ASSEMBLY_USAGE_OCCURRENCE('Con MX 22mm:1','Con MX 22mm:1',
'Con MX 22mm:1',#2301,#2302,'Con MX 22mm:1');
#15=SHAPE_REPRESENTATION_RELATIONSHIP('SRR','None',#2299,#16);
#16=ADVANCED_BREP_SHAPE_REPRESENTATION('',(#19,#20),#2287);
#17=STYLED_ITEM('',(#2312),#19);
#18=STYLED_ITEM('',(#2313),#20);
#19=MANIFOLD_SOLID_BREP('Con MX 22mm',#1418);
#20=MANIFOLD_SOLID_BREP('Socket',#1419);
#21=FACE_BOUND('',#161,.T.);
#22=FACE_BOUND('',#162,.T.);
#23=FACE_BOUND('',#188,.T.);
#24=FACE_BOUND('',#192,.T.);
#25=FACE_BOUND('',#195,.T.);
#26=FACE_BOUND('',#197,.T.);
#27=CIRCLE('',#1440,2.);
#28=CIRCLE('',#1441,2.);
#29=CIRCLE('',#1443,2.);
#30=CIRCLE('',#1445,0.875006350013);
#31=CIRCLE('',#1447,0.875006350013);
#32=CIRCLE('',#1448,0.875006350013);
#33=CIRCLE('',#1450,0.875006350013);
#34=CIRCLE('',#1464,2.1);
#35=CIRCLE('',#1465,2.1);
#36=CIRCLE('',#1473,0.875006350013);
#37=CIRCLE('',#1476,2.);
#38=CIRCLE('',#1479,0.875006350013);
#39=CYLINDRICAL_SURFACE('',#1439,2.);
#40=CYLINDRICAL_SURFACE('',#1446,0.875006350013);
#41=CYLINDRICAL_SURFACE('',#1463,2.1);
#42=CYLINDRICAL_SURFACE('',#1472,0.875006350013);
#43=CYLINDRICAL_SURFACE('',#1475,2.);
#44=CYLINDRICAL_SURFACE('',#1478,0.875006350013);
#45=FACE_OUTER_BOUND('',#120,.T.);
#46=FACE_OUTER_BOUND('',#121,.T.);
#47=FACE_OUTER_BOUND('',#122,.T.);
#48=FACE_OUTER_BOUND('',#123,.T.);
#49=FACE_OUTER_BOUND('',#124,.T.);
#50=FACE_OUTER_BOUND('',#125,.T.);
#51=FACE_OUTER_BOUND('',#126,.T.);
#52=FACE_OUTER_BOUND('',#127,.T.);
#53=FACE_OUTER_BOUND('',#128,.T.);
#54=FACE_OUTER_BOUND('',#129,.T.);
#55=FACE_OUTER_BOUND('',#130,.T.);
#56=FACE_OUTER_BOUND('',#131,.T.);
#57=FACE_OUTER_BOUND('',#132,.T.);
#58=FACE_OUTER_BOUND('',#133,.T.);
#59=FACE_OUTER_BOUND('',#134,.T.);
#60=FACE_OUTER_BOUND('',#135,.T.);
#61=FACE_OUTER_BOUND('',#136,.T.);
#62=FACE_OUTER_BOUND('',#137,.T.);
#63=FACE_OUTER_BOUND('',#138,.T.);
#64=FACE_OUTER_BOUND('',#139,.T.);
#65=FACE_OUTER_BOUND('',#140,.T.);
#66=FACE_OUTER_BOUND('',#141,.T.);
#67=FACE_OUTER_BOUND('',#142,.T.);
#68=FACE_OUTER_BOUND('',#143,.T.);
#69=FACE_OUTER_BOUND('',#144,.T.);
#70=FACE_OUTER_BOUND('',#145,.T.);
#71=FACE_OUTER_BOUND('',#146,.T.);
#72=FACE_OUTER_BOUND('',#147,.T.);
#73=FACE_OUTER_BOUND('',#148,.T.);
#74=FACE_OUTER_BOUND('',#149,.T.);
#75=FACE_OUTER_BOUND('',#150,.T.);
#76=FACE_OUTER_BOUND('',#151,.T.);
#77=FACE_OUTER_BOUND('',#152,.T.);
#78=FACE_OUTER_BOUND('',#153,.T.);
#79=FACE_OUTER_BOUND('',#154,.T.);
#80=FACE_OUTER_BOUND('',#155,.T.);
#81=FACE_OUTER_BOUND('',#156,.T.);
#82=FACE_OUTER_BOUND('',#157,.T.);
#83=FACE_OUTER_BOUND('',#158,.T.);
#84=FACE_OUTER_BOUND('',#159,.T.);
#85=FACE_OUTER_BOUND('',#160,.T.);
#86=FACE_OUTER_BOUND('',#163,.T.);
#87=FACE_OUTER_BOUND('',#164,.T.);
#88=FACE_OUTER_BOUND('',#165,.T.);
#89=FACE_OUTER_BOUND('',#166,.T.);
#90=FACE_OUTER_BOUND('',#167,.T.);
#91=FACE_OUTER_BOUND('',#168,.T.);
#92=FACE_OUTER_BOUND('',#169,.T.);
#93=FACE_OUTER_BOUND('',#170,.T.);
#94=FACE_OUTER_BOUND('',#171,.T.);
#95=FACE_OUTER_BOUND('',#172,.T.);
#96=FACE_OUTER_BOUND('',#173,.T.);
#97=FACE_OUTER_BOUND('',#174,.T.);
#98=FACE_OUTER_BOUND('',#175,.T.);
#99=FACE_OUTER_BOUND('',#176,.T.);
#100=FACE_OUTER_BOUND('',#177,.T.);
#101=FACE_OUTER_BOUND('',#178,.T.);
#102=FACE_OUTER_BOUND('',#179,.T.);
#103=FACE_OUTER_BOUND('',#180,.T.);
#104=FACE_OUTER_BOUND('',#181,.T.);
#105=FACE_OUTER_BOUND('',#182,.T.);
#106=FACE_OUTER_BOUND('',#183,.T.);
#107=FACE_OUTER_BOUND('',#184,.T.);
#108=FACE_OUTER_BOUND('',#185,.T.);
#109=FACE_OUTER_BOUND('',#186,.T.);
#110=FACE_OUTER_BOUND('',#187,.T.);
#111=FACE_OUTER_BOUND('',#189,.T.);
#112=FACE_OUTER_BOUND('',#190,.T.);
#113=FACE_OUTER_BOUND('',#191,.T.);
#114=FACE_OUTER_BOUND('',#193,.T.);
#115=FACE_OUTER_BOUND('',#194,.T.);
#116=FACE_OUTER_BOUND('',#196,.T.);
#117=FACE_OUTER_BOUND('',#198,.T.);
#118=FACE_OUTER_BOUND('',#199,.T.);
#119=FACE_OUTER_BOUND('',#200,.T.);
#120=EDGE_LOOP('',(#886,#887,#888,#889));
#121=EDGE_LOOP('',(#890,#891,#892,#893));
#122=EDGE_LOOP('',(#894,#895,#896,#897,#898));
#123=EDGE_LOOP('',(#899,#900,#901,#902));
#124=EDGE_LOOP('',(#903,#904,#905,#906,#907,#908));
#125=EDGE_LOOP('',(#909,#910,#911,#912));
#126=EDGE_LOOP('',(#913,#914));
#127=EDGE_LOOP('',(#915));
#128=EDGE_LOOP('',(#916,#917,#918,#919));
#129=EDGE_LOOP('',(#920,#921));
#130=EDGE_LOOP('',(#922,#923,#924,#925));
#131=EDGE_LOOP('',(#926,#927,#928,#929,#930));
#132=EDGE_LOOP('',(#931,#932,#933,#934));
#133=EDGE_LOOP('',(#935,#936,#937,#938));
#134=EDGE_LOOP('',(#939,#940,#941,#942));
#135=EDGE_LOOP('',(#943,#944,#945,#946));
#136=EDGE_LOOP('',(#947,#948,#949,#950,#951));
#137=EDGE_LOOP('',(#952,#953,#954,#955));
#138=EDGE_LOOP('',(#956,#957,#958,#959));
#139=EDGE_LOOP('',(#960,#961,#962,#963));
#140=EDGE_LOOP('',(#964,#965,#966,#967));
#141=EDGE_LOOP('',(#968,#969,#970,#971));
#142=EDGE_LOOP('',(#972,#973,#974,#975));
#143=EDGE_LOOP('',(#976,#977,#978,#979));
#144=EDGE_LOOP('',(#980,#981,#982,#983));
#145=EDGE_LOOP('',(#984,#985,#986,#987));
#146=EDGE_LOOP('',(#988,#989,#990,#991));
#147=EDGE_LOOP('',(#992,#993,#994,#995));
#148=EDGE_LOOP('',(#996,#997,#998,#999,#1000));
#149=EDGE_LOOP('',(#1001,#1002,#1003,#1004));
#150=EDGE_LOOP('',(#1005,#1006,#1007,#1008,#1009,#1010));
#151=EDGE_LOOP('',(#1011,#1012,#1013,#1014));
#152=EDGE_LOOP('',(#1015,#1016,#1017,#1018,#1019));
#153=EDGE_LOOP('',(#1020,#1021,#1022,#1023));
#154=EDGE_LOOP('',(#1024,#1025,#1026,#1027));
#155=EDGE_LOOP('',(#1028,#1029,#1030,#1031));
#156=EDGE_LOOP('',(#1032,#1033,#1034,#1035));
#157=EDGE_LOOP('',(#1036,#1037,#1038,#1039));
#158=EDGE_LOOP('',(#1040,#1041,#1042,#1043));
#159=EDGE_LOOP('',(#1044,#1045,#1046,#1047,#1048,#1049));
#160=EDGE_LOOP('',(#1050,#1051,#1052,#1053,#1054,#1055,#1056,#1057,#1058,
#1059,#1060,#1061,#1062,#1063,#1064,#1065,#1066,#1067));
#161=EDGE_LOOP('',(#1068));
#162=EDGE_LOOP('',(#1069,#1070,#1071,#1072,#1073,#1074,#1075,#1076,#1077,
#1078,#1079,#1080,#1081,#1082,#1083,#1084,#1085,#1086,#1087,#1088,#1089,
#1090));
#163=EDGE_LOOP('',(#1091,#1092,#1093,#1094,#1095,#1096));
#164=EDGE_LOOP('',(#1097,#1098,#1099,#1100,#1101));
#165=EDGE_LOOP('',(#1102,#1103,#1104,#1105,#1106,#1107));
#166=EDGE_LOOP('',(#1108,#1109,#1110,#1111,#1112,#1113,#1114));
#167=EDGE_LOOP('',(#1115,#1116,#1117,#1118,#1119,#1120));
#168=EDGE_LOOP('',(#1121,#1122,#1123,#1124));
#169=EDGE_LOOP('',(#1125,#1126,#1127,#1128));
#170=EDGE_LOOP('',(#1129,#1130,#1131,#1132));
#171=EDGE_LOOP('',(#1133,#1134,#1135,#1136));
#172=EDGE_LOOP('',(#1137,#1138,#1139,#1140,#1141,#1142,#1143));
#173=EDGE_LOOP('',(#1144,#1145,#1146,#1147));
#174=EDGE_LOOP('',(#1148,#1149,#1150,#1151));
#175=EDGE_LOOP('',(#1152,#1153,#1154,#1155,#1156,#1157,#1158,#1159));
#176=EDGE_LOOP('',(#1160,#1161,#1162,#1163,#1164,#1165,#1166,#1167,#1168,
#1169,#1170,#1171,#1172,#1173,#1174,#1175,#1176,#1177));
#177=EDGE_LOOP('',(#1178,#1179,#1180,#1181));
#178=EDGE_LOOP('',(#1182,#1183,#1184,#1185));
#179=EDGE_LOOP('',(#1186,#1187,#1188,#1189));
#180=EDGE_LOOP('',(#1190,#1191,#1192,#1193));
#181=EDGE_LOOP('',(#1194,#1195,#1196,#1197));
#182=EDGE_LOOP('',(#1198,#1199,#1200,#1201));
#183=EDGE_LOOP('',(#1202,#1203,#1204,#1205));
#184=EDGE_LOOP('',(#1206,#1207,#1208,#1209));
#185=EDGE_LOOP('',(#1210,#1211,#1212,#1213));
#186=EDGE_LOOP('',(#1214,#1215,#1216,#1217));
#187=EDGE_LOOP('',(#1218,#1219,#1220,#1221));
#188=EDGE_LOOP('',(#1222,#1223,#1224,#1225));
#189=EDGE_LOOP('',(#1226,#1227,#1228,#1229));
#190=EDGE_LOOP('',(#1230,#1231,#1232,#1233));
#191=EDGE_LOOP('',(#1234,#1235,#1236,#1237));
#192=EDGE_LOOP('',(#1238,#1239,#1240,#1241));
#193=EDGE_LOOP('',(#1242,#1243,#1244,#1245));
#194=EDGE_LOOP('',(#1246,#1247,#1248,#1249));
#195=EDGE_LOOP('',(#1250,#1251,#1252,#1253));
#196=EDGE_LOOP('',(#1254,#1255,#1256,#1257));
#197=EDGE_LOOP('',(#1258,#1259,#1260,#1261));
#198=EDGE_LOOP('',(#1262,#1263,#1264,#1265));
#199=EDGE_LOOP('',(#1266,#1267,#1268,#1269));
#200=EDGE_LOOP('',(#1270,#1271,#1272,#1273));
#201=LINE('',#1889,#383);
#202=LINE('',#1891,#384);
#203=LINE('',#1893,#385);
#204=LINE('',#1894,#386);
#205=LINE('',#1897,#387);
#206=LINE('',#1899,#388);
#207=LINE('',#1900,#389);
#208=LINE('',#1903,#390);
#209=LINE('',#1905,#391);
#210=LINE('',#1907,#392);
#211=LINE('',#1908,#393);
#212=LINE('',#1911,#394);
#213=LINE('',#1912,#395);
#214=LINE('',#1915,#396);
#215=LINE('',#1917,#397);
#216=LINE('',#1919,#398);
#217=LINE('',#1920,#399);
#218=LINE('',#1924,#400);
#219=LINE('',#1928,#401);
#220=LINE('',#1938,#402);
#221=LINE('',#1942,#403);
#222=LINE('',#1948,#404);
#223=LINE('',#1950,#405);
#224=LINE('',#1951,#406);
#225=LINE('',#1955,#407);
#226=LINE('',#1957,#408);
#227=LINE('',#1958,#409);
#228=LINE('',#1959,#410);
#229=LINE('',#1963,#411);
#230=LINE('',#1965,#412);
#231=LINE('',#1967,#413);
#232=LINE('',#1968,#414);
#233=LINE('',#1972,#415);
#234=LINE('',#1974,#416);
#235=LINE('',#1976,#417);
#236=LINE('',#1977,#418);
#237=LINE('',#1980,#419);
#238=LINE('',#1982,#420);
#239=LINE('',#1983,#421);
#240=LINE('',#1985,#422);
#241=LINE('',#1986,#423);
#242=LINE('',#1990,#424);
#243=LINE('',#1991,#425);
#244=LINE('',#1993,#426);
#245=LINE('',#1994,#427);
#246=LINE('',#1997,#428);
#247=LINE('',#1999,#429);
#248=LINE('',#2000,#430);
#249=LINE('',#2003,#431);
#250=LINE('',#2005,#432);
#251=LINE('',#2006,#433);
#252=LINE('',#2009,#434);
#253=LINE('',#2011,#435);
#254=LINE('',#2012,#436);
#255=LINE('',#2015,#437);
#256=LINE('',#2017,#438);
#257=LINE('',#2018,#439);
#258=LINE('',#2021,#440);
#259=LINE('',#2023,#441);
#260=LINE('',#2024,#442);
#261=LINE('',#2030,#443);
#262=LINE('',#2033,#444);
#263=LINE('',#2035,#445);
#264=LINE('',#2036,#446);
#265=LINE('',#2039,#447);
#266=LINE('',#2041,#448);
#267=LINE('',#2042,#449);
#268=LINE('',#2045,#450);
#269=LINE('',#2047,#451);
#270=LINE('',#2048,#452);
#271=LINE('',#2051,#453);
#272=LINE('',#2053,#454);
#273=LINE('',#2054,#455);
#274=LINE('',#2057,#456);
#275=LINE('',#2059,#457);
#276=LINE('',#2060,#458);
#277=LINE('',#2062,#459);
#278=LINE('',#2064,#460);
#279=LINE('',#2065,#461);
#280=LINE('',#2069,#462);
#281=LINE('',#2071,#463);
#282=LINE('',#2073,#464);
#283=LINE('',#2074,#465);
#284=LINE('',#2078,#466);
#285=LINE('',#2081,#467);
#286=LINE('',#2083,#468);
#287=LINE('',#2084,#469);
#288=LINE('',#2088,#470);
#289=LINE('',#2092,#471);
#290=LINE('',#2094,#472);
#291=LINE('',#2096,#473);
#292=LINE('',#2097,#474);
#293=LINE('',#2100,#475);
#294=LINE('',#2102,#476);
#295=LINE('',#2103,#477);
#296=LINE('',#2106,#478);
#297=LINE('',#2108,#479);
#298=LINE('',#2109,#480);
#299=LINE('',#2113,#481);
#300=LINE('',#2115,#482);
#301=LINE('',#2117,#483);
#302=LINE('',#2118,#484);
#303=LINE('',#2121,#485);
#304=LINE('',#2123,#486);
#305=LINE('',#2124,#487);
#306=LINE('',#2127,#488);
#307=LINE('',#2128,#489);
#308=LINE('',#2130,#490);
#309=LINE('',#2131,#491);
#310=LINE('',#2134,#492);
#311=LINE('',#2135,#493);
#312=LINE('',#2137,#494);
#313=LINE('',#2139,#495);
#314=LINE('',#2141,#496);
#315=LINE('',#2143,#497);
#316=LINE('',#2144,#498);
#317=LINE('',#2145,#499);
#318=LINE('',#2147,#500);
#319=LINE('',#2148,#501);
#320=LINE('',#2151,#502);
#321=LINE('',#2153,#503);
#322=LINE('',#2154,#504);
#323=LINE('',#2156,#505);
#324=LINE('',#2158,#506);
#325=LINE('',#2159,#507);
#326=LINE('',#2164,#508);
#327=LINE('',#2166,#509);
#328=LINE('',#2167,#510);
#329=LINE('',#2169,#511);
#330=LINE('',#2172,#512);
#331=LINE('',#2173,#513);
#332=LINE('',#2176,#514);
#333=LINE('',#2177,#515);
#334=LINE('',#2179,#516);
#335=LINE('',#2185,#517);
#336=LINE('',#2187,#518);
#337=LINE('',#2189,#519);
#338=LINE('',#2190,#520);
#339=LINE('',#2194,#521);
#340=LINE('',#2196,#522);
#341=LINE('',#2198,#523);
#342=LINE('',#2199,#524);
#343=LINE('',#2202,#525);
#344=LINE('',#2204,#526);
#345=LINE('',#2205,#527);
#346=LINE('',#2209,#528);
#347=LINE('',#2211,#529);
#348=LINE('',#2213,#530);
#349=LINE('',#2214,#531);
#350=LINE('',#2218,#532);
#351=LINE('',#2219,#533);
#352=LINE('',#2220,#534);
#353=LINE('',#2223,#535);
#354=LINE('',#2225,#536);
#355=LINE('',#2226,#537);
#356=LINE('',#2228,#538);
#357=LINE('',#2229,#539);
#358=LINE('',#2232,#540);
#359=LINE('',#2234,#541);
#360=LINE('',#2235,#542);
#361=LINE('',#2239,#543);
#362=LINE('',#2241,#544);
#363=LINE('',#2243,#545);
#364=LINE('',#2244,#546);
#365=LINE('',#2246,#547);
#366=LINE('',#2250,#548);
#367=LINE('',#2252,#549);
#368=LINE('',#2254,#550);
#369=LINE('',#2255,#551);
#370=LINE('',#2256,#552);
#371=LINE('',#2259,#553);
#372=LINE('',#2261,#554);
#373=LINE('',#2262,#555);
#374=LINE('',#2264,#556);
#375=LINE('',#2265,#557);
#376=LINE('',#2268,#558);
#377=LINE('',#2270,#559);
#378=LINE('',#2271,#560);
#379=LINE('',#2272,#561);
#380=LINE('',#2273,#562);
#381=LINE('',#2275,#563);
#382=LINE('',#2276,#564);
#383=VECTOR('',#1528,10.);
#384=VECTOR('',#1529,10.);
#385=VECTOR('',#1530,10.);
#386=VECTOR('',#1531,10.);
#387=VECTOR('',#1534,10.);
#388=VECTOR('',#1535,10.);
#389=VECTOR('',#1536,10.);
#390=VECTOR('',#1539,10.);
#391=VECTOR('',#1540,10.);
#392=VECTOR('',#1541,10.);
#393=VECTOR('',#1542,10.);
#394=VECTOR('',#1545,10.);
#395=VECTOR('',#1546,10.);
#396=VECTOR('',#1549,10.);
#397=VECTOR('',#1550,10.);
#398=VECTOR('',#1551,10.);
#399=VECTOR('',#1552,10.);
#400=VECTOR('',#1555,10.);
#401=VECTOR('',#1558,10.);
#402=VECTOR('',#1571,10.);
#403=VECTOR('',#1574,10.);
#404=VECTOR('',#1583,10.);
#405=VECTOR('',#1584,10.);
#406=VECTOR('',#1585,10.);
#407=VECTOR('',#1588,10.);
#408=VECTOR('',#1589,10.);
#409=VECTOR('',#1590,10.);
#410=VECTOR('',#1591,10.);
#411=VECTOR('',#1594,10.);
#412=VECTOR('',#1595,10.);
#413=VECTOR('',#1596,10.);
#414=VECTOR('',#1597,10.);
#415=VECTOR('',#1600,10.);
#416=VECTOR('',#1601,10.);
#417=VECTOR('',#1602,10.);
#418=VECTOR('',#1603,10.);
#419=VECTOR('',#1606,10.);
#420=VECTOR('',#1607,10.);
#421=VECTOR('',#1608,10.);
#422=VECTOR('',#1611,10.);
#423=VECTOR('',#1612,10.);
#424=VECTOR('',#1615,10.);
#425=VECTOR('',#1616,10.);
#426=VECTOR('',#1617,10.);
#427=VECTOR('',#1618,10.);
#428=VECTOR('',#1621,10.);
#429=VECTOR('',#1622,10.);
#430=VECTOR('',#1623,10.);
#431=VECTOR('',#1626,10.);
#432=VECTOR('',#1627,10.);
#433=VECTOR('',#1628,10.);
#434=VECTOR('',#1631,10.);
#435=VECTOR('',#1632,10.);
#436=VECTOR('',#1633,10.);
#437=VECTOR('',#1636,10.);
#438=VECTOR('',#1637,10.);
#439=VECTOR('',#1638,10.);
#440=VECTOR('',#1641,10.);
#441=VECTOR('',#1642,10.);
#442=VECTOR('',#1643,10.);
#443=VECTOR('',#1650,10.);
#444=VECTOR('',#1653,10.);
#445=VECTOR('',#1654,10.);
#446=VECTOR('',#1655,10.);
#447=VECTOR('',#1658,10.);
#448=VECTOR('',#1659,10.);
#449=VECTOR('',#1660,10.);
#450=VECTOR('',#1663,10.);
#451=VECTOR('',#1664,10.);
#452=VECTOR('',#1665,10.);
#453=VECTOR('',#1668,10.);
#454=VECTOR('',#1669,10.);
#455=VECTOR('',#1670,10.);
#456=VECTOR('',#1673,10.);
#457=VECTOR('',#1674,10.);
#458=VECTOR('',#1675,10.);
#459=VECTOR('',#1678,10.);
#460=VECTOR('',#1679,10.);
#461=VECTOR('',#1680,10.);
#462=VECTOR('',#1685,10.);
#463=VECTOR('',#1688,10.);
#464=VECTOR('',#1689,10.);
#465=VECTOR('',#1690,10.);
#466=VECTOR('',#1695,10.);
#467=VECTOR('',#1698,10.);
#468=VECTOR('',#1699,10.);
#469=VECTOR('',#1700,10.);
#470=VECTOR('',#1705,0.875006350013);
#471=VECTOR('',#1708,10.);
#472=VECTOR('',#1709,10.);
#473=VECTOR('',#1710,10.);
#474=VECTOR('',#1711,10.);
#475=VECTOR('',#1714,10.);
#476=VECTOR('',#1715,10.);
#477=VECTOR('',#1716,10.);
#478=VECTOR('',#1719,10.);
#479=VECTOR('',#1720,10.);
#480=VECTOR('',#1721,10.);
#481=VECTOR('',#1724,10.);
#482=VECTOR('',#1725,10.);
#483=VECTOR('',#1726,10.);
#484=VECTOR('',#1727,10.);
#485=VECTOR('',#1730,10.);
#486=VECTOR('',#1731,10.);
#487=VECTOR('',#1732,10.);
#488=VECTOR('',#1735,10.);
#489=VECTOR('',#1736,10.);
#490=VECTOR('',#1737,10.);
#491=VECTOR('',#1738,10.);
#492=VECTOR('',#1741,10.);
#493=VECTOR('',#1742,10.);
#494=VECTOR('',#1743,10.);
#495=VECTOR('',#1744,10.);
#496=VECTOR('',#1745,10.);
#497=VECTOR('',#1746,10.);
#498=VECTOR('',#1747,10.);
#499=VECTOR('',#1748,10.);
#500=VECTOR('',#1751,10.);
#501=VECTOR('',#1752,10.);
#502=VECTOR('',#1757,10.);
#503=VECTOR('',#1758,10.);
#504=VECTOR('',#1759,10.);
#505=VECTOR('',#1762,10.);
#506=VECTOR('',#1765,10.);
#507=VECTOR('',#1766,10.);
#508=VECTOR('',#1773,10.);
#509=VECTOR('',#1774,10.);
#510=VECTOR('',#1775,10.);
#511=VECTOR('',#1778,10.);
#512=VECTOR('',#1781,10.);
#513=VECTOR('',#1782,10.);
#514=VECTOR('',#1785,10.);
#515=VECTOR('',#1786,10.);
#516=VECTOR('',#1789,10.);
#517=VECTOR('',#1796,10.);
#518=VECTOR('',#1797,10.);
#519=VECTOR('',#1798,10.);
#520=VECTOR('',#1799,10.);
#521=VECTOR('',#1802,10.);
#522=VECTOR('',#1803,10.);
#523=VECTOR('',#1804,10.);
#524=VECTOR('',#1805,10.);
#525=VECTOR('',#1808,1000.);
#526=VECTOR('',#1809,10.);
#527=VECTOR('',#1810,10.);
#528=VECTOR('',#1813,1000.);
#529=VECTOR('',#1814,1000.);
#530=VECTOR('',#1815,1000.);
#531=VECTOR('',#1816,1000.);
#532=VECTOR('',#1819,1000.);
#533=VECTOR('',#1820,1000.);
#534=VECTOR('',#1821,1000.);
#535=VECTOR('',#1824,1000.);
#536=VECTOR('',#1825,1000.);
#537=VECTOR('',#1826,1000.);
#538=VECTOR('',#1829,1000.);
#539=VECTOR('',#1830,1000.);
#540=VECTOR('',#1833,1000.);
#541=VECTOR('',#1834,1000.);
#542=VECTOR('',#1835,10.);
#543=VECTOR('',#1838,1000.);
#544=VECTOR('',#1839,10.);
#545=VECTOR('',#1840,1000.);
#546=VECTOR('',#1841,10.);
#547=VECTOR('',#1844,1000.);
#548=VECTOR('',#1847,1000.);
#549=VECTOR('',#1848,1000.);
#550=VECTOR('',#1849,1000.);
#551=VECTOR('',#1850,1000.);
#552=VECTOR('',#1851,10.);
#553=VECTOR('',#1854,1000.);
#554=VECTOR('',#1855,1000.);
#555=VECTOR('',#1856,1000.);
#556=VECTOR('',#1859,1000.);
#557=VECTOR('',#1860,1000.);
#558=VECTOR('',#1863,1000.);
#559=VECTOR('',#1864,1000.);
#560=VECTOR('',#1865,1000.);
#561=VECTOR('',#1866,10.);
#562=VECTOR('',#1867,10.);
#563=VECTOR('',#1870,1000.);
#564=VECTOR('',#1871,1000.);
#565=VERTEX_POINT('',#1887);
#566=VERTEX_POINT('',#1888);
#567=VERTEX_POINT('',#1890);
#568=VERTEX_POINT('',#1892);
#569=VERTEX_POINT('',#1896);
#570=VERTEX_POINT('',#1898);
#571=VERTEX_POINT('',#1902);
#572=VERTEX_POINT('',#1904);
#573=VERTEX_POINT('',#1906);
#574=VERTEX_POINT('',#1910);
#575=VERTEX_POINT('',#1914);
#576=VERTEX_POINT('',#1916);
#577=VERTEX_POINT('',#1918);
#578=VERTEX_POINT('',#1922);
#579=VERTEX_POINT('',#1923);
#580=VERTEX_POINT('',#1925);
#581=VERTEX_POINT('',#1927);
#582=VERTEX_POINT('',#1933);
#583=VERTEX_POINT('',#1936);
#584=VERTEX_POINT('',#1937);
#585=VERTEX_POINT('',#1939);
#586=VERTEX_POINT('',#1941);
#587=VERTEX_POINT('',#1947);
#588=VERTEX_POINT('',#1949);
#589=VERTEX_POINT('',#1953);
#590=VERTEX_POINT('',#1954);
#591=VERTEX_POINT('',#1956);
#592=VERTEX_POINT('',#1961);
#593=VERTEX_POINT('',#1962);
#594=VERTEX_POINT('',#1964);
#595=VERTEX_POINT('',#1966);
#596=VERTEX_POINT('',#1970);
#597=VERTEX_POINT('',#1971);
#598=VERTEX_POINT('',#1973);
#599=VERTEX_POINT('',#1975);
#600=VERTEX_POINT('',#1979);
#601=VERTEX_POINT('',#1981);
#602=VERTEX_POINT('',#1988);
#603=VERTEX_POINT('',#1989);
#604=VERTEX_POINT('',#1992);
#605=VERTEX_POINT('',#1996);
#606=VERTEX_POINT('',#1998);
#607=VERTEX_POINT('',#2002);
#608=VERTEX_POINT('',#2004);
#609=VERTEX_POINT('',#2008);
#610=VERTEX_POINT('',#2010);
#611=VERTEX_POINT('',#2014);
#612=VERTEX_POINT('',#2016);
#613=VERTEX_POINT('',#2020);
#614=VERTEX_POINT('',#2022);
#615=VERTEX_POINT('',#2026);
#616=VERTEX_POINT('',#2028);
#617=VERTEX_POINT('',#2032);
#618=VERTEX_POINT('',#2034);
#619=VERTEX_POINT('',#2038);
#620=VERTEX_POINT('',#2040);
#621=VERTEX_POINT('',#2044);
#622=VERTEX_POINT('',#2046);
#623=VERTEX_POINT('',#2050);
#624=VERTEX_POINT('',#2052);
#625=VERTEX_POINT('',#2056);
#626=VERTEX_POINT('',#2058);
#627=VERTEX_POINT('',#2063);
#628=VERTEX_POINT('',#2067);
#629=VERTEX_POINT('',#2072);
#630=VERTEX_POINT('',#2076);
#631=VERTEX_POINT('',#2080);
#632=VERTEX_POINT('',#2082);
#633=VERTEX_POINT('',#2086);
#634=VERTEX_POINT('',#2090);
#635=VERTEX_POINT('',#2091);
#636=VERTEX_POINT('',#2093);
#637=VERTEX_POINT('',#2095);
#638=VERTEX_POINT('',#2099);
#639=VERTEX_POINT('',#2101);
#640=VERTEX_POINT('',#2105);
#641=VERTEX_POINT('',#2107);
#642=VERTEX_POINT('',#2111);
#643=VERTEX_POINT('',#2112);
#644=VERTEX_POINT('',#2114);
#645=VERTEX_POINT('',#2116);
#646=VERTEX_POINT('',#2120);
#647=VERTEX_POINT('',#2122);
#648=VERTEX_POINT('',#2126);
#649=VERTEX_POINT('',#2129);
#650=VERTEX_POINT('',#2133);
#651=VERTEX_POINT('',#2136);
#652=VERTEX_POINT('',#2138);
#653=VERTEX_POINT('',#2140);
#654=VERTEX_POINT('',#2142);
#655=VERTEX_POINT('',#2152);
#656=VERTEX_POINT('',#2163);
#657=VERTEX_POINT('',#2165);
#658=VERTEX_POINT('',#2171);
#659=VERTEX_POINT('',#2175);
#660=VERTEX_POINT('',#2183);
#661=VERTEX_POINT('',#2184);
#662=VERTEX_POINT('',#2186);
#663=VERTEX_POINT('',#2188);
#664=VERTEX_POINT('',#2192);
#665=VERTEX_POINT('',#2193);
#666=VERTEX_POINT('',#2195);
#667=VERTEX_POINT('',#2197);
#668=VERTEX_POINT('',#2201);
#669=VERTEX_POINT('',#2203);
#670=VERTEX_POINT('',#2207);
#671=VERTEX_POINT('',#2208);
#672=VERTEX_POINT('',#2210);
#673=VERTEX_POINT('',#2212);
#674=VERTEX_POINT('',#2216);
#675=VERTEX_POINT('',#2217);
#676=VERTEX_POINT('',#2222);
#677=VERTEX_POINT('',#2224);
#678=VERTEX_POINT('',#2231);
#679=VERTEX_POINT('',#2233);
#680=VERTEX_POINT('',#2237);
#681=VERTEX_POINT('',#2238);
#682=VERTEX_POINT('',#2240);
#683=VERTEX_POINT('',#2242);
#684=VERTEX_POINT('',#2248);
#685=VERTEX_POINT('',#2249);
#686=VERTEX_POINT('',#2251);
#687=VERTEX_POINT('',#2253);
#688=VERTEX_POINT('',#2258);
#689=VERTEX_POINT('',#2260);
#690=VERTEX_POINT('',#2267);
#691=VERTEX_POINT('',#2269);
#692=EDGE_CURVE('',#565,#566,#201,.T.);
#693=EDGE_CURVE('',#566,#567,#202,.T.);
#694=EDGE_CURVE('',#567,#568,#203,.T.);
#695=EDGE_CURVE('',#568,#565,#204,.T.);
#696=EDGE_CURVE('',#568,#569,#205,.T.);
#697=EDGE_CURVE('',#569,#570,#206,.F.);
#698=EDGE_CURVE('',#570,#565,#207,.T.);
#699=EDGE_CURVE('',#571,#566,#208,.T.);
#700=EDGE_CURVE('',#572,#571,#209,.T.);
#701=EDGE_CURVE('',#572,#573,#210,.T.);
#702=EDGE_CURVE('',#567,#573,#211,.T.);
#703=EDGE_CURVE('',#574,#565,#212,.T.);
#704=EDGE_CURVE('',#571,#574,#213,.T.);
#705=EDGE_CURVE('',#575,#570,#214,.T.);
#706=EDGE_CURVE('',#576,#575,#215,.T.);
#707=EDGE_CURVE('',#576,#577,#216,.T.);
#708=EDGE_CURVE('',#574,#577,#217,.T.);
#709=EDGE_CURVE('',#578,#579,#218,.T.);
#710=EDGE_CURVE('',#580,#579,#27,.T.);
#711=EDGE_CURVE('',#581,#580,#219,.T.);
#712=EDGE_CURVE('',#578,#581,#28,.T.);
#713=EDGE_CURVE('',#580,#579,#29,.T.);
#714=EDGE_CURVE('',#582,#582,#30,.T.);
#715=EDGE_CURVE('',#583,#584,#220,.T.);
#716=EDGE_CURVE('',#585,#584,#31,.T.);
#717=EDGE_CURVE('',#586,#585,#221,.T.);
#718=EDGE_CURVE('',#583,#586,#32,.T.);
#719=EDGE_CURVE('',#585,#584,#33,.T.);
#720=EDGE_CURVE('',#587,#576,#222,.T.);
#721=EDGE_CURVE('',#587,#588,#223,.T.);
#722=EDGE_CURVE('',#577,#588,#224,.T.);
#723=EDGE_CURVE('',#589,#590,#225,.T.);
#724=EDGE_CURVE('',#589,#591,#226,.T.);
#725=EDGE_CURVE('',#588,#591,#227,.T.);
#726=EDGE_CURVE('',#590,#587,#228,.T.);
#727=EDGE_CURVE('',#592,#593,#229,.T.);
#728=EDGE_CURVE('',#592,#594,#230,.T.);
#729=EDGE_CURVE('',#595,#594,#231,.T.);
#730=EDGE_CURVE('',#593,#595,#232,.T.);
#731=EDGE_CURVE('',#596,#597,#233,.T.);
#732=EDGE_CURVE('',#596,#598,#234,.T.);
#733=EDGE_CURVE('',#599,#598,#235,.T.);
#734=EDGE_CURVE('',#597,#599,#236,.T.);
#735=EDGE_CURVE('',#597,#600,#237,.T.);
#736=EDGE_CURVE('',#601,#599,#238,.T.);
#737=EDGE_CURVE('',#600,#601,#239,.T.);
#738=EDGE_CURVE('',#600,#592,#240,.T.);
#739=EDGE_CURVE('',#594,#601,#241,.T.);
#740=EDGE_CURVE('',#602,#603,#242,.T.);
#741=EDGE_CURVE('',#593,#602,#243,.T.);
#742=EDGE_CURVE('',#604,#595,#244,.T.);
#743=EDGE_CURVE('',#603,#604,#245,.T.);
#744=EDGE_CURVE('',#603,#605,#246,.T.);
#745=EDGE_CURVE('',#606,#604,#247,.T.);
#746=EDGE_CURVE('',#605,#606,#248,.T.);
#747=EDGE_CURVE('',#605,#607,#249,.T.);
#748=EDGE_CURVE('',#608,#606,#250,.T.);
#749=EDGE_CURVE('',#607,#608,#251,.T.);
#750=EDGE_CURVE('',#607,#609,#252,.T.);
#751=EDGE_CURVE('',#610,#608,#253,.T.);
#752=EDGE_CURVE('',#609,#610,#254,.T.);
#753=EDGE_CURVE('',#609,#611,#255,.T.);
#754=EDGE_CURVE('',#612,#610,#256,.T.);
#755=EDGE_CURVE('',#611,#612,#257,.T.);
#756=EDGE_CURVE('',#611,#613,#258,.T.);
#757=EDGE_CURVE('',#614,#612,#259,.T.);
#758=EDGE_CURVE('',#613,#614,#260,.T.);
#759=EDGE_CURVE('',#613,#615,#34,.T.);
#760=EDGE_CURVE('',#616,#614,#35,.T.);
#761=EDGE_CURVE('',#615,#616,#261,.T.);
#762=EDGE_CURVE('',#615,#617,#262,.T.);
#763=EDGE_CURVE('',#618,#616,#263,.T.);
#764=EDGE_CURVE('',#617,#618,#264,.T.);
#765=EDGE_CURVE('',#617,#619,#265,.T.);
#766=EDGE_CURVE('',#620,#618,#266,.T.);
#767=EDGE_CURVE('',#619,#620,#267,.T.);
#768=EDGE_CURVE('',#619,#621,#268,.T.);
#769=EDGE_CURVE('',#622,#620,#269,.T.);
#770=EDGE_CURVE('',#621,#622,#270,.T.);
#771=EDGE_CURVE('',#621,#623,#271,.T.);
#772=EDGE_CURVE('',#624,#622,#272,.T.);
#773=EDGE_CURVE('',#623,#624,#273,.T.);
#774=EDGE_CURVE('',#623,#625,#274,.T.);
#775=EDGE_CURVE('',#626,#624,#275,.T.);
#776=EDGE_CURVE('',#625,#626,#276,.T.);
#777=EDGE_CURVE('',#625,#583,#277,.T.);
#778=EDGE_CURVE('',#627,#626,#278,.T.);
#779=EDGE_CURVE('',#584,#627,#279,.T.);
#780=EDGE_CURVE('',#628,#627,#36,.T.);
#781=EDGE_CURVE('',#585,#628,#280,.T.);
#782=EDGE_CURVE('',#586,#578,#281,.T.);
#783=EDGE_CURVE('',#629,#628,#282,.T.);
#784=EDGE_CURVE('',#579,#629,#283,.T.);
#785=EDGE_CURVE('',#630,#629,#37,.T.);
#786=EDGE_CURVE('',#580,#630,#284,.T.);
#787=EDGE_CURVE('',#581,#631,#285,.T.);
#788=EDGE_CURVE('',#632,#630,#286,.T.);
#789=EDGE_CURVE('',#631,#632,#287,.T.);
#790=EDGE_CURVE('',#633,#633,#38,.T.);
#791=EDGE_CURVE('',#633,#582,#288,.T.);
#792=EDGE_CURVE('',#634,#635,#289,.T.);
#793=EDGE_CURVE('',#634,#636,#290,.T.);
#794=EDGE_CURVE('',#637,#636,#291,.T.);
#795=EDGE_CURVE('',#635,#637,#292,.T.);
#796=EDGE_CURVE('',#635,#638,#293,.T.);
#797=EDGE_CURVE('',#639,#637,#294,.T.);
#798=EDGE_CURVE('',#638,#639,#295,.T.);
#799=EDGE_CURVE('',#638,#640,#296,.T.);
#800=EDGE_CURVE('',#641,#639,#297,.T.);
#801=EDGE_CURVE('',#640,#641,#298,.T.);
#802=EDGE_CURVE('',#642,#643,#299,.T.);
#803=EDGE_CURVE('',#642,#644,#300,.T.);
#804=EDGE_CURVE('',#645,#644,#301,.T.);
#805=EDGE_CURVE('',#643,#645,#302,.T.);
#806=EDGE_CURVE('',#643,#646,#303,.T.);
#807=EDGE_CURVE('',#647,#645,#304,.T.);
#808=EDGE_CURVE('',#646,#647,#305,.T.);
#809=EDGE_CURVE('',#646,#648,#306,.T.);
#810=EDGE_CURVE('',#591,#647,#307,.T.);
#811=EDGE_CURVE('',#649,#589,#308,.T.);
#812=EDGE_CURVE('',#649,#648,#309,.T.);
#813=EDGE_CURVE('',#644,#650,#310,.T.);
#814=EDGE_CURVE('',#650,#641,#311,.T.);
#815=EDGE_CURVE('',#636,#651,#312,.T.);
#816=EDGE_CURVE('',#651,#652,#313,.T.);
#817=EDGE_CURVE('',#652,#653,#314,.T.);
#818=EDGE_CURVE('',#653,#654,#315,.T.);
#819=EDGE_CURVE('',#654,#572,#316,.T.);
#820=EDGE_CURVE('',#598,#632,#317,.T.);
#821=EDGE_CURVE('',#631,#602,#318,.T.);
#822=EDGE_CURVE('',#593,#596,#319,.T.);
#823=EDGE_CURVE('',#640,#587,#320,.T.);
#824=EDGE_CURVE('',#655,#650,#321,.T.);
#825=EDGE_CURVE('',#590,#655,#322,.T.);
#826=EDGE_CURVE('',#575,#634,#323,.T.);
#827=EDGE_CURVE('',#655,#649,#324,.T.);
#828=EDGE_CURVE('',#648,#642,#325,.T.);
#829=EDGE_CURVE('',#656,#653,#326,.T.);
#830=EDGE_CURVE('',#657,#656,#327,.T.);
#831=EDGE_CURVE('',#654,#657,#328,.T.);
#832=EDGE_CURVE('',#573,#657,#329,.T.);
#833=EDGE_CURVE('',#658,#569,#330,.T.);
#834=EDGE_CURVE('',#651,#658,#331,.T.);
#835=EDGE_CURVE('',#659,#658,#332,.T.);
#836=EDGE_CURVE('',#652,#659,#333,.T.);
#837=EDGE_CURVE('',#656,#659,#334,.T.);
#838=EDGE_CURVE('',#660,#661,#335,.F.);
#839=EDGE_CURVE('',#660,#662,#336,.T.);
#840=EDGE_CURVE('',#663,#662,#337,.T.);
#841=EDGE_CURVE('',#661,#663,#338,.T.);
#842=EDGE_CURVE('',#664,#665,#339,.T.);
#843=EDGE_CURVE('',#666,#664,#340,.F.);
#844=EDGE_CURVE('',#667,#666,#341,.F.);
#845=EDGE_CURVE('',#667,#665,#342,.T.);
#846=EDGE_CURVE('',#668,#666,#343,.T.);
#847=EDGE_CURVE('',#669,#668,#344,.T.);
#848=EDGE_CURVE('',#667,#669,#345,.T.);
#849=EDGE_CURVE('',#670,#671,#346,.T.);
#850=EDGE_CURVE('',#672,#670,#347,.T.);
#851=EDGE_CURVE('',#672,#673,#348,.T.);
#852=EDGE_CURVE('',#671,#673,#349,.T.);
#853=EDGE_CURVE('',#674,#675,#350,.T.);
#854=EDGE_CURVE('',#674,#670,#351,.T.);
#855=EDGE_CURVE('',#675,#671,#352,.T.);
#856=EDGE_CURVE('',#676,#673,#353,.T.);
#857=EDGE_CURVE('',#677,#672,#354,.T.);
#858=EDGE_CURVE('',#677,#676,#355,.T.);
#859=EDGE_CURVE('',#676,#675,#356,.T.);
#860=EDGE_CURVE('',#677,#674,#357,.T.);
#861=EDGE_CURVE('',#669,#678,#358,.T.);
#862=EDGE_CURVE('',#668,#679,#359,.T.);
#863=EDGE_CURVE('',#679,#678,#360,.F.);
#864=EDGE_CURVE('',#680,#681,#361,.T.);
#865=EDGE_CURVE('',#680,#682,#362,.F.);
#866=EDGE_CURVE('',#682,#683,#363,.T.);
#867=EDGE_CURVE('',#683,#681,#364,.T.);
#868=EDGE_CURVE('',#679,#664,#365,.T.);
#869=EDGE_CURVE('',#684,#685,#366,.T.);
#870=EDGE_CURVE('',#686,#685,#367,.T.);
#871=EDGE_CURVE('',#687,#686,#368,.T.);
#872=EDGE_CURVE('',#687,#684,#369,.T.);
#873=EDGE_CURVE('',#678,#665,#370,.F.);
#874=EDGE_CURVE('',#685,#688,#371,.T.);
#875=EDGE_CURVE('',#689,#688,#372,.T.);
#876=EDGE_CURVE('',#689,#686,#373,.T.);
#877=EDGE_CURVE('',#680,#663,#374,.T.);
#878=EDGE_CURVE('',#681,#661,#375,.T.);
#879=EDGE_CURVE('',#690,#688,#376,.T.);
#880=EDGE_CURVE('',#691,#690,#377,.T.);
#881=EDGE_CURVE('',#691,#689,#378,.T.);
#882=EDGE_CURVE('',#660,#683,#379,.F.);
#883=EDGE_CURVE('',#682,#662,#380,.T.);
#884=EDGE_CURVE('',#684,#690,#381,.T.);
#885=EDGE_CURVE('',#691,#687,#382,.T.);
#886=ORIENTED_EDGE('',*,*,#692,.T.);
#887=ORIENTED_EDGE('',*,*,#693,.T.);
#888=ORIENTED_EDGE('',*,*,#694,.T.);
#889=ORIENTED_EDGE('',*,*,#695,.T.);
#890=ORIENTED_EDGE('',*,*,#696,.T.);
#891=ORIENTED_EDGE('',*,*,#697,.T.);
#892=ORIENTED_EDGE('',*,*,#698,.T.);
#893=ORIENTED_EDGE('',*,*,#695,.F.);
#894=ORIENTED_EDGE('',*,*,#693,.F.);
#895=ORIENTED_EDGE('',*,*,#699,.F.);
#896=ORIENTED_EDGE('',*,*,#700,.F.);
#897=ORIENTED_EDGE('',*,*,#701,.T.);
#898=ORIENTED_EDGE('',*,*,#702,.F.);
#899=ORIENTED_EDGE('',*,*,#692,.F.);
#900=ORIENTED_EDGE('',*,*,#703,.F.);
#901=ORIENTED_EDGE('',*,*,#704,.F.);
#902=ORIENTED_EDGE('',*,*,#699,.T.);
#903=ORIENTED_EDGE('',*,*,#698,.F.);
#904=ORIENTED_EDGE('',*,*,#705,.F.);
#905=ORIENTED_EDGE('',*,*,#706,.F.);
#906=ORIENTED_EDGE('',*,*,#707,.T.);
#907=ORIENTED_EDGE('',*,*,#708,.F.);
#908=ORIENTED_EDGE('',*,*,#703,.T.);
#909=ORIENTED_EDGE('',*,*,#709,.T.);
#910=ORIENTED_EDGE('',*,*,#710,.F.);
#911=ORIENTED_EDGE('',*,*,#711,.F.);
#912=ORIENTED_EDGE('',*,*,#712,.F.);
#913=ORIENTED_EDGE('',*,*,#713,.F.);
#914=ORIENTED_EDGE('',*,*,#710,.T.);
#915=ORIENTED_EDGE('',*,*,#714,.F.);
#916=ORIENTED_EDGE('',*,*,#715,.T.);
#917=ORIENTED_EDGE('',*,*,#716,.F.);
#918=ORIENTED_EDGE('',*,*,#717,.F.);
#919=ORIENTED_EDGE('',*,*,#718,.F.);
#920=ORIENTED_EDGE('',*,*,#719,.F.);
#921=ORIENTED_EDGE('',*,*,#716,.T.);
#922=ORIENTED_EDGE('',*,*,#720,.F.);
#923=ORIENTED_EDGE('',*,*,#721,.T.);
#924=ORIENTED_EDGE('',*,*,#722,.F.);
#925=ORIENTED_EDGE('',*,*,#707,.F.);
#926=ORIENTED_EDGE('',*,*,#723,.F.);
#927=ORIENTED_EDGE('',*,*,#724,.T.);
#928=ORIENTED_EDGE('',*,*,#725,.F.);
#929=ORIENTED_EDGE('',*,*,#721,.F.);
#930=ORIENTED_EDGE('',*,*,#726,.F.);
#931=ORIENTED_EDGE('',*,*,#727,.F.);
#932=ORIENTED_EDGE('',*,*,#728,.T.);
#933=ORIENTED_EDGE('',*,*,#729,.F.);
#934=ORIENTED_EDGE('',*,*,#730,.F.);
#935=ORIENTED_EDGE('',*,*,#731,.F.);
#936=ORIENTED_EDGE('',*,*,#732,.T.);
#937=ORIENTED_EDGE('',*,*,#733,.F.);
#938=ORIENTED_EDGE('',*,*,#734,.F.);
#939=ORIENTED_EDGE('',*,*,#735,.F.);
#940=ORIENTED_EDGE('',*,*,#734,.T.);
#941=ORIENTED_EDGE('',*,*,#736,.F.);
#942=ORIENTED_EDGE('',*,*,#737,.F.);
#943=ORIENTED_EDGE('',*,*,#738,.F.);
#944=ORIENTED_EDGE('',*,*,#737,.T.);
#945=ORIENTED_EDGE('',*,*,#739,.F.);
#946=ORIENTED_EDGE('',*,*,#728,.F.);
#947=ORIENTED_EDGE('',*,*,#740,.F.);
#948=ORIENTED_EDGE('',*,*,#741,.F.);
#949=ORIENTED_EDGE('',*,*,#730,.T.);
#950=ORIENTED_EDGE('',*,*,#742,.F.);
#951=ORIENTED_EDGE('',*,*,#743,.F.);
#952=ORIENTED_EDGE('',*,*,#744,.F.);
#953=ORIENTED_EDGE('',*,*,#743,.T.);
#954=ORIENTED_EDGE('',*,*,#745,.F.);
#955=ORIENTED_EDGE('',*,*,#746,.F.);
#956=ORIENTED_EDGE('',*,*,#747,.F.);
#957=ORIENTED_EDGE('',*,*,#746,.T.);
#958=ORIENTED_EDGE('',*,*,#748,.F.);
#959=ORIENTED_EDGE('',*,*,#749,.F.);
#960=ORIENTED_EDGE('',*,*,#750,.F.);
#961=ORIENTED_EDGE('',*,*,#749,.T.);
#962=ORIENTED_EDGE('',*,*,#751,.F.);
#963=ORIENTED_EDGE('',*,*,#752,.F.);
#964=ORIENTED_EDGE('',*,*,#753,.F.);
#965=ORIENTED_EDGE('',*,*,#752,.T.);
#966=ORIENTED_EDGE('',*,*,#754,.F.);
#967=ORIENTED_EDGE('',*,*,#755,.F.);
#968=ORIENTED_EDGE('',*,*,#756,.F.);
#969=ORIENTED_EDGE('',*,*,#755,.T.);
#970=ORIENTED_EDGE('',*,*,#757,.F.);
#971=ORIENTED_EDGE('',*,*,#758,.F.);
#972=ORIENTED_EDGE('',*,*,#759,.F.);
#973=ORIENTED_EDGE('',*,*,#758,.T.);
#974=ORIENTED_EDGE('',*,*,#760,.F.);
#975=ORIENTED_EDGE('',*,*,#761,.F.);
#976=ORIENTED_EDGE('',*,*,#762,.F.);
#977=ORIENTED_EDGE('',*,*,#761,.T.);
#978=ORIENTED_EDGE('',*,*,#763,.F.);
#979=ORIENTED_EDGE('',*,*,#764,.F.);
#980=ORIENTED_EDGE('',*,*,#765,.F.);
#981=ORIENTED_EDGE('',*,*,#764,.T.);
#982=ORIENTED_EDGE('',*,*,#766,.F.);
#983=ORIENTED_EDGE('',*,*,#767,.F.);
#984=ORIENTED_EDGE('',*,*,#768,.F.);
#985=ORIENTED_EDGE('',*,*,#767,.T.);
#986=ORIENTED_EDGE('',*,*,#769,.F.);
#987=ORIENTED_EDGE('',*,*,#770,.F.);
#988=ORIENTED_EDGE('',*,*,#771,.F.);
#989=ORIENTED_EDGE('',*,*,#770,.T.);
#990=ORIENTED_EDGE('',*,*,#772,.F.);
#991=ORIENTED_EDGE('',*,*,#773,.F.);
#992=ORIENTED_EDGE('',*,*,#774,.F.);
#993=ORIENTED_EDGE('',*,*,#773,.T.);
#994=ORIENTED_EDGE('',*,*,#775,.F.);
#995=ORIENTED_EDGE('',*,*,#776,.F.);
#996=ORIENTED_EDGE('',*,*,#777,.F.);
#997=ORIENTED_EDGE('',*,*,#776,.T.);
#998=ORIENTED_EDGE('',*,*,#778,.F.);
#999=ORIENTED_EDGE('',*,*,#779,.F.);
#1000=ORIENTED_EDGE('',*,*,#715,.F.);
#1001=ORIENTED_EDGE('',*,*,#719,.T.);
#1002=ORIENTED_EDGE('',*,*,#779,.T.);
#1003=ORIENTED_EDGE('',*,*,#780,.F.);
#1004=ORIENTED_EDGE('',*,*,#781,.F.);
#1005=ORIENTED_EDGE('',*,*,#782,.F.);
#1006=ORIENTED_EDGE('',*,*,#717,.T.);
#1007=ORIENTED_EDGE('',*,*,#781,.T.);
#1008=ORIENTED_EDGE('',*,*,#783,.F.);
#1009=ORIENTED_EDGE('',*,*,#784,.F.);
#1010=ORIENTED_EDGE('',*,*,#709,.F.);
#1011=ORIENTED_EDGE('',*,*,#713,.T.);
#1012=ORIENTED_EDGE('',*,*,#784,.T.);
#1013=ORIENTED_EDGE('',*,*,#785,.F.);
#1014=ORIENTED_EDGE('',*,*,#786,.F.);
#1015=ORIENTED_EDGE('',*,*,#787,.F.);
#1016=ORIENTED_EDGE('',*,*,#711,.T.);
#1017=ORIENTED_EDGE('',*,*,#786,.T.);
#1018=ORIENTED_EDGE('',*,*,#788,.F.);
#1019=ORIENTED_EDGE('',*,*,#789,.F.);
#1020=ORIENTED_EDGE('',*,*,#790,.F.);
#1021=ORIENTED_EDGE('',*,*,#791,.T.);
#1022=ORIENTED_EDGE('',*,*,#714,.T.);
#1023=ORIENTED_EDGE('',*,*,#791,.F.);
#1024=ORIENTED_EDGE('',*,*,#792,.F.);
#1025=ORIENTED_EDGE('',*,*,#793,.T.);
#1026=ORIENTED_EDGE('',*,*,#794,.F.);
#1027=ORIENTED_EDGE('',*,*,#795,.F.);
#1028=ORIENTED_EDGE('',*,*,#796,.F.);
#1029=ORIENTED_EDGE('',*,*,#795,.T.);
#1030=ORIENTED_EDGE('',*,*,#797,.F.);
#1031=ORIENTED_EDGE('',*,*,#798,.F.);
#1032=ORIENTED_EDGE('',*,*,#799,.F.);
#1033=ORIENTED_EDGE('',*,*,#798,.T.);
#1034=ORIENTED_EDGE('',*,*,#800,.F.);
#1035=ORIENTED_EDGE('',*,*,#801,.F.);
#1036=ORIENTED_EDGE('',*,*,#802,.F.);
#1037=ORIENTED_EDGE('',*,*,#803,.T.);
#1038=ORIENTED_EDGE('',*,*,#804,.F.);
#1039=ORIENTED_EDGE('',*,*,#805,.F.);
#1040=ORIENTED_EDGE('',*,*,#806,.F.);
#1041=ORIENTED_EDGE('',*,*,#805,.T.);
#1042=ORIENTED_EDGE('',*,*,#807,.F.);
#1043=ORIENTED_EDGE('',*,*,#808,.F.);
#1044=ORIENTED_EDGE('',*,*,#809,.F.);
#1045=ORIENTED_EDGE('',*,*,#808,.T.);
#1046=ORIENTED_EDGE('',*,*,#810,.F.);
#1047=ORIENTED_EDGE('',*,*,#724,.F.);
#1048=ORIENTED_EDGE('',*,*,#811,.F.);
#1049=ORIENTED_EDGE('',*,*,#812,.T.);
#1050=ORIENTED_EDGE('',*,*,#810,.T.);
#1051=ORIENTED_EDGE('',*,*,#807,.T.);
#1052=ORIENTED_EDGE('',*,*,#804,.T.);
#1053=ORIENTED_EDGE('',*,*,#813,.T.);
#1054=ORIENTED_EDGE('',*,*,#814,.T.);
#1055=ORIENTED_EDGE('',*,*,#800,.T.);
#1056=ORIENTED_EDGE('',*,*,#797,.T.);
#1057=ORIENTED_EDGE('',*,*,#794,.T.);
#1058=ORIENTED_EDGE('',*,*,#815,.T.);
#1059=ORIENTED_EDGE('',*,*,#816,.T.);
#1060=ORIENTED_EDGE('',*,*,#817,.T.);
#1061=ORIENTED_EDGE('',*,*,#818,.T.);
#1062=ORIENTED_EDGE('',*,*,#819,.T.);
#1063=ORIENTED_EDGE('',*,*,#700,.T.);
#1064=ORIENTED_EDGE('',*,*,#704,.T.);
#1065=ORIENTED_EDGE('',*,*,#708,.T.);
#1066=ORIENTED_EDGE('',*,*,#722,.T.);
#1067=ORIENTED_EDGE('',*,*,#725,.T.);
#1068=ORIENTED_EDGE('',*,*,#790,.T.);
#1069=ORIENTED_EDGE('',*,*,#820,.T.);
#1070=ORIENTED_EDGE('',*,*,#788,.T.);
#1071=ORIENTED_EDGE('',*,*,#785,.T.);
#1072=ORIENTED_EDGE('',*,*,#783,.T.);
#1073=ORIENTED_EDGE('',*,*,#780,.T.);
#1074=ORIENTED_EDGE('',*,*,#778,.T.);
#1075=ORIENTED_EDGE('',*,*,#775,.T.);
#1076=ORIENTED_EDGE('',*,*,#772,.T.);
#1077=ORIENTED_EDGE('',*,*,#769,.T.);
#1078=ORIENTED_EDGE('',*,*,#766,.T.);
#1079=ORIENTED_EDGE('',*,*,#763,.T.);
#1080=ORIENTED_EDGE('',*,*,#760,.T.);
#1081=ORIENTED_EDGE('',*,*,#757,.T.);
#1082=ORIENTED_EDGE('',*,*,#754,.T.);
#1083=ORIENTED_EDGE('',*,*,#751,.T.);
#1084=ORIENTED_EDGE('',*,*,#748,.T.);
#1085=ORIENTED_EDGE('',*,*,#745,.T.);
#1086=ORIENTED_EDGE('',*,*,#742,.T.);
#1087=ORIENTED_EDGE('',*,*,#729,.T.);
#1088=ORIENTED_EDGE('',*,*,#739,.T.);
#1089=ORIENTED_EDGE('',*,*,#736,.T.);
#1090=ORIENTED_EDGE('',*,*,#733,.T.);
#1091=ORIENTED_EDGE('',*,*,#741,.T.);
#1092=ORIENTED_EDGE('',*,*,#821,.F.);
#1093=ORIENTED_EDGE('',*,*,#789,.T.);
#1094=ORIENTED_EDGE('',*,*,#820,.F.);
#1095=ORIENTED_EDGE('',*,*,#732,.F.);
#1096=ORIENTED_EDGE('',*,*,#822,.F.);
#1097=ORIENTED_EDGE('',*,*,#727,.T.);
#1098=ORIENTED_EDGE('',*,*,#822,.T.);
#1099=ORIENTED_EDGE('',*,*,#731,.T.);
#1100=ORIENTED_EDGE('',*,*,#735,.T.);
#1101=ORIENTED_EDGE('',*,*,#738,.T.);
#1102=ORIENTED_EDGE('',*,*,#726,.T.);
#1103=ORIENTED_EDGE('',*,*,#823,.F.);
#1104=ORIENTED_EDGE('',*,*,#801,.T.);
#1105=ORIENTED_EDGE('',*,*,#814,.F.);
#1106=ORIENTED_EDGE('',*,*,#824,.F.);
#1107=ORIENTED_EDGE('',*,*,#825,.F.);
#1108=ORIENTED_EDGE('',*,*,#823,.T.);
#1109=ORIENTED_EDGE('',*,*,#720,.T.);
#1110=ORIENTED_EDGE('',*,*,#706,.T.);
#1111=ORIENTED_EDGE('',*,*,#826,.T.);
#1112=ORIENTED_EDGE('',*,*,#792,.T.);
#1113=ORIENTED_EDGE('',*,*,#796,.T.);
#1114=ORIENTED_EDGE('',*,*,#799,.T.);
#1115=ORIENTED_EDGE('',*,*,#827,.F.);
#1116=ORIENTED_EDGE('',*,*,#824,.T.);
#1117=ORIENTED_EDGE('',*,*,#813,.F.);
#1118=ORIENTED_EDGE('',*,*,#803,.F.);
#1119=ORIENTED_EDGE('',*,*,#828,.F.);
#1120=ORIENTED_EDGE('',*,*,#812,.F.);
#1121=ORIENTED_EDGE('',*,*,#802,.T.);
#1122=ORIENTED_EDGE('',*,*,#806,.T.);
#1123=ORIENTED_EDGE('',*,*,#809,.T.);
#1124=ORIENTED_EDGE('',*,*,#828,.T.);
#1125=ORIENTED_EDGE('',*,*,#811,.T.);
#1126=ORIENTED_EDGE('',*,*,#723,.T.);
#1127=ORIENTED_EDGE('',*,*,#825,.T.);
#1128=ORIENTED_EDGE('',*,*,#827,.T.);
#1129=ORIENTED_EDGE('',*,*,#829,.F.);
#1130=ORIENTED_EDGE('',*,*,#830,.F.);
#1131=ORIENTED_EDGE('',*,*,#831,.F.);
#1132=ORIENTED_EDGE('',*,*,#818,.F.);
#1133=ORIENTED_EDGE('',*,*,#831,.T.);
#1134=ORIENTED_EDGE('',*,*,#832,.F.);
#1135=ORIENTED_EDGE('',*,*,#701,.F.);
#1136=ORIENTED_EDGE('',*,*,#819,.F.);
#1137=ORIENTED_EDGE('',*,*,#705,.T.);
#1138=ORIENTED_EDGE('',*,*,#697,.F.);
#1139=ORIENTED_EDGE('',*,*,#833,.F.);
#1140=ORIENTED_EDGE('',*,*,#834,.F.);
#1141=ORIENTED_EDGE('',*,*,#815,.F.);
#1142=ORIENTED_EDGE('',*,*,#793,.F.);
#1143=ORIENTED_EDGE('',*,*,#826,.F.);
#1144=ORIENTED_EDGE('',*,*,#834,.T.);
#1145=ORIENTED_EDGE('',*,*,#835,.F.);
#1146=ORIENTED_EDGE('',*,*,#836,.F.);
#1147=ORIENTED_EDGE('',*,*,#816,.F.);
#1148=ORIENTED_EDGE('',*,*,#836,.T.);
#1149=ORIENTED_EDGE('',*,*,#837,.F.);
#1150=ORIENTED_EDGE('',*,*,#829,.T.);
#1151=ORIENTED_EDGE('',*,*,#817,.F.);
#1152=ORIENTED_EDGE('',*,*,#694,.F.);
#1153=ORIENTED_EDGE('',*,*,#702,.T.);
#1154=ORIENTED_EDGE('',*,*,#832,.T.);
#1155=ORIENTED_EDGE('',*,*,#830,.T.);
#1156=ORIENTED_EDGE('',*,*,#837,.T.);
#1157=ORIENTED_EDGE('',*,*,#835,.T.);
#1158=ORIENTED_EDGE('',*,*,#833,.T.);
#1159=ORIENTED_EDGE('',*,*,#696,.F.);
#1160=ORIENTED_EDGE('',*,*,#740,.T.);
#1161=ORIENTED_EDGE('',*,*,#744,.T.);
#1162=ORIENTED_EDGE('',*,*,#747,.T.);
#1163=ORIENTED_EDGE('',*,*,#750,.T.);
#1164=ORIENTED_EDGE('',*,*,#753,.T.);
#1165=ORIENTED_EDGE('',*,*,#756,.T.);
#1166=ORIENTED_EDGE('',*,*,#759,.T.);
#1167=ORIENTED_EDGE('',*,*,#762,.T.);
#1168=ORIENTED_EDGE('',*,*,#765,.T.);
#1169=ORIENTED_EDGE('',*,*,#768,.T.);
#1170=ORIENTED_EDGE('',*,*,#771,.T.);
#1171=ORIENTED_EDGE('',*,*,#774,.T.);
#1172=ORIENTED_EDGE('',*,*,#777,.T.);
#1173=ORIENTED_EDGE('',*,*,#718,.T.);
#1174=ORIENTED_EDGE('',*,*,#782,.T.);
#1175=ORIENTED_EDGE('',*,*,#712,.T.);
#1176=ORIENTED_EDGE('',*,*,#787,.T.);
#1177=ORIENTED_EDGE('',*,*,#821,.T.);
#1178=ORIENTED_EDGE('',*,*,#838,.F.);
#1179=ORIENTED_EDGE('',*,*,#839,.T.);
#1180=ORIENTED_EDGE('',*,*,#840,.F.);
#1181=ORIENTED_EDGE('',*,*,#841,.F.);
#1182=ORIENTED_EDGE('',*,*,#842,.F.);
#1183=ORIENTED_EDGE('',*,*,#843,.F.);
#1184=ORIENTED_EDGE('',*,*,#844,.F.);
#1185=ORIENTED_EDGE('',*,*,#845,.T.);
#1186=ORIENTED_EDGE('',*,*,#844,.T.);
#1187=ORIENTED_EDGE('',*,*,#846,.F.);
#1188=ORIENTED_EDGE('',*,*,#847,.F.);
#1189=ORIENTED_EDGE('',*,*,#848,.F.);
#1190=ORIENTED_EDGE('',*,*,#849,.F.);
#1191=ORIENTED_EDGE('',*,*,#850,.F.);
#1192=ORIENTED_EDGE('',*,*,#851,.T.);
#1193=ORIENTED_EDGE('',*,*,#852,.F.);
#1194=ORIENTED_EDGE('',*,*,#853,.F.);
#1195=ORIENTED_EDGE('',*,*,#854,.T.);
#1196=ORIENTED_EDGE('',*,*,#849,.T.);
#1197=ORIENTED_EDGE('',*,*,#855,.F.);
#1198=ORIENTED_EDGE('',*,*,#856,.T.);
#1199=ORIENTED_EDGE('',*,*,#851,.F.);
#1200=ORIENTED_EDGE('',*,*,#857,.F.);
#1201=ORIENTED_EDGE('',*,*,#858,.T.);
#1202=ORIENTED_EDGE('',*,*,#859,.F.);
#1203=ORIENTED_EDGE('',*,*,#858,.F.);
#1204=ORIENTED_EDGE('',*,*,#860,.T.);
#1205=ORIENTED_EDGE('',*,*,#853,.T.);
#1206=ORIENTED_EDGE('',*,*,#861,.F.);
#1207=ORIENTED_EDGE('',*,*,#847,.T.);
#1208=ORIENTED_EDGE('',*,*,#862,.T.);
#1209=ORIENTED_EDGE('',*,*,#863,.T.);
#1210=ORIENTED_EDGE('',*,*,#864,.F.);
#1211=ORIENTED_EDGE('',*,*,#865,.T.);
#1212=ORIENTED_EDGE('',*,*,#866,.T.);
#1213=ORIENTED_EDGE('',*,*,#867,.T.);
#1214=ORIENTED_EDGE('',*,*,#843,.T.);
#1215=ORIENTED_EDGE('',*,*,#868,.F.);
#1216=ORIENTED_EDGE('',*,*,#862,.F.);
#1217=ORIENTED_EDGE('',*,*,#846,.T.);
#1218=ORIENTED_EDGE('',*,*,#869,.T.);
#1219=ORIENTED_EDGE('',*,*,#870,.F.);
#1220=ORIENTED_EDGE('',*,*,#871,.F.);
#1221=ORIENTED_EDGE('',*,*,#872,.T.);
#1222=ORIENTED_EDGE('',*,*,#845,.F.);
#1223=ORIENTED_EDGE('',*,*,#848,.T.);
#1224=ORIENTED_EDGE('',*,*,#861,.T.);
#1225=ORIENTED_EDGE('',*,*,#873,.T.);
#1226=ORIENTED_EDGE('',*,*,#874,.T.);
#1227=ORIENTED_EDGE('',*,*,#875,.F.);
#1228=ORIENTED_EDGE('',*,*,#876,.T.);
#1229=ORIENTED_EDGE('',*,*,#870,.T.);
#1230=ORIENTED_EDGE('',*,*,#841,.T.);
#1231=ORIENTED_EDGE('',*,*,#877,.F.);
#1232=ORIENTED_EDGE('',*,*,#864,.T.);
#1233=ORIENTED_EDGE('',*,*,#878,.T.);
#1234=ORIENTED_EDGE('',*,*,#879,.F.);
#1235=ORIENTED_EDGE('',*,*,#880,.F.);
#1236=ORIENTED_EDGE('',*,*,#881,.T.);
#1237=ORIENTED_EDGE('',*,*,#875,.T.);
#1238=ORIENTED_EDGE('',*,*,#839,.F.);
#1239=ORIENTED_EDGE('',*,*,#882,.T.);
#1240=ORIENTED_EDGE('',*,*,#866,.F.);
#1241=ORIENTED_EDGE('',*,*,#883,.T.);
#1242=ORIENTED_EDGE('',*,*,#884,.F.);
#1243=ORIENTED_EDGE('',*,*,#872,.F.);
#1244=ORIENTED_EDGE('',*,*,#885,.F.);
#1245=ORIENTED_EDGE('',*,*,#880,.T.);
#1246=ORIENTED_EDGE('',*,*,#854,.F.);
#1247=ORIENTED_EDGE('',*,*,#860,.F.);
#1248=ORIENTED_EDGE('',*,*,#857,.T.);
#1249=ORIENTED_EDGE('',*,*,#850,.T.);
#1250=ORIENTED_EDGE('',*,*,#885,.T.);
#1251=ORIENTED_EDGE('',*,*,#871,.T.);
#1252=ORIENTED_EDGE('',*,*,#876,.F.);
#1253=ORIENTED_EDGE('',*,*,#881,.F.);
#1254=ORIENTED_EDGE('',*,*,#856,.F.);
#1255=ORIENTED_EDGE('',*,*,#859,.T.);
#1256=ORIENTED_EDGE('',*,*,#855,.T.);
#1257=ORIENTED_EDGE('',*,*,#852,.T.);
#1258=ORIENTED_EDGE('',*,*,#869,.F.);
#1259=ORIENTED_EDGE('',*,*,#884,.T.);
#1260=ORIENTED_EDGE('',*,*,#879,.T.);
#1261=ORIENTED_EDGE('',*,*,#874,.F.);
#1262=ORIENTED_EDGE('',*,*,#842,.T.);
#1263=ORIENTED_EDGE('',*,*,#873,.F.);
#1264=ORIENTED_EDGE('',*,*,#863,.F.);
#1265=ORIENTED_EDGE('',*,*,#868,.T.);
#1266=ORIENTED_EDGE('',*,*,#838,.T.);
#1267=ORIENTED_EDGE('',*,*,#878,.F.);
#1268=ORIENTED_EDGE('',*,*,#867,.F.);
#1269=ORIENTED_EDGE('',*,*,#882,.F.);
#1270=ORIENTED_EDGE('',*,*,#840,.T.);
#1271=ORIENTED_EDGE('',*,*,#883,.F.);
#1272=ORIENTED_EDGE('',*,*,#865,.F.);
#1273=ORIENTED_EDGE('',*,*,#877,.T.);
#1274=PLANE('',#1434);
#1275=PLANE('',#1435);
#1276=PLANE('',#1436);
#1277=PLANE('',#1437);
#1278=PLANE('',#1438);
#1279=PLANE('',#1442);
#1280=PLANE('',#1444);
#1281=PLANE('',#1449);
#1282=PLANE('',#1451);
#1283=PLANE('',#1452);
#1284=PLANE('',#1453);
#1285=PLANE('',#1454);
#1286=PLANE('',#1455);
#1287=PLANE('',#1456);
#1288=PLANE('',#1457);
#1289=PLANE('',#1458);
#1290=PLANE('',#1459);
#1291=PLANE('',#1460);
#1292=PLANE('',#1461);
#1293=PLANE('',#1462);
#1294=PLANE('',#1466);
#1295=PLANE('',#1467);
#1296=PLANE('',#1468);
#1297=PLANE('',#1469);
#1298=PLANE('',#1470);
#1299=PLANE('',#1471);
#1300=PLANE('',#1474);
#1301=PLANE('',#1477);
#1302=PLANE('',#1480);
#1303=PLANE('',#1481);
#1304=PLANE('',#1482);
#1305=PLANE('',#1483);
#1306=PLANE('',#1484);
#1307=PLANE('',#1485);
#1308=PLANE('',#1486);
#1309=PLANE('',#1487);
#1310=PLANE('',#1488);
#1311=PLANE('',#1489);
#1312=PLANE('',#1490);
#1313=PLANE('',#1491);
#1314=PLANE('',#1492);
#1315=PLANE('',#1493);
#1316=PLANE('',#1494);
#1317=PLANE('',#1495);
#1318=PLANE('',#1496);
#1319=PLANE('',#1497);
#1320=PLANE('',#1498);
#1321=PLANE('',#1499);
#1322=PLANE('',#1500);
#1323=PLANE('',#1501);
#1324=PLANE('',#1502);
#1325=PLANE('',#1503);
#1326=PLANE('',#1504);
#1327=PLANE('',#1505);
#1328=PLANE('',#1506);
#1329=PLANE('',#1507);
#1330=PLANE('',#1508);
#1331=PLANE('',#1509);
#1332=PLANE('',#1510);
#1333=PLANE('',#1511);
#1334=PLANE('',#1512);
#1335=PLANE('',#1513);
#1336=PLANE('',#1514);
#1337=PLANE('',#1515);
#1338=PLANE('',#1516);
#1339=PLANE('',#1517);
#1340=PLANE('',#1518);
#1341=PLANE('',#1519);
#1342=PLANE('',#1520);
#1343=ADVANCED_FACE('',(#45),#1274,.T.);
#1344=ADVANCED_FACE('',(#46),#1275,.T.);
#1345=ADVANCED_FACE('',(#47),#1276,.T.);
#1346=ADVANCED_FACE('',(#48),#1277,.T.);
#1347=ADVANCED_FACE('',(#49),#1278,.T.);
#1348=ADVANCED_FACE('',(#50),#39,.T.);
#1349=ADVANCED_FACE('',(#51),#1279,.F.);
#1350=ADVANCED_FACE('',(#52),#1280,.F.);
#1351=ADVANCED_FACE('',(#53),#40,.T.);
#1352=ADVANCED_FACE('',(#54),#1281,.F.);
#1353=ADVANCED_FACE('',(#55),#1282,.T.);
#1354=ADVANCED_FACE('',(#56),#1283,.T.);
#1355=ADVANCED_FACE('',(#57),#1284,.T.);
#1356=ADVANCED_FACE('',(#58),#1285,.T.);
#1357=ADVANCED_FACE('',(#59),#1286,.T.);
#1358=ADVANCED_FACE('',(#60),#1287,.T.);
#1359=ADVANCED_FACE('',(#61),#1288,.T.);
#1360=ADVANCED_FACE('',(#62),#1289,.T.);
#1361=ADVANCED_FACE('',(#63),#1290,.T.);
#1362=ADVANCED_FACE('',(#64),#1291,.T.);
#1363=ADVANCED_FACE('',(#65),#1292,.T.);
#1364=ADVANCED_FACE('',(#66),#1293,.T.);
#1365=ADVANCED_FACE('',(#67),#41,.F.);
#1366=ADVANCED_FACE('',(#68),#1294,.T.);
#1367=ADVANCED_FACE('',(#69),#1295,.T.);
#1368=ADVANCED_FACE('',(#70),#1296,.T.);
#1369=ADVANCED_FACE('',(#71),#1297,.T.);
#1370=ADVANCED_FACE('',(#72),#1298,.T.);
#1371=ADVANCED_FACE('',(#73),#1299,.T.);
#1372=ADVANCED_FACE('',(#74),#42,.F.);
#1373=ADVANCED_FACE('',(#75),#1300,.T.);
#1374=ADVANCED_FACE('',(#76),#43,.F.);
#1375=ADVANCED_FACE('',(#77),#1301,.T.);
#1376=ADVANCED_FACE('',(#78),#44,.F.);
#1377=ADVANCED_FACE('',(#79),#1302,.T.);
#1378=ADVANCED_FACE('',(#80),#1303,.T.);
#1379=ADVANCED_FACE('',(#81),#1304,.T.);
#1380=ADVANCED_FACE('',(#82),#1305,.T.);
#1381=ADVANCED_FACE('',(#83),#1306,.T.);
#1382=ADVANCED_FACE('',(#84),#1307,.T.);
#1383=ADVANCED_FACE('',(#85,#21,#22),#1308,.F.);
#1384=ADVANCED_FACE('',(#86),#1309,.T.);
#1385=ADVANCED_FACE('',(#87),#1310,.T.);
#1386=ADVANCED_FACE('',(#88),#1311,.T.);
#1387=ADVANCED_FACE('',(#89),#1312,.T.);
#1388=ADVANCED_FACE('',(#90),#1313,.T.);
#1389=ADVANCED_FACE('',(#91),#1314,.T.);
#1390=ADVANCED_FACE('',(#92),#1315,.T.);
#1391=ADVANCED_FACE('',(#93),#1316,.T.);
#1392=ADVANCED_FACE('',(#94),#1317,.T.);
#1393=ADVANCED_FACE('',(#95),#1318,.T.);
#1394=ADVANCED_FACE('',(#96),#1319,.T.);
#1395=ADVANCED_FACE('',(#97),#1320,.T.);
#1396=ADVANCED_FACE('',(#98),#1321,.T.);
#1397=ADVANCED_FACE('',(#99),#1322,.F.);
#1398=ADVANCED_FACE('',(#100),#1323,.T.);
#1399=ADVANCED_FACE('',(#101),#1324,.T.);
#1400=ADVANCED_FACE('',(#102),#1325,.T.);
#1401=ADVANCED_FACE('',(#103),#1326,.T.);
#1402=ADVANCED_FACE('',(#104),#1327,.T.);
#1403=ADVANCED_FACE('',(#105),#1328,.F.);
#1404=ADVANCED_FACE('',(#106),#1329,.F.);
#1405=ADVANCED_FACE('',(#107),#1330,.T.);
#1406=ADVANCED_FACE('',(#108),#1331,.T.);
#1407=ADVANCED_FACE('',(#109),#1332,.F.);
#1408=ADVANCED_FACE('',(#110,#23),#1333,.F.);
#1409=ADVANCED_FACE('',(#111),#1334,.F.);
#1410=ADVANCED_FACE('',(#112),#1335,.T.);
#1411=ADVANCED_FACE('',(#113,#24),#1336,.T.);
#1412=ADVANCED_FACE('',(#114),#1337,.T.);
#1413=ADVANCED_FACE('',(#115,#25),#1338,.F.);
#1414=ADVANCED_FACE('',(#116,#26),#1339,.T.);
#1415=ADVANCED_FACE('',(#117),#1340,.F.);
#1416=ADVANCED_FACE('',(#118),#1341,.T.);
#1417=ADVANCED_FACE('',(#119),#1342,.F.);
#1418=CLOSED_SHELL('',(#1343,#1344,#1345,#1346,#1347,#1348,#1349,#1350,
#1351,#1352,#1353,#1354,#1355,#1356,#1357,#1358,#1359,#1360,#1361,#1362,
#1363,#1364,#1365,#1366,#1367,#1368,#1369,#1370,#1371,#1372,#1373,#1374,
#1375,#1376,#1377,#1378,#1379,#1380,#1381,#1382,#1383,#1384,#1385,#1386,
#1387,#1388,#1389,#1390,#1391,#1392,#1393,#1394,#1395,#1396,#1397));
#1419=CLOSED_SHELL('',(#1398,#1399,#1400,#1401,#1402,#1403,#1404,#1405,
#1406,#1407,#1408,#1409,#1410,#1411,#1412,#1413,#1414,#1415,#1416,#1417));
#1420=DERIVED_UNIT_ELEMENT(#1422,1.);
#1421=DERIVED_UNIT_ELEMENT(#2290,-3.);
#1422=(
MASS_UNIT()
NAMED_UNIT(*)
SI_UNIT(.KILO.,.GRAM.)
);
#1423=DERIVED_UNIT((#1420,#1421));
#1424=MEASURE_REPRESENTATION_ITEM('density measure',
POSITIVE_RATIO_MEASURE(7850.),#1423);
#1425=PROPERTY_DEFINITION_REPRESENTATION(#1430,#1427);
#1426=PROPERTY_DEFINITION_REPRESENTATION(#1431,#1428);
#1427=REPRESENTATION('material name',(#1429),#2287);
#1428=REPRESENTATION('density',(#1424),#2287);
#1429=DESCRIPTIVE_REPRESENTATION_ITEM('Steel','Steel');
#1430=PROPERTY_DEFINITION('material property','material name',#2302);
#1431=PROPERTY_DEFINITION('material property','density of part',#2302);
#1432=AXIS2_PLACEMENT_3D('',#1884,#1522,#1523);
#1433=AXIS2_PLACEMENT_3D('',#1885,#1524,#1525);
#1434=AXIS2_PLACEMENT_3D('',#1886,#1526,#1527);
#1435=AXIS2_PLACEMENT_3D('',#1895,#1532,#1533);
#1436=AXIS2_PLACEMENT_3D('',#1901,#1537,#1538);
#1437=AXIS2_PLACEMENT_3D('',#1909,#1543,#1544);
#1438=AXIS2_PLACEMENT_3D('',#1913,#1547,#1548);
#1439=AXIS2_PLACEMENT_3D('',#1921,#1553,#1554);
#1440=AXIS2_PLACEMENT_3D('',#1926,#1556,#1557);
#1441=AXIS2_PLACEMENT_3D('',#1929,#1559,#1560);
#1442=AXIS2_PLACEMENT_3D('',#1930,#1561,#1562);
#1443=AXIS2_PLACEMENT_3D('',#1931,#1563,#1564);
#1444=AXIS2_PLACEMENT_3D('',#1932,#1565,#1566);
#1445=AXIS2_PLACEMENT_3D('',#1934,#1567,#1568);
#1446=AXIS2_PLACEMENT_3D('',#1935,#1569,#1570);
#1447=AXIS2_PLACEMENT_3D('',#1940,#1572,#1573);
#1448=AXIS2_PLACEMENT_3D('',#1943,#1575,#1576);
#1449=AXIS2_PLACEMENT_3D('',#1944,#1577,#1578);
#1450=AXIS2_PLACEMENT_3D('',#1945,#1579,#1580);
#1451=AXIS2_PLACEMENT_3D('',#1946,#1581,#1582);
#1452=AXIS2_PLACEMENT_3D('',#1952,#1586,#1587);
#1453=AXIS2_PLACEMENT_3D('',#1960,#1592,#1593);
#1454=AXIS2_PLACEMENT_3D('',#1969,#1598,#1599);
#1455=AXIS2_PLACEMENT_3D('',#1978,#1604,#1605);
#1456=AXIS2_PLACEMENT_3D('',#1984,#1609,#1610);
#1457=AXIS2_PLACEMENT_3D('',#1987,#1613,#1614);
#1458=AXIS2_PLACEMENT_3D('',#1995,#1619,#1620);
#1459=AXIS2_PLACEMENT_3D('',#2001,#1624,#1625);
#1460=AXIS2_PLACEMENT_3D('',#2007,#1629,#1630);
#1461=AXIS2_PLACEMENT_3D('',#2013,#1634,#1635);
#1462=AXIS2_PLACEMENT_3D('',#2019,#1639,#1640);
#1463=AXIS2_PLACEMENT_3D('',#2025,#1644,#1645);
#1464=AXIS2_PLACEMENT_3D('',#2027,#1646,#1647);
#1465=AXIS2_PLACEMENT_3D('',#2029,#1648,#1649);
#1466=AXIS2_PLACEMENT_3D('',#2031,#1651,#1652);
#1467=AXIS2_PLACEMENT_3D('',#2037,#1656,#1657);
#1468=AXIS2_PLACEMENT_3D('',#2043,#1661,#1662);
#1469=AXIS2_PLACEMENT_3D('',#2049,#1666,#1667);
#1470=AXIS2_PLACEMENT_3D('',#2055,#1671,#1672);
#1471=AXIS2_PLACEMENT_3D('',#2061,#1676,#1677);
#1472=AXIS2_PLACEMENT_3D('',#2066,#1681,#1682);
#1473=AXIS2_PLACEMENT_3D('',#2068,#1683,#1684);
#1474=AXIS2_PLACEMENT_3D('',#2070,#1686,#1687);
#1475=AXIS2_PLACEMENT_3D('',#2075,#1691,#1692);
#1476=AXIS2_PLACEMENT_3D('',#2077,#1693,#1694);
#1477=AXIS2_PLACEMENT_3D('',#2079,#1696,#1697);
#1478=AXIS2_PLACEMENT_3D('',#2085,#1701,#1702);
#1479=AXIS2_PLACEMENT_3D('',#2087,#1703,#1704);
#1480=AXIS2_PLACEMENT_3D('',#2089,#1706,#1707);
#1481=AXIS2_PLACEMENT_3D('',#2098,#1712,#1713);
#1482=AXIS2_PLACEMENT_3D('',#2104,#1717,#1718);
#1483=AXIS2_PLACEMENT_3D('',#2110,#1722,#1723);
#1484=AXIS2_PLACEMENT_3D('',#2119,#1728,#1729);
#1485=AXIS2_PLACEMENT_3D('',#2125,#1733,#1734);
#1486=AXIS2_PLACEMENT_3D('',#2132,#1739,#1740);
#1487=AXIS2_PLACEMENT_3D('',#2146,#1749,#1750);
#1488=AXIS2_PLACEMENT_3D('',#2149,#1753,#1754);
#1489=AXIS2_PLACEMENT_3D('',#2150,#1755,#1756);
#1490=AXIS2_PLACEMENT_3D('',#2155,#1760,#1761);
#1491=AXIS2_PLACEMENT_3D('',#2157,#1763,#1764);
#1492=AXIS2_PLACEMENT_3D('',#2160,#1767,#1768);
#1493=AXIS2_PLACEMENT_3D('',#2161,#1769,#1770);
#1494=AXIS2_PLACEMENT_3D('',#2162,#1771,#1772);
#1495=AXIS2_PLACEMENT_3D('',#2168,#1776,#1777);
#1496=AXIS2_PLACEMENT_3D('',#2170,#1779,#1780);
#1497=AXIS2_PLACEMENT_3D('',#2174,#1783,#1784);
#1498=AXIS2_PLACEMENT_3D('',#2178,#1787,#1788);
#1499=AXIS2_PLACEMENT_3D('',#2180,#1790,#1791);
#1500=AXIS2_PLACEMENT_3D('',#2181,#1792,#1793);
#1501=AXIS2_PLACEMENT_3D('',#2182,#1794,#1795);
#1502=AXIS2_PLACEMENT_3D('',#2191,#1800,#1801);
#1503=AXIS2_PLACEMENT_3D('',#2200,#1806,#1807);
#1504=AXIS2_PLACEMENT_3D('',#2206,#1811,#1812);
#1505=AXIS2_PLACEMENT_3D('',#2215,#1817,#1818);
#1506=AXIS2_PLACEMENT_3D('',#2221,#1822,#1823);
#1507=AXIS2_PLACEMENT_3D('',#2227,#1827,#1828);
#1508=AXIS2_PLACEMENT_3D('',#2230,#1831,#1832);
#1509=AXIS2_PLACEMENT_3D('',#2236,#1836,#1837);
#1510=AXIS2_PLACEMENT_3D('',#2245,#1842,#1843);
#1511=AXIS2_PLACEMENT_3D('',#2247,#1845,#1846);
#1512=AXIS2_PLACEMENT_3D('',#2257,#1852,#1853);
#1513=AXIS2_PLACEMENT_3D('',#2263,#1857,#1858);
#1514=AXIS2_PLACEMENT_3D('',#2266,#1861,#1862);
#1515=AXIS2_PLACEMENT_3D('',#2274,#1868,#1869);
#1516=AXIS2_PLACEMENT_3D('',#2277,#1872,#1873);
#1517=AXIS2_PLACEMENT_3D('',#2278,#1874,#1875);
#1518=AXIS2_PLACEMENT_3D('',#2279,#1876,#1877);
#1519=AXIS2_PLACEMENT_3D('',#2280,#1878,#1879);
#1520=AXIS2_PLACEMENT_3D('',#2281,#1880,#1881);
#1521=AXIS2_PLACEMENT_3D('',#2282,#1882,#1883);
#1522=DIRECTION('axis',(0.,0.,1.));
#1523=DIRECTION('refdir',(1.,0.,0.));
#1524=DIRECTION('axis',(0.,0.,1.));
#1525=DIRECTION('refdir',(1.,0.,0.));
#1526=DIRECTION('center_axis',(4.10800974907115E-17,0.866025403784439,-0.5));
#1527=DIRECTION('ref_axis',(-1.,0.,-8.2160194981423E-17));
#1528=DIRECTION('',(1.,-1.02616296886806E-16,-9.55764449110967E-17));
#1529=DIRECTION('',(-8.27716292964137E-17,-0.5,-0.866025403784438));
#1530=DIRECTION('',(-1.,1.02616296886806E-16,9.55764449110967E-17));
#1531=DIRECTION('',(0.447213595499958,0.447213595499958,0.774596669241483));
#1532=DIRECTION('center_axis',(0.866025403784439,-8.67361737988394E-19,
-0.5));
#1533=DIRECTION('ref_axis',(-0.5,0.,-0.866025403784438));
#1534=DIRECTION('',(-1.65798702737682E-34,1.,-1.73472347597679E-18));
#1535=DIRECTION('',(-0.5,-1.50231459873714E-18,-0.866025403784438));
#1536=DIRECTION('',(1.65798702737682E-34,-1.,1.73472347597679E-18));
#1537=DIRECTION('center_axis',(1.,0.,-9.55764449110968E-17));
#1538=DIRECTION('ref_axis',(5.40880230222069E-33,-1.,5.83260970853619E-17));
#1539=DIRECTION('',(-9.55764449110967E-17,-1.73472347597679E-18,-1.));
#1540=DIRECTION('',(-5.38637483002767E-33,1.,-5.83260970853619E-17));
#1541=DIRECTION('',(-9.55764449110967E-17,-1.73472347597679E-18,-1.));
#1542=DIRECTION('',(5.40880230222069E-33,-1.,5.83260970853619E-17));
#1543=DIRECTION('center_axis',(1.02616296886806E-16,1.,-1.7347234759768E-18));
#1544=DIRECTION('ref_axis',(1.,-1.02616296886806E-16,-9.25247417184912E-17));
#1545=DIRECTION('',(-9.55764449110967E-17,-1.73472347597679E-18,-1.));
#1546=DIRECTION('',(-1.,1.02616296886806E-16,9.25247417184913E-17));
#1547=DIRECTION('center_axis',(1.,0.,-9.55764449110968E-17));
#1548=DIRECTION('ref_axis',(-4.86262684008056E-34,-1.,-3.35295983825788E-18));
#1549=DIRECTION('',(-9.55764449110967E-17,-1.73472347597679E-18,-1.));
#1550=DIRECTION('',(3.20463981270374E-34,1.,3.35295983825788E-18));
#1551=DIRECTION('',(0.,-3.349410282857E-18,1.));
#1552=DIRECTION('',(3.20463981270374E-34,1.,3.35295983825788E-18));
#1553=DIRECTION('center_axis',(0.,-3.35295983825098E-18,1.));
#1554=DIRECTION('ref_axis',(1.,-3.20463981269735E-34,0.));
#1555=DIRECTION('',(0.,-3.349410282857E-18,1.));
#1556=DIRECTION('center_axis',(9.25247417184913E-17,-3.35295983825788E-18,
1.));
#1557=DIRECTION('ref_axis',(1.,-1.02322382430895E-35,-9.25247417184913E-17));
#1558=DIRECTION('',(0.,-3.349410282857E-18,1.));
#1559=DIRECTION('center_axis',(-9.25247417184912E-17,3.35295983825788E-18,
-1.));
#1560=DIRECTION('ref_axis',(1.,-3.20463981269735E-34,0.));
#1561=DIRECTION('center_axis',(-9.25247417184913E-17,3.35295983825788E-18,
-1.));
#1562=DIRECTION('ref_axis',(1.,-1.02322382430895E-35,-9.25247417184913E-17));
#1563=DIRECTION('center_axis',(-9.25247417184913E-17,3.35295983825788E-18,
-1.));
#1564=DIRECTION('ref_axis',(1.,-3.20135559573693E-34,0.));
#1565=DIRECTION('center_axis',(-9.25247417184913E-17,3.35295983825788E-18,
-1.));
#1566=DIRECTION('ref_axis',(1.,-1.02322382430895E-35,-9.25247417184913E-17));
#1567=DIRECTION('center_axis',(-9.25247417184913E-17,3.35295983825788E-18,
-1.));
#1568=DIRECTION('ref_axis',(1.,-3.20135559573693E-34,0.));
#1569=DIRECTION('center_axis',(0.,-3.3881317890172E-18,1.));
#1570=DIRECTION('ref_axis',(1.,-3.23718256930116E-34,0.));
#1571=DIRECTION('',(0.,-3.349410282857E-18,1.));
#1572=DIRECTION('center_axis',(9.25247417184913E-17,-3.35295983825788E-18,
1.));
#1573=DIRECTION('ref_axis',(1.,-1.02322382430895E-35,-9.25247417184913E-17));
#1574=DIRECTION('',(0.,-3.349410282857E-18,1.));
#1575=DIRECTION('center_axis',(-9.25247417184912E-17,3.35295983825788E-18,
-1.));
#1576=DIRECTION('ref_axis',(1.,-3.23718256930116E-34,0.));
#1577=DIRECTION('center_axis',(-9.25247417184913E-17,3.35295983825788E-18,
-1.));
#1578=DIRECTION('ref_axis',(1.,-1.02322382430895E-35,-9.25247417184913E-17));
#1579=DIRECTION('center_axis',(-9.25247417184913E-17,3.35295983825788E-18,
-1.));
#1580=DIRECTION('ref_axis',(1.,-3.20135559573693E-34,0.));
#1581=DIRECTION('center_axis',(3.20135559573693E-34,1.,3.349410282857E-18));
#1582=DIRECTION('ref_axis',(-1.,1.02322382430895E-35,9.25247417184913E-17));
#1583=DIRECTION('',(1.,-1.02322382430895E-35,-9.25247417184913E-17));
#1584=DIRECTION('',(0.,-3.349410282857E-18,1.));
#1585=DIRECTION('',(-1.,1.02322382430895E-35,9.25247417184913E-17));
#1586=DIRECTION('center_axis',(-1.,3.20463981270374E-34,1.07336535415229E-51));
#1587=DIRECTION('ref_axis',(-3.20463981270374E-34,-1.,-3.35295983825788E-18));
#1588=DIRECTION('',(3.20463981270374E-34,1.,3.35295983825788E-18));
#1589=DIRECTION('',(0.,-3.349410282857E-18,1.));
#1590=DIRECTION('',(-3.20463981270374E-34,-1.,-3.35295983825788E-18));
#1591=DIRECTION('',(1.07336535415229E-51,-1.09829300255643E-86,1.));
#1592=DIRECTION('center_axis',(3.20135559573693E-34,1.,3.349410282857E-18));
#1593=DIRECTION('ref_axis',(-1.,1.02322382430895E-35,9.25247417184913E-17));
#1594=DIRECTION('',(1.,-1.02322382430895E-35,-9.25247417184913E-17));
#1595=DIRECTION('',(0.,-3.349410282857E-18,1.));
#1596=DIRECTION('',(-1.,1.02322382430895E-35,9.25247417184913E-17));
#1597=DIRECTION('',(0.,-3.349410282857E-18,1.));
#1598=DIRECTION('center_axis',(-1.,3.20463981270374E-34,1.07336535415229E-51));
#1599=DIRECTION('ref_axis',(-3.20463981270374E-34,-1.,-3.35295983825788E-18));
#1600=DIRECTION('',(3.20463981270374E-34,1.,3.35295983825788E-18));
#1601=DIRECTION('',(0.,-3.349410282857E-18,1.));
#1602=DIRECTION('',(-3.20463981270374E-34,-1.,-3.35295983825788E-18));
#1603=DIRECTION('',(0.,-3.349410282857E-18,1.));
#1604=DIRECTION('center_axis',(-3.20135559573693E-34,-1.,-3.349410282857E-18));
#1605=DIRECTION('ref_axis',(1.,-1.02322382430895E-35,-9.25247417184913E-17));
#1606=DIRECTION('',(-1.,1.02322382430895E-35,9.25247417184913E-17));
#1607=DIRECTION('',(1.,-1.02322382430895E-35,-9.25247417184913E-17));
#1608=DIRECTION('',(0.,-3.349410282857E-18,1.));
#1609=DIRECTION('center_axis',(1.,-3.20463981270374E-34,-1.07336535415229E-51));
#1610=DIRECTION('ref_axis',(3.20463981270374E-34,1.,3.35295983825788E-18));
#1611=DIRECTION('',(-3.20463981270374E-34,-1.,-3.35295983825788E-18));
#1612=DIRECTION('',(3.20463981270374E-34,1.,3.35295983825788E-18));
#1613=DIRECTION('center_axis',(1.,-3.20463981270374E-34,-1.07336535415229E-51));
#1614=DIRECTION('ref_axis',(3.20463981270374E-34,1.,3.35295983825788E-18));
#1615=DIRECTION('',(-3.20463981270374E-34,-1.,-3.35295983825788E-18));
#1616=DIRECTION('',(-1.07336535415229E-51,1.09829300255643E-86,-1.));
#1617=DIRECTION('',(3.20463981270374E-34,1.,3.35295983825788E-18));
#1618=DIRECTION('',(0.,-3.349410282857E-18,1.));
#1619=DIRECTION('center_axis',(-3.20135559573693E-34,-1.,-3.349410282857E-18));
#1620=DIRECTION('ref_axis',(1.,-1.02322382430895E-35,-9.25247417184913E-17));
#1621=DIRECTION('',(-1.,1.02322382430896E-35,9.25247417184912E-17));
#1622=DIRECTION('',(1.,-1.02322382430895E-35,-9.25247417184913E-17));
#1623=DIRECTION('',(0.,-3.349410282857E-18,1.));
#1624=DIRECTION('center_axis',(1.,-3.20463981270374E-34,-1.07336535415229E-51));
#1625=DIRECTION('ref_axis',(3.20463981270374E-34,1.,3.35295983825788E-18));
#1626=DIRECTION('',(-3.20463981270374E-34,-1.,-3.35295983825788E-18));
#1627=DIRECTION('',(3.20463981270374E-34,1.,3.35295983825788E-18));
#1628=DIRECTION('',(0.,-3.349410282857E-18,1.));
#1629=DIRECTION('center_axis',(3.20135559573693E-34,1.,3.349410282857E-18));
#1630=DIRECTION('ref_axis',(-1.,1.02322382430895E-35,9.25247417184913E-17));
#1631=DIRECTION('',(1.,-1.02322382430896E-35,-9.25247417184912E-17));
#1632=DIRECTION('',(-1.,1.02322382430895E-35,9.25247417184913E-17));
#1633=DIRECTION('',(0.,-3.349410282857E-18,1.));
#1634=DIRECTION('center_axis',(1.,-3.20463981270374E-34,-1.07336535415229E-51));
#1635=DIRECTION('ref_axis',(3.20463981270374E-34,1.,3.35295983825788E-18));
#1636=DIRECTION('',(-3.20463981270374E-34,-1.,-3.35295983825788E-18));
#1637=DIRECTION('',(3.20463981270374E-34,1.,3.35295983825788E-18));
#1638=DIRECTION('',(0.,-3.349410282857E-18,1.));
#1639=DIRECTION('center_axis',(1.26161707343768E-16,1.,3.349410282857E-18));
#1640=DIRECTION('ref_axis',(-1.,1.26161707343768E-16,9.25247417184913E-17));
#1641=DIRECTION('',(1.,-1.26161707343768E-16,-9.25247417184912E-17));
#1642=DIRECTION('',(-1.,1.26161707343768E-16,9.25247417184913E-17));
#1643=DIRECTION('',(0.,-3.349410282857E-18,1.));
#1644=DIRECTION('center_axis',(0.,-3.349410282857E-18,1.));
#1645=DIRECTION('ref_axis',(1.,-3.20135559573693E-34,0.));
#1646=DIRECTION('center_axis',(9.25247417184912E-17,-3.35295983825788E-18,
1.));
#1647=DIRECTION('ref_axis',(1.,-3.20135559573693E-34,0.));
#1648=DIRECTION('center_axis',(-9.25247417184913E-17,3.35295983825788E-18,
-1.));
#1649=DIRECTION('ref_axis',(1.,-1.02322382430895E-35,-9.25247417184913E-17));
#1650=DIRECTION('',(0.,-3.349410282857E-18,1.));
#1651=DIRECTION('center_axis',(-1.,3.20463981270374E-34,1.07336535415229E-51));
#1652=DIRECTION('ref_axis',(-3.20463981270374E-34,-1.,-3.35295983825788E-18));
#1653=DIRECTION('',(3.20463981270374E-34,1.,3.35295983825788E-18));
#1654=DIRECTION('',(-3.20463981270374E-34,-1.,-3.35295983825788E-18));
#1655=DIRECTION('',(0.,-3.349410282857E-18,1.));
#1656=DIRECTION('center_axis',(3.20135559573693E-34,1.,3.349410282857E-18));
#1657=DIRECTION('ref_axis',(-1.,1.02322382430895E-35,9.25247417184913E-17));
#1658=DIRECTION('',(1.,-1.02322382430896E-35,-9.25247417184912E-17));
#1659=DIRECTION('',(-1.,1.02322382430895E-35,9.25247417184913E-17));
#1660=DIRECTION('',(0.,-3.349410282857E-18,1.));
#1661=DIRECTION('center_axis',(-1.,3.20463981270374E-34,1.07336535415229E-51));
#1662=DIRECTION('ref_axis',(-3.20463981270374E-34,-1.,-3.35295983825788E-18));
#1663=DIRECTION('',(3.20463981270374E-34,1.,3.35295983825788E-18));
#1664=DIRECTION('',(-3.20463981270374E-34,-1.,-3.35295983825788E-18));
#1665=DIRECTION('',(0.,-3.349410282857E-18,1.));
#1666=DIRECTION('center_axis',(-3.20135559573693E-34,-1.,-3.349410282857E-18));
#1667=DIRECTION('ref_axis',(1.,-1.02322382430895E-35,-9.25247417184913E-17));
#1668=DIRECTION('',(-1.,1.02322382430896E-35,9.25247417184912E-17));
#1669=DIRECTION('',(1.,-1.02322382430895E-35,-9.25247417184913E-17));
#1670=DIRECTION('',(0.,-3.349410282857E-18,1.));
#1671=DIRECTION('center_axis',(-1.,3.20463981270374E-34,1.07336535415229E-51));
#1672=DIRECTION('ref_axis',(-3.20463981270374E-34,-1.,-3.35295983825788E-18));
#1673=DIRECTION('',(3.20463981270374E-34,1.,3.35295983825788E-18));
#1674=DIRECTION('',(-3.20463981270374E-34,-1.,-3.35295983825788E-18));
#1675=DIRECTION('',(0.,-3.349410282857E-18,1.));
#1676=DIRECTION('center_axis',(-1.66125816580525E-19,-1.,-3.349410282857E-18));
#1677=DIRECTION('ref_axis',(1.,-1.66125816580525E-19,-9.25247417184913E-17));
#1678=DIRECTION('',(-1.,1.66125816580525E-19,9.25247417184912E-17));
#1679=DIRECTION('',(1.,-1.66125816580525E-19,-9.25247417184913E-17));
#1680=DIRECTION('',(0.,-3.349410282857E-18,1.));
#1681=DIRECTION('center_axis',(0.,-3.349410282857E-18,1.));
#1682=DIRECTION('ref_axis',(6.12323399573677E-17,1.,3.349410282857E-18));
#1683=DIRECTION('center_axis',(-9.25247417184913E-17,3.35295983825788E-18,
-1.));
#1684=DIRECTION('ref_axis',(1.,-1.02322382430895E-35,-9.25247417184913E-17));
#1685=DIRECTION('',(0.,-3.349410282857E-18,1.));
#1686=DIRECTION('center_axis',(-1.66125813212432E-19,-1.,-3.349410282857E-18));
#1687=DIRECTION('ref_axis',(1.,-1.66125813212432E-19,-9.25247417184913E-17));
#1688=DIRECTION('',(-1.,1.66125813212432E-19,9.25247417184912E-17));
#1689=DIRECTION('',(1.,-1.66125813212432E-19,-9.25247417184913E-17));
#1690=DIRECTION('',(0.,-3.349410282857E-18,1.));
#1691=DIRECTION('center_axis',(0.,-3.349410282857E-18,1.));
#1692=DIRECTION('ref_axis',(-0.447213595691909,0.894427190903941,2.99580363048056E-18));
#1693=DIRECTION('center_axis',(-9.25247417184913E-17,3.35295983825788E-18,
-1.));
#1694=DIRECTION('ref_axis',(1.,-1.02322382430895E-35,-9.25247417184913E-17));
#1695=DIRECTION('',(0.,-3.349410282857E-18,1.));
#1696=DIRECTION('center_axis',(0.811372030162056,-0.584530092185769,-1.95783110140637E-18));
#1697=DIRECTION('ref_axis',(0.584530092185769,0.811372030162056,-5.13629979751551E-17));
#1698=DIRECTION('',(-0.584530092185769,-0.811372030162056,5.1362997975155E-17));
#1699=DIRECTION('',(0.584530092185769,0.811372030162056,-5.13629979751551E-17));
#1700=DIRECTION('',(0.,-3.349410282857E-18,1.));
#1701=DIRECTION('center_axis',(0.,-3.349410282857E-18,1.));
#1702=DIRECTION('ref_axis',(1.,-3.20135559573693E-34,0.));
#1703=DIRECTION('center_axis',(-9.25247417184913E-17,3.35295983825788E-18,
-1.));
#1704=DIRECTION('ref_axis',(1.,-1.02322382430895E-35,-9.25247417184913E-17));
#1705=DIRECTION('',(0.,3.349410282857E-18,-1.));
#1706=DIRECTION('center_axis',(-1.,3.20463981270374E-34,1.07336535415229E-51));
#1707=DIRECTION('ref_axis',(-3.20463981270374E-34,-1.,-3.35295983825788E-18));
#1708=DIRECTION('',(3.20463981270374E-34,1.,3.35295983825788E-18));
#1709=DIRECTION('',(0.,-3.349410282857E-18,1.));
#1710=DIRECTION('',(-3.20463981270374E-34,-1.,-3.35295983825788E-18));
#1711=DIRECTION('',(0.,-3.349410282857E-18,1.));
#1712=DIRECTION('center_axis',(-3.20135559573693E-34,-1.,-3.349410282857E-18));
#1713=DIRECTION('ref_axis',(1.,-1.02322382430895E-35,-9.25247417184913E-17));
#1714=DIRECTION('',(-1.,1.02322382430895E-35,9.25247417184913E-17));
#1715=DIRECTION('',(1.,-1.02322382430895E-35,-9.25247417184913E-17));
#1716=DIRECTION('',(0.,-3.349410282857E-18,1.));
#1717=DIRECTION('center_axis',(1.,-3.20463981270374E-34,-1.07336535415229E-51));
#1718=DIRECTION('ref_axis',(3.20463981270374E-34,1.,3.35295983825788E-18));
#1719=DIRECTION('',(-3.20463981270374E-34,-1.,-3.35295983825788E-18));
#1720=DIRECTION('',(3.20463981270374E-34,1.,3.35295983825788E-18));
#1721=DIRECTION('',(0.,-3.349410282857E-18,1.));
#1722=DIRECTION('center_axis',(-3.20135559573693E-34,-1.,-3.349410282857E-18));
#1723=DIRECTION('ref_axis',(1.,-1.02322382430895E-35,-9.25247417184913E-17));
#1724=DIRECTION('',(-1.,1.02322382430895E-35,9.25247417184913E-17));
#1725=DIRECTION('',(0.,-3.349410282857E-18,1.));
#1726=DIRECTION('',(1.,-1.02322382430895E-35,-9.25247417184913E-17));
#1727=DIRECTION('',(0.,-3.349410282857E-18,1.));
#1728=DIRECTION('center_axis',(1.,-3.20463981270374E-34,-1.07336535415229E-51));
#1729=DIRECTION('ref_axis',(3.20463981270374E-34,1.,3.35295983825788E-18));
#1730=DIRECTION('',(-3.20463981270374E-34,-1.,-3.35295983825788E-18));
#1731=DIRECTION('',(3.20463981270374E-34,1.,3.35295983825788E-18));
#1732=DIRECTION('',(0.,-3.349410282857E-18,1.));
#1733=DIRECTION('center_axis',(3.20135559573693E-34,1.,3.349410282857E-18));
#1734=DIRECTION('ref_axis',(-1.,1.02322382430895E-35,9.25247417184913E-17));
#1735=DIRECTION('',(1.,-1.02322382430895E-35,-9.25247417184913E-17));
#1736=DIRECTION('',(-1.,1.02322382430895E-35,9.25247417184913E-17));
#1737=DIRECTION('',(1.,-1.02322382430895E-35,-9.25247417184913E-17));
#1738=DIRECTION('',(0.,0.,1.));
#1739=DIRECTION('center_axis',(-9.25247417184913E-17,3.35295983825788E-18,
-1.));
#1740=DIRECTION('ref_axis',(1.,-1.02322382430895E-35,-9.25247417184913E-17));
#1741=DIRECTION('',(3.20463981270374E-34,1.,3.35295983825788E-18));
#1742=DIRECTION('',(1.,-1.02322382430895E-35,-9.25247417184913E-17));
#1743=DIRECTION('',(1.,-1.02322382430895E-35,-9.25247417184913E-17));
#1744=DIRECTION('',(-5.38637483002767E-33,1.,-5.83260970853619E-17));
#1745=DIRECTION('',(-1.,1.02322382430895E-35,9.25247417184913E-17));
#1746=DIRECTION('',(-6.02730279256842E-33,-1.,-6.50320167618777E-17));
#1747=DIRECTION('',(1.,-4.23847039696127E-34,3.08333721287483E-17));
#1748=DIRECTION('',(1.,-1.02322382430895E-35,-9.25247417184913E-17));
#1749=DIRECTION('center_axis',(-1.02322382430895E-35,-1.,0.));
#1750=DIRECTION('ref_axis',(1.,-1.02322382430895E-35,-9.25247417184913E-17));
#1751=DIRECTION('',(-1.,1.02322382430895E-35,9.25247417184912E-17));
#1752=DIRECTION('',(1.,-1.02322382430895E-35,-9.25247417184913E-17));
#1753=DIRECTION('center_axis',(0.,0.,1.));
#1754=DIRECTION('ref_axis',(1.,0.,0.));
#1755=DIRECTION('center_axis',(-1.02322382430895E-35,-1.,0.));
#1756=DIRECTION('ref_axis',(1.,-1.02322382430895E-35,-9.25247417184913E-17));
#1757=DIRECTION('',(1.,-1.02322382430895E-35,-9.25247417184913E-17));
#1758=DIRECTION('',(0.,-3.349410282857E-18,1.));
#1759=DIRECTION('',(-1.,1.02322382430895E-35,9.25247417184913E-17));
#1760=DIRECTION('center_axis',(0.,0.,1.));
#1761=DIRECTION('ref_axis',(1.,0.,0.));
#1762=DIRECTION('',(1.,-1.02322382430895E-35,-9.25247417184913E-17));
#1763=DIRECTION('center_axis',(1.,-3.20463981270374E-34,0.));
#1764=DIRECTION('ref_axis',(3.20463981270374E-34,1.,3.35295983825788E-18));
#1765=DIRECTION('',(-3.20463981270374E-34,-1.,-3.35295983825788E-18));
#1766=DIRECTION('',(3.20463981270374E-34,1.,3.35295983825788E-18));
#1767=DIRECTION('center_axis',(0.,0.,1.));
#1768=DIRECTION('ref_axis',(1.,0.,0.));
#1769=DIRECTION('center_axis',(0.,0.,1.));
#1770=DIRECTION('ref_axis',(1.,0.,0.));
#1771=DIRECTION('center_axis',(-1.,-1.23259516440783E-32,9.55764449110968E-17));
#1772=DIRECTION('ref_axis',(-5.9446239738415E-33,1.,6.50320167618777E-17));
#1773=DIRECTION('',(0.,-3.349410282857E-18,1.));
#1774=DIRECTION('',(-5.9446239738415E-33,1.,6.50320167618777E-17));
#1775=DIRECTION('',(-9.55764449110967E-17,-1.73472347597679E-18,-1.));
#1776=DIRECTION('center_axis',(0.,-1.,1.73472347597679E-18));
#1777=DIRECTION('ref_axis',(-1.,-2.1928607721295E-34,-3.08333721287484E-17));
#1778=DIRECTION('',(-1.,-2.1928607721295E-34,-3.08333721287484E-17));
#1779=DIRECTION('center_axis',(0.,-1.,1.73472347597679E-18));
#1780=DIRECTION('ref_axis',(-1.,-5.29386116992612E-36,9.25247417184912E-17));
#1781=DIRECTION('',(-1.,-5.29386116992612E-36,9.25247417184912E-17));
#1782=DIRECTION('',(-9.55764449110967E-17,-1.73472347597679E-18,-1.));
#1783=DIRECTION('center_axis',(1.,0.,-9.55764449110968E-17));
#1784=DIRECTION('ref_axis',(5.40880230222069E-33,-1.,5.83260970853619E-17));
#1785=DIRECTION('',(5.40880230222069E-33,-1.,5.83260970853619E-17));
#1786=DIRECTION('',(-9.55764449110967E-17,-1.73472347597679E-18,-1.));
#1787=DIRECTION('center_axis',(0.,1.,-1.73472347597679E-18));
#1788=DIRECTION('ref_axis',(1.,5.29386116992612E-36,-9.25247417184912E-17));
#1789=DIRECTION('',(1.,5.29386116992612E-36,-9.25247417184912E-17));
#1790=DIRECTION('center_axis',(-9.55764449110968E-17,-1.73472347597679E-18,
-1.));
#1791=DIRECTION('ref_axis',(-1.,8.32667268468867E-17,9.55764449110967E-17));
#1792=DIRECTION('center_axis',(-9.25247417184912E-17,3.35295983825788E-18,
-1.));
#1793=DIRECTION('ref_axis',(1.,5.29386116992612E-36,-9.25247417184912E-17));
#1794=DIRECTION('center_axis',(0.,0.866025403784439,0.5));
#1795=DIRECTION('ref_axis',(1.,0.,0.));
#1796=DIRECTION('',(0.654653670707977,0.377964473009227,-0.654653670707977));
#1797=DIRECTION('',(-1.,0.,0.));
#1798=DIRECTION('',(-0.654653670707977,0.377964473009227,-0.654653670707977));
#1799=DIRECTION('',(-1.,0.,0.));
#1800=DIRECTION('center_axis',(0.,-0.866025403784439,0.5));
#1801=DIRECTION('ref_axis',(1.,0.,0.));
#1802=DIRECTION('',(0.654653670707978,-0.377964473009227,-0.654653670707977));
#1803=DIRECTION('',(-1.,0.,0.));
#1804=DIRECTION('',(-0.654653670707978,-0.377964473009227,-0.654653670707977));
#1805=DIRECTION('',(1.,0.,0.));
#1806=DIRECTION('center_axis',(0.499999999999999,-0.866025403784439,0.));
#1807=DIRECTION('ref_axis',(0.,0.,-1.));
#1808=DIRECTION('',(0.,0.,-1.));
#1809=DIRECTION('',(0.866025403784439,0.499999999999999,0.));
#1810=DIRECTION('',(0.,0.,1.));
#1811=DIRECTION('center_axis',(1.,0.,0.));
#1812=DIRECTION('ref_axis',(0.,0.,-1.));
#1813=DIRECTION('',(0.,0.,-1.));
#1814=DIRECTION('',(0.,1.,0.));
#1815=DIRECTION('',(0.,0.,-1.));
#1816=DIRECTION('',(0.,-1.,0.));
#1817=DIRECTION('center_axis',(0.,1.,0.));
#1818=DIRECTION('ref_axis',(0.,0.,-1.));
#1819=DIRECTION('',(0.,0.,-1.));
#1820=DIRECTION('',(1.,0.,0.));
#1821=DIRECTION('',(1.,0.,0.));
#1822=DIRECTION('center_axis',(0.,1.,0.));
#1823=DIRECTION('ref_axis',(0.,0.,-1.));
#1824=DIRECTION('',(1.,0.,0.));
#1825=DIRECTION('',(1.,0.,0.));
#1826=DIRECTION('',(0.,0.,-1.));
#1827=DIRECTION('center_axis',(1.,0.,0.));
#1828=DIRECTION('ref_axis',(0.,0.,-1.));
#1829=DIRECTION('',(0.,1.,0.));
#1830=DIRECTION('',(0.,1.,0.));
#1831=DIRECTION('center_axis',(0.,0.,-1.));
#1832=DIRECTION('ref_axis',(1.,0.,0.));
#1833=DIRECTION('',(1.,0.,0.));
#1834=DIRECTION('',(1.,0.,0.));
#1835=DIRECTION('',(-0.866025403784439,0.499999999999999,0.));
#1836=DIRECTION('center_axis',(0.,0.,-1.));
#1837=DIRECTION('ref_axis',(1.,0.,0.));
#1838=DIRECTION('',(1.,0.,0.));
#1839=DIRECTION('',(0.866025403784439,-0.5,0.));
#1840=DIRECTION('',(1.,0.,0.));
#1841=DIRECTION('',(-0.866025403784439,-0.5,0.));
#1842=DIRECTION('center_axis',(0.,1.,0.));
#1843=DIRECTION('ref_axis',(0.,0.,-1.));
#1844=DIRECTION('',(0.,0.,-1.));
#1845=DIRECTION('center_axis',(0.,1.,0.));
#1846=DIRECTION('ref_axis',(0.,0.,-1.));
#1847=DIRECTION('',(1.,0.,0.));
#1848=DIRECTION('',(0.,0.,-1.));
#1849=DIRECTION('',(1.,0.,0.));
#1850=DIRECTION('',(0.,0.,-1.));
#1851=DIRECTION('',(0.,0.,1.));
#1852=DIRECTION('center_axis',(1.,0.,0.));
#1853=DIRECTION('ref_axis',(0.,0.,-1.));
#1854=DIRECTION('',(0.,-1.,0.));
#1855=DIRECTION('',(0.,0.,-1.));
#1856=DIRECTION('',(0.,1.,0.));
#1857=DIRECTION('center_axis',(0.,1.,0.));
#1858=DIRECTION('ref_axis',(0.,0.,-1.));
#1859=DIRECTION('',(0.,0.,-1.));
#1860=DIRECTION('',(0.,0.,-1.));
#1861=DIRECTION('center_axis',(0.,1.,0.));
#1862=DIRECTION('ref_axis',(0.,0.,-1.));
#1863=DIRECTION('',(1.,0.,0.));
#1864=DIRECTION('',(0.,0.,-1.));
#1865=DIRECTION('',(1.,0.,0.));
#1866=DIRECTION('',(0.,0.,-1.));
#1867=DIRECTION('',(0.,0.,-1.));
#1868=DIRECTION('center_axis',(1.,0.,0.));
#1869=DIRECTION('ref_axis',(0.,0.,-1.));
#1870=DIRECTION('',(0.,-1.,0.));
#1871=DIRECTION('',(0.,1.,0.));
#1872=DIRECTION('center_axis',(0.,0.,-1.));
#1873=DIRECTION('ref_axis',(1.,0.,0.));
#1874=DIRECTION('center_axis',(0.,0.,-1.));
#1875=DIRECTION('ref_axis',(1.,0.,0.));
#1876=DIRECTION('center_axis',(0.499999999999999,0.866025403784439,0.));
#1877=DIRECTION('ref_axis',(0.,0.,1.));
#1878=DIRECTION('center_axis',(-0.5,0.866025403784439,0.));
#1879=DIRECTION('ref_axis',(0.,0.,-1.));
#1880=DIRECTION('center_axis',(-0.5,-0.866025403784439,0.));
#1881=DIRECTION('ref_axis',(0.,0.,1.));
#1882=DIRECTION('',(0.,0.,1.));
#1883=DIRECTION('',(1.,0.,0.));
#1884=CARTESIAN_POINT('',(0.,0.,0.));
#1885=CARTESIAN_POINT('',(0.,0.,0.));
#1886=CARTESIAN_POINT('Origin',(1.75000002607703,0.591132819089686,-8.31082031556068));
#1887=CARTESIAN_POINT('',(3.50000005215406,1.19113281908969,-7.27158983101935));
#1888=CARTESIAN_POINT('',(9.,1.19113281908968,-7.27158983101935));
#1889=CARTESIAN_POINT('',(1.75000002607703,1.19113281908969,-7.27158983101935));
#1890=CARTESIAN_POINT('',(9.,-0.0088671809103158,-9.350050800102));
#1891=CARTESIAN_POINT('',(9.,0.787542980603461,-7.97062793669601));
#1892=CARTESIAN_POINT('',(2.30000005215406,-0.00886718091031469,-9.350050800102));
#1893=CARTESIAN_POINT('',(1.75000002607703,-0.00886718091031465,-9.350050800102));
#1894=CARTESIAN_POINT('',(2.30000005215406,-0.00886718091031469,-9.350050800102));
#1895=CARTESIAN_POINT('Origin',(2.90000005215406,3.50000005215406,-8.31082031556068));
#1896=CARTESIAN_POINT('',(2.30000005215406,7.00000010430813,-9.350050800102));
#1897=CARTESIAN_POINT('',(2.30000005215406,3.50000005215406,-9.350050800102));
#1898=CARTESIAN_POINT('',(3.50000005215406,7.00000010430813,-7.27158983101935));
#1899=CARTESIAN_POINT('',(3.78391020714858,7.00000010430813,-6.77984301778409));
#1900=CARTESIAN_POINT('',(3.50000005215406,3.50000005215406,-7.27158983101935));
#1901=CARTESIAN_POINT('Origin',(9.,1.19113281908968,-7.750050800102));
#1902=CARTESIAN_POINT('',(9.,1.19113281908969,-6.000050800102));
#1903=CARTESIAN_POINT('',(9.,1.19113281908968,-7.750050800102));
#1904=CARTESIAN_POINT('',(9.,-9.,-6.000050800102));
#1905=CARTESIAN_POINT('',(9.,9.,-6.000050800102));
#1906=CARTESIAN_POINT('',(9.,-9.,-9.350050800102));
#1907=CARTESIAN_POINT('',(9.,-9.,-7.750050800102));
#1908=CARTESIAN_POINT('',(9.,9.,-9.350050800102));
#1909=CARTESIAN_POINT('Origin',(3.50000005215406,1.19113281908969,-7.750050800102));
#1910=CARTESIAN_POINT('',(3.50000005215406,1.19113281908969,-6.000050800102));
#1911=CARTESIAN_POINT('',(3.50000005215406,1.19113281908969,-7.750050800102));
#1912=CARTESIAN_POINT('',(7.55718830455888,1.19113281908969,-6.000050800102));
#1913=CARTESIAN_POINT('Origin',(3.50000005215406,7.00000010430813,-7.750050800102));
#1914=CARTESIAN_POINT('',(3.50000005215406,7.00000010430813,-6.850050800102));
#1915=CARTESIAN_POINT('',(3.50000005215406,7.00000010430813,-7.750050800102));
#1916=CARTESIAN_POINT('',(3.50000005215406,6.66688222167215,-6.850050800102));
#1917=CARTESIAN_POINT('',(3.50000005215406,1.19113281908969,-6.850050800102));
#1918=CARTESIAN_POINT('',(3.50000005215406,6.66688222167215,-6.000050800102));
#1919=CARTESIAN_POINT('',(3.50000005215406,6.66688222167215,-7.750050800102));
#1920=CARTESIAN_POINT('',(3.50000005215406,1.19113281908969,-6.000050800102));
#1921=CARTESIAN_POINT('Origin',(-1.34845945935092E-14,1.77694360737195E-14,
-7.750050800102));
#1922=CARTESIAN_POINT('',(1.99999995529652,6.71239925636294E-19,-7.750050800102));
#1923=CARTESIAN_POINT('',(1.99999999999999,1.35786163821976E-21,-7.550050800102));
#1924=CARTESIAN_POINT('',(1.99999995529652,6.71239925636294E-19,-7.750050800102));
#1925=CARTESIAN_POINT('',(-1.19999999931326,-1.60000000051505,-7.550050800102));
#1926=CARTESIAN_POINT('Origin',(-1.34845945935092E-14,1.77687654817518E-14,
-7.550050800102));
#1927=CARTESIAN_POINT('',(-1.19999997317791,-1.59999996423721,-7.750050800102));
#1928=CARTESIAN_POINT('',(-1.19999997317791,-1.59999996423721,-7.750050800102));
#1929=CARTESIAN_POINT('Origin',(-1.34845945935092E-14,1.77694360737195E-14,
-7.750050800102));
#1930=CARTESIAN_POINT('Origin',(-1.346145417358E-14,1.77628978020349E-14,
-7.550050800102));
#1931=CARTESIAN_POINT('Origin',(-1.34845945935092E-14,1.77687661916629E-14,
-7.550050800102));
#1932=CARTESIAN_POINT('Origin',(-5.08001016001701,0.000254000508022045,
-7.550050800102));
#1933=CARTESIAN_POINT('',(-5.95501651003001,0.000254000508022158,-7.550050800102));
#1934=CARTESIAN_POINT('Origin',(-5.08001016001701,0.000254000508022051,
-7.550050800102));
#1935=CARTESIAN_POINT('Origin',(5.08001016001999,0.000254000508022051,-7.750050800102));
#1936=CARTESIAN_POINT('',(5.95501647316682,3.3881317890172E-20,-7.750050800102));
#1937=CARTESIAN_POINT('',(5.95501647316682,-6.53580906637213E-19,-7.550050800102));
#1938=CARTESIAN_POINT('',(5.95501647316682,3.3881317890172E-20,-7.750050800102));
#1939=CARTESIAN_POINT('',(4.20500384687315,-3.62858633015051E-19,-7.550050800102));
#1940=CARTESIAN_POINT('Origin',(5.08001016001999,0.000254000508022051,-7.550050800102));
#1941=CARTESIAN_POINT('',(4.20500384687315,3.04931861011548E-19,-7.750050800102));
#1942=CARTESIAN_POINT('',(4.20500384687315,3.04931861011548E-19,-7.750050800102));
#1943=CARTESIAN_POINT('Origin',(5.08001016001999,0.000254000508022051,-7.750050800102));
#1944=CARTESIAN_POINT('Origin',(5.08001016001999,0.000254000508022045,-7.550050800102));
#1945=CARTESIAN_POINT('Origin',(5.08001016001999,0.000254000508022051,-7.550050800102));
#1946=CARTESIAN_POINT('Origin',(3.50000005215406,6.66688222167215,-7.750050800102));
#1947=CARTESIAN_POINT('',(3.09320802973449,6.66688222167215,-6.850050800102));
#1948=CARTESIAN_POINT('',(1.80581012824228,6.66688222167215,-6.850050800102));
#1949=CARTESIAN_POINT('',(3.09320802973449,6.66688222167215,-6.000050800102));
#1950=CARTESIAN_POINT('',(3.09320802973449,6.66688222167215,-7.750050800102));
#1951=CARTESIAN_POINT('',(1.80581012824228,6.66688222167215,-6.000050800102));
#1952=CARTESIAN_POINT('Origin',(3.09320802973449,6.66688222167215,-7.750050800102));
#1953=CARTESIAN_POINT('',(3.09320802973449,3.4881219710741,-7.050050800102));
#1954=CARTESIAN_POINT('',(3.09320802973449,6.66688222167215,-7.050050800102));
#1955=CARTESIAN_POINT('',(3.09320802973449,3.4881219710741,-7.050050800102));
#1956=CARTESIAN_POINT('',(3.09320802973449,3.4881219710741,-6.000050800102));
#1957=CARTESIAN_POINT('',(3.09320802973449,3.4881219710741,-7.750050800102));
#1958=CARTESIAN_POINT('',(3.09320802973449,3.4881219710741,-6.000050800102));
#1959=CARTESIAN_POINT('',(3.09320802973449,6.66688222167215,-7.750050800102));
#1960=CARTESIAN_POINT('Origin',(-5.09999988600612,-2.71046051759208,-7.750050800102));
#1961=CARTESIAN_POINT('',(-7.28544418846813,-2.71046051759208,-7.150050800102));
#1962=CARTESIAN_POINT('',(-5.09999988600612,-2.71046051759208,-7.150050800102));
#1963=CARTESIAN_POINT('',(-7.28544418846813,-2.71046051759208,-7.150050800102));
#1964=CARTESIAN_POINT('',(-7.28544418846813,-2.71046051759208,-6.000050800102));
#1965=CARTESIAN_POINT('',(-7.28544418846813,-2.71046051759208,-7.750050800102));
#1966=CARTESIAN_POINT('',(-5.09999988600612,-2.71046051759208,-6.000050800102));
#1967=CARTESIAN_POINT('',(-7.28544418846813,-2.71046051759208,-6.000050800102));
#1968=CARTESIAN_POINT('',(-5.09999988600612,-2.71046051759208,-7.750050800102));
#1969=CARTESIAN_POINT('Origin',(-4.26387253702001,-1.00982378352213,-7.750050800102));
#1970=CARTESIAN_POINT('',(-4.26387253702001,-2.71046051759208,-7.150050800102));
#1971=CARTESIAN_POINT('',(-4.26387253702001,-1.00982378352213,-7.150050800102));
#1972=CARTESIAN_POINT('',(-4.26387253702001,-2.71046051759208,-7.150050800102));
#1973=CARTESIAN_POINT('',(-4.26387253702001,-2.71046051759208,-6.000050800102));
#1974=CARTESIAN_POINT('',(-4.26387253702001,-2.71046051759208,-7.750050800102));
#1975=CARTESIAN_POINT('',(-4.26387253702001,-1.00982378352213,-6.000050800102));
#1976=CARTESIAN_POINT('',(-4.26387253702001,-2.71046051759208,-6.000050800102));
#1977=CARTESIAN_POINT('',(-4.26387253702001,-1.00982378352213,-7.750050800102));
#1978=CARTESIAN_POINT('Origin',(-7.28544418846813,-1.00982378352213,-7.750050800102));
#1979=CARTESIAN_POINT('',(-7.28544418846813,-1.00982378352213,-7.150050800102));
#1980=CARTESIAN_POINT('',(-4.26387253702001,-1.00982378352213,-7.150050800102));
#1981=CARTESIAN_POINT('',(-7.28544418846813,-1.00982378352213,-6.000050800102));
#1982=CARTESIAN_POINT('',(-4.26387253702001,-1.00982378352213,-6.000050800102));
#1983=CARTESIAN_POINT('',(-7.28544418846813,-1.00982378352213,-7.750050800102));
#1984=CARTESIAN_POINT('Origin',(-7.28544418846813,-2.71046051759208,-7.750050800102));
#1985=CARTESIAN_POINT('',(-7.28544418846813,-1.00982378352213,-7.150050800102));
#1986=CARTESIAN_POINT('',(-7.28544418846813,-1.00982378352213,-6.000050800102));
#1987=CARTESIAN_POINT('Origin',(-5.09999988600612,-4.09999990835786,-7.750050800102));
#1988=CARTESIAN_POINT('',(-5.09999988600612,-2.71046051759208,-7.750050800102));
#1989=CARTESIAN_POINT('',(-5.09999988600612,-4.09999990835786,-7.750050800102));
#1990=CARTESIAN_POINT('',(-5.09999988600612,-2.04999995417893,-7.750050800102));
#1991=CARTESIAN_POINT('',(-5.09999988600612,-2.71046051759208,-7.750050800102));
#1992=CARTESIAN_POINT('',(-5.09999988600612,-4.09999990835786,-6.000050800102));
#1993=CARTESIAN_POINT('',(-5.09999988600612,-4.09999990835786,-6.000050800102));
#1994=CARTESIAN_POINT('',(-5.09999988600612,-4.09999990835786,-7.750050800102));
#1995=CARTESIAN_POINT('Origin',(-6.89999984577298,-4.09999990835786,-7.750050800102));
#1996=CARTESIAN_POINT('',(-6.89999984577298,-4.09999990835786,-7.750050800102));
#1997=CARTESIAN_POINT('',(-3.44999992288649,-4.09999990835786,-7.750050800102));
#1998=CARTESIAN_POINT('',(-6.89999984577298,-4.09999990835786,-6.000050800102));
#1999=CARTESIAN_POINT('',(-6.89999984577298,-4.09999990835786,-6.000050800102));
#2000=CARTESIAN_POINT('',(-6.89999984577298,-4.09999990835786,-7.750050800102));
#2001=CARTESIAN_POINT('Origin',(-6.89999984577298,-6.1999998614192,-7.750050800102));
#2002=CARTESIAN_POINT('',(-6.89999984577298,-6.1999998614192,-7.750050800102));
#2003=CARTESIAN_POINT('',(-6.89999984577298,-3.0999999307096,-7.750050800102));
#2004=CARTESIAN_POINT('',(-6.89999984577298,-6.1999998614192,-6.000050800102));
#2005=CARTESIAN_POINT('',(-6.89999984577298,-6.1999998614192,-6.000050800102));
#2006=CARTESIAN_POINT('',(-6.89999984577298,-6.1999998614192,-7.750050800102));
#2007=CARTESIAN_POINT('Origin',(-4.99999988824129,-6.1999998614192,-7.750050800102));
#2008=CARTESIAN_POINT('',(-4.99999988824129,-6.1999998614192,-7.750050800102));
#2009=CARTESIAN_POINT('',(-2.49999994412065,-6.1999998614192,-7.750050800102));
#2010=CARTESIAN_POINT('',(-4.99999988824129,-6.1999998614192,-6.000050800102));
#2011=CARTESIAN_POINT('',(-4.99999988824129,-6.1999998614192,-6.000050800102));
#2012=CARTESIAN_POINT('',(-4.99999988824129,-6.1999998614192,-7.750050800102));
#2013=CARTESIAN_POINT('Origin',(-4.99999988824129,-6.94210439420899,-7.750050800102));
#2014=CARTESIAN_POINT('',(-4.99999988824129,-6.94210439420899,-7.750050800102));
#2015=CARTESIAN_POINT('',(-4.99999988824129,-3.4710521971045,-7.750050800102));
#2016=CARTESIAN_POINT('',(-4.99999988824129,-6.94210439420899,-6.000050800102));
#2017=CARTESIAN_POINT('',(-4.99999988824129,-6.94210439420899,-6.000050800102));
#2018=CARTESIAN_POINT('',(-4.99999988824129,-6.94210439420899,-7.750050800102));
#2019=CARTESIAN_POINT('Origin',(4.05896621793,-6.94210439420899,-7.750050800102));
#2020=CARTESIAN_POINT('',(4.05896621793,-6.942104394209,-7.750050800102));
#2021=CARTESIAN_POINT('',(2.029483108965,-6.94210439420899,-7.750050800102));
#2022=CARTESIAN_POINT('',(4.05896621793,-6.942104394209,-6.000050800102));
#2023=CARTESIAN_POINT('',(-4.74103378207001,-6.94210439420899,-6.000050800102));
#2024=CARTESIAN_POINT('',(4.05896621793,-6.942104394209,-7.750050800102));
#2025=CARTESIAN_POINT('Origin',(4.05896621793,-4.842104394209,-7.750050800102));
#2026=CARTESIAN_POINT('',(6.15896621793,-4.842104394209,-7.750050800102));
#2027=CARTESIAN_POINT('Origin',(4.05896621793,-4.842104394209,-7.750050800102));
#2028=CARTESIAN_POINT('',(6.15896621793,-4.842104394209,-6.000050800102));
#2029=CARTESIAN_POINT('Origin',(4.05896621793,-4.842104394209,-6.000050800102));
#2030=CARTESIAN_POINT('',(6.15896621793,-4.842104394209,-7.750050800102));
#2031=CARTESIAN_POINT('Origin',(6.15896621793,-3.69999991729856,-7.750050800102));
#2032=CARTESIAN_POINT('',(6.15896621793,-3.69999991729856,-7.750050800102));
#2033=CARTESIAN_POINT('',(6.15896621793,-1.84999995864928,-7.750050800102));
#2034=CARTESIAN_POINT('',(6.15896621793,-3.69999991729856,-6.000050800102));
#2035=CARTESIAN_POINT('',(6.15896621793,-3.79999991506338,-6.000050800102));
#2036=CARTESIAN_POINT('',(6.15896621793,-3.69999991729856,-7.750050800102));
#2037=CARTESIAN_POINT('Origin',(8.09999981895089,-3.69999991729856,-7.750050800102));
#2038=CARTESIAN_POINT('',(8.09999981895089,-3.69999991729856,-7.750050800102));
#2039=CARTESIAN_POINT('',(4.04999990947545,-3.69999991729856,-7.750050800102));
#2040=CARTESIAN_POINT('',(8.09999981895089,-3.69999991729856,-6.000050800102));
#2041=CARTESIAN_POINT('',(6.15896621793,-3.69999991729856,-6.000050800102));
#2042=CARTESIAN_POINT('',(8.09999981895089,-3.69999991729856,-7.750050800102));
#2043=CARTESIAN_POINT('Origin',(8.09999981895089,-1.59999996423721,-7.750050800102));
#2044=CARTESIAN_POINT('',(8.09999981895089,-1.59999996423721,-7.750050800102));
#2045=CARTESIAN_POINT('',(8.09999981895089,-0.799999982118607,-7.750050800102));
#2046=CARTESIAN_POINT('',(8.09999981895089,-1.59999996423721,-6.000050800102));
#2047=CARTESIAN_POINT('',(8.09999981895089,-3.69999991729856,-6.000050800102));
#2048=CARTESIAN_POINT('',(8.09999981895089,-1.59999996423721,-7.750050800102));
#2049=CARTESIAN_POINT('Origin',(6.15896621793,-1.59999996423721,-7.750050800102));
#2050=CARTESIAN_POINT('',(6.15896621793,-1.59999996423721,-7.750050800102));
#2051=CARTESIAN_POINT('',(3.079483108965,-1.59999996423721,-7.750050800102));
#2052=CARTESIAN_POINT('',(6.15896621793,-1.59999996423721,-6.000050800102));
#2053=CARTESIAN_POINT('',(8.09999981895089,-1.59999996423721,-6.000050800102));
#2054=CARTESIAN_POINT('',(6.15896621793,-1.59999996423721,-7.750050800102));
#2055=CARTESIAN_POINT('Origin',(6.15896621793,0.,-7.750050800102));
#2056=CARTESIAN_POINT('',(6.15896621793,-6.30200096729997E-35,-7.750050800102));
#2057=CARTESIAN_POINT('',(6.15896621793,-5.55111512312578E-16,-7.750050800102));
#2058=CARTESIAN_POINT('',(6.15896621793,-5.86146799499976E-18,-6.000050800102));
#2059=CARTESIAN_POINT('',(6.15896621793,-1.59999996423721,-6.000050800102));
#2060=CARTESIAN_POINT('',(6.15896621793,-6.30200096729997E-35,-7.750050800102));
#2061=CARTESIAN_POINT('Origin',(5.95501647316682,3.38813178901719E-20,-7.750050800102));
#2062=CARTESIAN_POINT('',(2.97750823658341,5.28522305067858E-19,-7.750050800102));
#2063=CARTESIAN_POINT('',(5.95501647316682,-5.82758667710959E-18,-6.000050800102));
#2064=CARTESIAN_POINT('',(6.15896621793,-5.86146799499976E-18,-6.000050800102));
#2065=CARTESIAN_POINT('',(5.95501647316682,3.3881317890172E-20,-7.750050800102));
#2066=CARTESIAN_POINT('Origin',(5.08001016001999,0.000254000508022051,-7.750050800102));
#2067=CARTESIAN_POINT('',(4.20500384687315,-5.55653613398821E-18,-6.000050800102));
#2068=CARTESIAN_POINT('Origin',(5.08001016001999,0.000254000508022045,-6.000050800102));
#2069=CARTESIAN_POINT('',(4.20500384687315,3.04931861011548E-19,-7.750050800102));
#2070=CARTESIAN_POINT('Origin',(1.99999995529652,6.71239925636294E-19,-7.750050800102));
#2071=CARTESIAN_POINT('',(0.999999977648258,8.37365735135569E-19,-7.750050800102));
#2072=CARTESIAN_POINT('',(1.99999995529652,-5.18384163719632E-18,-6.000050800102));
#2073=CARTESIAN_POINT('',(4.20500384687315,-5.55653613398821E-18,-6.000050800102));
#2074=CARTESIAN_POINT('',(1.99999995529652,6.71239925636294E-19,-7.750050800102));
#2075=CARTESIAN_POINT('Origin',(-1.34845945935092E-14,1.77694360737195E-14,
-7.750050800102));
#2076=CARTESIAN_POINT('',(-1.19999997317791,-1.59999996423721,-6.000050800102));
#2077=CARTESIAN_POINT('Origin',(-1.34845945935092E-14,1.77635746057245E-14,
-6.000050800102));
#2078=CARTESIAN_POINT('',(-1.19999997317791,-1.59999996423721,-7.750050800102));
#2079=CARTESIAN_POINT('Origin',(-1.99999995529652,-2.71046051759208,-7.750050800102));
#2080=CARTESIAN_POINT('',(-1.99999995529652,-2.71046051759208,-7.750050800102));
#2081=CARTESIAN_POINT('',(-1.01557762602758,-1.3440077814309,-7.750050800102));
#2082=CARTESIAN_POINT('',(-1.99999995529652,-2.71046051759208,-6.000050800102));
#2083=CARTESIAN_POINT('',(-1.99999995529652,-2.71046051759208,-6.000050800102));
#2084=CARTESIAN_POINT('',(-1.99999995529652,-2.71046051759208,-7.750050800102));
#2085=CARTESIAN_POINT('Origin',(-5.08001016001701,0.000254000508022051,
-7.750050800102));
#2086=CARTESIAN_POINT('',(-5.95501651003001,0.000254000508022152,-6.000050800102));
#2087=CARTESIAN_POINT('Origin',(-5.08001016001701,0.000254000508022045,
-6.000050800102));
#2088=CARTESIAN_POINT('',(-5.95501651003001,0.000254000508021944,-7.750050800102));
#2089=CARTESIAN_POINT('Origin',(3.71306627860111,7.57282889309259,-7.750050800102));
#2090=CARTESIAN_POINT('',(3.71306627860111,7.00000010430813,-6.850050800102));
#2091=CARTESIAN_POINT('',(3.71306627860111,7.57282889309259,-6.850050800102));
#2092=CARTESIAN_POINT('',(3.71306627860111,6.66688222167215,-6.850050800102));
#2093=CARTESIAN_POINT('',(3.71306627860111,7.00000010430813,-6.000050800102));
#2094=CARTESIAN_POINT('',(3.71306627860111,7.00000010430813,-7.750050800102));
#2095=CARTESIAN_POINT('',(3.71306627860111,7.57282889309259,-6.000050800102));
#2096=CARTESIAN_POINT('',(3.71306627860111,6.66688222167215,-6.000050800102));
#2097=CARTESIAN_POINT('',(3.71306627860111,7.57282889309259,-7.750050800102));
#2098=CARTESIAN_POINT('Origin',(1.80581012824228,7.57282889309259,-7.750050800102));
#2099=CARTESIAN_POINT('',(1.80581012824228,7.57282889309259,-6.850050800102));
#2100=CARTESIAN_POINT('',(3.71306627860111,7.57282889309259,-6.850050800102));
#2101=CARTESIAN_POINT('',(1.80581012824228,7.57282889309259,-6.000050800102));
#2102=CARTESIAN_POINT('',(3.71306627860111,7.57282889309259,-6.000050800102));
#2103=CARTESIAN_POINT('',(1.80581012824228,7.57282889309259,-7.750050800102));
#2104=CARTESIAN_POINT('Origin',(1.80581012824228,6.66688222167215,-7.750050800102));
#2105=CARTESIAN_POINT('',(1.80581012824228,6.66688222167215,-6.850050800102));
#2106=CARTESIAN_POINT('',(1.80581012824228,7.57282889309259,-6.850050800102));
#2107=CARTESIAN_POINT('',(1.80581012824228,6.66688222167215,-6.000050800102));
#2108=CARTESIAN_POINT('',(1.80581012824228,7.57282889309259,-6.000050800102));
#2109=CARTESIAN_POINT('',(1.80581012824228,6.66688222167215,-7.750050800102));
#2110=CARTESIAN_POINT('Origin',(-4.26562195039998,5.1251835001321,-7.750050800102));
#2111=CARTESIAN_POINT('',(-3.23252486895562,5.1251835001321,-6.750050800102));
#2112=CARTESIAN_POINT('',(-4.26562195039998,5.1251835001321,-6.750050800102));
#2113=CARTESIAN_POINT('',(-4.26562195039998,5.1251835001321,-6.750050800102));
#2114=CARTESIAN_POINT('',(-3.23252486895562,5.1251835001321,-6.000050800102));
#2115=CARTESIAN_POINT('',(-3.23252486895562,5.1251835001321,-7.750050800102));
#2116=CARTESIAN_POINT('',(-4.26562195039998,5.1251835001321,-6.000050800102));
#2117=CARTESIAN_POINT('',(-4.26562195039998,5.1251835001321,-6.000050800102));
#2118=CARTESIAN_POINT('',(-4.26562195039998,5.1251835001321,-7.750050800102));
#2119=CARTESIAN_POINT('Origin',(-4.26562195039998,3.4881219710741,-7.750050800102));
#2120=CARTESIAN_POINT('',(-4.26562195039998,3.4881219710741,-6.750050800102));
#2121=CARTESIAN_POINT('',(-4.26562195039998,3.4881219710741,-6.750050800102));
#2122=CARTESIAN_POINT('',(-4.26562195039998,3.4881219710741,-6.000050800102));
#2123=CARTESIAN_POINT('',(-4.26562195039998,3.4881219710741,-6.000050800102));
#2124=CARTESIAN_POINT('',(-4.26562195039998,3.4881219710741,-7.750050800102));
#2125=CARTESIAN_POINT('Origin',(3.09320802973449,3.4881219710741,-7.750050800102));
#2126=CARTESIAN_POINT('',(-3.23252486895562,3.4881219710741,-6.750050800102));
#2127=CARTESIAN_POINT('',(-3.23252486895562,3.4881219710741,-6.750050800102));
#2128=CARTESIAN_POINT('',(-3.23252486895562,3.4881219710741,-6.000050800102));
#2129=CARTESIAN_POINT('',(-3.23252486895562,3.4881219710741,-7.050050800102));
#2130=CARTESIAN_POINT('',(-3.23252486895562,3.4881219710741,-7.050050800102));
#2131=CARTESIAN_POINT('',(-3.23252486895562,3.4881219710741,-7.750050800102));
#2132=CARTESIAN_POINT('Origin',(4.16333634234434E-16,-5.86146799499976E-18,
-6.000050800102));
#2133=CARTESIAN_POINT('',(-3.23252486895562,6.66688222167215,-6.000050800102));
#2134=CARTESIAN_POINT('',(-3.23252486895562,6.66688222167215,-6.000050800102));
#2135=CARTESIAN_POINT('',(3.09320802973449,6.66688222167215,-6.000050800102));
#2136=CARTESIAN_POINT('',(9.,7.00000010430813,-6.000050800102));
#2137=CARTESIAN_POINT('',(7.55718830455888,7.00000010430813,-6.000050800102));
#2138=CARTESIAN_POINT('',(9.,9.,-6.000050800102));
#2139=CARTESIAN_POINT('',(9.,9.,-6.000050800102));
#2140=CARTESIAN_POINT('',(-9.,9.,-6.000050800102));
#2141=CARTESIAN_POINT('',(-9.,9.,-6.000050800102));
#2142=CARTESIAN_POINT('',(-9.,-9.,-6.000050800102));
#2143=CARTESIAN_POINT('',(-9.,-9.,-6.000050800102));
#2144=CARTESIAN_POINT('',(-9.,-9.,-6.000050800102));
#2145=CARTESIAN_POINT('',(-4.26387253702001,-2.71046051759208,-6.000050800102));
#2146=CARTESIAN_POINT('Origin',(-7.28544418846813,-2.71046051759208,-7.750050800102));
#2147=CARTESIAN_POINT('',(-3.64272209423406,-2.71046051759208,-7.750050800102));
#2148=CARTESIAN_POINT('',(-7.28544418846813,-2.71046051759208,-7.150050800102));
#2149=CARTESIAN_POINT('Origin',(-5.77465836274407,-1.86014215055711,-7.150050800102));
#2150=CARTESIAN_POINT('Origin',(1.80581012824228,6.66688222167215,-7.750050800102));
#2151=CARTESIAN_POINT('',(1.80581012824228,6.66688222167215,-6.850050800102));
#2152=CARTESIAN_POINT('',(-3.23252486895562,6.66688222167215,-7.050050800102));
#2153=CARTESIAN_POINT('',(-3.23252486895562,6.66688222167215,-7.750050800102));
#2154=CARTESIAN_POINT('',(3.09320802973449,6.66688222167215,-7.050050800102));
#2155=CARTESIAN_POINT('Origin',(2.7594382034217,7.11985555738237,-6.850050800102));
#2156=CARTESIAN_POINT('',(3.50000005215406,7.00000010430813,-6.850050800102));
#2157=CARTESIAN_POINT('Origin',(-3.23252486895562,3.4881219710741,-7.750050800102));
#2158=CARTESIAN_POINT('',(-3.23252486895562,6.66688222167215,-7.050050800102));
#2159=CARTESIAN_POINT('',(-3.23252486895562,6.66688222167215,-6.750050800102));
#2160=CARTESIAN_POINT('Origin',(-3.7490734096778,4.3066527356031,-6.750050800102));
#2161=CARTESIAN_POINT('Origin',(-0.0696584196105637,5.07750209637312,-7.050050800102));
#2162=CARTESIAN_POINT('Origin',(-9.,-9.,-7.750050800102));
#2163=CARTESIAN_POINT('',(-9.,9.,-9.350050800102));
#2164=CARTESIAN_POINT('',(-9.,9.,-7.750050800102));
#2165=CARTESIAN_POINT('',(-9.,-9.,-9.350050800102));
#2166=CARTESIAN_POINT('',(-9.,-9.,-9.350050800102));
#2167=CARTESIAN_POINT('',(-9.,-9.,-7.750050800102));
#2168=CARTESIAN_POINT('Origin',(9.,-9.,-7.750050800102));
#2169=CARTESIAN_POINT('',(-9.,-9.,-9.350050800102));
#2170=CARTESIAN_POINT('Origin',(9.,7.00000010430813,-7.750050800102));
#2171=CARTESIAN_POINT('',(9.,7.00000010430813,-9.350050800102));
#2172=CARTESIAN_POINT('',(7.55718830455888,7.00000010430813,-9.350050800102));
#2173=CARTESIAN_POINT('',(9.,7.00000010430813,-7.750050800102));
#2174=CARTESIAN_POINT('Origin',(9.,9.,-7.750050800102));
#2175=CARTESIAN_POINT('',(9.,9.,-9.350050800102));
#2176=CARTESIAN_POINT('',(9.,9.,-9.350050800102));
#2177=CARTESIAN_POINT('',(9.,9.,-7.750050800102));
#2178=CARTESIAN_POINT('Origin',(-9.,9.,-7.750050800102));
#2179=CARTESIAN_POINT('',(-9.,9.,-9.350050800102));
#2180=CARTESIAN_POINT('Origin',(4.85722573273506E-16,-1.66533453693773E-15,
-9.350050800102));
#2181=CARTESIAN_POINT('Origin',(8.32667268468867E-16,-1.11022302462516E-15,
-7.750050800102));
#2182=CARTESIAN_POINT('Origin',(2.77555756156289E-16,-3.49999994039536,
-10.1621777232528));
#2183=CARTESIAN_POINT('',(3.88564046931321,-6.99999998673468,-4.09999992697955));
#2184=CARTESIAN_POINT('',(2.49999992593103,-7.7999999865442,-2.71435918063741));
#2185=CARTESIAN_POINT('',(3.7905270518497,-7.05491373829702,-4.00488640875947));
#2186=CARTESIAN_POINT('',(-3.88564046376933,-6.9999999881061,-4.09999992264282));
#2187=CARTESIAN_POINT('',(-1.65,-7.,-4.1));
#2188=CARTESIAN_POINT('',(-2.49999992593103,-7.7999999865442,-2.71435918063741));
#2189=CARTESIAN_POINT('',(-3.83201393838877,-7.03096127318585,-4.04637329529853));
#2190=CARTESIAN_POINT('',(-1.25,-7.8,-2.71435914746835));
#2191=CARTESIAN_POINT('Origin',(5.55111512312578E-16,3.49999994039535,-10.1621777232528));
#2192=CARTESIAN_POINT('',(2.49999992593103,7.79999998654421,-2.71435918063741));
#2193=CARTESIAN_POINT('',(3.88564046376933,6.9999999881061,-4.09999992264283));
#2194=CARTESIAN_POINT('',(3.83201393838876,7.03096127318586,-4.04637329529853));
#2195=CARTESIAN_POINT('',(-2.49999992593103,7.79999998654421,-2.71435918063741));
#2196=CARTESIAN_POINT('',(-1.25,7.8,-2.71435914746835));
#2197=CARTESIAN_POINT('',(-3.88564046376933,6.99999998810611,-4.09999992264283));
#2198=CARTESIAN_POINT('',(-3.7905270518497,7.05491373829703,-4.00488640875947));
#2199=CARTESIAN_POINT('',(1.65,7.,-4.1));
#2200=CARTESIAN_POINT('Origin',(-3.47979583281325,7.23431449125334,0.));
#2201=CARTESIAN_POINT('',(-2.49999994516647,7.7999999781522,-1.2));
#2202=CARTESIAN_POINT('',(-2.5,7.8,-1.5));
#2203=CARTESIAN_POINT('',(-3.88564043661369,7.,-1.2));
#2204=CARTESIAN_POINT('',(-6.36739696498575,5.56715720028128,-1.2));
#2205=CARTESIAN_POINT('',(-3.88564043661369,7.,0.));
#2206=CARTESIAN_POINT('Origin',(9.,-9.6,0.));
#2207=CARTESIAN_POINT('',(9.,9.,0.));
#2208=CARTESIAN_POINT('',(9.,9.,-4.7));
#2209=CARTESIAN_POINT('',(9.,9.,0.));
#2210=CARTESIAN_POINT('',(9.,-9.,0.));
#2211=CARTESIAN_POINT('',(9.,-9.6,0.));
#2212=CARTESIAN_POINT('',(9.,-9.,-4.7));
#2213=CARTESIAN_POINT('',(9.,-9.,0.));
#2214=CARTESIAN_POINT('',(9.,-9.6,-4.7));
#2215=CARTESIAN_POINT('Origin',(-9.6,9.,0.));
#2216=CARTESIAN_POINT('',(-9.,9.,0.));
#2217=CARTESIAN_POINT('',(-9.,9.,-4.7));
#2218=CARTESIAN_POINT('',(-9.,9.,0.));
#2219=CARTESIAN_POINT('',(-9.6,9.,0.));
#2220=CARTESIAN_POINT('',(-9.6,9.,-4.7));
#2221=CARTESIAN_POINT('Origin',(-9.6,-9.,0.));
#2222=CARTESIAN_POINT('',(-9.,-9.,-4.7));
#2223=CARTESIAN_POINT('',(-9.6,-9.,-4.7));
#2224=CARTESIAN_POINT('',(-9.,-9.,0.));
#2225=CARTESIAN_POINT('',(-9.6,-9.,0.));
#2226=CARTESIAN_POINT('',(-9.,-9.,0.));
#2227=CARTESIAN_POINT('Origin',(-9.,-9.6,0.));
#2228=CARTESIAN_POINT('',(-9.,-9.6,-4.7));
#2229=CARTESIAN_POINT('',(-9.,-9.6,0.));
#2230=CARTESIAN_POINT('Origin',(-2.5,-7.8,-1.2));
#2231=CARTESIAN_POINT('',(3.88564043661369,7.,-1.2));
#2232=CARTESIAN_POINT('',(-7.2,7.,-1.2));
#2233=CARTESIAN_POINT('',(2.49999994516647,7.7999999781522,-1.2));
#2234=CARTESIAN_POINT('',(-2.5,7.8,-1.2));
#2235=CARTESIAN_POINT('',(4.00249901642912,6.93253166748644,-1.2));
#2236=CARTESIAN_POINT('Origin',(-2.5,-7.8,-1.2));
#2237=CARTESIAN_POINT('',(-2.49999994516648,-7.7999999781522,-1.2));
#2238=CARTESIAN_POINT('',(2.49999994516647,-7.7999999781522,-1.2));
#2239=CARTESIAN_POINT('',(-2.5,-7.8,-1.2));
#2240=CARTESIAN_POINT('',(-3.88564043661368,-7.,-1.2));
#2241=CARTESIAN_POINT('',(-2.49999994166981,-7.79999991275589,-1.2));
#2242=CARTESIAN_POINT('',(3.88564043661369,-7.,-1.2));
#2243=CARTESIAN_POINT('',(-7.2,-7.,-1.2));
#2244=CARTESIAN_POINT('',(1.11489789022645,-8.59968895501182,-1.2));
#2245=CARTESIAN_POINT('Origin',(-2.5,7.8,-1.5));
#2246=CARTESIAN_POINT('',(2.5,7.8,-1.5));
#2247=CARTESIAN_POINT('Origin',(-7.2,7.,0.));
#2248=CARTESIAN_POINT('',(-7.,7.,-4.7));
#2249=CARTESIAN_POINT('',(7.,7.,-4.7));
#2250=CARTESIAN_POINT('',(-7.2,7.,-4.7));
#2251=CARTESIAN_POINT('',(7.,7.,0.));
#2252=CARTESIAN_POINT('',(7.,7.,0.));
#2253=CARTESIAN_POINT('',(-7.,7.,0.));
#2254=CARTESIAN_POINT('',(-7.2,7.,0.));
#2255=CARTESIAN_POINT('',(-7.,7.,0.));
#2256=CARTESIAN_POINT('',(3.88564043661369,7.,-0.75));
#2257=CARTESIAN_POINT('Origin',(7.,-7.2,0.));
#2258=CARTESIAN_POINT('',(7.,-7.,-4.7));
#2259=CARTESIAN_POINT('',(7.,-7.2,-4.7));
#2260=CARTESIAN_POINT('',(7.,-7.,0.));
#2261=CARTESIAN_POINT('',(7.,-7.,0.));
#2262=CARTESIAN_POINT('',(7.,-9.6,0.));
#2263=CARTESIAN_POINT('Origin',(-2.5,-7.8,-1.5));
#2264=CARTESIAN_POINT('',(-2.5,-7.8,-1.5));
#2265=CARTESIAN_POINT('',(2.5,-7.8,-1.5));
#2266=CARTESIAN_POINT('Origin',(-7.2,-7.,0.));
#2267=CARTESIAN_POINT('',(-7.,-7.,-4.7));
#2268=CARTESIAN_POINT('',(-7.2,-7.,-4.7));
#2269=CARTESIAN_POINT('',(-7.,-7.,0.));
#2270=CARTESIAN_POINT('',(-7.,-7.,0.));
#2271=CARTESIAN_POINT('',(-7.2,-7.,0.));
#2272=CARTESIAN_POINT('',(3.88564043661369,-7.,0.));
#2273=CARTESIAN_POINT('',(-3.88564043661368,-7.,-0.75));
#2274=CARTESIAN_POINT('Origin',(-7.,-7.2,0.));
#2275=CARTESIAN_POINT('',(-7.,-7.2,-4.7));
#2276=CARTESIAN_POINT('',(-7.,-9.6,0.));
#2277=CARTESIAN_POINT('Origin',(-9.6,-9.6,0.));
#2278=CARTESIAN_POINT('Origin',(-9.6,-9.6,-4.7));
#2279=CARTESIAN_POINT('Origin',(2.49999993569998,7.79999991620258,-1.5));
#2280=CARTESIAN_POINT('Origin',(3.47979583281325,-7.23431449125334,0.));
#2281=CARTESIAN_POINT('Origin',(-2.49999993569998,-7.79999991620258,-1.5));
#2282=CARTESIAN_POINT('',(0.,0.,0.));
#2283=UNCERTAINTY_MEASURE_WITH_UNIT(LENGTH_MEASURE(0.01),#2289,
'DISTANCE_ACCURACY_VALUE',
'Maximum model space distance between geometric entities at asserted c
onnectivities');
#2284=UNCERTAINTY_MEASURE_WITH_UNIT(LENGTH_MEASURE(0.01),#2289,
'DISTANCE_ACCURACY_VALUE',
'Maximum model space distance between geometric entities at asserted c
onnectivities');
#2285=UNCERTAINTY_MEASURE_WITH_UNIT(LENGTH_MEASURE(0.01),#2289,
'DISTANCE_ACCURACY_VALUE',
'Maximum model space distance between geometric entities at asserted c
onnectivities');
#2286=(
GEOMETRIC_REPRESENTATION_CONTEXT(3)
GLOBAL_UNCERTAINTY_ASSIGNED_CONTEXT((#2283))
GLOBAL_UNIT_ASSIGNED_CONTEXT((#2289,#2291,#2292))
REPRESENTATION_CONTEXT('','3D')
);
#2287=(
GEOMETRIC_REPRESENTATION_CONTEXT(3)
GLOBAL_UNCERTAINTY_ASSIGNED_CONTEXT((#2284))
GLOBAL_UNIT_ASSIGNED_CONTEXT((#2289,#2291,#2292))
REPRESENTATION_CONTEXT('','3D')
);
#2288=(
GEOMETRIC_REPRESENTATION_CONTEXT(3)
GLOBAL_UNCERTAINTY_ASSIGNED_CONTEXT((#2285))
GLOBAL_UNIT_ASSIGNED_CONTEXT((#2289,#2291,#2292))
REPRESENTATION_CONTEXT('','3D')
);
#2289=(
LENGTH_UNIT()
NAMED_UNIT(*)
SI_UNIT(.MILLI.,.METRE.)
);
#2290=(
LENGTH_UNIT()
NAMED_UNIT(*)
SI_UNIT($,.METRE.)
);
#2291=(
NAMED_UNIT(*)
PLANE_ANGLE_UNIT()
SI_UNIT($,.RADIAN.)
);
#2292=(
NAMED_UNIT(*)
SI_UNIT($,.STERADIAN.)
SOLID_ANGLE_UNIT()
);
#2293=SHAPE_DEFINITION_REPRESENTATION(#2295,#2298);
#2294=SHAPE_DEFINITION_REPRESENTATION(#2296,#2299);
#2295=PRODUCT_DEFINITION_SHAPE('',$,#2301);
#2296=PRODUCT_DEFINITION_SHAPE('',$,#2302);
#2297=PRODUCT_DEFINITION_SHAPE($,$,#14);
#2298=SHAPE_REPRESENTATION('',(#1432,#1521),#2286);
#2299=SHAPE_REPRESENTATION('',(#1433),#2287);
#2300=PRODUCT_DEFINITION_CONTEXT('part definition',#2308,'design');
#2301=PRODUCT_DEFINITION('2025-10-30-23-20-08-347',
'22mm midplate sockets',#2303,#2300);
#2302=PRODUCT_DEFINITION('2025-10-30-21-24-34-884','Con MX 22mm',#2304,
#2300);
#2303=PRODUCT_DEFINITION_FORMATION('',$,#2310);
#2304=PRODUCT_DEFINITION_FORMATION('',$,#2311);
#2305=PRODUCT_RELATED_PRODUCT_CATEGORY('22mm midplate sockets',
'22mm midplate sockets',(#2310));
#2306=PRODUCT_RELATED_PRODUCT_CATEGORY('Con MX 22mm','Con MX 22mm',(#2311));
#2307=APPLICATION_PROTOCOL_DEFINITION('international standard',
'automotive_design',2009,#2308);
#2308=APPLICATION_CONTEXT(
'Core Data for Automotive Mechanical Design Process');
#2309=PRODUCT_CONTEXT('part definition',#2308,'mechanical');
#2310=PRODUCT('2025-10-30-23-20-08-347','22mm midplate sockets',$,(#2309));
#2311=PRODUCT('2025-10-30-21-24-34-884','Con MX 22mm',$,(#2309));
#2312=PRESENTATION_STYLE_ASSIGNMENT((#2314));
#2313=PRESENTATION_STYLE_ASSIGNMENT((#2315));
#2314=SURFACE_STYLE_USAGE(.BOTH.,#2316);
#2315=SURFACE_STYLE_USAGE(.BOTH.,#2317);
#2316=SURFACE_SIDE_STYLE('',(#2318));
#2317=SURFACE_SIDE_STYLE('',(#2319));
#2318=SURFACE_STYLE_FILL_AREA(#2320);
#2319=SURFACE_STYLE_FILL_AREA(#2321);
#2320=FILL_AREA_STYLE('Steel - Satin',(#2322));
#2321=FILL_AREA_STYLE('Opaque(234,234,234)',(#2323));
#2322=FILL_AREA_STYLE_COLOUR('Steel - Satin',#2324);
#2323=FILL_AREA_STYLE_COLOUR('Opaque(234,234,234)',#2325);
#2324=COLOUR_RGB('Steel - Satin',0.627450980392157,0.627450980392157,0.627450980392157);
#2325=COLOUR_RGB('Opaque(234,234,234)',0.917647058823529,0.917647058823529,
0.917647058823529);
ENDSEC;
END-ISO-10303-21;
