ISO-10303-21;
HEADER;
/* Generated by software containing ST-Developer
 * from STEP Tools, Inc. (www.steptools.com) 
 */

FILE_DESCRIPTION(
/* description */ ('Designed by EasyEDA Pro'),
/* implementation_level */ '2;1');

FILE_NAME(
/* name */ 'key-choc-skree-ff-con.step',
/* time_stamp */ '2026-01-02T22:14:19-05:00',
/* author */ (''),
/* organization */ (''),
/* preprocessor_version */ 'ST-DEVELOPER v20.1',
/* originating_system */ 'Autodesk Translation Framework v14.21.0.0',
/* authorisation */ '');

FILE_SCHEMA (('AUTOMOTIVE_DESIGN { 1 0 10303 214 3 1 1 }'));
ENDSEC;

DATA;
#10=MECHANICAL_DESIGN_GEOMETRIC_PRESENTATION_REPRESENTATION('',(#34,#35),
#2911);
#11=CYLINDRICAL_SURFACE('',#1873,1.650012700025);
#12=CYLINDRICAL_SURFACE('',#1902,0.924993649987);
#13=CYLINDRICAL_SURFACE('',#1910,0.924993649986998);
#14=CIRCLE('',#1871,1.650012700025);
#15=CIRCLE('',#1874,1.650012700025);
#16=CIRCLE('',#1875,1.650012700025);
#17=CIRCLE('',#1876,1.650012700025);
#18=CIRCLE('',#1893,0.924993649986998);
#19=CIRCLE('',#1895,0.924993649987);
#20=CIRCLE('',#1903,0.924993649987);
#21=CIRCLE('',#1911,0.924993649986998);
#22=ITEM_DEFINED_TRANSFORMATION($,$,#1841,#1864);
#23=ITEM_DEFINED_TRANSFORMATION($,$,#1840,#1940);
#24=(
REPRESENTATION_RELATIONSHIP($,$,#2926,#2925)
REPRESENTATION_RELATIONSHIP_WITH_TRANSFORMATION(#22)
SHAPE_REPRESENTATION_RELATIONSHIP()
);
#25=(
REPRESENTATION_RELATIONSHIP($,$,#2925,#2924)
REPRESENTATION_RELATIONSHIP_WITH_TRANSFORMATION(#23)
SHAPE_REPRESENTATION_RELATIONSHIP()
);
#26=CONTEXT_DEPENDENT_SHAPE_REPRESENTATION(#24,#2922);
#27=CONTEXT_DEPENDENT_SHAPE_REPRESENTATION(#25,#2923);
#28=NEXT_ASSEMBLY_USAGE_OCCURRENCE('Switch Holders:1',
'Switch Holders:1','Switch Holders:1',#2929,#2930,'Switch Holders:1');
#29=NEXT_ASSEMBLY_USAGE_OCCURRENCE('choc socket:1','choc socket:1',
'choc socket:1',#2928,#2929,'choc socket:1');
#30=SHAPE_REPRESENTATION_RELATIONSHIP('SRR','None',#2926,#32);
#31=SHAPE_REPRESENTATION_RELATIONSHIP('SRR','None',#2924,#33);
#32=ADVANCED_BREP_SHAPE_REPRESENTATION('',(#36),#2910);
#33=ADVANCED_BREP_SHAPE_REPRESENTATION('',(#37),#2908);
#34=STYLED_ITEM('',(#2943),#36);
#35=STYLED_ITEM('',(#2943),#37);
#36=MANIFOLD_SOLID_BREP('Body1',#1825);
#37=MANIFOLD_SOLID_BREP('Body2',#1826);
#38=FACE_BOUND('',#153,.T.);
#39=FACE_BOUND('',#155,.T.);
#40=FACE_BOUND('',#161,.T.);
#41=FACE_BOUND('',#162,.T.);
#42=FACE_BOUND('',#163,.T.);
#43=FACE_BOUND('',#173,.T.);
#44=FACE_BOUND('',#174,.T.);
#45=FACE_BOUND('',#232,.T.);
#46=FACE_BOUND('',#233,.T.);
#47=FACE_OUTER_BOUND('',#136,.T.);
#48=FACE_OUTER_BOUND('',#137,.T.);
#49=FACE_OUTER_BOUND('',#138,.T.);
#50=FACE_OUTER_BOUND('',#139,.T.);
#51=FACE_OUTER_BOUND('',#140,.T.);
#52=FACE_OUTER_BOUND('',#141,.T.);
#53=FACE_OUTER_BOUND('',#142,.T.);
#54=FACE_OUTER_BOUND('',#143,.T.);
#55=FACE_OUTER_BOUND('',#144,.T.);
#56=FACE_OUTER_BOUND('',#145,.T.);
#57=FACE_OUTER_BOUND('',#146,.T.);
#58=FACE_OUTER_BOUND('',#147,.T.);
#59=FACE_OUTER_BOUND('',#148,.T.);
#60=FACE_OUTER_BOUND('',#149,.T.);
#61=FACE_OUTER_BOUND('',#150,.T.);
#62=FACE_OUTER_BOUND('',#151,.T.);
#63=FACE_OUTER_BOUND('',#152,.T.);
#64=FACE_OUTER_BOUND('',#154,.T.);
#65=FACE_OUTER_BOUND('',#156,.T.);
#66=FACE_OUTER_BOUND('',#157,.T.);
#67=FACE_OUTER_BOUND('',#158,.T.);
#68=FACE_OUTER_BOUND('',#159,.T.);
#69=FACE_OUTER_BOUND('',#160,.T.);
#70=FACE_OUTER_BOUND('',#164,.T.);
#71=FACE_OUTER_BOUND('',#165,.T.);
#72=FACE_OUTER_BOUND('',#166,.T.);
#73=FACE_OUTER_BOUND('',#167,.T.);
#74=FACE_OUTER_BOUND('',#168,.T.);
#75=FACE_OUTER_BOUND('',#169,.T.);
#76=FACE_OUTER_BOUND('',#170,.T.);
#77=FACE_OUTER_BOUND('',#171,.T.);
#78=FACE_OUTER_BOUND('',#172,.T.);
#79=FACE_OUTER_BOUND('',#175,.T.);
#80=FACE_OUTER_BOUND('',#176,.T.);
#81=FACE_OUTER_BOUND('',#177,.T.);
#82=FACE_OUTER_BOUND('',#178,.T.);
#83=FACE_OUTER_BOUND('',#179,.T.);
#84=FACE_OUTER_BOUND('',#180,.T.);
#85=FACE_OUTER_BOUND('',#181,.T.);
#86=FACE_OUTER_BOUND('',#182,.T.);
#87=FACE_OUTER_BOUND('',#183,.T.);
#88=FACE_OUTER_BOUND('',#184,.T.);
#89=FACE_OUTER_BOUND('',#185,.T.);
#90=FACE_OUTER_BOUND('',#186,.T.);
#91=FACE_OUTER_BOUND('',#187,.T.);
#92=FACE_OUTER_BOUND('',#188,.T.);
#93=FACE_OUTER_BOUND('',#189,.T.);
#94=FACE_OUTER_BOUND('',#190,.T.);
#95=FACE_OUTER_BOUND('',#191,.T.);
#96=FACE_OUTER_BOUND('',#192,.T.);
#97=FACE_OUTER_BOUND('',#193,.T.);
#98=FACE_OUTER_BOUND('',#194,.T.);
#99=FACE_OUTER_BOUND('',#195,.T.);
#100=FACE_OUTER_BOUND('',#196,.T.);
#101=FACE_OUTER_BOUND('',#197,.T.);
#102=FACE_OUTER_BOUND('',#198,.T.);
#103=FACE_OUTER_BOUND('',#199,.T.);
#104=FACE_OUTER_BOUND('',#200,.T.);
#105=FACE_OUTER_BOUND('',#201,.T.);
#106=FACE_OUTER_BOUND('',#202,.T.);
#107=FACE_OUTER_BOUND('',#203,.T.);
#108=FACE_OUTER_BOUND('',#204,.T.);
#109=FACE_OUTER_BOUND('',#205,.T.);
#110=FACE_OUTER_BOUND('',#206,.T.);
#111=FACE_OUTER_BOUND('',#207,.T.);
#112=FACE_OUTER_BOUND('',#208,.T.);
#113=FACE_OUTER_BOUND('',#209,.T.);
#114=FACE_OUTER_BOUND('',#210,.T.);
#115=FACE_OUTER_BOUND('',#211,.T.);
#116=FACE_OUTER_BOUND('',#212,.T.);
#117=FACE_OUTER_BOUND('',#213,.T.);
#118=FACE_OUTER_BOUND('',#214,.T.);
#119=FACE_OUTER_BOUND('',#215,.T.);
#120=FACE_OUTER_BOUND('',#216,.T.);
#121=FACE_OUTER_BOUND('',#217,.T.);
#122=FACE_OUTER_BOUND('',#218,.T.);
#123=FACE_OUTER_BOUND('',#219,.T.);
#124=FACE_OUTER_BOUND('',#220,.T.);
#125=FACE_OUTER_BOUND('',#221,.T.);
#126=FACE_OUTER_BOUND('',#222,.T.);
#127=FACE_OUTER_BOUND('',#223,.T.);
#128=FACE_OUTER_BOUND('',#224,.T.);
#129=FACE_OUTER_BOUND('',#225,.T.);
#130=FACE_OUTER_BOUND('',#226,.T.);
#131=FACE_OUTER_BOUND('',#227,.T.);
#132=FACE_OUTER_BOUND('',#228,.T.);
#133=FACE_OUTER_BOUND('',#229,.T.);
#134=FACE_OUTER_BOUND('',#230,.T.);
#135=FACE_OUTER_BOUND('',#231,.T.);
#136=EDGE_LOOP('',(#1144,#1145,#1146,#1147));
#137=EDGE_LOOP('',(#1148,#1149,#1150,#1151));
#138=EDGE_LOOP('',(#1152,#1153,#1154,#1155));
#139=EDGE_LOOP('',(#1156,#1157,#1158,#1159));
#140=EDGE_LOOP('',(#1160,#1161,#1162,#1163));
#141=EDGE_LOOP('',(#1164,#1165,#1166,#1167));
#142=EDGE_LOOP('',(#1168,#1169,#1170,#1171,#1172,#1173,#1174,#1175));
#143=EDGE_LOOP('',(#1176,#1177,#1178,#1179,#1180,#1181,#1182,#1183));
#144=EDGE_LOOP('',(#1184,#1185,#1186,#1187,#1188,#1189,#1190,#1191));
#145=EDGE_LOOP('',(#1192,#1193,#1194,#1195));
#146=EDGE_LOOP('',(#1196,#1197,#1198,#1199));
#147=EDGE_LOOP('',(#1200,#1201,#1202,#1203,#1204,#1205,#1206,#1207));
#148=EDGE_LOOP('',(#1208,#1209,#1210,#1211,#1212,#1213,#1214,#1215));
#149=EDGE_LOOP('',(#1216,#1217,#1218,#1219));
#150=EDGE_LOOP('',(#1220,#1221,#1222,#1223));
#151=EDGE_LOOP('',(#1224,#1225,#1226,#1227,#1228,#1229,#1230,#1231));
#152=EDGE_LOOP('',(#1232,#1233,#1234,#1235));
#153=EDGE_LOOP('',(#1236,#1237,#1238,#1239));
#154=EDGE_LOOP('',(#1240,#1241,#1242,#1243));
#155=EDGE_LOOP('',(#1244,#1245,#1246,#1247));
#156=EDGE_LOOP('',(#1248,#1249,#1250,#1251));
#157=EDGE_LOOP('',(#1252,#1253,#1254,#1255));
#158=EDGE_LOOP('',(#1256,#1257,#1258,#1259));
#159=EDGE_LOOP('',(#1260,#1261,#1262,#1263));
#160=EDGE_LOOP('',(#1264,#1265,#1266,#1267));
#161=EDGE_LOOP('',(#1268,#1269,#1270,#1271));
#162=EDGE_LOOP('',(#1272,#1273,#1274,#1275));
#163=EDGE_LOOP('',(#1276,#1277,#1278,#1279,#1280,#1281,#1282,#1283));
#164=EDGE_LOOP('',(#1284,#1285,#1286,#1287));
#165=EDGE_LOOP('',(#1288,#1289,#1290,#1291));
#166=EDGE_LOOP('',(#1292,#1293,#1294,#1295,#1296,#1297));
#167=EDGE_LOOP('',(#1298,#1299,#1300,#1301,#1302,#1303,#1304,#1305));
#168=EDGE_LOOP('',(#1306,#1307,#1308,#1309,#1310,#1311,#1312,#1313));
#169=EDGE_LOOP('',(#1314,#1315,#1316,#1317,#1318,#1319));
#170=EDGE_LOOP('',(#1320,#1321,#1322,#1323,#1324,#1325,#1326,#1327));
#171=EDGE_LOOP('',(#1328,#1329,#1330));
#172=EDGE_LOOP('',(#1331,#1332,#1333,#1334,#1335,#1336,#1337,#1338,#1339,
#1340,#1341,#1342,#1343,#1344,#1345,#1346,#1347,#1348,#1349,#1350));
#173=EDGE_LOOP('',(#1351,#1352,#1353,#1354));
#174=EDGE_LOOP('',(#1355,#1356,#1357,#1358));
#175=EDGE_LOOP('',(#1359,#1360,#1361,#1362));
#176=EDGE_LOOP('',(#1363,#1364,#1365,#1366));
#177=EDGE_LOOP('',(#1367,#1368,#1369,#1370));
#178=EDGE_LOOP('',(#1371,#1372,#1373,#1374));
#179=EDGE_LOOP('',(#1375,#1376,#1377,#1378));
#180=EDGE_LOOP('',(#1379,#1380,#1381,#1382));
#181=EDGE_LOOP('',(#1383,#1384,#1385,#1386));
#182=EDGE_LOOP('',(#1387,#1388,#1389,#1390));
#183=EDGE_LOOP('',(#1391,#1392,#1393,#1394));
#184=EDGE_LOOP('',(#1395,#1396,#1397,#1398,#1399,#1400));
#185=EDGE_LOOP('',(#1401,#1402,#1403,#1404,#1405));
#186=EDGE_LOOP('',(#1406,#1407,#1408,#1409));
#187=EDGE_LOOP('',(#1410,#1411,#1412,#1413));
#188=EDGE_LOOP('',(#1414));
#189=EDGE_LOOP('',(#1415,#1416,#1417,#1418,#1419,#1420,#1421));
#190=EDGE_LOOP('',(#1422,#1423,#1424,#1425));
#191=EDGE_LOOP('',(#1426,#1427,#1428,#1429));
#192=EDGE_LOOP('',(#1430,#1431,#1432,#1433,#1434));
#193=EDGE_LOOP('',(#1435,#1436,#1437,#1438,#1439,#1440,#1441,#1442,#1443));
#194=EDGE_LOOP('',(#1444,#1445,#1446,#1447));
#195=EDGE_LOOP('',(#1448,#1449,#1450,#1451));
#196=EDGE_LOOP('',(#1452,#1453,#1454,#1455));
#197=EDGE_LOOP('',(#1456,#1457,#1458,#1459));
#198=EDGE_LOOP('',(#1460,#1461,#1462,#1463));
#199=EDGE_LOOP('',(#1464,#1465,#1466,#1467));
#200=EDGE_LOOP('',(#1468,#1469,#1470,#1471,#1472,#1473,#1474,#1475,#1476,
#1477));
#201=EDGE_LOOP('',(#1478,#1479,#1480,#1481));
#202=EDGE_LOOP('',(#1482,#1483,#1484,#1485));
#203=EDGE_LOOP('',(#1486,#1487,#1488,#1489));
#204=EDGE_LOOP('',(#1490,#1491,#1492,#1493,#1494));
#205=EDGE_LOOP('',(#1495,#1496,#1497,#1498,#1499));
#206=EDGE_LOOP('',(#1500,#1501,#1502,#1503));
#207=EDGE_LOOP('',(#1504,#1505,#1506,#1507,#1508));
#208=EDGE_LOOP('',(#1509,#1510,#1511,#1512));
#209=EDGE_LOOP('',(#1513,#1514,#1515,#1516));
#210=EDGE_LOOP('',(#1517,#1518,#1519,#1520,#1521,#1522));
#211=EDGE_LOOP('',(#1523,#1524,#1525,#1526,#1527));
#212=EDGE_LOOP('',(#1528,#1529,#1530,#1531));
#213=EDGE_LOOP('',(#1532,#1533,#1534,#1535));
#214=EDGE_LOOP('',(#1536,#1537,#1538,#1539));
#215=EDGE_LOOP('',(#1540,#1541,#1542,#1543));
#216=EDGE_LOOP('',(#1544,#1545,#1546,#1547));
#217=EDGE_LOOP('',(#1548,#1549,#1550,#1551));
#218=EDGE_LOOP('',(#1552,#1553,#1554,#1555));
#219=EDGE_LOOP('',(#1556,#1557,#1558,#1559));
#220=EDGE_LOOP('',(#1560,#1561,#1562,#1563));
#221=EDGE_LOOP('',(#1564,#1565,#1566,#1567));
#222=EDGE_LOOP('',(#1568,#1569,#1570,#1571));
#223=EDGE_LOOP('',(#1572,#1573,#1574,#1575));
#224=EDGE_LOOP('',(#1576,#1577,#1578,#1579));
#225=EDGE_LOOP('',(#1580,#1581,#1582,#1583));
#226=EDGE_LOOP('',(#1584,#1585,#1586,#1587));
#227=EDGE_LOOP('',(#1588,#1589,#1590,#1591,#1592,#1593,#1594,#1595,#1596,
#1597));
#228=EDGE_LOOP('',(#1598,#1599,#1600,#1601));
#229=EDGE_LOOP('',(#1602,#1603,#1604,#1605));
#230=EDGE_LOOP('',(#1606,#1607,#1608,#1609));
#231=EDGE_LOOP('',(#1610,#1611,#1612,#1613,#1614,#1615,#1616,#1617,#1618,
#1619,#1620,#1621,#1622,#1623,#1624,#1625,#1626,#1627,#1628,#1629,#1630,
#1631,#1632,#1633,#1634,#1635,#1636,#1637,#1638,#1639,#1640,#1641,#1642,
#1643,#1644,#1645,#1646,#1647));
#232=EDGE_LOOP('',(#1648));
#233=EDGE_LOOP('',(#1649));
#234=LINE('',#2396,#479);
#235=LINE('',#2398,#480);
#236=LINE('',#2400,#481);
#237=LINE('',#2401,#482);
#238=LINE('',#2405,#483);
#239=LINE('',#2407,#484);
#240=LINE('',#2409,#485);
#241=LINE('',#2410,#486);
#242=LINE('',#2412,#487);
#243=LINE('',#2413,#488);
#244=LINE('',#2417,#489);
#245=LINE('',#2419,#490);
#246=LINE('',#2421,#491);
#247=LINE('',#2422,#492);
#248=LINE('',#2426,#493);
#249=LINE('',#2428,#494);
#250=LINE('',#2430,#495);
#251=LINE('',#2431,#496);
#252=LINE('',#2433,#497);
#253=LINE('',#2434,#498);
#254=LINE('',#2437,#499);
#255=LINE('',#2439,#500);
#256=LINE('',#2441,#501);
#257=LINE('',#2443,#502);
#258=LINE('',#2444,#503);
#259=LINE('',#2447,#504);
#260=LINE('',#2449,#505);
#261=LINE('',#2450,#506);
#262=LINE('',#2452,#507);
#263=LINE('',#2453,#508);
#264=LINE('',#2456,#509);
#265=LINE('',#2457,#510);
#266=LINE('',#2459,#511);
#267=LINE('',#2461,#512);
#268=LINE('',#2462,#513);
#269=LINE('',#2465,#514);
#270=LINE('',#2466,#515);
#271=LINE('',#2469,#516);
#272=LINE('',#2470,#517);
#273=LINE('',#2472,#518);
#274=LINE('',#2475,#519);
#275=LINE('',#2477,#520);
#276=LINE('',#2478,#521);
#277=LINE('',#2481,#522);
#278=LINE('',#2482,#523);
#279=LINE('',#2485,#524);
#280=LINE('',#2486,#525);
#281=LINE('',#2488,#526);
#282=LINE('',#2492,#527);
#283=LINE('',#2494,#528);
#284=LINE('',#2496,#529);
#285=LINE('',#2497,#530);
#286=LINE('',#2501,#531);
#287=LINE('',#2503,#532);
#288=LINE('',#2505,#533);
#289=LINE('',#2506,#534);
#290=LINE('',#2508,#535);
#291=LINE('',#2509,#536);
#292=LINE('',#2511,#537);
#293=LINE('',#2513,#538);
#294=LINE('',#2519,#539);
#295=LINE('',#2521,#540);
#296=LINE('',#2523,#541);
#297=LINE('',#2524,#542);
#298=LINE('',#2527,#543);
#299=LINE('',#2529,#544);
#300=LINE('',#2531,#545);
#301=LINE('',#2532,#546);
#302=LINE('',#2535,#547);
#303=LINE('',#2537,#548);
#304=LINE('',#2539,#549);
#305=LINE('',#2540,#550);
#306=LINE('',#2543,#551);
#307=LINE('',#2545,#552);
#308=LINE('',#2547,#553);
#309=LINE('',#2549,#554);
#310=LINE('',#2551,#555);
#311=LINE('',#2553,#556);
#312=LINE('',#2555,#557);
#313=LINE('',#2556,#558);
#314=LINE('',#2559,#559);
#315=LINE('',#2561,#560);
#316=LINE('',#2562,#561);
#317=LINE('',#2565,#562);
#318=LINE('',#2567,#563);
#319=LINE('',#2568,#564);
#320=LINE('',#2571,#565);
#321=LINE('',#2573,#566);
#322=LINE('',#2574,#567);
#323=LINE('',#2577,#568);
#324=LINE('',#2579,#569);
#325=LINE('',#2581,#570);
#326=LINE('',#2583,#571);
#327=LINE('',#2585,#572);
#328=LINE('',#2586,#573);
#329=LINE('',#2589,#574);
#330=LINE('',#2591,#575);
#331=LINE('',#2593,#576);
#332=LINE('',#2594,#577);
#333=LINE('',#2598,#578);
#334=LINE('',#2600,#579);
#335=LINE('',#2601,#580);
#336=LINE('',#2606,#581);
#337=LINE('',#2613,#582);
#338=LINE('',#2615,#583);
#339=LINE('',#2617,#584);
#340=LINE('',#2619,#585);
#341=LINE('',#2621,#586);
#342=LINE('',#2623,#587);
#343=LINE('',#2625,#588);
#344=LINE('',#2627,#589);
#345=LINE('',#2629,#590);
#346=LINE('',#2631,#591);
#347=LINE('',#2633,#592);
#348=LINE('',#2635,#593);
#349=LINE('',#2637,#594);
#350=LINE('',#2639,#595);
#351=LINE('',#2641,#596);
#352=LINE('',#2643,#597);
#353=LINE('',#2645,#598);
#354=LINE('',#2647,#599);
#355=LINE('',#2649,#600);
#356=LINE('',#2650,#601);
#357=LINE('',#2653,#602);
#358=LINE('',#2655,#603);
#359=LINE('',#2657,#604);
#360=LINE('',#2658,#605);
#361=LINE('',#2661,#606);
#362=LINE('',#2663,#607);
#363=LINE('',#2665,#608);
#364=LINE('',#2666,#609);
#365=LINE('',#2668,#610);
#366=LINE('',#2669,#611);
#367=LINE('',#2671,#612);
#368=LINE('',#2673,#613);
#369=LINE('',#2676,#614);
#370=LINE('',#2677,#615);
#371=LINE('',#2679,#616);
#372=LINE('',#2681,#617);
#373=LINE('',#2686,#618);
#374=LINE('',#2687,#619);
#375=LINE('',#2688,#620);
#376=LINE('',#2691,#621);
#377=LINE('',#2693,#622);
#378=LINE('',#2695,#623);
#379=LINE('',#2697,#624);
#380=LINE('',#2698,#625);
#381=LINE('',#2701,#626);
#382=LINE('',#2702,#627);
#383=LINE('',#2705,#628);
#384=LINE('',#2706,#629);
#385=LINE('',#2709,#630);
#386=LINE('',#2710,#631);
#387=LINE('',#2717,#632);
#388=LINE('',#2719,#633);
#389=LINE('',#2721,#634);
#390=LINE('',#2723,#635);
#391=LINE('',#2725,#636);
#392=LINE('',#2727,#637);
#393=LINE('',#2731,#638);
#394=LINE('',#2733,#639);
#395=LINE('',#2734,#640);
#396=LINE('',#2737,#641);
#397=LINE('',#2738,#642);
#398=LINE('',#2741,#643);
#399=LINE('',#2743,#644);
#400=LINE('',#2744,#645);
#401=LINE('',#2747,#646);
#402=LINE('',#2749,#647);
#403=LINE('',#2750,#648);
#404=LINE('',#2752,#649);
#405=LINE('',#2753,#650);
#406=LINE('',#2756,#651);
#407=LINE('',#2758,#652);
#408=LINE('',#2759,#653);
#409=LINE('',#2762,#654);
#410=LINE('',#2763,#655);
#411=LINE('',#2767,#656);
#412=LINE('',#2769,#657);
#413=LINE('',#2772,#658);
#414=LINE('',#2774,#659);
#415=LINE('',#2775,#660);
#416=LINE('',#2777,#661);
#417=LINE('',#2779,#662);
#418=LINE('',#2781,#663);
#419=LINE('',#2782,#664);
#420=LINE('',#2785,#665);
#421=LINE('',#2787,#666);
#422=LINE('',#2788,#667);
#423=LINE('',#2791,#668);
#424=LINE('',#2792,#669);
#425=LINE('',#2795,#670);
#426=LINE('',#2799,#671);
#427=LINE('',#2800,#672);
#428=LINE('',#2802,#673);
#429=LINE('',#2805,#674);
#430=LINE('',#2806,#675);
#431=LINE('',#2809,#676);
#432=LINE('',#2810,#677);
#433=LINE('',#2813,#678);
#434=LINE('',#2814,#679);
#435=LINE('',#2817,#680);
#436=LINE('',#2818,#681);
#437=LINE('',#2820,#682);
#438=LINE('',#2823,#683);
#439=LINE('',#2824,#684);
#440=LINE('',#2827,#685);
#441=LINE('',#2828,#686);
#442=LINE('',#2831,#687);
#443=LINE('',#2832,#688);
#444=LINE('',#2835,#689);
#445=LINE('',#2836,#690);
#446=LINE('',#2839,#691);
#447=LINE('',#2840,#692);
#448=LINE('',#2843,#693);
#449=LINE('',#2844,#694);
#450=LINE('',#2847,#695);
#451=LINE('',#2848,#696);
#452=LINE('',#2851,#697);
#453=LINE('',#2852,#698);
#454=LINE('',#2855,#699);
#455=LINE('',#2856,#700);
#456=LINE('',#2859,#701);
#457=LINE('',#2860,#702);
#458=LINE('',#2863,#703);
#459=LINE('',#2864,#704);
#460=LINE('',#2867,#705);
#461=LINE('',#2868,#706);
#462=LINE('',#2871,#707);
#463=LINE('',#2872,#708);
#464=LINE('',#2875,#709);
#465=LINE('',#2876,#710);
#466=LINE('',#2879,#711);
#467=LINE('',#2880,#712);
#468=LINE('',#2883,#713);
#469=LINE('',#2884,#714);
#470=LINE('',#2887,#715);
#471=LINE('',#2889,#716);
#472=LINE('',#2890,#717);
#473=LINE('',#2891,#718);
#474=LINE('',#2894,#719);
#475=LINE('',#2895,#720);
#476=LINE('',#2898,#721);
#477=LINE('',#2899,#722);
#478=LINE('',#2901,#723);
#479=VECTOR('',#1949,10.);
#480=VECTOR('',#1950,10.);
#481=VECTOR('',#1951,10.);
#482=VECTOR('',#1952,10.);
#483=VECTOR('',#1955,10.);
#484=VECTOR('',#1956,10.);
#485=VECTOR('',#1957,10.);
#486=VECTOR('',#1958,10.);
#487=VECTOR('',#1961,10.);
#488=VECTOR('',#1962,10.);
#489=VECTOR('',#1965,10.);
#490=VECTOR('',#1966,10.);
#491=VECTOR('',#1967,10.);
#492=VECTOR('',#1968,10.);
#493=VECTOR('',#1971,10.);
#494=VECTOR('',#1972,10.);
#495=VECTOR('',#1973,10.);
#496=VECTOR('',#1974,10.);
#497=VECTOR('',#1977,10.);
#498=VECTOR('',#1978,10.);
#499=VECTOR('',#1981,1.);
#500=VECTOR('',#1982,0.999999999999609);
#501=VECTOR('',#1983,1.);
#502=VECTOR('',#1984,0.999999999999609);
#503=VECTOR('',#1985,1.);
#504=VECTOR('',#1988,1.);
#505=VECTOR('',#1989,0.999999999999609);
#506=VECTOR('',#1990,1.);
#507=VECTOR('',#1991,0.999999999999609);
#508=VECTOR('',#1992,1.);
#509=VECTOR('',#1995,1.);
#510=VECTOR('',#1996,0.999999999999609);
#511=VECTOR('',#1997,1.);
#512=VECTOR('',#1998,0.999999999999609);
#513=VECTOR('',#1999,1.);
#514=VECTOR('',#2002,0.999999999999609);
#515=VECTOR('',#2003,0.999999999999609);
#516=VECTOR('',#2006,0.999999999999609);
#517=VECTOR('',#2007,0.999999999999609);
#518=VECTOR('',#2010,1.);
#519=VECTOR('',#2013,0.999999999999609);
#520=VECTOR('',#2014,1.);
#521=VECTOR('',#2015,0.999999999999609);
#522=VECTOR('',#2018,0.999999999999609);
#523=VECTOR('',#2019,0.999999999999609);
#524=VECTOR('',#2022,0.999999999999609);
#525=VECTOR('',#2023,0.999999999999609);
#526=VECTOR('',#2026,1.);
#527=VECTOR('',#2029,1.);
#528=VECTOR('',#2030,0.999999999999609);
#529=VECTOR('',#2031,1.);
#530=VECTOR('',#2032,0.999999999999609);
#531=VECTOR('',#2035,0.999999999999609);
#532=VECTOR('',#2036,1.);
#533=VECTOR('',#2037,0.999999999999609);
#534=VECTOR('',#2038,1.);
#535=VECTOR('',#2041,0.999999999999609);
#536=VECTOR('',#2042,0.999999999999609);
#537=VECTOR('',#2045,0.999999999999609);
#538=VECTOR('',#2048,0.999999999999609);
#539=VECTOR('',#2055,10.);
#540=VECTOR('',#2056,10.);
#541=VECTOR('',#2057,10.);
#542=VECTOR('',#2058,10.);
#543=VECTOR('',#2059,10.);
#544=VECTOR('',#2060,10.);
#545=VECTOR('',#2061,10.);
#546=VECTOR('',#2062,10.);
#547=VECTOR('',#2063,10.);
#548=VECTOR('',#2064,10.);
#549=VECTOR('',#2065,10.);
#550=VECTOR('',#2066,10.);
#551=VECTOR('',#2067,10.);
#552=VECTOR('',#2068,10.);
#553=VECTOR('',#2069,10.);
#554=VECTOR('',#2070,10.);
#555=VECTOR('',#2071,10.);
#556=VECTOR('',#2072,10.);
#557=VECTOR('',#2073,10.);
#558=VECTOR('',#2074,10.);
#559=VECTOR('',#2077,10.);
#560=VECTOR('',#2078,10.);
#561=VECTOR('',#2079,10.);
#562=VECTOR('',#2082,10.);
#563=VECTOR('',#2083,10.);
#564=VECTOR('',#2084,10.);
#565=VECTOR('',#2087,10.);
#566=VECTOR('',#2088,10.);
#567=VECTOR('',#2089,10.);
#568=VECTOR('',#2092,10.);
#569=VECTOR('',#2093,10.);
#570=VECTOR('',#2094,10.);
#571=VECTOR('',#2095,10.);
#572=VECTOR('',#2096,10.);
#573=VECTOR('',#2097,10.);
#574=VECTOR('',#2100,10.);
#575=VECTOR('',#2101,10.);
#576=VECTOR('',#2102,10.);
#577=VECTOR('',#2103,10.);
#578=VECTOR('',#2108,10.);
#579=VECTOR('',#2109,10.);
#580=VECTOR('',#2110,10.);
#581=VECTOR('',#2115,1.650012700025);
#582=VECTOR('',#2124,10.);
#583=VECTOR('',#2125,10.);
#584=VECTOR('',#2126,10.);
#585=VECTOR('',#2127,10.);
#586=VECTOR('',#2128,10.);
#587=VECTOR('',#2129,10.);
#588=VECTOR('',#2130,10.);
#589=VECTOR('',#2131,10.);
#590=VECTOR('',#2132,10.);
#591=VECTOR('',#2133,10.);
#592=VECTOR('',#2134,10.);
#593=VECTOR('',#2135,10.);
#594=VECTOR('',#2136,10.);
#595=VECTOR('',#2137,10.);
#596=VECTOR('',#2138,10.);
#597=VECTOR('',#2139,10.);
#598=VECTOR('',#2140,10.);
#599=VECTOR('',#2141,10.);
#600=VECTOR('',#2142,10.);
#601=VECTOR('',#2143,10.);
#602=VECTOR('',#2144,10.);
#603=VECTOR('',#2145,10.);
#604=VECTOR('',#2146,10.);
#605=VECTOR('',#2147,10.);
#606=VECTOR('',#2148,10.);
#607=VECTOR('',#2149,10.);
#608=VECTOR('',#2150,10.);
#609=VECTOR('',#2151,10.);
#610=VECTOR('',#2154,10.);
#611=VECTOR('',#2155,10.);
#612=VECTOR('',#2158,10.);
#613=VECTOR('',#2161,10.);
#614=VECTOR('',#2166,10.);
#615=VECTOR('',#2167,10.);
#616=VECTOR('',#2170,10.);
#617=VECTOR('',#2173,10.);
#618=VECTOR('',#2178,10.);
#619=VECTOR('',#2179,10.);
#620=VECTOR('',#2180,10.);
#621=VECTOR('',#2183,10.);
#622=VECTOR('',#2184,10.);
#623=VECTOR('',#2185,10.);
#624=VECTOR('',#2186,10.);
#625=VECTOR('',#2187,10.);
#626=VECTOR('',#2190,10.);
#627=VECTOR('',#2191,10.);
#628=VECTOR('',#2194,10.);
#629=VECTOR('',#2195,10.);
#630=VECTOR('',#2198,10.);
#631=VECTOR('',#2199,10.);
#632=VECTOR('',#2206,10.);
#633=VECTOR('',#2207,10.);
#634=VECTOR('',#2208,10.);
#635=VECTOR('',#2209,10.);
#636=VECTOR('',#2210,10.);
#637=VECTOR('',#2211,10.);
#638=VECTOR('',#2216,10.);
#639=VECTOR('',#2217,10.);
#640=VECTOR('',#2218,10.);
#641=VECTOR('',#2221,10.);
#642=VECTOR('',#2222,10.);
#643=VECTOR('',#2225,10.);
#644=VECTOR('',#2226,10.);
#645=VECTOR('',#2227,10.);
#646=VECTOR('',#2230,10.);
#647=VECTOR('',#2231,10.);
#648=VECTOR('',#2232,10.);
#649=VECTOR('',#2233,10.);
#650=VECTOR('',#2234,10.);
#651=VECTOR('',#2237,10.);
#652=VECTOR('',#2238,10.);
#653=VECTOR('',#2239,10.);
#654=VECTOR('',#2242,10.);
#655=VECTOR('',#2243,10.);
#656=VECTOR('',#2248,10.);
#657=VECTOR('',#2251,10.);
#658=VECTOR('',#2254,10.);
#659=VECTOR('',#2255,10.);
#660=VECTOR('',#2256,10.);
#661=VECTOR('',#2259,10.);
#662=VECTOR('',#2262,10.);
#663=VECTOR('',#2263,10.);
#664=VECTOR('',#2264,10.);
#665=VECTOR('',#2267,10.);
#666=VECTOR('',#2268,10.);
#667=VECTOR('',#2269,10.);
#668=VECTOR('',#2272,10.);
#669=VECTOR('',#2273,10.);
#670=VECTOR('',#2276,0.924993649986998);
#671=VECTOR('',#2281,10.);
#672=VECTOR('',#2282,10.);
#673=VECTOR('',#2285,10.);
#674=VECTOR('',#2288,10.);
#675=VECTOR('',#2289,10.);
#676=VECTOR('',#2292,10.);
#677=VECTOR('',#2293,10.);
#678=VECTOR('',#2296,10.);
#679=VECTOR('',#2297,10.);
#680=VECTOR('',#2300,10.);
#681=VECTOR('',#2301,10.);
#682=VECTOR('',#2304,10.);
#683=VECTOR('',#2307,10.);
#684=VECTOR('',#2308,10.);
#685=VECTOR('',#2311,10.);
#686=VECTOR('',#2312,10.);
#687=VECTOR('',#2315,10.);
#688=VECTOR('',#2316,10.);
#689=VECTOR('',#2319,10.);
#690=VECTOR('',#2320,10.);
#691=VECTOR('',#2323,10.);
#692=VECTOR('',#2324,10.);
#693=VECTOR('',#2327,10.);
#694=VECTOR('',#2328,10.);
#695=VECTOR('',#2331,10.);
#696=VECTOR('',#2332,10.);
#697=VECTOR('',#2335,10.);
#698=VECTOR('',#2336,10.);
#699=VECTOR('',#2339,10.);
#700=VECTOR('',#2340,10.);
#701=VECTOR('',#2343,10.);
#702=VECTOR('',#2344,10.);
#703=VECTOR('',#2347,10.);
#704=VECTOR('',#2348,10.);
#705=VECTOR('',#2351,10.);
#706=VECTOR('',#2352,10.);
#707=VECTOR('',#2355,10.);
#708=VECTOR('',#2356,10.);
#709=VECTOR('',#2359,10.);
#710=VECTOR('',#2360,10.);
#711=VECTOR('',#2363,10.);
#712=VECTOR('',#2364,10.);
#713=VECTOR('',#2367,10.);
#714=VECTOR('',#2368,10.);
#715=VECTOR('',#2371,10.);
#716=VECTOR('',#2372,10.);
#717=VECTOR('',#2373,10.);
#718=VECTOR('',#2374,10.);
#719=VECTOR('',#2377,10.);
#720=VECTOR('',#2378,10.);
#721=VECTOR('',#2381,10.);
#722=VECTOR('',#2382,10.);
#723=VECTOR('',#2385,10.);
#724=VERTEX_POINT('',#2394);
#725=VERTEX_POINT('',#2395);
#726=VERTEX_POINT('',#2397);
#727=VERTEX_POINT('',#2399);
#728=VERTEX_POINT('',#2403);
#729=VERTEX_POINT('',#2404);
#730=VERTEX_POINT('',#2406);
#731=VERTEX_POINT('',#2408);
#732=VERTEX_POINT('',#2415);
#733=VERTEX_POINT('',#2416);
#734=VERTEX_POINT('',#2418);
#735=VERTEX_POINT('',#2420);
#736=VERTEX_POINT('',#2424);
#737=VERTEX_POINT('',#2425);
#738=VERTEX_POINT('',#2427);
#739=VERTEX_POINT('',#2429);
#740=VERTEX_POINT('',#2436);
#741=VERTEX_POINT('',#2438);
#742=VERTEX_POINT('',#2440);
#743=VERTEX_POINT('',#2442);
#744=VERTEX_POINT('',#2446);
#745=VERTEX_POINT('',#2448);
#746=VERTEX_POINT('',#2451);
#747=VERTEX_POINT('',#2455);
#748=VERTEX_POINT('',#2458);
#749=VERTEX_POINT('',#2460);
#750=VERTEX_POINT('',#2464);
#751=VERTEX_POINT('',#2468);
#752=VERTEX_POINT('',#2474);
#753=VERTEX_POINT('',#2476);
#754=VERTEX_POINT('',#2480);
#755=VERTEX_POINT('',#2484);
#756=VERTEX_POINT('',#2490);
#757=VERTEX_POINT('',#2491);
#758=VERTEX_POINT('',#2493);
#759=VERTEX_POINT('',#2495);
#760=VERTEX_POINT('',#2499);
#761=VERTEX_POINT('',#2500);
#762=VERTEX_POINT('',#2502);
#763=VERTEX_POINT('',#2504);
#764=VERTEX_POINT('',#2517);
#765=VERTEX_POINT('',#2518);
#766=VERTEX_POINT('',#2520);
#767=VERTEX_POINT('',#2522);
#768=VERTEX_POINT('',#2525);
#769=VERTEX_POINT('',#2526);
#770=VERTEX_POINT('',#2528);
#771=VERTEX_POINT('',#2530);
#772=VERTEX_POINT('',#2533);
#773=VERTEX_POINT('',#2534);
#774=VERTEX_POINT('',#2536);
#775=VERTEX_POINT('',#2538);
#776=VERTEX_POINT('',#2541);
#777=VERTEX_POINT('',#2542);
#778=VERTEX_POINT('',#2544);
#779=VERTEX_POINT('',#2546);
#780=VERTEX_POINT('',#2548);
#781=VERTEX_POINT('',#2550);
#782=VERTEX_POINT('',#2552);
#783=VERTEX_POINT('',#2554);
#784=VERTEX_POINT('',#2558);
#785=VERTEX_POINT('',#2560);
#786=VERTEX_POINT('',#2564);
#787=VERTEX_POINT('',#2566);
#788=VERTEX_POINT('',#2570);
#789=VERTEX_POINT('',#2572);
#790=VERTEX_POINT('',#2576);
#791=VERTEX_POINT('',#2578);
#792=VERTEX_POINT('',#2580);
#793=VERTEX_POINT('',#2582);
#794=VERTEX_POINT('',#2584);
#795=VERTEX_POINT('',#2588);
#796=VERTEX_POINT('',#2590);
#797=VERTEX_POINT('',#2592);
#798=VERTEX_POINT('',#2597);
#799=VERTEX_POINT('',#2599);
#800=VERTEX_POINT('',#2603);
#801=VERTEX_POINT('',#2605);
#802=VERTEX_POINT('',#2611);
#803=VERTEX_POINT('',#2612);
#804=VERTEX_POINT('',#2614);
#805=VERTEX_POINT('',#2616);
#806=VERTEX_POINT('',#2618);
#807=VERTEX_POINT('',#2620);
#808=VERTEX_POINT('',#2622);
#809=VERTEX_POINT('',#2624);
#810=VERTEX_POINT('',#2626);
#811=VERTEX_POINT('',#2628);
#812=VERTEX_POINT('',#2630);
#813=VERTEX_POINT('',#2632);
#814=VERTEX_POINT('',#2634);
#815=VERTEX_POINT('',#2636);
#816=VERTEX_POINT('',#2638);
#817=VERTEX_POINT('',#2640);
#818=VERTEX_POINT('',#2642);
#819=VERTEX_POINT('',#2644);
#820=VERTEX_POINT('',#2646);
#821=VERTEX_POINT('',#2648);
#822=VERTEX_POINT('',#2651);
#823=VERTEX_POINT('',#2652);
#824=VERTEX_POINT('',#2654);
#825=VERTEX_POINT('',#2656);
#826=VERTEX_POINT('',#2659);
#827=VERTEX_POINT('',#2660);
#828=VERTEX_POINT('',#2662);
#829=VERTEX_POINT('',#2664);
#830=VERTEX_POINT('',#2684);
#831=VERTEX_POINT('',#2685);
#832=VERTEX_POINT('',#2690);
#833=VERTEX_POINT('',#2692);
#834=VERTEX_POINT('',#2694);
#835=VERTEX_POINT('',#2696);
#836=VERTEX_POINT('',#2700);
#837=VERTEX_POINT('',#2704);
#838=VERTEX_POINT('',#2708);
#839=VERTEX_POINT('',#2712);
#840=VERTEX_POINT('',#2715);
#841=VERTEX_POINT('',#2716);
#842=VERTEX_POINT('',#2718);
#843=VERTEX_POINT('',#2720);
#844=VERTEX_POINT('',#2722);
#845=VERTEX_POINT('',#2724);
#846=VERTEX_POINT('',#2726);
#847=VERTEX_POINT('',#2730);
#848=VERTEX_POINT('',#2732);
#849=VERTEX_POINT('',#2736);
#850=VERTEX_POINT('',#2740);
#851=VERTEX_POINT('',#2742);
#852=VERTEX_POINT('',#2746);
#853=VERTEX_POINT('',#2748);
#854=VERTEX_POINT('',#2751);
#855=VERTEX_POINT('',#2755);
#856=VERTEX_POINT('',#2757);
#857=VERTEX_POINT('',#2761);
#858=VERTEX_POINT('',#2765);
#859=VERTEX_POINT('',#2771);
#860=VERTEX_POINT('',#2773);
#861=VERTEX_POINT('',#2780);
#862=VERTEX_POINT('',#2784);
#863=VERTEX_POINT('',#2786);
#864=VERTEX_POINT('',#2790);
#865=VERTEX_POINT('',#2794);
#866=VERTEX_POINT('',#2798);
#867=VERTEX_POINT('',#2804);
#868=VERTEX_POINT('',#2808);
#869=VERTEX_POINT('',#2812);
#870=VERTEX_POINT('',#2816);
#871=VERTEX_POINT('',#2822);
#872=VERTEX_POINT('',#2826);
#873=VERTEX_POINT('',#2830);
#874=VERTEX_POINT('',#2834);
#875=VERTEX_POINT('',#2838);
#876=VERTEX_POINT('',#2842);
#877=VERTEX_POINT('',#2846);
#878=VERTEX_POINT('',#2850);
#879=VERTEX_POINT('',#2854);
#880=VERTEX_POINT('',#2858);
#881=VERTEX_POINT('',#2862);
#882=VERTEX_POINT('',#2866);
#883=VERTEX_POINT('',#2870);
#884=VERTEX_POINT('',#2874);
#885=VERTEX_POINT('',#2878);
#886=VERTEX_POINT('',#2882);
#887=VERTEX_POINT('',#2886);
#888=VERTEX_POINT('',#2888);
#889=VERTEX_POINT('',#2893);
#890=VERTEX_POINT('',#2897);
#891=EDGE_CURVE('',#724,#725,#234,.T.);
#892=EDGE_CURVE('',#726,#724,#235,.T.);
#893=EDGE_CURVE('',#726,#727,#236,.T.);
#894=EDGE_CURVE('',#725,#727,#237,.T.);
#895=EDGE_CURVE('',#728,#729,#238,.T.);
#896=EDGE_CURVE('',#730,#728,#239,.T.);
#897=EDGE_CURVE('',#730,#731,#240,.T.);
#898=EDGE_CURVE('',#729,#731,#241,.T.);
#899=EDGE_CURVE('',#727,#730,#242,.T.);
#900=EDGE_CURVE('',#731,#726,#243,.T.);
#901=EDGE_CURVE('',#732,#733,#244,.T.);
#902=EDGE_CURVE('',#734,#732,#245,.T.);
#903=EDGE_CURVE('',#734,#735,#246,.T.);
#904=EDGE_CURVE('',#733,#735,#247,.T.);
#905=EDGE_CURVE('',#736,#737,#248,.T.);
#906=EDGE_CURVE('',#738,#736,#249,.T.);
#907=EDGE_CURVE('',#738,#739,#250,.T.);
#908=EDGE_CURVE('',#737,#739,#251,.T.);
#909=EDGE_CURVE('',#735,#738,#252,.T.);
#910=EDGE_CURVE('',#739,#734,#253,.T.);
#911=EDGE_CURVE('',#732,#740,#254,.T.);
#912=EDGE_CURVE('',#741,#740,#255,.T.);
#913=EDGE_CURVE('',#742,#741,#256,.T.);
#914=EDGE_CURVE('',#742,#743,#257,.T.);
#915=EDGE_CURVE('',#743,#737,#258,.T.);
#916=EDGE_CURVE('',#729,#744,#259,.T.);
#917=EDGE_CURVE('',#744,#745,#260,.T.);
#918=EDGE_CURVE('',#736,#745,#261,.T.);
#919=EDGE_CURVE('',#746,#743,#262,.T.);
#920=EDGE_CURVE('',#746,#728,#263,.T.);
#921=EDGE_CURVE('',#725,#747,#264,.T.);
#922=EDGE_CURVE('',#747,#740,#265,.T.);
#923=EDGE_CURVE('',#748,#733,#266,.T.);
#924=EDGE_CURVE('',#749,#748,#267,.T.);
#925=EDGE_CURVE('',#749,#724,#268,.T.);
#926=EDGE_CURVE('',#742,#750,#269,.T.);
#927=EDGE_CURVE('',#750,#746,#270,.T.);
#928=EDGE_CURVE('',#751,#747,#271,.T.);
#929=EDGE_CURVE('',#741,#751,#272,.T.);
#930=EDGE_CURVE('',#750,#751,#273,.T.);
#931=EDGE_CURVE('',#752,#749,#274,.T.);
#932=EDGE_CURVE('',#752,#753,#275,.T.);
#933=EDGE_CURVE('',#753,#744,#276,.T.);
#934=EDGE_CURVE('',#754,#748,#277,.T.);
#935=EDGE_CURVE('',#752,#754,#278,.T.);
#936=EDGE_CURVE('',#753,#755,#279,.T.);
#937=EDGE_CURVE('',#755,#745,#280,.T.);
#938=EDGE_CURVE('',#754,#755,#281,.T.);
#939=EDGE_CURVE('',#756,#757,#282,.T.);
#940=EDGE_CURVE('',#757,#758,#283,.T.);
#941=EDGE_CURVE('',#759,#758,#284,.T.);
#942=EDGE_CURVE('',#756,#759,#285,.T.);
#943=EDGE_CURVE('',#760,#761,#286,.T.);
#944=EDGE_CURVE('',#760,#762,#287,.T.);
#945=EDGE_CURVE('',#762,#763,#288,.T.);
#946=EDGE_CURVE('',#761,#763,#289,.T.);
#947=EDGE_CURVE('',#763,#757,#290,.T.);
#948=EDGE_CURVE('',#761,#756,#291,.T.);
#949=EDGE_CURVE('',#760,#759,#292,.T.);
#950=EDGE_CURVE('',#762,#758,#293,.T.);
#951=EDGE_CURVE('',#764,#765,#294,.T.);
#952=EDGE_CURVE('',#765,#766,#295,.T.);
#953=EDGE_CURVE('',#766,#767,#296,.T.);
#954=EDGE_CURVE('',#767,#764,#297,.T.);
#955=EDGE_CURVE('',#768,#769,#298,.T.);
#956=EDGE_CURVE('',#769,#770,#299,.T.);
#957=EDGE_CURVE('',#770,#771,#300,.T.);
#958=EDGE_CURVE('',#771,#768,#301,.T.);
#959=EDGE_CURVE('',#772,#773,#302,.T.);
#960=EDGE_CURVE('',#773,#774,#303,.T.);
#961=EDGE_CURVE('',#774,#775,#304,.T.);
#962=EDGE_CURVE('',#775,#772,#305,.T.);
#963=EDGE_CURVE('',#776,#777,#306,.T.);
#964=EDGE_CURVE('',#777,#778,#307,.T.);
#965=EDGE_CURVE('',#778,#779,#308,.T.);
#966=EDGE_CURVE('',#779,#780,#309,.T.);
#967=EDGE_CURVE('',#780,#781,#310,.T.);
#968=EDGE_CURVE('',#781,#782,#311,.T.);
#969=EDGE_CURVE('',#782,#783,#312,.T.);
#970=EDGE_CURVE('',#783,#776,#313,.T.);
#971=EDGE_CURVE('',#779,#784,#314,.T.);
#972=EDGE_CURVE('',#785,#778,#315,.T.);
#973=EDGE_CURVE('',#785,#784,#316,.T.);
#974=EDGE_CURVE('',#784,#786,#317,.T.);
#975=EDGE_CURVE('',#787,#785,#318,.T.);
#976=EDGE_CURVE('',#786,#787,#319,.T.);
#977=EDGE_CURVE('',#777,#788,#320,.T.);
#978=EDGE_CURVE('',#788,#789,#321,.T.);
#979=EDGE_CURVE('',#787,#789,#322,.T.);
#980=EDGE_CURVE('',#790,#776,#323,.T.);
#981=EDGE_CURVE('',#790,#791,#324,.T.);
#982=EDGE_CURVE('',#792,#791,#325,.T.);
#983=EDGE_CURVE('',#793,#792,#326,.T.);
#984=EDGE_CURVE('',#794,#793,#327,.T.);
#985=EDGE_CURVE('',#794,#788,#328,.T.);
#986=EDGE_CURVE('',#795,#790,#329,.T.);
#987=EDGE_CURVE('',#796,#795,#330,.T.);
#988=EDGE_CURVE('',#797,#796,#331,.T.);
#989=EDGE_CURVE('',#789,#797,#332,.T.);
#990=EDGE_CURVE('',#791,#794,#14,.T.);
#991=EDGE_CURVE('',#798,#786,#333,.T.);
#992=EDGE_CURVE('',#798,#799,#334,.T.);
#993=EDGE_CURVE('',#799,#780,#335,.T.);
#994=EDGE_CURVE('',#800,#793,#15,.T.);
#995=EDGE_CURVE('',#800,#801,#336,.T.);
#996=EDGE_CURVE('',#801,#801,#16,.T.);
#997=EDGE_CURVE('',#792,#800,#17,.T.);
#998=EDGE_CURVE('',#802,#803,#337,.T.);
#999=EDGE_CURVE('',#803,#804,#338,.T.);
#1000=EDGE_CURVE('',#804,#805,#339,.T.);
#1001=EDGE_CURVE('',#805,#806,#340,.T.);
#1002=EDGE_CURVE('',#806,#807,#341,.T.);
#1003=EDGE_CURVE('',#807,#808,#342,.T.);
#1004=EDGE_CURVE('',#808,#809,#343,.T.);
#1005=EDGE_CURVE('',#809,#810,#344,.T.);
#1006=EDGE_CURVE('',#810,#811,#345,.T.);
#1007=EDGE_CURVE('',#811,#812,#346,.T.);
#1008=EDGE_CURVE('',#812,#813,#347,.T.);
#1009=EDGE_CURVE('',#813,#814,#348,.T.);
#1010=EDGE_CURVE('',#814,#815,#349,.T.);
#1011=EDGE_CURVE('',#815,#816,#350,.T.);
#1012=EDGE_CURVE('',#816,#817,#351,.T.);
#1013=EDGE_CURVE('',#817,#818,#352,.T.);
#1014=EDGE_CURVE('',#819,#818,#353,.T.);
#1015=EDGE_CURVE('',#820,#819,#354,.T.);
#1016=EDGE_CURVE('',#821,#820,#355,.T.);
#1017=EDGE_CURVE('',#802,#821,#356,.T.);
#1018=EDGE_CURVE('',#822,#823,#357,.T.);
#1019=EDGE_CURVE('',#824,#822,#358,.T.);
#1020=EDGE_CURVE('',#825,#824,#359,.T.);
#1021=EDGE_CURVE('',#823,#825,#360,.T.);
#1022=EDGE_CURVE('',#826,#827,#361,.T.);
#1023=EDGE_CURVE('',#828,#826,#362,.T.);
#1024=EDGE_CURVE('',#829,#828,#363,.T.);
#1025=EDGE_CURVE('',#827,#829,#364,.T.);
#1026=EDGE_CURVE('',#822,#768,#365,.T.);
#1027=EDGE_CURVE('',#824,#771,#366,.T.);
#1028=EDGE_CURVE('',#825,#770,#367,.T.);
#1029=EDGE_CURVE('',#823,#769,#368,.T.);
#1030=EDGE_CURVE('',#826,#772,#369,.T.);
#1031=EDGE_CURVE('',#828,#775,#370,.T.);
#1032=EDGE_CURVE('',#829,#774,#371,.T.);
#1033=EDGE_CURVE('',#827,#773,#372,.T.);
#1034=EDGE_CURVE('',#830,#831,#373,.T.);
#1035=EDGE_CURVE('',#831,#782,#374,.T.);
#1036=EDGE_CURVE('',#830,#781,#375,.T.);
#1037=EDGE_CURVE('',#832,#789,#376,.T.);
#1038=EDGE_CURVE('',#833,#832,#377,.T.);
#1039=EDGE_CURVE('',#834,#833,#378,.T.);
#1040=EDGE_CURVE('',#835,#834,#379,.T.);
#1041=EDGE_CURVE('',#787,#835,#380,.T.);
#1042=EDGE_CURVE('',#836,#835,#381,.T.);
#1043=EDGE_CURVE('',#836,#798,#382,.T.);
#1044=EDGE_CURVE('',#837,#834,#383,.T.);
#1045=EDGE_CURVE('',#837,#836,#384,.T.);
#1046=EDGE_CURVE('',#838,#833,#385,.T.);
#1047=EDGE_CURVE('',#838,#837,#386,.T.);
#1048=EDGE_CURVE('',#839,#839,#18,.T.);
#1049=EDGE_CURVE('',#840,#841,#387,.T.);
#1050=EDGE_CURVE('',#842,#840,#388,.T.);
#1051=EDGE_CURVE('',#843,#842,#389,.T.);
#1052=EDGE_CURVE('',#844,#843,#390,.T.);
#1053=EDGE_CURVE('',#844,#845,#391,.T.);
#1054=EDGE_CURVE('',#846,#845,#392,.T.);
#1055=EDGE_CURVE('',#841,#846,#19,.T.);
#1056=EDGE_CURVE('',#847,#843,#393,.T.);
#1057=EDGE_CURVE('',#847,#848,#394,.T.);
#1058=EDGE_CURVE('',#848,#844,#395,.T.);
#1059=EDGE_CURVE('',#849,#842,#396,.T.);
#1060=EDGE_CURVE('',#849,#847,#397,.T.);
#1061=EDGE_CURVE('',#850,#840,#398,.T.);
#1062=EDGE_CURVE('',#851,#850,#399,.T.);
#1063=EDGE_CURVE('',#851,#849,#400,.T.);
#1064=EDGE_CURVE('',#852,#831,#401,.T.);
#1065=EDGE_CURVE('',#853,#852,#402,.T.);
#1066=EDGE_CURVE('',#845,#853,#403,.T.);
#1067=EDGE_CURVE('',#848,#854,#404,.T.);
#1068=EDGE_CURVE('',#854,#783,#405,.T.);
#1069=EDGE_CURVE('',#820,#855,#406,.T.);
#1070=EDGE_CURVE('',#856,#855,#407,.T.);
#1071=EDGE_CURVE('',#821,#856,#408,.T.);
#1072=EDGE_CURVE('',#857,#853,#409,.T.);
#1073=EDGE_CURVE('',#846,#857,#410,.T.);
#1074=EDGE_CURVE('',#858,#857,#20,.T.);
#1075=EDGE_CURVE('',#841,#858,#411,.T.);
#1076=EDGE_CURVE('',#850,#858,#412,.T.);
#1077=EDGE_CURVE('',#859,#818,#413,.T.);
#1078=EDGE_CURVE('',#860,#859,#414,.T.);
#1079=EDGE_CURVE('',#819,#860,#415,.T.);
#1080=EDGE_CURVE('',#855,#860,#416,.T.);
#1081=EDGE_CURVE('',#850,#859,#417,.T.);
#1082=EDGE_CURVE('',#861,#852,#418,.T.);
#1083=EDGE_CURVE('',#861,#856,#419,.T.);
#1084=EDGE_CURVE('',#862,#852,#420,.T.);
#1085=EDGE_CURVE('',#863,#862,#421,.T.);
#1086=EDGE_CURVE('',#863,#861,#422,.T.);
#1087=EDGE_CURVE('',#864,#859,#423,.T.);
#1088=EDGE_CURVE('',#851,#864,#424,.T.);
#1089=EDGE_CURVE('',#839,#865,#425,.T.);
#1090=EDGE_CURVE('',#865,#865,#21,.T.);
#1091=EDGE_CURVE('',#862,#866,#426,.T.);
#1092=EDGE_CURVE('',#866,#830,#427,.T.);
#1093=EDGE_CURVE('',#866,#799,#428,.T.);
#1094=EDGE_CURVE('',#867,#832,#429,.T.);
#1095=EDGE_CURVE('',#867,#838,#430,.T.);
#1096=EDGE_CURVE('',#868,#797,#431,.T.);
#1097=EDGE_CURVE('',#868,#867,#432,.T.);
#1098=EDGE_CURVE('',#869,#796,#433,.T.);
#1099=EDGE_CURVE('',#869,#868,#434,.T.);
#1100=EDGE_CURVE('',#870,#795,#435,.T.);
#1101=EDGE_CURVE('',#870,#869,#436,.T.);
#1102=EDGE_CURVE('',#854,#870,#437,.T.);
#1103=EDGE_CURVE('',#871,#864,#438,.T.);
#1104=EDGE_CURVE('',#871,#817,#439,.T.);
#1105=EDGE_CURVE('',#872,#871,#440,.T.);
#1106=EDGE_CURVE('',#872,#816,#441,.T.);
#1107=EDGE_CURVE('',#873,#872,#442,.T.);
#1108=EDGE_CURVE('',#873,#815,#443,.T.);
#1109=EDGE_CURVE('',#873,#874,#444,.T.);
#1110=EDGE_CURVE('',#874,#814,#445,.T.);
#1111=EDGE_CURVE('',#874,#875,#446,.T.);
#1112=EDGE_CURVE('',#875,#813,#447,.T.);
#1113=EDGE_CURVE('',#875,#876,#448,.T.);
#1114=EDGE_CURVE('',#876,#812,#449,.T.);
#1115=EDGE_CURVE('',#876,#877,#450,.T.);
#1116=EDGE_CURVE('',#877,#811,#451,.T.);
#1117=EDGE_CURVE('',#877,#878,#452,.T.);
#1118=EDGE_CURVE('',#878,#810,#453,.T.);
#1119=EDGE_CURVE('',#878,#879,#454,.T.);
#1120=EDGE_CURVE('',#879,#809,#455,.T.);
#1121=EDGE_CURVE('',#879,#880,#456,.T.);
#1122=EDGE_CURVE('',#880,#808,#457,.T.);
#1123=EDGE_CURVE('',#881,#880,#458,.T.);
#1124=EDGE_CURVE('',#881,#807,#459,.T.);
#1125=EDGE_CURVE('',#882,#881,#460,.T.);
#1126=EDGE_CURVE('',#882,#806,#461,.T.);
#1127=EDGE_CURVE('',#883,#882,#462,.T.);
#1128=EDGE_CURVE('',#883,#805,#463,.T.);
#1129=EDGE_CURVE('',#884,#883,#464,.T.);
#1130=EDGE_CURVE('',#884,#804,#465,.T.);
#1131=EDGE_CURVE('',#884,#885,#466,.T.);
#1132=EDGE_CURVE('',#885,#803,#467,.T.);
#1133=EDGE_CURVE('',#885,#886,#468,.T.);
#1134=EDGE_CURVE('',#886,#802,#469,.T.);
#1135=EDGE_CURVE('',#886,#887,#470,.T.);
#1136=EDGE_CURVE('',#888,#863,#471,.T.);
#1137=EDGE_CURVE('',#888,#764,#472,.T.);
#1138=EDGE_CURVE('',#887,#767,#473,.T.);
#1139=EDGE_CURVE('',#889,#887,#474,.T.);
#1140=EDGE_CURVE('',#889,#766,#475,.T.);
#1141=EDGE_CURVE('',#889,#890,#476,.T.);
#1142=EDGE_CURVE('',#890,#765,#477,.T.);
#1143=EDGE_CURVE('',#890,#888,#478,.T.);
#1144=ORIENTED_EDGE('',*,*,#891,.F.);
#1145=ORIENTED_EDGE('',*,*,#892,.F.);
#1146=ORIENTED_EDGE('',*,*,#893,.T.);
#1147=ORIENTED_EDGE('',*,*,#894,.F.);
#1148=ORIENTED_EDGE('',*,*,#895,.F.);
#1149=ORIENTED_EDGE('',*,*,#896,.F.);
#1150=ORIENTED_EDGE('',*,*,#897,.T.);
#1151=ORIENTED_EDGE('',*,*,#898,.F.);
#1152=ORIENTED_EDGE('',*,*,#897,.F.);
#1153=ORIENTED_EDGE('',*,*,#899,.F.);
#1154=ORIENTED_EDGE('',*,*,#893,.F.);
#1155=ORIENTED_EDGE('',*,*,#900,.F.);
#1156=ORIENTED_EDGE('',*,*,#901,.F.);
#1157=ORIENTED_EDGE('',*,*,#902,.F.);
#1158=ORIENTED_EDGE('',*,*,#903,.T.);
#1159=ORIENTED_EDGE('',*,*,#904,.F.);
#1160=ORIENTED_EDGE('',*,*,#905,.F.);
#1161=ORIENTED_EDGE('',*,*,#906,.F.);
#1162=ORIENTED_EDGE('',*,*,#907,.T.);
#1163=ORIENTED_EDGE('',*,*,#908,.F.);
#1164=ORIENTED_EDGE('',*,*,#909,.F.);
#1165=ORIENTED_EDGE('',*,*,#903,.F.);
#1166=ORIENTED_EDGE('',*,*,#910,.F.);
#1167=ORIENTED_EDGE('',*,*,#907,.F.);
#1168=ORIENTED_EDGE('',*,*,#908,.T.);
#1169=ORIENTED_EDGE('',*,*,#910,.T.);
#1170=ORIENTED_EDGE('',*,*,#902,.T.);
#1171=ORIENTED_EDGE('',*,*,#911,.T.);
#1172=ORIENTED_EDGE('',*,*,#912,.F.);
#1173=ORIENTED_EDGE('',*,*,#913,.F.);
#1174=ORIENTED_EDGE('',*,*,#914,.T.);
#1175=ORIENTED_EDGE('',*,*,#915,.T.);
#1176=ORIENTED_EDGE('',*,*,#895,.T.);
#1177=ORIENTED_EDGE('',*,*,#916,.T.);
#1178=ORIENTED_EDGE('',*,*,#917,.T.);
#1179=ORIENTED_EDGE('',*,*,#918,.F.);
#1180=ORIENTED_EDGE('',*,*,#905,.T.);
#1181=ORIENTED_EDGE('',*,*,#915,.F.);
#1182=ORIENTED_EDGE('',*,*,#919,.F.);
#1183=ORIENTED_EDGE('',*,*,#920,.T.);
#1184=ORIENTED_EDGE('',*,*,#891,.T.);
#1185=ORIENTED_EDGE('',*,*,#921,.T.);
#1186=ORIENTED_EDGE('',*,*,#922,.T.);
#1187=ORIENTED_EDGE('',*,*,#911,.F.);
#1188=ORIENTED_EDGE('',*,*,#901,.T.);
#1189=ORIENTED_EDGE('',*,*,#923,.F.);
#1190=ORIENTED_EDGE('',*,*,#924,.F.);
#1191=ORIENTED_EDGE('',*,*,#925,.T.);
#1192=ORIENTED_EDGE('',*,*,#926,.T.);
#1193=ORIENTED_EDGE('',*,*,#927,.T.);
#1194=ORIENTED_EDGE('',*,*,#919,.T.);
#1195=ORIENTED_EDGE('',*,*,#914,.F.);
#1196=ORIENTED_EDGE('',*,*,#928,.F.);
#1197=ORIENTED_EDGE('',*,*,#929,.F.);
#1198=ORIENTED_EDGE('',*,*,#912,.T.);
#1199=ORIENTED_EDGE('',*,*,#922,.F.);
#1200=ORIENTED_EDGE('',*,*,#896,.T.);
#1201=ORIENTED_EDGE('',*,*,#920,.F.);
#1202=ORIENTED_EDGE('',*,*,#927,.F.);
#1203=ORIENTED_EDGE('',*,*,#930,.T.);
#1204=ORIENTED_EDGE('',*,*,#928,.T.);
#1205=ORIENTED_EDGE('',*,*,#921,.F.);
#1206=ORIENTED_EDGE('',*,*,#894,.T.);
#1207=ORIENTED_EDGE('',*,*,#899,.T.);
#1208=ORIENTED_EDGE('',*,*,#892,.T.);
#1209=ORIENTED_EDGE('',*,*,#925,.F.);
#1210=ORIENTED_EDGE('',*,*,#931,.F.);
#1211=ORIENTED_EDGE('',*,*,#932,.T.);
#1212=ORIENTED_EDGE('',*,*,#933,.T.);
#1213=ORIENTED_EDGE('',*,*,#916,.F.);
#1214=ORIENTED_EDGE('',*,*,#898,.T.);
#1215=ORIENTED_EDGE('',*,*,#900,.T.);
#1216=ORIENTED_EDGE('',*,*,#931,.T.);
#1217=ORIENTED_EDGE('',*,*,#924,.T.);
#1218=ORIENTED_EDGE('',*,*,#934,.F.);
#1219=ORIENTED_EDGE('',*,*,#935,.F.);
#1220=ORIENTED_EDGE('',*,*,#933,.F.);
#1221=ORIENTED_EDGE('',*,*,#936,.T.);
#1222=ORIENTED_EDGE('',*,*,#937,.T.);
#1223=ORIENTED_EDGE('',*,*,#917,.F.);
#1224=ORIENTED_EDGE('',*,*,#906,.T.);
#1225=ORIENTED_EDGE('',*,*,#918,.T.);
#1226=ORIENTED_EDGE('',*,*,#937,.F.);
#1227=ORIENTED_EDGE('',*,*,#938,.F.);
#1228=ORIENTED_EDGE('',*,*,#934,.T.);
#1229=ORIENTED_EDGE('',*,*,#923,.T.);
#1230=ORIENTED_EDGE('',*,*,#904,.T.);
#1231=ORIENTED_EDGE('',*,*,#909,.T.);
#1232=ORIENTED_EDGE('',*,*,#929,.T.);
#1233=ORIENTED_EDGE('',*,*,#930,.F.);
#1234=ORIENTED_EDGE('',*,*,#926,.F.);
#1235=ORIENTED_EDGE('',*,*,#913,.T.);
#1236=ORIENTED_EDGE('',*,*,#939,.T.);
#1237=ORIENTED_EDGE('',*,*,#940,.T.);
#1238=ORIENTED_EDGE('',*,*,#941,.F.);
#1239=ORIENTED_EDGE('',*,*,#942,.F.);
#1240=ORIENTED_EDGE('',*,*,#943,.F.);
#1241=ORIENTED_EDGE('',*,*,#944,.T.);
#1242=ORIENTED_EDGE('',*,*,#945,.T.);
#1243=ORIENTED_EDGE('',*,*,#946,.F.);
#1244=ORIENTED_EDGE('',*,*,#932,.F.);
#1245=ORIENTED_EDGE('',*,*,#935,.T.);
#1246=ORIENTED_EDGE('',*,*,#938,.T.);
#1247=ORIENTED_EDGE('',*,*,#936,.F.);
#1248=ORIENTED_EDGE('',*,*,#947,.T.);
#1249=ORIENTED_EDGE('',*,*,#939,.F.);
#1250=ORIENTED_EDGE('',*,*,#948,.F.);
#1251=ORIENTED_EDGE('',*,*,#946,.T.);
#1252=ORIENTED_EDGE('',*,*,#949,.F.);
#1253=ORIENTED_EDGE('',*,*,#943,.T.);
#1254=ORIENTED_EDGE('',*,*,#948,.T.);
#1255=ORIENTED_EDGE('',*,*,#942,.T.);
#1256=ORIENTED_EDGE('',*,*,#950,.T.);
#1257=ORIENTED_EDGE('',*,*,#940,.F.);
#1258=ORIENTED_EDGE('',*,*,#947,.F.);
#1259=ORIENTED_EDGE('',*,*,#945,.F.);
#1260=ORIENTED_EDGE('',*,*,#950,.F.);
#1261=ORIENTED_EDGE('',*,*,#944,.F.);
#1262=ORIENTED_EDGE('',*,*,#949,.T.);
#1263=ORIENTED_EDGE('',*,*,#941,.T.);
#1264=ORIENTED_EDGE('',*,*,#951,.T.);
#1265=ORIENTED_EDGE('',*,*,#952,.T.);
#1266=ORIENTED_EDGE('',*,*,#953,.T.);
#1267=ORIENTED_EDGE('',*,*,#954,.T.);
#1268=ORIENTED_EDGE('',*,*,#955,.T.);
#1269=ORIENTED_EDGE('',*,*,#956,.T.);
#1270=ORIENTED_EDGE('',*,*,#957,.T.);
#1271=ORIENTED_EDGE('',*,*,#958,.T.);
#1272=ORIENTED_EDGE('',*,*,#959,.T.);
#1273=ORIENTED_EDGE('',*,*,#960,.T.);
#1274=ORIENTED_EDGE('',*,*,#961,.T.);
#1275=ORIENTED_EDGE('',*,*,#962,.T.);
#1276=ORIENTED_EDGE('',*,*,#963,.T.);
#1277=ORIENTED_EDGE('',*,*,#964,.T.);
#1278=ORIENTED_EDGE('',*,*,#965,.T.);
#1279=ORIENTED_EDGE('',*,*,#966,.T.);
#1280=ORIENTED_EDGE('',*,*,#967,.T.);
#1281=ORIENTED_EDGE('',*,*,#968,.T.);
#1282=ORIENTED_EDGE('',*,*,#969,.T.);
#1283=ORIENTED_EDGE('',*,*,#970,.T.);
#1284=ORIENTED_EDGE('',*,*,#971,.F.);
#1285=ORIENTED_EDGE('',*,*,#965,.F.);
#1286=ORIENTED_EDGE('',*,*,#972,.F.);
#1287=ORIENTED_EDGE('',*,*,#973,.T.);
#1288=ORIENTED_EDGE('',*,*,#974,.F.);
#1289=ORIENTED_EDGE('',*,*,#973,.F.);
#1290=ORIENTED_EDGE('',*,*,#975,.F.);
#1291=ORIENTED_EDGE('',*,*,#976,.F.);
#1292=ORIENTED_EDGE('',*,*,#977,.T.);
#1293=ORIENTED_EDGE('',*,*,#978,.T.);
#1294=ORIENTED_EDGE('',*,*,#979,.F.);
#1295=ORIENTED_EDGE('',*,*,#975,.T.);
#1296=ORIENTED_EDGE('',*,*,#972,.T.);
#1297=ORIENTED_EDGE('',*,*,#964,.F.);
#1298=ORIENTED_EDGE('',*,*,#980,.F.);
#1299=ORIENTED_EDGE('',*,*,#981,.T.);
#1300=ORIENTED_EDGE('',*,*,#982,.F.);
#1301=ORIENTED_EDGE('',*,*,#983,.F.);
#1302=ORIENTED_EDGE('',*,*,#984,.F.);
#1303=ORIENTED_EDGE('',*,*,#985,.T.);
#1304=ORIENTED_EDGE('',*,*,#977,.F.);
#1305=ORIENTED_EDGE('',*,*,#963,.F.);
#1306=ORIENTED_EDGE('',*,*,#986,.F.);
#1307=ORIENTED_EDGE('',*,*,#987,.F.);
#1308=ORIENTED_EDGE('',*,*,#988,.F.);
#1309=ORIENTED_EDGE('',*,*,#989,.F.);
#1310=ORIENTED_EDGE('',*,*,#978,.F.);
#1311=ORIENTED_EDGE('',*,*,#985,.F.);
#1312=ORIENTED_EDGE('',*,*,#990,.F.);
#1313=ORIENTED_EDGE('',*,*,#981,.F.);
#1314=ORIENTED_EDGE('',*,*,#971,.T.);
#1315=ORIENTED_EDGE('',*,*,#974,.T.);
#1316=ORIENTED_EDGE('',*,*,#991,.F.);
#1317=ORIENTED_EDGE('',*,*,#992,.T.);
#1318=ORIENTED_EDGE('',*,*,#993,.T.);
#1319=ORIENTED_EDGE('',*,*,#966,.F.);
#1320=ORIENTED_EDGE('',*,*,#982,.T.);
#1321=ORIENTED_EDGE('',*,*,#990,.T.);
#1322=ORIENTED_EDGE('',*,*,#984,.T.);
#1323=ORIENTED_EDGE('',*,*,#994,.F.);
#1324=ORIENTED_EDGE('',*,*,#995,.T.);
#1325=ORIENTED_EDGE('',*,*,#996,.T.);
#1326=ORIENTED_EDGE('',*,*,#995,.F.);
#1327=ORIENTED_EDGE('',*,*,#997,.F.);
#1328=ORIENTED_EDGE('',*,*,#983,.T.);
#1329=ORIENTED_EDGE('',*,*,#997,.T.);
#1330=ORIENTED_EDGE('',*,*,#994,.T.);
#1331=ORIENTED_EDGE('',*,*,#998,.T.);
#1332=ORIENTED_EDGE('',*,*,#999,.T.);
#1333=ORIENTED_EDGE('',*,*,#1000,.T.);
#1334=ORIENTED_EDGE('',*,*,#1001,.T.);
#1335=ORIENTED_EDGE('',*,*,#1002,.T.);
#1336=ORIENTED_EDGE('',*,*,#1003,.T.);
#1337=ORIENTED_EDGE('',*,*,#1004,.T.);
#1338=ORIENTED_EDGE('',*,*,#1005,.T.);
#1339=ORIENTED_EDGE('',*,*,#1006,.T.);
#1340=ORIENTED_EDGE('',*,*,#1007,.T.);
#1341=ORIENTED_EDGE('',*,*,#1008,.T.);
#1342=ORIENTED_EDGE('',*,*,#1009,.T.);
#1343=ORIENTED_EDGE('',*,*,#1010,.T.);
#1344=ORIENTED_EDGE('',*,*,#1011,.T.);
#1345=ORIENTED_EDGE('',*,*,#1012,.T.);
#1346=ORIENTED_EDGE('',*,*,#1013,.T.);
#1347=ORIENTED_EDGE('',*,*,#1014,.F.);
#1348=ORIENTED_EDGE('',*,*,#1015,.F.);
#1349=ORIENTED_EDGE('',*,*,#1016,.F.);
#1350=ORIENTED_EDGE('',*,*,#1017,.F.);
#1351=ORIENTED_EDGE('',*,*,#1018,.F.);
#1352=ORIENTED_EDGE('',*,*,#1019,.F.);
#1353=ORIENTED_EDGE('',*,*,#1020,.F.);
#1354=ORIENTED_EDGE('',*,*,#1021,.F.);
#1355=ORIENTED_EDGE('',*,*,#1022,.F.);
#1356=ORIENTED_EDGE('',*,*,#1023,.F.);
#1357=ORIENTED_EDGE('',*,*,#1024,.F.);
#1358=ORIENTED_EDGE('',*,*,#1025,.F.);
#1359=ORIENTED_EDGE('',*,*,#1019,.T.);
#1360=ORIENTED_EDGE('',*,*,#1026,.T.);
#1361=ORIENTED_EDGE('',*,*,#958,.F.);
#1362=ORIENTED_EDGE('',*,*,#1027,.F.);
#1363=ORIENTED_EDGE('',*,*,#1020,.T.);
#1364=ORIENTED_EDGE('',*,*,#1027,.T.);
#1365=ORIENTED_EDGE('',*,*,#957,.F.);
#1366=ORIENTED_EDGE('',*,*,#1028,.F.);
#1367=ORIENTED_EDGE('',*,*,#1021,.T.);
#1368=ORIENTED_EDGE('',*,*,#1028,.T.);
#1369=ORIENTED_EDGE('',*,*,#956,.F.);
#1370=ORIENTED_EDGE('',*,*,#1029,.F.);
#1371=ORIENTED_EDGE('',*,*,#1018,.T.);
#1372=ORIENTED_EDGE('',*,*,#1029,.T.);
#1373=ORIENTED_EDGE('',*,*,#955,.F.);
#1374=ORIENTED_EDGE('',*,*,#1026,.F.);
#1375=ORIENTED_EDGE('',*,*,#1023,.T.);
#1376=ORIENTED_EDGE('',*,*,#1030,.T.);
#1377=ORIENTED_EDGE('',*,*,#962,.F.);
#1378=ORIENTED_EDGE('',*,*,#1031,.F.);
#1379=ORIENTED_EDGE('',*,*,#1024,.T.);
#1380=ORIENTED_EDGE('',*,*,#1031,.T.);
#1381=ORIENTED_EDGE('',*,*,#961,.F.);
#1382=ORIENTED_EDGE('',*,*,#1032,.F.);
#1383=ORIENTED_EDGE('',*,*,#1025,.T.);
#1384=ORIENTED_EDGE('',*,*,#1032,.T.);
#1385=ORIENTED_EDGE('',*,*,#960,.F.);
#1386=ORIENTED_EDGE('',*,*,#1033,.F.);
#1387=ORIENTED_EDGE('',*,*,#1022,.T.);
#1388=ORIENTED_EDGE('',*,*,#1033,.T.);
#1389=ORIENTED_EDGE('',*,*,#959,.F.);
#1390=ORIENTED_EDGE('',*,*,#1030,.F.);
#1391=ORIENTED_EDGE('',*,*,#1034,.T.);
#1392=ORIENTED_EDGE('',*,*,#1035,.T.);
#1393=ORIENTED_EDGE('',*,*,#968,.F.);
#1394=ORIENTED_EDGE('',*,*,#1036,.F.);
#1395=ORIENTED_EDGE('',*,*,#979,.T.);
#1396=ORIENTED_EDGE('',*,*,#1037,.F.);
#1397=ORIENTED_EDGE('',*,*,#1038,.F.);
#1398=ORIENTED_EDGE('',*,*,#1039,.F.);
#1399=ORIENTED_EDGE('',*,*,#1040,.F.);
#1400=ORIENTED_EDGE('',*,*,#1041,.F.);
#1401=ORIENTED_EDGE('',*,*,#976,.T.);
#1402=ORIENTED_EDGE('',*,*,#1041,.T.);
#1403=ORIENTED_EDGE('',*,*,#1042,.F.);
#1404=ORIENTED_EDGE('',*,*,#1043,.T.);
#1405=ORIENTED_EDGE('',*,*,#991,.T.);
#1406=ORIENTED_EDGE('',*,*,#1040,.T.);
#1407=ORIENTED_EDGE('',*,*,#1044,.F.);
#1408=ORIENTED_EDGE('',*,*,#1045,.T.);
#1409=ORIENTED_EDGE('',*,*,#1042,.T.);
#1410=ORIENTED_EDGE('',*,*,#1039,.T.);
#1411=ORIENTED_EDGE('',*,*,#1046,.F.);
#1412=ORIENTED_EDGE('',*,*,#1047,.T.);
#1413=ORIENTED_EDGE('',*,*,#1044,.T.);
#1414=ORIENTED_EDGE('',*,*,#1048,.F.);
#1415=ORIENTED_EDGE('',*,*,#1049,.F.);
#1416=ORIENTED_EDGE('',*,*,#1050,.F.);
#1417=ORIENTED_EDGE('',*,*,#1051,.F.);
#1418=ORIENTED_EDGE('',*,*,#1052,.F.);
#1419=ORIENTED_EDGE('',*,*,#1053,.T.);
#1420=ORIENTED_EDGE('',*,*,#1054,.F.);
#1421=ORIENTED_EDGE('',*,*,#1055,.F.);
#1422=ORIENTED_EDGE('',*,*,#1052,.T.);
#1423=ORIENTED_EDGE('',*,*,#1056,.F.);
#1424=ORIENTED_EDGE('',*,*,#1057,.T.);
#1425=ORIENTED_EDGE('',*,*,#1058,.T.);
#1426=ORIENTED_EDGE('',*,*,#1051,.T.);
#1427=ORIENTED_EDGE('',*,*,#1059,.F.);
#1428=ORIENTED_EDGE('',*,*,#1060,.T.);
#1429=ORIENTED_EDGE('',*,*,#1056,.T.);
#1430=ORIENTED_EDGE('',*,*,#1050,.T.);
#1431=ORIENTED_EDGE('',*,*,#1061,.F.);
#1432=ORIENTED_EDGE('',*,*,#1062,.F.);
#1433=ORIENTED_EDGE('',*,*,#1063,.T.);
#1434=ORIENTED_EDGE('',*,*,#1059,.T.);
#1435=ORIENTED_EDGE('',*,*,#1064,.F.);
#1436=ORIENTED_EDGE('',*,*,#1065,.F.);
#1437=ORIENTED_EDGE('',*,*,#1066,.F.);
#1438=ORIENTED_EDGE('',*,*,#1053,.F.);
#1439=ORIENTED_EDGE('',*,*,#1058,.F.);
#1440=ORIENTED_EDGE('',*,*,#1067,.T.);
#1441=ORIENTED_EDGE('',*,*,#1068,.T.);
#1442=ORIENTED_EDGE('',*,*,#969,.F.);
#1443=ORIENTED_EDGE('',*,*,#1035,.F.);
#1444=ORIENTED_EDGE('',*,*,#1016,.T.);
#1445=ORIENTED_EDGE('',*,*,#1069,.T.);
#1446=ORIENTED_EDGE('',*,*,#1070,.F.);
#1447=ORIENTED_EDGE('',*,*,#1071,.F.);
#1448=ORIENTED_EDGE('',*,*,#1054,.T.);
#1449=ORIENTED_EDGE('',*,*,#1066,.T.);
#1450=ORIENTED_EDGE('',*,*,#1072,.F.);
#1451=ORIENTED_EDGE('',*,*,#1073,.F.);
#1452=ORIENTED_EDGE('',*,*,#1055,.T.);
#1453=ORIENTED_EDGE('',*,*,#1073,.T.);
#1454=ORIENTED_EDGE('',*,*,#1074,.F.);
#1455=ORIENTED_EDGE('',*,*,#1075,.F.);
#1456=ORIENTED_EDGE('',*,*,#1049,.T.);
#1457=ORIENTED_EDGE('',*,*,#1075,.T.);
#1458=ORIENTED_EDGE('',*,*,#1076,.F.);
#1459=ORIENTED_EDGE('',*,*,#1061,.T.);
#1460=ORIENTED_EDGE('',*,*,#1014,.T.);
#1461=ORIENTED_EDGE('',*,*,#1077,.F.);
#1462=ORIENTED_EDGE('',*,*,#1078,.F.);
#1463=ORIENTED_EDGE('',*,*,#1079,.F.);
#1464=ORIENTED_EDGE('',*,*,#1015,.T.);
#1465=ORIENTED_EDGE('',*,*,#1079,.T.);
#1466=ORIENTED_EDGE('',*,*,#1080,.F.);
#1467=ORIENTED_EDGE('',*,*,#1069,.F.);
#1468=ORIENTED_EDGE('',*,*,#1080,.T.);
#1469=ORIENTED_EDGE('',*,*,#1078,.T.);
#1470=ORIENTED_EDGE('',*,*,#1081,.F.);
#1471=ORIENTED_EDGE('',*,*,#1076,.T.);
#1472=ORIENTED_EDGE('',*,*,#1074,.T.);
#1473=ORIENTED_EDGE('',*,*,#1072,.T.);
#1474=ORIENTED_EDGE('',*,*,#1065,.T.);
#1475=ORIENTED_EDGE('',*,*,#1082,.F.);
#1476=ORIENTED_EDGE('',*,*,#1083,.T.);
#1477=ORIENTED_EDGE('',*,*,#1070,.T.);
#1478=ORIENTED_EDGE('',*,*,#1082,.T.);
#1479=ORIENTED_EDGE('',*,*,#1084,.F.);
#1480=ORIENTED_EDGE('',*,*,#1085,.F.);
#1481=ORIENTED_EDGE('',*,*,#1086,.T.);
#1482=ORIENTED_EDGE('',*,*,#1081,.T.);
#1483=ORIENTED_EDGE('',*,*,#1087,.F.);
#1484=ORIENTED_EDGE('',*,*,#1088,.F.);
#1485=ORIENTED_EDGE('',*,*,#1062,.T.);
#1486=ORIENTED_EDGE('',*,*,#1048,.T.);
#1487=ORIENTED_EDGE('',*,*,#1089,.T.);
#1488=ORIENTED_EDGE('',*,*,#1090,.T.);
#1489=ORIENTED_EDGE('',*,*,#1089,.F.);
#1490=ORIENTED_EDGE('',*,*,#1091,.F.);
#1491=ORIENTED_EDGE('',*,*,#1084,.T.);
#1492=ORIENTED_EDGE('',*,*,#1064,.T.);
#1493=ORIENTED_EDGE('',*,*,#1034,.F.);
#1494=ORIENTED_EDGE('',*,*,#1092,.F.);
#1495=ORIENTED_EDGE('',*,*,#1093,.F.);
#1496=ORIENTED_EDGE('',*,*,#1092,.T.);
#1497=ORIENTED_EDGE('',*,*,#1036,.T.);
#1498=ORIENTED_EDGE('',*,*,#967,.F.);
#1499=ORIENTED_EDGE('',*,*,#993,.F.);
#1500=ORIENTED_EDGE('',*,*,#1038,.T.);
#1501=ORIENTED_EDGE('',*,*,#1094,.F.);
#1502=ORIENTED_EDGE('',*,*,#1095,.T.);
#1503=ORIENTED_EDGE('',*,*,#1046,.T.);
#1504=ORIENTED_EDGE('',*,*,#1037,.T.);
#1505=ORIENTED_EDGE('',*,*,#989,.T.);
#1506=ORIENTED_EDGE('',*,*,#1096,.F.);
#1507=ORIENTED_EDGE('',*,*,#1097,.T.);
#1508=ORIENTED_EDGE('',*,*,#1094,.T.);
#1509=ORIENTED_EDGE('',*,*,#988,.T.);
#1510=ORIENTED_EDGE('',*,*,#1098,.F.);
#1511=ORIENTED_EDGE('',*,*,#1099,.T.);
#1512=ORIENTED_EDGE('',*,*,#1096,.T.);
#1513=ORIENTED_EDGE('',*,*,#987,.T.);
#1514=ORIENTED_EDGE('',*,*,#1100,.F.);
#1515=ORIENTED_EDGE('',*,*,#1101,.T.);
#1516=ORIENTED_EDGE('',*,*,#1098,.T.);
#1517=ORIENTED_EDGE('',*,*,#980,.T.);
#1518=ORIENTED_EDGE('',*,*,#970,.F.);
#1519=ORIENTED_EDGE('',*,*,#1068,.F.);
#1520=ORIENTED_EDGE('',*,*,#1102,.T.);
#1521=ORIENTED_EDGE('',*,*,#1100,.T.);
#1522=ORIENTED_EDGE('',*,*,#986,.T.);
#1523=ORIENTED_EDGE('',*,*,#1103,.T.);
#1524=ORIENTED_EDGE('',*,*,#1087,.T.);
#1525=ORIENTED_EDGE('',*,*,#1077,.T.);
#1526=ORIENTED_EDGE('',*,*,#1013,.F.);
#1527=ORIENTED_EDGE('',*,*,#1104,.F.);
#1528=ORIENTED_EDGE('',*,*,#1105,.T.);
#1529=ORIENTED_EDGE('',*,*,#1104,.T.);
#1530=ORIENTED_EDGE('',*,*,#1012,.F.);
#1531=ORIENTED_EDGE('',*,*,#1106,.F.);
#1532=ORIENTED_EDGE('',*,*,#1107,.T.);
#1533=ORIENTED_EDGE('',*,*,#1106,.T.);
#1534=ORIENTED_EDGE('',*,*,#1011,.F.);
#1535=ORIENTED_EDGE('',*,*,#1108,.F.);
#1536=ORIENTED_EDGE('',*,*,#1109,.F.);
#1537=ORIENTED_EDGE('',*,*,#1108,.T.);
#1538=ORIENTED_EDGE('',*,*,#1010,.F.);
#1539=ORIENTED_EDGE('',*,*,#1110,.F.);
#1540=ORIENTED_EDGE('',*,*,#1111,.F.);
#1541=ORIENTED_EDGE('',*,*,#1110,.T.);
#1542=ORIENTED_EDGE('',*,*,#1009,.F.);
#1543=ORIENTED_EDGE('',*,*,#1112,.F.);
#1544=ORIENTED_EDGE('',*,*,#1113,.F.);
#1545=ORIENTED_EDGE('',*,*,#1112,.T.);
#1546=ORIENTED_EDGE('',*,*,#1008,.F.);
#1547=ORIENTED_EDGE('',*,*,#1114,.F.);
#1548=ORIENTED_EDGE('',*,*,#1115,.F.);
#1549=ORIENTED_EDGE('',*,*,#1114,.T.);
#1550=ORIENTED_EDGE('',*,*,#1007,.F.);
#1551=ORIENTED_EDGE('',*,*,#1116,.F.);
#1552=ORIENTED_EDGE('',*,*,#1117,.F.);
#1553=ORIENTED_EDGE('',*,*,#1116,.T.);
#1554=ORIENTED_EDGE('',*,*,#1006,.F.);
#1555=ORIENTED_EDGE('',*,*,#1118,.F.);
#1556=ORIENTED_EDGE('',*,*,#1119,.F.);
#1557=ORIENTED_EDGE('',*,*,#1118,.T.);
#1558=ORIENTED_EDGE('',*,*,#1005,.F.);
#1559=ORIENTED_EDGE('',*,*,#1120,.F.);
#1560=ORIENTED_EDGE('',*,*,#1121,.F.);
#1561=ORIENTED_EDGE('',*,*,#1120,.T.);
#1562=ORIENTED_EDGE('',*,*,#1004,.F.);
#1563=ORIENTED_EDGE('',*,*,#1122,.F.);
#1564=ORIENTED_EDGE('',*,*,#1123,.T.);
#1565=ORIENTED_EDGE('',*,*,#1122,.T.);
#1566=ORIENTED_EDGE('',*,*,#1003,.F.);
#1567=ORIENTED_EDGE('',*,*,#1124,.F.);
#1568=ORIENTED_EDGE('',*,*,#1125,.T.);
#1569=ORIENTED_EDGE('',*,*,#1124,.T.);
#1570=ORIENTED_EDGE('',*,*,#1002,.F.);
#1571=ORIENTED_EDGE('',*,*,#1126,.F.);
#1572=ORIENTED_EDGE('',*,*,#1127,.T.);
#1573=ORIENTED_EDGE('',*,*,#1126,.T.);
#1574=ORIENTED_EDGE('',*,*,#1001,.F.);
#1575=ORIENTED_EDGE('',*,*,#1128,.F.);
#1576=ORIENTED_EDGE('',*,*,#1129,.T.);
#1577=ORIENTED_EDGE('',*,*,#1128,.T.);
#1578=ORIENTED_EDGE('',*,*,#1000,.F.);
#1579=ORIENTED_EDGE('',*,*,#1130,.F.);
#1580=ORIENTED_EDGE('',*,*,#1131,.F.);
#1581=ORIENTED_EDGE('',*,*,#1130,.T.);
#1582=ORIENTED_EDGE('',*,*,#999,.F.);
#1583=ORIENTED_EDGE('',*,*,#1132,.F.);
#1584=ORIENTED_EDGE('',*,*,#1133,.F.);
#1585=ORIENTED_EDGE('',*,*,#1132,.T.);
#1586=ORIENTED_EDGE('',*,*,#998,.F.);
#1587=ORIENTED_EDGE('',*,*,#1134,.F.);
#1588=ORIENTED_EDGE('',*,*,#1135,.F.);
#1589=ORIENTED_EDGE('',*,*,#1134,.T.);
#1590=ORIENTED_EDGE('',*,*,#1017,.T.);
#1591=ORIENTED_EDGE('',*,*,#1071,.T.);
#1592=ORIENTED_EDGE('',*,*,#1083,.F.);
#1593=ORIENTED_EDGE('',*,*,#1086,.F.);
#1594=ORIENTED_EDGE('',*,*,#1136,.F.);
#1595=ORIENTED_EDGE('',*,*,#1137,.T.);
#1596=ORIENTED_EDGE('',*,*,#954,.F.);
#1597=ORIENTED_EDGE('',*,*,#1138,.F.);
#1598=ORIENTED_EDGE('',*,*,#1139,.T.);
#1599=ORIENTED_EDGE('',*,*,#1138,.T.);
#1600=ORIENTED_EDGE('',*,*,#953,.F.);
#1601=ORIENTED_EDGE('',*,*,#1140,.F.);
#1602=ORIENTED_EDGE('',*,*,#1141,.F.);
#1603=ORIENTED_EDGE('',*,*,#1140,.T.);
#1604=ORIENTED_EDGE('',*,*,#952,.F.);
#1605=ORIENTED_EDGE('',*,*,#1142,.F.);
#1606=ORIENTED_EDGE('',*,*,#1143,.F.);
#1607=ORIENTED_EDGE('',*,*,#1142,.T.);
#1608=ORIENTED_EDGE('',*,*,#951,.F.);
#1609=ORIENTED_EDGE('',*,*,#1137,.F.);
#1610=ORIENTED_EDGE('',*,*,#1143,.T.);
#1611=ORIENTED_EDGE('',*,*,#1136,.T.);
#1612=ORIENTED_EDGE('',*,*,#1085,.T.);
#1613=ORIENTED_EDGE('',*,*,#1091,.T.);
#1614=ORIENTED_EDGE('',*,*,#1093,.T.);
#1615=ORIENTED_EDGE('',*,*,#992,.F.);
#1616=ORIENTED_EDGE('',*,*,#1043,.F.);
#1617=ORIENTED_EDGE('',*,*,#1045,.F.);
#1618=ORIENTED_EDGE('',*,*,#1047,.F.);
#1619=ORIENTED_EDGE('',*,*,#1095,.F.);
#1620=ORIENTED_EDGE('',*,*,#1097,.F.);
#1621=ORIENTED_EDGE('',*,*,#1099,.F.);
#1622=ORIENTED_EDGE('',*,*,#1101,.F.);
#1623=ORIENTED_EDGE('',*,*,#1102,.F.);
#1624=ORIENTED_EDGE('',*,*,#1067,.F.);
#1625=ORIENTED_EDGE('',*,*,#1057,.F.);
#1626=ORIENTED_EDGE('',*,*,#1060,.F.);
#1627=ORIENTED_EDGE('',*,*,#1063,.F.);
#1628=ORIENTED_EDGE('',*,*,#1088,.T.);
#1629=ORIENTED_EDGE('',*,*,#1103,.F.);
#1630=ORIENTED_EDGE('',*,*,#1105,.F.);
#1631=ORIENTED_EDGE('',*,*,#1107,.F.);
#1632=ORIENTED_EDGE('',*,*,#1109,.T.);
#1633=ORIENTED_EDGE('',*,*,#1111,.T.);
#1634=ORIENTED_EDGE('',*,*,#1113,.T.);
#1635=ORIENTED_EDGE('',*,*,#1115,.T.);
#1636=ORIENTED_EDGE('',*,*,#1117,.T.);
#1637=ORIENTED_EDGE('',*,*,#1119,.T.);
#1638=ORIENTED_EDGE('',*,*,#1121,.T.);
#1639=ORIENTED_EDGE('',*,*,#1123,.F.);
#1640=ORIENTED_EDGE('',*,*,#1125,.F.);
#1641=ORIENTED_EDGE('',*,*,#1127,.F.);
#1642=ORIENTED_EDGE('',*,*,#1129,.F.);
#1643=ORIENTED_EDGE('',*,*,#1131,.T.);
#1644=ORIENTED_EDGE('',*,*,#1133,.T.);
#1645=ORIENTED_EDGE('',*,*,#1135,.T.);
#1646=ORIENTED_EDGE('',*,*,#1139,.F.);
#1647=ORIENTED_EDGE('',*,*,#1141,.T.);
#1648=ORIENTED_EDGE('',*,*,#996,.F.);
#1649=ORIENTED_EDGE('',*,*,#1090,.F.);
#1650=PLANE('',#1842);
#1651=PLANE('',#1843);
#1652=PLANE('',#1844);
#1653=PLANE('',#1845);
#1654=PLANE('',#1846);
#1655=PLANE('',#1847);
#1656=PLANE('',#1848);
#1657=PLANE('',#1849);
#1658=PLANE('',#1850);
#1659=PLANE('',#1851);
#1660=PLANE('',#1852);
#1661=PLANE('',#1853);
#1662=PLANE('',#1854);
#1663=PLANE('',#1855);
#1664=PLANE('',#1856);
#1665=PLANE('',#1857);
#1666=PLANE('',#1858);
#1667=PLANE('',#1859);
#1668=PLANE('',#1860);
#1669=PLANE('',#1861);
#1670=PLANE('',#1862);
#1671=PLANE('',#1863);
#1672=PLANE('',#1865);
#1673=PLANE('',#1866);
#1674=PLANE('',#1867);
#1675=PLANE('',#1868);
#1676=PLANE('',#1869);
#1677=PLANE('',#1870);
#1678=PLANE('',#1872);
#1679=PLANE('',#1877);
#1680=PLANE('',#1878);
#1681=PLANE('',#1879);
#1682=PLANE('',#1880);
#1683=PLANE('',#1881);
#1684=PLANE('',#1882);
#1685=PLANE('',#1883);
#1686=PLANE('',#1884);
#1687=PLANE('',#1885);
#1688=PLANE('',#1886);
#1689=PLANE('',#1887);
#1690=PLANE('',#1888);
#1691=PLANE('',#1889);
#1692=PLANE('',#1890);
#1693=PLANE('',#1891);
#1694=PLANE('',#1892);
#1695=PLANE('',#1894);
#1696=PLANE('',#1896);
#1697=PLANE('',#1897);
#1698=PLANE('',#1898);
#1699=PLANE('',#1899);
#1700=PLANE('',#1900);
#1701=PLANE('',#1901);
#1702=PLANE('',#1904);
#1703=PLANE('',#1905);
#1704=PLANE('',#1906);
#1705=PLANE('',#1907);
#1706=PLANE('',#1908);
#1707=PLANE('',#1909);
#1708=PLANE('',#1912);
#1709=PLANE('',#1913);
#1710=PLANE('',#1914);
#1711=PLANE('',#1915);
#1712=PLANE('',#1916);
#1713=PLANE('',#1917);
#1714=PLANE('',#1918);
#1715=PLANE('',#1919);
#1716=PLANE('',#1920);
#1717=PLANE('',#1921);
#1718=PLANE('',#1922);
#1719=PLANE('',#1923);
#1720=PLANE('',#1924);
#1721=PLANE('',#1925);
#1722=PLANE('',#1926);
#1723=PLANE('',#1927);
#1724=PLANE('',#1928);
#1725=PLANE('',#1929);
#1726=PLANE('',#1930);
#1727=PLANE('',#1931);
#1728=PLANE('',#1932);
#1729=PLANE('',#1933);
#1730=PLANE('',#1934);
#1731=PLANE('',#1935);
#1732=PLANE('',#1936);
#1733=PLANE('',#1937);
#1734=PLANE('',#1938);
#1735=PLANE('',#1939);
#1736=ADVANCED_FACE('',(#47),#1650,.F.);
#1737=ADVANCED_FACE('',(#48),#1651,.F.);
#1738=ADVANCED_FACE('',(#49),#1652,.F.);
#1739=ADVANCED_FACE('',(#50),#1653,.F.);
#1740=ADVANCED_FACE('',(#51),#1654,.F.);
#1741=ADVANCED_FACE('',(#52),#1655,.F.);
#1742=ADVANCED_FACE('',(#53),#1656,.T.);
#1743=ADVANCED_FACE('',(#54),#1657,.T.);
#1744=ADVANCED_FACE('',(#55),#1658,.T.);
#1745=ADVANCED_FACE('',(#56),#1659,.F.);
#1746=ADVANCED_FACE('',(#57),#1660,.T.);
#1747=ADVANCED_FACE('',(#58),#1661,.F.);
#1748=ADVANCED_FACE('',(#59),#1662,.T.);
#1749=ADVANCED_FACE('',(#60),#1663,.F.);
#1750=ADVANCED_FACE('',(#61),#1664,.T.);
#1751=ADVANCED_FACE('',(#62),#1665,.F.);
#1752=ADVANCED_FACE('',(#63,#38),#1666,.F.);
#1753=ADVANCED_FACE('',(#64,#39),#1667,.T.);
#1754=ADVANCED_FACE('',(#65),#1668,.F.);
#1755=ADVANCED_FACE('',(#66),#1669,.T.);
#1756=ADVANCED_FACE('',(#67),#1670,.F.);
#1757=ADVANCED_FACE('',(#68),#1671,.T.);
#1758=ADVANCED_FACE('',(#69,#40,#41,#42),#1672,.T.);
#1759=ADVANCED_FACE('',(#70),#1673,.F.);
#1760=ADVANCED_FACE('',(#71),#1674,.F.);
#1761=ADVANCED_FACE('',(#72),#1675,.F.);
#1762=ADVANCED_FACE('',(#73),#1676,.F.);
#1763=ADVANCED_FACE('',(#74),#1677,.F.);
#1764=ADVANCED_FACE('',(#75),#1678,.T.);
#1765=ADVANCED_FACE('',(#76),#11,.F.);
#1766=ADVANCED_FACE('',(#77),#1679,.F.);
#1767=ADVANCED_FACE('',(#78,#43,#44),#1680,.F.);
#1768=ADVANCED_FACE('',(#79),#1681,.T.);
#1769=ADVANCED_FACE('',(#80),#1682,.T.);
#1770=ADVANCED_FACE('',(#81),#1683,.T.);
#1771=ADVANCED_FACE('',(#82),#1684,.T.);
#1772=ADVANCED_FACE('',(#83),#1685,.T.);
#1773=ADVANCED_FACE('',(#84),#1686,.T.);
#1774=ADVANCED_FACE('',(#85),#1687,.T.);
#1775=ADVANCED_FACE('',(#86),#1688,.T.);
#1776=ADVANCED_FACE('',(#87),#1689,.T.);
#1777=ADVANCED_FACE('',(#88),#1690,.T.);
#1778=ADVANCED_FACE('',(#89),#1691,.T.);
#1779=ADVANCED_FACE('',(#90),#1692,.T.);
#1780=ADVANCED_FACE('',(#91),#1693,.T.);
#1781=ADVANCED_FACE('',(#92),#1694,.F.);
#1782=ADVANCED_FACE('',(#93),#1695,.F.);
#1783=ADVANCED_FACE('',(#94),#1696,.T.);
#1784=ADVANCED_FACE('',(#95),#1697,.T.);
#1785=ADVANCED_FACE('',(#96),#1698,.T.);
#1786=ADVANCED_FACE('',(#97),#1699,.T.);
#1787=ADVANCED_FACE('',(#98),#1700,.T.);
#1788=ADVANCED_FACE('',(#99),#1701,.T.);
#1789=ADVANCED_FACE('',(#100),#12,.F.);
#1790=ADVANCED_FACE('',(#101),#1702,.T.);
#1791=ADVANCED_FACE('',(#102),#1703,.T.);
#1792=ADVANCED_FACE('',(#103),#1704,.T.);
#1793=ADVANCED_FACE('',(#104),#1705,.F.);
#1794=ADVANCED_FACE('',(#105),#1706,.T.);
#1795=ADVANCED_FACE('',(#106),#1707,.T.);
#1796=ADVANCED_FACE('',(#107),#13,.F.);
#1797=ADVANCED_FACE('',(#108),#1708,.T.);
#1798=ADVANCED_FACE('',(#109),#1709,.T.);
#1799=ADVANCED_FACE('',(#110),#1710,.T.);
#1800=ADVANCED_FACE('',(#111),#1711,.T.);
#1801=ADVANCED_FACE('',(#112),#1712,.T.);
#1802=ADVANCED_FACE('',(#113),#1713,.T.);
#1803=ADVANCED_FACE('',(#114),#1714,.T.);
#1804=ADVANCED_FACE('',(#115),#1715,.T.);
#1805=ADVANCED_FACE('',(#116),#1716,.T.);
#1806=ADVANCED_FACE('',(#117),#1717,.T.);
#1807=ADVANCED_FACE('',(#118),#1718,.T.);
#1808=ADVANCED_FACE('',(#119),#1719,.T.);
#1809=ADVANCED_FACE('',(#120),#1720,.T.);
#1810=ADVANCED_FACE('',(#121),#1721,.T.);
#1811=ADVANCED_FACE('',(#122),#1722,.T.);
#1812=ADVANCED_FACE('',(#123),#1723,.T.);
#1813=ADVANCED_FACE('',(#124),#1724,.T.);
#1814=ADVANCED_FACE('',(#125),#1725,.T.);
#1815=ADVANCED_FACE('',(#126),#1726,.T.);
#1816=ADVANCED_FACE('',(#127),#1727,.T.);
#1817=ADVANCED_FACE('',(#128),#1728,.T.);
#1818=ADVANCED_FACE('',(#129),#1729,.T.);
#1819=ADVANCED_FACE('',(#130),#1730,.T.);
#1820=ADVANCED_FACE('',(#131),#1731,.T.);
#1821=ADVANCED_FACE('',(#132),#1732,.T.);
#1822=ADVANCED_FACE('',(#133),#1733,.T.);
#1823=ADVANCED_FACE('',(#134),#1734,.T.);
#1824=ADVANCED_FACE('',(#135,#45,#46),#1735,.F.);
#1825=CLOSED_SHELL('',(#1736,#1737,#1738,#1739,#1740,#1741,#1742,#1743,
#1744,#1745,#1746,#1747,#1748,#1749,#1750,#1751,#1752,#1753,#1754,#1755,
#1756,#1757));
#1826=CLOSED_SHELL('',(#1758,#1759,#1760,#1761,#1762,#1763,#1764,#1765,
#1766,#1767,#1768,#1769,#1770,#1771,#1772,#1773,#1774,#1775,#1776,#1777,
#1778,#1779,#1780,#1781,#1782,#1783,#1784,#1785,#1786,#1787,#1788,#1789,
#1790,#1791,#1792,#1793,#1794,#1795,#1796,#1797,#1798,#1799,#1800,#1801,
#1802,#1803,#1804,#1805,#1806,#1807,#1808,#1809,#1810,#1811,#1812,#1813,
#1814,#1815,#1816,#1817,#1818,#1819,#1820,#1821,#1822,#1823,#1824));
#1827=DERIVED_UNIT_ELEMENT(#1829,1.);
#1828=DERIVED_UNIT_ELEMENT(#2913,-3.);
#1829=(
MASS_UNIT()
NAMED_UNIT(*)
SI_UNIT(.KILO.,.GRAM.)
);
#1830=DERIVED_UNIT((#1827,#1828));
#1831=MEASURE_REPRESENTATION_ITEM('density measure',
POSITIVE_RATIO_MEASURE(7850.),#1830);
#1832=PROPERTY_DEFINITION_REPRESENTATION(#1837,#1834);
#1833=PROPERTY_DEFINITION_REPRESENTATION(#1838,#1835);
#1834=REPRESENTATION('material name',(#1836),#2910);
#1835=REPRESENTATION('density',(#1831),#2910);
#1836=DESCRIPTIVE_REPRESENTATION_ITEM('Steel','Steel');
#1837=PROPERTY_DEFINITION('material property','material name',#2930);
#1838=PROPERTY_DEFINITION('material property','density of part',#2930);
#1839=AXIS2_PLACEMENT_3D('',#2390,#1941,#1942);
#1840=AXIS2_PLACEMENT_3D('',#2391,#1943,#1944);
#1841=AXIS2_PLACEMENT_3D('',#2392,#1945,#1946);
#1842=AXIS2_PLACEMENT_3D('',#2393,#1947,#1948);
#1843=AXIS2_PLACEMENT_3D('',#2402,#1953,#1954);
#1844=AXIS2_PLACEMENT_3D('',#2411,#1959,#1960);
#1845=AXIS2_PLACEMENT_3D('',#2414,#1963,#1964);
#1846=AXIS2_PLACEMENT_3D('',#2423,#1969,#1970);
#1847=AXIS2_PLACEMENT_3D('',#2432,#1975,#1976);
#1848=AXIS2_PLACEMENT_3D('',#2435,#1979,#1980);
#1849=AXIS2_PLACEMENT_3D('',#2445,#1986,#1987);
#1850=AXIS2_PLACEMENT_3D('',#2454,#1993,#1994);
#1851=AXIS2_PLACEMENT_3D('',#2463,#2000,#2001);
#1852=AXIS2_PLACEMENT_3D('',#2467,#2004,#2005);
#1853=AXIS2_PLACEMENT_3D('',#2471,#2008,#2009);
#1854=AXIS2_PLACEMENT_3D('',#2473,#2011,#2012);
#1855=AXIS2_PLACEMENT_3D('',#2479,#2016,#2017);
#1856=AXIS2_PLACEMENT_3D('',#2483,#2020,#2021);
#1857=AXIS2_PLACEMENT_3D('',#2487,#2024,#2025);
#1858=AXIS2_PLACEMENT_3D('',#2489,#2027,#2028);
#1859=AXIS2_PLACEMENT_3D('',#2498,#2033,#2034);
#1860=AXIS2_PLACEMENT_3D('',#2507,#2039,#2040);
#1861=AXIS2_PLACEMENT_3D('',#2510,#2043,#2044);
#1862=AXIS2_PLACEMENT_3D('',#2512,#2046,#2047);
#1863=AXIS2_PLACEMENT_3D('',#2514,#2049,#2050);
#1864=AXIS2_PLACEMENT_3D('',#2515,#2051,#2052);
#1865=AXIS2_PLACEMENT_3D('',#2516,#2053,#2054);
#1866=AXIS2_PLACEMENT_3D('',#2557,#2075,#2076);
#1867=AXIS2_PLACEMENT_3D('',#2563,#2080,#2081);
#1868=AXIS2_PLACEMENT_3D('',#2569,#2085,#2086);
#1869=AXIS2_PLACEMENT_3D('',#2575,#2090,#2091);
#1870=AXIS2_PLACEMENT_3D('',#2587,#2098,#2099);
#1871=AXIS2_PLACEMENT_3D('',#2595,#2104,#2105);
#1872=AXIS2_PLACEMENT_3D('',#2596,#2106,#2107);
#1873=AXIS2_PLACEMENT_3D('',#2602,#2111,#2112);
#1874=AXIS2_PLACEMENT_3D('',#2604,#2113,#2114);
#1875=AXIS2_PLACEMENT_3D('',#2607,#2116,#2117);
#1876=AXIS2_PLACEMENT_3D('',#2608,#2118,#2119);
#1877=AXIS2_PLACEMENT_3D('',#2609,#2120,#2121);
#1878=AXIS2_PLACEMENT_3D('',#2610,#2122,#2123);
#1879=AXIS2_PLACEMENT_3D('',#2667,#2152,#2153);
#1880=AXIS2_PLACEMENT_3D('',#2670,#2156,#2157);
#1881=AXIS2_PLACEMENT_3D('',#2672,#2159,#2160);
#1882=AXIS2_PLACEMENT_3D('',#2674,#2162,#2163);
#1883=AXIS2_PLACEMENT_3D('',#2675,#2164,#2165);
#1884=AXIS2_PLACEMENT_3D('',#2678,#2168,#2169);
#1885=AXIS2_PLACEMENT_3D('',#2680,#2171,#2172);
#1886=AXIS2_PLACEMENT_3D('',#2682,#2174,#2175);
#1887=AXIS2_PLACEMENT_3D('',#2683,#2176,#2177);
#1888=AXIS2_PLACEMENT_3D('',#2689,#2181,#2182);
#1889=AXIS2_PLACEMENT_3D('',#2699,#2188,#2189);
#1890=AXIS2_PLACEMENT_3D('',#2703,#2192,#2193);
#1891=AXIS2_PLACEMENT_3D('',#2707,#2196,#2197);
#1892=AXIS2_PLACEMENT_3D('',#2711,#2200,#2201);
#1893=AXIS2_PLACEMENT_3D('',#2713,#2202,#2203);
#1894=AXIS2_PLACEMENT_3D('',#2714,#2204,#2205);
#1895=AXIS2_PLACEMENT_3D('',#2728,#2212,#2213);
#1896=AXIS2_PLACEMENT_3D('',#2729,#2214,#2215);
#1897=AXIS2_PLACEMENT_3D('',#2735,#2219,#2220);
#1898=AXIS2_PLACEMENT_3D('',#2739,#2223,#2224);
#1899=AXIS2_PLACEMENT_3D('',#2745,#2228,#2229);
#1900=AXIS2_PLACEMENT_3D('',#2754,#2235,#2236);
#1901=AXIS2_PLACEMENT_3D('',#2760,#2240,#2241);
#1902=AXIS2_PLACEMENT_3D('',#2764,#2244,#2245);
#1903=AXIS2_PLACEMENT_3D('',#2766,#2246,#2247);
#1904=AXIS2_PLACEMENT_3D('',#2768,#2249,#2250);
#1905=AXIS2_PLACEMENT_3D('',#2770,#2252,#2253);
#1906=AXIS2_PLACEMENT_3D('',#2776,#2257,#2258);
#1907=AXIS2_PLACEMENT_3D('',#2778,#2260,#2261);
#1908=AXIS2_PLACEMENT_3D('',#2783,#2265,#2266);
#1909=AXIS2_PLACEMENT_3D('',#2789,#2270,#2271);
#1910=AXIS2_PLACEMENT_3D('',#2793,#2274,#2275);
#1911=AXIS2_PLACEMENT_3D('',#2796,#2277,#2278);
#1912=AXIS2_PLACEMENT_3D('',#2797,#2279,#2280);
#1913=AXIS2_PLACEMENT_3D('',#2801,#2283,#2284);
#1914=AXIS2_PLACEMENT_3D('',#2803,#2286,#2287);
#1915=AXIS2_PLACEMENT_3D('',#2807,#2290,#2291);
#1916=AXIS2_PLACEMENT_3D('',#2811,#2294,#2295);
#1917=AXIS2_PLACEMENT_3D('',#2815,#2298,#2299);
#1918=AXIS2_PLACEMENT_3D('',#2819,#2302,#2303);
#1919=AXIS2_PLACEMENT_3D('',#2821,#2305,#2306);
#1920=AXIS2_PLACEMENT_3D('',#2825,#2309,#2310);
#1921=AXIS2_PLACEMENT_3D('',#2829,#2313,#2314);
#1922=AXIS2_PLACEMENT_3D('',#2833,#2317,#2318);
#1923=AXIS2_PLACEMENT_3D('',#2837,#2321,#2322);
#1924=AXIS2_PLACEMENT_3D('',#2841,#2325,#2326);
#1925=AXIS2_PLACEMENT_3D('',#2845,#2329,#2330);
#1926=AXIS2_PLACEMENT_3D('',#2849,#2333,#2334);
#1927=AXIS2_PLACEMENT_3D('',#2853,#2337,#2338);
#1928=AXIS2_PLACEMENT_3D('',#2857,#2341,#2342);
#1929=AXIS2_PLACEMENT_3D('',#2861,#2345,#2346);
#1930=AXIS2_PLACEMENT_3D('',#2865,#2349,#2350);
#1931=AXIS2_PLACEMENT_3D('',#2869,#2353,#2354);
#1932=AXIS2_PLACEMENT_3D('',#2873,#2357,#2358);
#1933=AXIS2_PLACEMENT_3D('',#2877,#2361,#2362);
#1934=AXIS2_PLACEMENT_3D('',#2881,#2365,#2366);
#1935=AXIS2_PLACEMENT_3D('',#2885,#2369,#2370);
#1936=AXIS2_PLACEMENT_3D('',#2892,#2375,#2376);
#1937=AXIS2_PLACEMENT_3D('',#2896,#2379,#2380);
#1938=AXIS2_PLACEMENT_3D('',#2900,#2383,#2384);
#1939=AXIS2_PLACEMENT_3D('',#2902,#2386,#2387);
#1940=AXIS2_PLACEMENT_3D('',#2903,#2388,#2389);
#1941=DIRECTION('axis',(0.,0.,1.));
#1942=DIRECTION('refdir',(1.,0.,0.));
#1943=DIRECTION('axis',(0.,0.,1.));
#1944=DIRECTION('refdir',(1.,0.,0.));
#1945=DIRECTION('axis',(0.,0.,1.));
#1946=DIRECTION('refdir',(1.,0.,0.));
#1947=DIRECTION('center_axis',(1.,0.,0.));
#1948=DIRECTION('ref_axis',(0.,-0.999847695156391,-0.0174524064372868));
#1949=DIRECTION('',(0.,-0.999847695156391,-0.0174524064372868));
#1950=DIRECTION('',(0.,-0.0174524064372868,0.999847695156391));
#1951=DIRECTION('',(0.,-0.999847695156391,-0.0174524064372868));
#1952=DIRECTION('',(0.,0.0174524064372868,-0.999847695156391));
#1953=DIRECTION('center_axis',(-1.,0.,0.));
#1954=DIRECTION('ref_axis',(0.,0.999847695156391,0.0174524064372868));
#1955=DIRECTION('',(0.,0.999847695156391,0.0174524064372868));
#1956=DIRECTION('',(0.,-0.0174524064372868,0.999847695156391));
#1957=DIRECTION('',(0.,0.999847695156391,0.0174524064372868));
#1958=DIRECTION('',(0.,0.0174524064372868,-0.999847695156391));
#1959=DIRECTION('center_axis',(0.,0.0174524064372872,-0.999847695156391));
#1960=DIRECTION('ref_axis',(-1.,0.,0.));
#1961=DIRECTION('',(-1.,0.,0.));
#1962=DIRECTION('',(1.,0.,0.));
#1963=DIRECTION('center_axis',(1.,0.,0.));
#1964=DIRECTION('ref_axis',(0.,-0.999847695156391,-0.0174524064372868));
#1965=DIRECTION('',(0.,-0.999847695156391,-0.0174524064372868));
#1966=DIRECTION('',(0.,-0.0174524064372868,0.999847695156391));
#1967=DIRECTION('',(0.,-0.999847695156391,-0.0174524064372868));
#1968=DIRECTION('',(0.,0.0174524064372868,-0.999847695156391));
#1969=DIRECTION('center_axis',(-1.,0.,0.));
#1970=DIRECTION('ref_axis',(0.,0.999847695156391,0.0174524064372868));
#1971=DIRECTION('',(0.,0.999847695156391,0.0174524064372868));
#1972=DIRECTION('',(0.,-0.0174524064372868,0.999847695156391));
#1973=DIRECTION('',(0.,0.999847695156391,0.0174524064372868));
#1974=DIRECTION('',(0.,0.0174524064372868,-0.999847695156391));
#1975=DIRECTION('center_axis',(0.,0.0174524064372872,-0.999847695156391));
#1976=DIRECTION('ref_axis',(-1.,0.,0.));
#1977=DIRECTION('',(-1.,0.,0.));
#1978=DIRECTION('',(1.,0.,0.));
#1979=DIRECTION('center_axis',(0.,0.999847695156391,0.0174524064372868));
#1980=DIRECTION('ref_axis',(0.,-0.0174524064372868,0.999847695156391));
#1981=DIRECTION('',(1.,0.,0.));
#1982=DIRECTION('',(0.,-0.0174524064372868,0.999847695156391));
#1983=DIRECTION('',(1.,0.,0.));
#1984=DIRECTION('',(0.,-0.0174524064372868,0.999847695156391));
#1985=DIRECTION('',(1.,0.,0.));
#1986=DIRECTION('center_axis',(0.,-0.0174524064372868,0.999847695156391));
#1987=DIRECTION('ref_axis',(1.,0.,0.));
#1988=DIRECTION('',(-1.,0.,0.));
#1989=DIRECTION('',(0.,0.999847695156391,0.0174524064372868));
#1990=DIRECTION('',(-1.,0.,0.));
#1991=DIRECTION('',(0.,0.999847695156391,0.0174524064372868));
#1992=DIRECTION('',(1.,0.,0.));
#1993=DIRECTION('center_axis',(0.,-0.0174524064372868,0.999847695156391));
#1994=DIRECTION('ref_axis',(1.,0.,0.));
#1995=DIRECTION('',(1.,0.,0.));
#1996=DIRECTION('',(0.,0.999847695156391,0.0174524064372868));
#1997=DIRECTION('',(-1.,0.,0.));
#1998=DIRECTION('',(0.,0.999847695156391,0.0174524064372868));
#1999=DIRECTION('',(-1.,0.,0.));
#2000=DIRECTION('center_axis',(1.,0.,0.));
#2001=DIRECTION('ref_axis',(0.,-0.0174524064372868,0.999847695156391));
#2002=DIRECTION('',(0.,-0.999847695156391,-0.0174524064372868));
#2003=DIRECTION('',(0.,-0.0174524064372868,0.999847695156391));
#2004=DIRECTION('center_axis',(1.,0.,0.));
#2005=DIRECTION('ref_axis',(0.,-0.0174524064372868,0.999847695156391));
#2006=DIRECTION('',(0.,-0.0174524064372868,0.999847695156391));
#2007=DIRECTION('',(0.,-0.999847695156391,-0.0174524064372868));
#2008=DIRECTION('center_axis',(0.,0.999847695156391,0.0174524064372868));
#2009=DIRECTION('ref_axis',(0.,-0.0174524064372868,0.999847695156391));
#2010=DIRECTION('',(1.,0.,0.));
#2011=DIRECTION('center_axis',(0.,0.999847695156391,0.0174524064372868));
#2012=DIRECTION('ref_axis',(0.,-0.0174524064372868,0.999847695156391));
#2013=DIRECTION('',(0.,-0.0174524064372868,0.999847695156391));
#2014=DIRECTION('',(-1.,0.,0.));
#2015=DIRECTION('',(0.,-0.0174524064372868,0.999847695156391));
#2016=DIRECTION('center_axis',(1.,0.,0.));
#2017=DIRECTION('ref_axis',(0.,-0.0174524064372868,0.999847695156391));
#2018=DIRECTION('',(0.,-0.0174524064372868,0.999847695156391));
#2019=DIRECTION('',(0.,0.999847695156391,0.0174524064372868));
#2020=DIRECTION('center_axis',(1.,0.,0.));
#2021=DIRECTION('ref_axis',(0.,-0.0174524064372868,0.999847695156391));
#2022=DIRECTION('',(0.,0.999847695156391,0.0174524064372868));
#2023=DIRECTION('',(0.,-0.0174524064372868,0.999847695156391));
#2024=DIRECTION('center_axis',(0.,0.999847695156391,0.0174524064372868));
#2025=DIRECTION('ref_axis',(0.,-0.0174524064372868,0.999847695156391));
#2026=DIRECTION('',(-1.,0.,0.));
#2027=DIRECTION('center_axis',(0.,-0.0174524064372868,0.999847695156391));
#2028=DIRECTION('ref_axis',(1.,0.,0.));
#2029=DIRECTION('',(1.,0.,0.));
#2030=DIRECTION('',(0.,0.999847695156391,0.0174524064372868));
#2031=DIRECTION('',(1.,0.,0.));
#2032=DIRECTION('',(0.,0.999847695156391,0.0174524064372868));
#2033=DIRECTION('center_axis',(0.,0.0174524064372868,-0.999847695156391));
#2034=DIRECTION('ref_axis',(1.,0.,0.));
#2035=DIRECTION('',(0.,-0.999847695156391,-0.0174524064372868));
#2036=DIRECTION('',(1.,0.,0.));
#2037=DIRECTION('',(0.,-0.999847695156391,-0.0174524064372868));
#2038=DIRECTION('',(1.,0.,0.));
#2039=DIRECTION('center_axis',(0.,-0.999847695156391,-0.0174524064372868));
#2040=DIRECTION('ref_axis',(0.,0.0174524064372868,-0.999847695156391));
#2041=DIRECTION('',(0.,0.0174524064372868,-0.999847695156391));
#2042=DIRECTION('',(0.,0.0174524064372868,-0.999847695156391));
#2043=DIRECTION('center_axis',(1.,0.,0.));
#2044=DIRECTION('ref_axis',(0.,0.0174524064372868,-0.999847695156391));
#2045=DIRECTION('',(0.,0.0174524064372868,-0.999847695156391));
#2046=DIRECTION('center_axis',(1.,0.,0.));
#2047=DIRECTION('ref_axis',(0.,0.0174524064372868,-0.999847695156391));
#2048=DIRECTION('',(0.,0.0174524064372868,-0.999847695156391));
#2049=DIRECTION('center_axis',(0.,-0.999847695156391,-0.0174524064372868));
#2050=DIRECTION('ref_axis',(0.,0.0174524064372868,-0.999847695156391));
#2051=DIRECTION('',(0.,0.0174524064372868,0.999847695156391));
#2052=DIRECTION('',(1.,0.,0.));
#2053=DIRECTION('center_axis',(0.,0.,-1.));
#2054=DIRECTION('ref_axis',(-1.,0.,0.));
#2055=DIRECTION('',(1.,0.,-1.0338310152643E-32));
#2056=DIRECTION('',(0.,-1.,0.));
#2057=DIRECTION('',(-1.,0.,0.));
#2058=DIRECTION('',(-1.68865411006528E-16,1.,0.));
#2059=DIRECTION('',(1.,0.,0.));
#2060=DIRECTION('',(0.,1.,0.));
#2061=DIRECTION('',(-1.,0.,0.));
#2062=DIRECTION('',(0.,-1.,0.));
#2063=DIRECTION('',(1.,0.,0.));
#2064=DIRECTION('',(0.,1.,0.));
#2065=DIRECTION('',(-1.,0.,0.));
#2066=DIRECTION('',(0.,-1.,0.));
#2067=DIRECTION('',(1.,0.,0.));
#2068=DIRECTION('',(0.,1.,0.));
#2069=DIRECTION('',(-1.,0.,0.));
#2070=DIRECTION('',(0.,1.,0.));
#2071=DIRECTION('',(-1.,0.,0.));
#2072=DIRECTION('',(1.46568807728199E-9,-1.,0.));
#2073=DIRECTION('',(1.,0.,0.));
#2074=DIRECTION('',(0.,1.,0.));
#2075=DIRECTION('center_axis',(0.,1.,0.));
#2076=DIRECTION('ref_axis',(-1.,0.,0.));
#2077=DIRECTION('',(0.,0.,1.));
#2078=DIRECTION('',(0.,0.,-1.));
#2079=DIRECTION('',(-1.,0.,0.));
#2080=DIRECTION('center_axis',(0.,0.,1.));
#2081=DIRECTION('ref_axis',(1.,0.,0.));
#2082=DIRECTION('',(-1.92438732861415E-48,-1.,0.));
#2083=DIRECTION('',(0.,1.,0.));
#2084=DIRECTION('',(1.,3.03858167864314E-64,0.));
#2085=DIRECTION('center_axis',(1.,0.,0.));
#2086=DIRECTION('ref_axis',(0.,1.,0.));
#2087=DIRECTION('',(0.,0.,1.));
#2088=DIRECTION('',(0.,1.,0.));
#2089=DIRECTION('',(0.,-1.,0.));
#2090=DIRECTION('center_axis',(0.,-1.,0.));
#2091=DIRECTION('ref_axis',(1.,0.,0.));
#2092=DIRECTION('',(0.,0.,-1.));
#2093=DIRECTION('',(1.,0.,0.));
#2094=DIRECTION('',(0.,0.,1.));
#2095=DIRECTION('',(-1.,0.,1.0338310152643E-32));
#2096=DIRECTION('',(0.,0.,-1.));
#2097=DIRECTION('',(1.,0.,0.));
#2098=DIRECTION('center_axis',(0.,0.,1.));
#2099=DIRECTION('ref_axis',(1.,0.,0.));
#2100=DIRECTION('',(-1.92438732861415E-48,-1.,0.));
#2101=DIRECTION('',(-1.,-3.03858167864314E-64,0.));
#2102=DIRECTION('',(1.92438732861415E-48,1.,0.));
#2103=DIRECTION('',(-1.,-3.03858167864314E-64,0.));
#2104=DIRECTION('center_axis',(0.,0.,-1.));
#2105=DIRECTION('ref_axis',(1.,3.03858167864314E-64,0.));
#2106=DIRECTION('center_axis',(-1.,1.92438732861415E-48,0.));
#2107=DIRECTION('ref_axis',(1.92438732861415E-48,1.,-1.54074395550979E-32));
#2108=DIRECTION('',(0.,0.,-1.));
#2109=DIRECTION('',(1.92438732861415E-48,1.,-1.54074395550979E-32));
#2110=DIRECTION('',(0.,0.,-1.));
#2111=DIRECTION('center_axis',(0.,0.,-1.));
#2112=DIRECTION('ref_axis',(1.,3.03858167864314E-64,0.));
#2113=DIRECTION('center_axis',(-1.24899878512093E-16,1.54074395550979E-32,
1.));
#2114=DIRECTION('ref_axis',(1.,3.03858167864314E-64,1.24899878512093E-16));
#2115=DIRECTION('',(0.,0.,1.));
#2116=DIRECTION('center_axis',(-1.24899878512093E-16,1.54074395550979E-32,
1.));
#2117=DIRECTION('ref_axis',(1.,3.03858167864314E-64,1.24899878512093E-16));
#2118=DIRECTION('center_axis',(-1.24899878512093E-16,1.54074395550979E-32,
1.));
#2119=DIRECTION('ref_axis',(1.,3.03858167864314E-64,1.24899878512093E-16));
#2120=DIRECTION('center_axis',(-1.0338310152643E-32,1.5407439286744E-32,
-1.));
#2121=DIRECTION('ref_axis',(1.,0.,-1.0338310152643E-32));
#2122=DIRECTION('center_axis',(-1.0338310152643E-32,1.5407439286744E-32,
-1.));
#2123=DIRECTION('ref_axis',(1.,0.,-1.0338310152643E-32));
#2124=DIRECTION('',(1.,3.03858167864314E-64,1.24899878512093E-16));
#2125=DIRECTION('',(0.701304005880254,-0.712862322848044,-6.45467881494792E-17));
#2126=DIRECTION('',(1.,3.03858167864314E-64,1.24899878512093E-16));
#2127=DIRECTION('',(0.786107343341407,-0.618089997285764,2.50077410294884E-16));
#2128=DIRECTION('',(-1.51583329922779E-15,-1.,-1.73919955363039E-31));
#2129=DIRECTION('',(1.,-6.80632830232976E-50,1.204823188793E-16));
#2130=DIRECTION('',(0.78474246954637,0.619821955476139,-4.19041335135609E-18));
#2131=DIRECTION('',(1.92438732861415E-48,1.,-1.54074395550979E-32));
#2132=DIRECTION('',(1.,3.03858167864314E-64,1.24899878512093E-16));
#2133=DIRECTION('',(1.92438732861415E-48,1.,-1.54074395550979E-32));
#2134=DIRECTION('',(-1.,-3.03858167864314E-64,-1.24899878512093E-16));
#2135=DIRECTION('',(1.92438732861415E-48,1.,-1.54074395550979E-32));
#2136=DIRECTION('',(-1.,-3.03858167864314E-64,-1.24899878512093E-16));
#2137=DIRECTION('',(-0.627985158570591,0.778225314812535,-3.02000616364285E-18));
#2138=DIRECTION('',(-0.732647075528594,0.680608744227841,-9.15075307257619E-17));
#2139=DIRECTION('',(-1.,-3.03858167864314E-64,-1.24899878512093E-16));
#2140=DIRECTION('',(0.999999536528356,-0.000962778828754064,1.24899820624541E-16));
#2141=DIRECTION('',(0.731411210678964,0.681936683932704,9.13531713561857E-17));
#2142=DIRECTION('',(1.,3.03858167864314E-64,1.24899878512093E-16));
#2143=DIRECTION('',(-1.68865411006528E-16,1.,0.));
#2144=DIRECTION('',(1.,0.,0.));
#2145=DIRECTION('',(0.,-1.,0.));
#2146=DIRECTION('',(-1.,0.,0.));
#2147=DIRECTION('',(0.,1.,0.));
#2148=DIRECTION('',(1.,0.,0.));
#2149=DIRECTION('',(0.,-1.,0.));
#2150=DIRECTION('',(-1.,0.,0.));
#2151=DIRECTION('',(0.,1.,0.));
#2152=DIRECTION('center_axis',(1.,0.,0.));
#2153=DIRECTION('ref_axis',(0.,-1.,0.));
#2154=DIRECTION('',(0.,0.,-1.));
#2155=DIRECTION('',(0.,0.,-1.));
#2156=DIRECTION('center_axis',(0.,-1.,0.));
#2157=DIRECTION('ref_axis',(-1.,0.,0.));
#2158=DIRECTION('',(0.,0.,-1.));
#2159=DIRECTION('center_axis',(-1.,0.,0.));
#2160=DIRECTION('ref_axis',(0.,1.,0.));
#2161=DIRECTION('',(0.,0.,-1.));
#2162=DIRECTION('center_axis',(0.,1.,0.));
#2163=DIRECTION('ref_axis',(1.,0.,0.));
#2164=DIRECTION('center_axis',(1.,0.,0.));
#2165=DIRECTION('ref_axis',(0.,-1.,0.));
#2166=DIRECTION('',(0.,0.,-1.));
#2167=DIRECTION('',(0.,0.,-1.));
#2168=DIRECTION('center_axis',(0.,-1.,0.));
#2169=DIRECTION('ref_axis',(-1.,0.,0.));
#2170=DIRECTION('',(0.,0.,-1.));
#2171=DIRECTION('center_axis',(-1.,0.,0.));
#2172=DIRECTION('ref_axis',(0.,1.,0.));
#2173=DIRECTION('',(0.,0.,-1.));
#2174=DIRECTION('center_axis',(0.,1.,0.));
#2175=DIRECTION('ref_axis',(1.,0.,0.));
#2176=DIRECTION('center_axis',(1.,1.46568807728199E-9,0.));
#2177=DIRECTION('ref_axis',(1.46568807728199E-9,-1.,0.));
#2178=DIRECTION('',(-1.92438732861415E-48,-1.,1.54074395550979E-32));
#2179=DIRECTION('',(0.,0.,-1.));
#2180=DIRECTION('',(0.,0.,-1.));
#2181=DIRECTION('center_axis',(0.,0.,1.));
#2182=DIRECTION('ref_axis',(1.,0.,0.));
#2183=DIRECTION('',(-1.,-3.03858167864314E-64,0.));
#2184=DIRECTION('',(-1.92438732861415E-48,-1.,0.));
#2185=DIRECTION('',(1.,3.03858167864314E-64,0.));
#2186=DIRECTION('',(-1.92438732861415E-48,-1.,0.));
#2187=DIRECTION('',(1.,3.03858167864314E-64,0.));
#2188=DIRECTION('center_axis',(3.03858167864314E-64,-1.,0.));
#2189=DIRECTION('ref_axis',(-1.,-3.03858167864314E-64,-1.24899878512093E-16));
#2190=DIRECTION('',(0.,0.,-1.));
#2191=DIRECTION('',(-1.,-3.03858167864314E-64,-1.24899878512093E-16));
#2192=DIRECTION('center_axis',(-1.,1.92438732861415E-48,0.));
#2193=DIRECTION('ref_axis',(1.92438732861415E-48,1.,-1.54074395550979E-32));
#2194=DIRECTION('',(0.,0.,-1.));
#2195=DIRECTION('',(1.92438732861415E-48,1.,-1.54074395550979E-32));
#2196=DIRECTION('center_axis',(3.03858167864314E-64,-1.,0.));
#2197=DIRECTION('ref_axis',(-1.,-3.03858167864314E-64,-1.24899878512093E-16));
#2198=DIRECTION('',(0.,0.,-1.));
#2199=DIRECTION('',(-1.,-3.03858167864314E-64,-1.24899878512093E-16));
#2200=DIRECTION('center_axis',(1.24899878512093E-16,-1.54074395550979E-32,
-1.));
#2201=DIRECTION('ref_axis',(-1.,0.,-1.24899878512093E-16));
#2202=DIRECTION('center_axis',(1.24899878512093E-16,-1.54074395550979E-32,
-1.));
#2203=DIRECTION('ref_axis',(1.,3.03858167864314E-64,0.));
#2204=DIRECTION('center_axis',(1.24899878512093E-16,-1.54074395550979E-32,
-1.));
#2205=DIRECTION('ref_axis',(-1.,0.,-1.24899878512093E-16));
#2206=DIRECTION('',(1.92438732861415E-48,1.,-1.54074395550979E-32));
#2207=DIRECTION('',(-1.,-3.03858167864314E-64,-1.24899878512093E-16));
#2208=DIRECTION('',(-0.4516712985999,-0.892184419288456,-5.6413690322527E-17));
#2209=DIRECTION('',(-1.92438732861415E-48,-1.,1.54074395550979E-32));
#2210=DIRECTION('',(-1.,-3.03858167864314E-64,-1.24899878512093E-16));
#2211=DIRECTION('',(1.92438732861415E-48,1.,-1.54074395550979E-32));
#2212=DIRECTION('center_axis',(1.24899878512093E-16,-1.54074395550979E-32,
-1.));
#2213=DIRECTION('ref_axis',(1.,3.03858167864314E-64,0.));
#2214=DIRECTION('center_axis',(-1.,1.92438732861415E-48,0.));
#2215=DIRECTION('ref_axis',(1.92438732861415E-48,1.,-1.54074395550979E-32));
#2216=DIRECTION('',(0.,0.,-1.));
#2217=DIRECTION('',(1.92438732861415E-48,1.,-1.54074395550979E-32));
#2218=DIRECTION('',(0.,0.,-1.));
#2219=DIRECTION('center_axis',(-0.892184419288456,0.4516712985999,0.));
#2220=DIRECTION('ref_axis',(0.4516712985999,0.892184419288456,5.6413690322527E-17));
#2221=DIRECTION('',(0.,0.,-1.));
#2222=DIRECTION('',(0.4516712985999,0.892184419288456,5.6413690322527E-17));
#2223=DIRECTION('center_axis',(-3.03858167864314E-64,1.,0.));
#2224=DIRECTION('ref_axis',(1.,3.03858167864314E-64,1.24899878512093E-16));
#2225=DIRECTION('',(0.,0.,-1.));
#2226=DIRECTION('',(0.,0.,-1.));
#2227=DIRECTION('',(1.,3.03858167864314E-64,1.24899878512093E-16));
#2228=DIRECTION('center_axis',(-3.03858167864314E-64,1.,0.));
#2229=DIRECTION('ref_axis',(-1.,-3.03858167864314E-64,-1.24899878512093E-16));
#2230=DIRECTION('',(0.,0.,-1.));
#2231=DIRECTION('',(-1.,-3.03858167864314E-64,-1.24899878512093E-16));
#2232=DIRECTION('',(0.,0.,1.));
#2233=DIRECTION('',(1.,3.03858167864314E-64,1.24899878512093E-16));
#2234=DIRECTION('',(0.,0.,-1.));
#2235=DIRECTION('center_axis',(3.03858167864314E-64,-1.,0.));
#2236=DIRECTION('ref_axis',(1.,3.03858167864314E-64,1.24899878512093E-16));
#2237=DIRECTION('',(0.,0.,1.));
#2238=DIRECTION('',(1.,3.03858167864314E-64,1.24899878512093E-16));
#2239=DIRECTION('',(0.,0.,1.));
#2240=DIRECTION('center_axis',(1.,-1.92438732861415E-48,0.));
#2241=DIRECTION('ref_axis',(1.92438732861415E-48,1.,4.78957347951092E-48));
#2242=DIRECTION('',(1.92438732861415E-48,1.,4.78957347951092E-48));
#2243=DIRECTION('',(0.,0.,1.));
#2244=DIRECTION('center_axis',(0.,0.,1.));
#2245=DIRECTION('ref_axis',(-1.,1.22464679914735E-16,0.));
#2246=DIRECTION('center_axis',(1.24899878512093E-16,4.78957347951092E-48,
-1.));
#2247=DIRECTION('ref_axis',(1.,3.03858167864314E-64,0.));
#2248=DIRECTION('',(0.,0.,1.));
#2249=DIRECTION('center_axis',(1.,-1.92438732861415E-48,0.));
#2250=DIRECTION('ref_axis',(1.92438732861415E-48,1.,4.78957347951092E-48));
#2251=DIRECTION('',(1.92438732861415E-48,1.,4.78957347951092E-48));
#2252=DIRECTION('center_axis',(-0.000962778828754064,-0.999999536528356,
0.));
#2253=DIRECTION('ref_axis',(0.999999536528356,-0.000962778828754064,1.24899820624541E-16));
#2254=DIRECTION('',(0.,0.,-1.));
#2255=DIRECTION('',(0.999999536528356,-0.000962778828754064,1.24899820624541E-16));
#2256=DIRECTION('',(0.,0.,1.));
#2257=DIRECTION('center_axis',(0.681936683932704,-0.731411210678964,0.));
#2258=DIRECTION('ref_axis',(0.731411210678964,0.681936683932704,9.13531713561857E-17));
#2259=DIRECTION('',(0.731411210678964,0.681936683932704,9.13531713561857E-17));
#2260=DIRECTION('center_axis',(1.24899878512093E-16,4.78957347951092E-48,
-1.));
#2261=DIRECTION('ref_axis',(-1.,0.,-1.24899878512093E-16));
#2262=DIRECTION('',(-1.92438732861415E-48,-1.,-4.78957347951092E-48));
#2263=DIRECTION('',(1.,3.03858167864314E-64,1.24899878512093E-16));
#2264=DIRECTION('',(-1.92438732861415E-48,-1.,-4.78957347951092E-48));
#2265=DIRECTION('center_axis',(3.03858167864314E-64,-1.,0.));
#2266=DIRECTION('ref_axis',(-1.,-3.03858167864314E-64,-1.24899878512093E-16));
#2267=DIRECTION('',(0.,0.,-1.));
#2268=DIRECTION('',(1.,3.03858167864314E-64,1.24899878512093E-16));
#2269=DIRECTION('',(0.,0.,-1.));
#2270=DIRECTION('center_axis',(-1.,1.92438732861415E-48,0.));
#2271=DIRECTION('ref_axis',(1.92438732861415E-48,1.,-1.54074395550979E-32));
#2272=DIRECTION('',(0.,0.,-1.));
#2273=DIRECTION('',(-1.92438732861415E-48,-1.,1.54074395550979E-32));
#2274=DIRECTION('center_axis',(0.,0.,-1.));
#2275=DIRECTION('ref_axis',(1.,3.03858167864314E-64,0.));
#2276=DIRECTION('',(0.,0.,1.));
#2277=DIRECTION('center_axis',(-1.24899878512093E-16,1.54074395550979E-32,
1.));
#2278=DIRECTION('ref_axis',(1.,3.03858167864314E-64,1.24899878512093E-16));
#2279=DIRECTION('center_axis',(1.,-1.92438732861415E-48,0.));
#2280=DIRECTION('ref_axis',(-1.92438732861415E-48,-1.,1.54074395550979E-32));
#2281=DIRECTION('',(1.92438732861415E-48,1.,-1.54074395550979E-32));
#2282=DIRECTION('',(0.,0.,-1.));
#2283=DIRECTION('center_axis',(3.03858167864314E-64,-1.,0.));
#2284=DIRECTION('ref_axis',(-1.,-3.03858167864314E-64,-1.24899878512093E-16));
#2285=DIRECTION('',(1.,3.03858167864314E-64,1.24899878512093E-16));
#2286=DIRECTION('center_axis',(-1.,1.92438732861415E-48,0.));
#2287=DIRECTION('ref_axis',(1.92438732861415E-48,1.,-1.54074395550979E-32));
#2288=DIRECTION('',(0.,0.,-1.));
#2289=DIRECTION('',(1.92438732861415E-48,1.,-1.54074395550979E-32));
#2290=DIRECTION('center_axis',(-3.03858167864314E-64,1.,0.));
#2291=DIRECTION('ref_axis',(1.,3.03858167864314E-64,1.24899878512093E-16));
#2292=DIRECTION('',(0.,0.,-1.));
#2293=DIRECTION('',(1.,3.03858167864314E-64,1.24899878512093E-16));
#2294=DIRECTION('center_axis',(1.,-1.92438732861415E-48,0.));
#2295=DIRECTION('ref_axis',(-1.92438732861415E-48,-1.,1.54074395550979E-32));
#2296=DIRECTION('',(0.,0.,-1.));
#2297=DIRECTION('',(-1.92438732861415E-48,-1.,1.54074395550979E-32));
#2298=DIRECTION('center_axis',(-3.03858167864314E-64,1.,0.));
#2299=DIRECTION('ref_axis',(1.,3.03858167864314E-64,1.24899878512093E-16));
#2300=DIRECTION('',(0.,0.,-1.));
#2301=DIRECTION('',(1.,3.03858167864314E-64,1.24899878512093E-16));
#2302=DIRECTION('center_axis',(-1.,1.92438732861415E-48,0.));
#2303=DIRECTION('ref_axis',(1.92438732861415E-48,1.,-1.54074395550979E-32));
#2304=DIRECTION('',(1.92438732861415E-48,1.,-1.54074395550979E-32));
#2305=DIRECTION('center_axis',(3.03858167864314E-64,-1.,0.));
#2306=DIRECTION('ref_axis',(-1.,-3.03858167864314E-64,-1.24899878512093E-16));
#2307=DIRECTION('',(-1.,-3.03858167864314E-64,-1.24899878512093E-16));
#2308=DIRECTION('',(0.,0.,-1.));
#2309=DIRECTION('center_axis',(-0.680608744227841,-0.732647075528594,0.));
#2310=DIRECTION('ref_axis',(-0.732647075528594,0.680608744227841,-9.15075307257619E-17));
#2311=DIRECTION('',(-0.732647075528594,0.680608744227841,-9.15075307257619E-17));
#2312=DIRECTION('',(0.,0.,-1.));
#2313=DIRECTION('center_axis',(-0.778225314812535,-0.627985158570591,0.));
#2314=DIRECTION('ref_axis',(-0.627985158570591,0.778225314812535,-3.02000616364285E-18));
#2315=DIRECTION('',(-0.627985158570591,0.778225314812535,-3.02000616364285E-18));
#2316=DIRECTION('',(0.,0.,-1.));
#2317=DIRECTION('center_axis',(3.03858167864314E-64,-1.,0.));
#2318=DIRECTION('ref_axis',(-1.,-3.03858167864314E-64,-1.24899878512093E-16));
#2319=DIRECTION('',(1.,3.03858167864314E-64,1.24899878512093E-16));
#2320=DIRECTION('',(0.,0.,-1.));
#2321=DIRECTION('center_axis',(-1.,1.92438732861415E-48,0.));
#2322=DIRECTION('ref_axis',(1.92438732861415E-48,1.,-1.54074395550979E-32));
#2323=DIRECTION('',(-1.92438732861415E-48,-1.,1.54074395550979E-32));
#2324=DIRECTION('',(0.,0.,-1.));
#2325=DIRECTION('center_axis',(3.03858167864314E-64,-1.,0.));
#2326=DIRECTION('ref_axis',(-1.,-3.03858167864314E-64,-1.24899878512093E-16));
#2327=DIRECTION('',(1.,3.03858167864314E-64,1.24899878512093E-16));
#2328=DIRECTION('',(0.,0.,-1.));
#2329=DIRECTION('center_axis',(-1.,1.92438732861415E-48,0.));
#2330=DIRECTION('ref_axis',(1.92438732861415E-48,1.,-1.54074395550979E-32));
#2331=DIRECTION('',(-1.92438732861415E-48,-1.,1.54074395550979E-32));
#2332=DIRECTION('',(0.,0.,-1.));
#2333=DIRECTION('center_axis',(-3.03858167864314E-64,1.,0.));
#2334=DIRECTION('ref_axis',(1.,3.03858167864314E-64,1.24899878512093E-16));
#2335=DIRECTION('',(-1.,-3.03858167864314E-64,-1.24899878512093E-16));
#2336=DIRECTION('',(0.,0.,-1.));
#2337=DIRECTION('center_axis',(-1.,1.92438732861415E-48,0.));
#2338=DIRECTION('ref_axis',(1.92438732861415E-48,1.,-1.54074395550979E-32));
#2339=DIRECTION('',(-1.92438732861415E-48,-1.,1.54074395550979E-32));
#2340=DIRECTION('',(0.,0.,-1.));
#2341=DIRECTION('center_axis',(-0.619821955476139,0.78474246954637,0.));
#2342=DIRECTION('ref_axis',(0.78474246954637,0.619821955476139,-4.19041335135609E-18));
#2343=DIRECTION('',(-0.78474246954637,-0.619821955476139,4.19041335135609E-18));
#2344=DIRECTION('',(0.,0.,-1.));
#2345=DIRECTION('center_axis',(6.80632830232976E-50,1.,0.));
#2346=DIRECTION('ref_axis',(1.,-6.80632830232976E-50,1.204823188793E-16));
#2347=DIRECTION('',(1.,-6.80632830232976E-50,1.204823188793E-16));
#2348=DIRECTION('',(0.,0.,-1.));
#2349=DIRECTION('center_axis',(1.,-1.51583329922779E-15,0.));
#2350=DIRECTION('ref_axis',(-1.51583329922779E-15,-1.,-1.73919955363039E-31));
#2351=DIRECTION('',(-1.51583329922779E-15,-1.,-1.73919955363039E-31));
#2352=DIRECTION('',(0.,0.,-1.));
#2353=DIRECTION('center_axis',(0.618089997285764,0.786107343341407,0.));
#2354=DIRECTION('ref_axis',(0.786107343341407,-0.618089997285764,2.50077410294884E-16));
#2355=DIRECTION('',(0.786107343341407,-0.618089997285764,2.50077410294884E-16));
#2356=DIRECTION('',(0.,0.,-1.));
#2357=DIRECTION('center_axis',(-3.03858167864314E-64,1.,0.));
#2358=DIRECTION('ref_axis',(1.,3.03858167864314E-64,1.24899878512093E-16));
#2359=DIRECTION('',(1.,3.03858167864314E-64,1.24899878512093E-16));
#2360=DIRECTION('',(0.,0.,-1.));
#2361=DIRECTION('center_axis',(0.712862322848044,0.701304005880254,0.));
#2362=DIRECTION('ref_axis',(0.701304005880254,-0.712862322848044,-6.45467881494792E-17));
#2363=DIRECTION('',(-0.701304005880254,0.712862322848044,6.45467881494792E-17));
#2364=DIRECTION('',(0.,0.,-1.));
#2365=DIRECTION('center_axis',(-3.03858167864314E-64,1.,0.));
#2366=DIRECTION('ref_axis',(1.,3.03858167864314E-64,1.24899878512093E-16));
#2367=DIRECTION('',(-1.,-3.03858167864314E-64,-1.24899878512093E-16));
#2368=DIRECTION('',(0.,0.,-1.));
#2369=DIRECTION('center_axis',(-1.,1.92438732861415E-48,0.));
#2370=DIRECTION('ref_axis',(1.92438732861415E-48,1.,-1.54074395550979E-32));
#2371=DIRECTION('',(-1.92438732861415E-48,-1.,1.54074395550979E-32));
#2372=DIRECTION('',(-1.92438732861415E-48,-1.,1.54074395550979E-32));
#2373=DIRECTION('',(0.,0.,-1.));
#2374=DIRECTION('',(0.,0.,-1.));
#2375=DIRECTION('center_axis',(3.03858167864314E-64,-1.,0.));
#2376=DIRECTION('ref_axis',(-1.,-3.03858167864313E-64,-1.24899878512093E-16));
#2377=DIRECTION('',(-1.,-3.03858167864313E-64,-1.24899878512093E-16));
#2378=DIRECTION('',(0.,0.,-1.));
#2379=DIRECTION('center_axis',(1.,-1.92438732861415E-48,0.));
#2380=DIRECTION('ref_axis',(-1.92438732861415E-48,-1.,1.54074395550979E-32));
#2381=DIRECTION('',(1.92438732861415E-48,1.,-1.54074395550979E-32));
#2382=DIRECTION('',(0.,0.,-1.));
#2383=DIRECTION('center_axis',(-3.03858167864314E-64,1.,0.));
#2384=DIRECTION('ref_axis',(1.,3.03858167864314E-64,1.24899878512093E-16));
#2385=DIRECTION('',(-1.,-3.03858167864314E-64,-1.24899878512093E-16));
#2386=DIRECTION('center_axis',(1.24899878512093E-16,-1.54074395550979E-32,
-1.));
#2387=DIRECTION('ref_axis',(1.,3.03858167864314E-64,1.24899878512093E-16));
#2388=DIRECTION('',(0.,0.,1.));
#2389=DIRECTION('',(1.,0.,0.));
#2390=CARTESIAN_POINT('',(0.,0.,0.));
#2391=CARTESIAN_POINT('',(0.,0.,0.));
#2392=CARTESIAN_POINT('',(0.,0.,0.));
#2393=CARTESIAN_POINT('Origin',(3.,-6.92394528895801,-0.120857914578228));
#2394=CARTESIAN_POINT('',(3.,-6.92394528895801,-0.120857914578228));
#2395=CARTESIAN_POINT('',(3.,-8.24874348504,-0.14398235310763));
#2396=CARTESIAN_POINT('',(3.,-7.96128727268301,-0.138964786256899));
#2397=CARTESIAN_POINT('',(3.,-6.90649288252072,-1.12070560973462));
#2398=CARTESIAN_POINT('',(3.,-6.88031427286522,-2.62047715246941));
#2399=CARTESIAN_POINT('',(3.,-8.23129107860272,-1.14383004826402));
#2400=CARTESIAN_POINT('',(3.,-6.90649288252072,-1.12070560973462));
#2401=CARTESIAN_POINT('',(3.,-8.21383867216558,-2.14367774342061));
#2402=CARTESIAN_POINT('Origin',(-3.,-8.24874348504,-0.14398235310763));
#2403=CARTESIAN_POINT('',(-3.,-8.24874348504,-0.14398235310763));
#2404=CARTESIAN_POINT('',(-3.,-6.92394528895801,-0.120857914578228));
#2405=CARTESIAN_POINT('',(-3.,-8.623686370724,-0.150527005521599));
#2406=CARTESIAN_POINT('',(-3.,-8.23129107860272,-1.14383004826402));
#2407=CARTESIAN_POINT('',(-3.,-8.21383867216558,-2.14367774342061));
#2408=CARTESIAN_POINT('',(-3.,-6.90649288252072,-1.12070560973462));
#2409=CARTESIAN_POINT('',(-3.,-6.90649288252072,-1.12070560973462));
#2410=CARTESIAN_POINT('',(-3.,-6.88031427286522,-2.62047715246941));
#2411=CARTESIAN_POINT('Origin',(1.66533453693773E-15,-7.56889198056172,
-1.13226782899932));
#2412=CARTESIAN_POINT('',(-4.5,-8.23129107860287,-1.14383004826402));
#2413=CARTESIAN_POINT('',(-3.4625,-6.90649288252115,-1.12070560973463));
#2414=CARTESIAN_POINT('Origin',(3.,8.24874348504,0.143982353107595));
#2415=CARTESIAN_POINT('',(3.,8.24874348504,0.143982353107595));
#2416=CARTESIAN_POINT('',(3.,6.923945288958,0.120857914578194));
#2417=CARTESIAN_POINT('',(3.,-0.374942885684003,-0.00654465241398687));
#2418=CARTESIAN_POINT('',(3.,8.26619589147728,-0.855865342048796));
#2419=CARTESIAN_POINT('',(3.,8.28364829791443,-1.855713037205));
#2420=CARTESIAN_POINT('',(3.,6.94139769539529,-0.878989780578197));
#2421=CARTESIAN_POINT('',(3.,6.94139769539529,-0.878989780578197));
#2422=CARTESIAN_POINT('',(3.,6.96757630505079,-2.3787613233127));
#2423=CARTESIAN_POINT('Origin',(-3.,6.923945288958,0.120857914578194));
#2424=CARTESIAN_POINT('',(-3.,6.923945288958,0.120857914578194));
#2425=CARTESIAN_POINT('',(-3.,8.24874348504,0.143982353107595));
#2426=CARTESIAN_POINT('',(-3.,-1.037341983725,-0.0181068716786874));
#2427=CARTESIAN_POINT('',(-3.,6.94139769539529,-0.878989780578197));
#2428=CARTESIAN_POINT('',(-3.,6.96757630505079,-2.3787613233127));
#2429=CARTESIAN_POINT('',(-3.,8.26619589147728,-0.855865342048796));
#2430=CARTESIAN_POINT('',(-3.,6.94139769539529,-0.878989780578197));
#2431=CARTESIAN_POINT('',(-3.,8.28364829791443,-1.855713037205));
#2432=CARTESIAN_POINT('Origin',(1.11022302462516E-15,7.60379679343629,-0.867427561313496));
#2433=CARTESIAN_POINT('',(-3.4625,6.94139769539486,-0.878989780578205));
#2434=CARTESIAN_POINT('',(-4.5,8.26619589147715,-0.855865342048798));
#2435=CARTESIAN_POINT('Origin',(-9.,8.318553110789,-3.85540842751759));
#2436=CARTESIAN_POINT('',(8.75,8.24874348504,0.14398235310741));
#2437=CARTESIAN_POINT('',(-9.,8.24874348504,0.14398235310741));
#2438=CARTESIAN_POINT('',(8.75,8.28713877920199,-2.05568257623659));
#2439=CARTESIAN_POINT('',(8.75,8.318553110789,-3.85540842751759));
#2440=CARTESIAN_POINT('',(-8.75,8.28713877920199,-2.05568257623659));
#2441=CARTESIAN_POINT('',(-9.,8.28713877920199,-2.05568257623659));
#2442=CARTESIAN_POINT('',(-8.75,8.24874348504,0.14398235310741));
#2443=CARTESIAN_POINT('',(-8.75,8.318553110789,-3.85540842751759));
#2444=CARTESIAN_POINT('',(-9.,8.24874348504,0.14398235310741));
#2445=CARTESIAN_POINT('Origin',(-9.,-8.998629256408,-0.157071657935588));
#2446=CARTESIAN_POINT('',(-6.925,-6.923945288958,-0.120857914578587));
#2447=CARTESIAN_POINT('',(-7.9625,-6.923945288958,-0.120857914578587));
#2448=CARTESIAN_POINT('',(-6.925,6.923945288958,0.120857914578414));
#2449=CARTESIAN_POINT('',(-6.925,-7.961287272683,-0.13896478625659));
#2450=CARTESIAN_POINT('',(-7.9625,6.923945288958,0.120857914578414));
#2451=CARTESIAN_POINT('',(-8.75,-8.24874348504,-0.143982353107588));
#2452=CARTESIAN_POINT('',(-8.75,-8.998629256408,-0.157071657935588));
#2453=CARTESIAN_POINT('',(-9.,-8.24874348504,-0.143982353107588));
#2454=CARTESIAN_POINT('Origin',(-9.,-8.998629256408,-0.157071657935588));
#2455=CARTESIAN_POINT('',(8.75,-8.24874348504,-0.143982353107588));
#2456=CARTESIAN_POINT('',(-9.,-8.24874348504,-0.143982353107588));
#2457=CARTESIAN_POINT('',(8.75,-8.998629256408,-0.157071657935588));
#2458=CARTESIAN_POINT('',(6.925,6.923945288958,0.120857914578414));
#2459=CARTESIAN_POINT('',(-7.9625,6.923945288958,0.120857914578414));
#2460=CARTESIAN_POINT('',(6.925,-6.923945288958,-0.120857914578587));
#2461=CARTESIAN_POINT('',(6.925,-7.961287272683,-0.13896478625659));
#2462=CARTESIAN_POINT('',(-7.9625,-6.923945288958,-0.120857914578587));
#2463=CARTESIAN_POINT('Origin',(-8.75,-8.928819630658,-4.15646243856159));
#2464=CARTESIAN_POINT('',(-8.75,-8.210348190878,-2.34364728245159));
#2465=CARTESIAN_POINT('',(-8.75,-8.960233962246,-2.35673658727959));
#2466=CARTESIAN_POINT('',(-8.75,-8.178933859291,-4.14337313373359));
#2467=CARTESIAN_POINT('Origin',(8.75,-8.928819630658,-4.15646243856159));
#2468=CARTESIAN_POINT('',(8.75,-8.210348190878,-2.34364728245159));
#2469=CARTESIAN_POINT('',(8.75,-8.178933859291,-4.14337313373359));
#2470=CARTESIAN_POINT('',(8.75,-8.960233962246,-2.35673658727959));
#2471=CARTESIAN_POINT('Origin',(-9.,-8.178933859291,-4.14337313373359));
#2472=CARTESIAN_POINT('',(-9.,-8.210348190878,-2.34364728245159));
#2473=CARTESIAN_POINT('Origin',(-6.925,-6.836683256772,-5.12009639036059));
#2474=CARTESIAN_POINT('',(6.925,-6.90125716059001,-1.42065991828159));
#2475=CARTESIAN_POINT('',(6.925,-6.836683256772,-5.12009639036059));
#2476=CARTESIAN_POINT('',(-6.925,-6.90125716059001,-1.42065991828159));
#2477=CARTESIAN_POINT('',(-7.05,-6.90125716059001,-1.42065991828159));
#2478=CARTESIAN_POINT('',(-6.925,-6.836683256772,-5.12009639036059));
#2479=CARTESIAN_POINT('Origin',(6.925,-6.836683256772,-5.12009639036059));
#2480=CARTESIAN_POINT('',(6.925,6.946633417326,-1.17894408912559));
#2481=CARTESIAN_POINT('',(6.925,7.01120732114401,-4.87838056120359));
#2482=CARTESIAN_POINT('',(6.925,-6.851264775832,-1.41978729795959));
#2483=CARTESIAN_POINT('Origin',(-6.925,-6.836683256772,-5.12009639036059));
#2484=CARTESIAN_POINT('',(-6.925,6.946633417326,-1.17894408912559));
#2485=CARTESIAN_POINT('',(-6.925,-6.851264775832,-1.41978729795959));
#2486=CARTESIAN_POINT('',(-6.925,7.01120732114401,-4.87838056120359));
#2487=CARTESIAN_POINT('Origin',(-6.925,7.01120732114401,-4.87838056120359));
#2488=CARTESIAN_POINT('',(-7.05,6.946633417326,-1.17894408912559));
#2489=CARTESIAN_POINT('Origin',(0.,0.038395294162008,-2.19966492934359));
#2490=CARTESIAN_POINT('',(-7.25,-7.210500495722,-2.32619487601459));
#2491=CARTESIAN_POINT('',(7.25,-7.210500495722,-2.32619487601459));
#2492=CARTESIAN_POINT('',(-3.625,-7.210500495722,-2.32619487601459));
#2493=CARTESIAN_POINT('',(7.25,7.28729108404599,-2.07313498267359));
#2494=CARTESIAN_POINT('',(7.25,3.66284318910401,-2.13639995600859));
#2495=CARTESIAN_POINT('',(-7.25,7.28729108404599,-2.07313498267359));
#2496=CARTESIAN_POINT('',(-3.625,7.28729108404599,-2.07313498267359));
#2497=CARTESIAN_POINT('',(-7.25,3.66284318910401,-2.13639995600859));
#2498=CARTESIAN_POINT('Origin',(-7.25,7.27158391825199,-1.17327205703259));
#2499=CARTESIAN_POINT('',(-7.25,7.27158391825199,-1.17327205703259));
#2500=CARTESIAN_POINT('',(-7.25,-7.22620766151501,-1.42633195037359));
#2501=CARTESIAN_POINT('',(-7.25,7.27158391825199,-1.17327205703259));
#2502=CARTESIAN_POINT('',(7.25,7.27158391825199,-1.17327205703259));
#2503=CARTESIAN_POINT('',(-7.25,7.27158391825199,-1.17327205703259));
#2504=CARTESIAN_POINT('',(7.25,-7.22620766151501,-1.42633195037359));
#2505=CARTESIAN_POINT('',(7.25,7.27158391825199,-1.17327205703259));
#2506=CARTESIAN_POINT('',(-7.25,-7.22620766151501,-1.42633195037359));
#2507=CARTESIAN_POINT('Origin',(-7.25,-7.22620766151501,-1.42633195037359));
#2508=CARTESIAN_POINT('',(7.25,-7.22620766151501,-1.42633195037359));
#2509=CARTESIAN_POINT('',(-7.25,-7.22620766151501,-1.42633195037359));
#2510=CARTESIAN_POINT('Origin',(-7.25,7.27158391825199,-1.17327205703259));
#2511=CARTESIAN_POINT('',(-7.25,7.27158391825199,-1.17327205703259));
#2512=CARTESIAN_POINT('Origin',(7.25,7.27158391825199,-1.17327205703259));
#2513=CARTESIAN_POINT('',(7.25,7.27158391825199,-1.17327205703259));
#2514=CARTESIAN_POINT('Origin',(-7.25,7.27158391825199,-1.17327205703259));
#2515=CARTESIAN_POINT('',(-1.11022302462516E-16,3.29807019173447E-16,-1.89665501572582E-16));
#2516=CARTESIAN_POINT('Origin',(-0.971049134051036,0.000330200659997004,
-6.200028244856));
#2517=CARTESIAN_POINT('',(-8.93482179754427,8.38763017525999,-6.200028244856));
#2518=CARTESIAN_POINT('',(6.99272352944219,8.38763017525999,-6.200028244856));
#2519=CARTESIAN_POINT('',(-8.93482179754427,8.38763017525999,-6.200028244856));
#2520=CARTESIAN_POINT('',(6.99272352944219,-8.38696977394,-6.200028244856));
#2521=CARTESIAN_POINT('',(6.99272352944219,8.38763017525999,-6.200028244856));
#2522=CARTESIAN_POINT('',(-8.93482179754427,-8.38696977394,-6.200028244856));
#2523=CARTESIAN_POINT('',(6.99272352944219,-8.38696977394,-6.200028244856));
#2524=CARTESIAN_POINT('',(-8.93482179754427,-8.38696977394,-6.200028244856));
#2525=CARTESIAN_POINT('',(-1.29780526884592,-6.92628261533037,-6.200028244856));
#2526=CARTESIAN_POINT('',(1.23653922704612,-6.92628261533037,-6.200028244856));
#2527=CARTESIAN_POINT('',(-1.29780526884592,-6.92628261533037,-6.200028244856));
#2528=CARTESIAN_POINT('',(1.23653922704612,-4.90798111633943,-6.200028244856));
#2529=CARTESIAN_POINT('',(1.23653922704612,-6.92628261533037,-6.200028244856));
#2530=CARTESIAN_POINT('',(-1.29780526884592,-4.90798111633943,-6.200028244856));
#2531=CARTESIAN_POINT('',(1.23653922704612,-4.90798111633943,-6.200028244856));
#2532=CARTESIAN_POINT('',(-1.29780526884592,-4.90798111633943,-6.200028244856));
#2533=CARTESIAN_POINT('',(-6.58437908154379,-4.73596678403906,-6.200028244856));
#2534=CARTESIAN_POINT('',(-3.69453829889767,-4.73596678403906,-6.200028244856));
#2535=CARTESIAN_POINT('',(-6.58437908154379,-4.73596678403906,-6.200028244856));
#2536=CARTESIAN_POINT('',(-3.69453829889767,-2.66032717428133,-6.200028244856));
#2537=CARTESIAN_POINT('',(-3.69453829889767,-4.73596678403906,-6.200028244856));
#2538=CARTESIAN_POINT('',(-6.58437908154379,-2.66032717428133,-6.200028244856));
#2539=CARTESIAN_POINT('',(-3.69453829889767,-2.66032717428133,-6.200028244856));
#2540=CARTESIAN_POINT('',(-6.58437908154379,-2.66032717428133,-6.200028244856));
#2541=CARTESIAN_POINT('',(-3.05094159763635,1.39999996870756,-6.200028244856));
#2542=CARTESIAN_POINT('',(2.59999994188547,1.39999996870756,-6.200028244856));
#2543=CARTESIAN_POINT('',(-3.18552450667582,1.39999996870756,-6.200028244856));
#2544=CARTESIAN_POINT('',(2.59999994188547,6.39999985694885,-6.200028244856));
#2545=CARTESIAN_POINT('',(2.59999994188547,0.700165084683779,-6.200028244856));
#2546=CARTESIAN_POINT('',(-3.05094159763635,6.39999985694885,-6.200028244856));
#2547=CARTESIAN_POINT('',(0.814475403917218,6.39999985694885,-6.200028244856));
#2548=CARTESIAN_POINT('',(-3.05094159763635,6.8003314210651,-6.200028244856));
#2549=CARTESIAN_POINT('',(-3.05094159763635,0.700331557410729,-6.200028244856));
#2550=CARTESIAN_POINT('',(-8.53482180648497,6.8003314210651,-6.200028244856));
#2551=CARTESIAN_POINT('',(-3.05094159763635,6.8003314210651,-6.200028244856));
#2552=CARTESIAN_POINT('',(-8.53482179754427,0.700331557410729,-6.200028244856));
#2553=CARTESIAN_POINT('',(-8.53482180648497,6.8003314210651,-6.200028244856));
#2554=CARTESIAN_POINT('',(-3.05094159763635,0.700331557410729,-6.200028244856));
#2555=CARTESIAN_POINT('',(-8.53482179754427,0.700331557410729,-6.200028244856));
#2556=CARTESIAN_POINT('',(-3.05094159763635,0.700331557410729,-6.200028244856));
#2557=CARTESIAN_POINT('Origin',(2.59999994188547,6.39999985694885,-6.050028244856));
#2558=CARTESIAN_POINT('',(-3.05094159763635,6.39999985694885,-4.650028244856));
#2559=CARTESIAN_POINT('',(-3.05094159763635,6.39999985694885,-4.825028244856));
#2560=CARTESIAN_POINT('',(2.59999994188547,6.39999985694885,-4.650028244856));
#2561=CARTESIAN_POINT('',(2.59999994188547,6.39999985694885,-6.050028244856));
#2562=CARTESIAN_POINT('',(2.59999994188547,6.39999985694885,-4.650028244856));
#2563=CARTESIAN_POINT('Origin',(-1.39999996870756,3.89999991282821,-4.650028244856));
#2564=CARTESIAN_POINT('',(-3.05094159763635,6.35962214741792,-4.650028244856));
#2565=CARTESIAN_POINT('',(-3.05094159763635,2.30016573511947,-4.650028244856));
#2566=CARTESIAN_POINT('',(2.59999994188547,6.35962214741792,-4.650028244856));
#2567=CARTESIAN_POINT('',(2.59999994188547,1.39999996870756,-4.650028244856));
#2568=CARTESIAN_POINT('',(1.83854389293667,6.35962214741792,-4.650028244856));
#2569=CARTESIAN_POINT('Origin',(2.59999994188547,1.39999996870756,-6.050028244856));
#2570=CARTESIAN_POINT('',(2.59999994188547,1.39999996870756,-4.650028244856));
#2571=CARTESIAN_POINT('',(2.59999994188547,1.39999996870756,-6.050028244856));
#2572=CARTESIAN_POINT('',(2.59999994188547,1.48654648774445,-4.650028244856));
#2573=CARTESIAN_POINT('',(2.59999994188547,1.39999996870756,-4.650028244856));
#2574=CARTESIAN_POINT('',(2.59999994188547,2.66154214314438,-4.650028244856));
#2575=CARTESIAN_POINT('Origin',(-5.39999987930059,1.39999996870756,-6.050028244856));
#2576=CARTESIAN_POINT('',(-3.05094159763635,1.39999996870756,-4.650028244856));
#2577=CARTESIAN_POINT('',(-3.05094159763635,1.39999996870756,-4.825028244856));
#2578=CARTESIAN_POINT('',(-0.873236507403701,1.39999996870756,-4.650028244856));
#2579=CARTESIAN_POINT('',(-5.39999987930059,1.39999996870756,-4.650028244856));
#2580=CARTESIAN_POINT('',(-0.873236507403701,1.39999996870756,-5.450028244856));
#2581=CARTESIAN_POINT('',(-0.873236507403701,1.39999996870756,-3.600028244856));
#2582=CARTESIAN_POINT('',(0.873236507403701,1.39999996870756,-5.450028244856));
#2583=CARTESIAN_POINT('',(-3.18552450667582,1.39999996870756,-5.450028244856));
#2584=CARTESIAN_POINT('',(0.873236507403701,1.39999996870756,-4.650028244856));
#2585=CARTESIAN_POINT('',(0.873236507403701,1.39999996870756,-3.600028244856));
#2586=CARTESIAN_POINT('',(-5.39999987930059,1.39999996870756,-4.650028244856));
#2587=CARTESIAN_POINT('Origin',(-1.39999996870756,3.89999991282821,-4.650028244856));
#2588=CARTESIAN_POINT('',(-3.05094159763635,3.05737121990564,-4.650028244856));
#2589=CARTESIAN_POINT('',(-3.05094159763635,2.30016573511947,-4.650028244856));
#2590=CARTESIAN_POINT('',(1.95080486164628,3.05737121990564,-4.650028244856));
#2591=CARTESIAN_POINT('',(-1.24331844652142,3.05737121990564,-4.650028244856));
#2592=CARTESIAN_POINT('',(1.95080486164628,1.48654648774445,-4.650028244856));
#2593=CARTESIAN_POINT('',(1.95080486164628,3.49022776874341,-4.650028244856));
#2594=CARTESIAN_POINT('',(1.2575547831199,1.48654648774445,-4.650028244856));
#2595=CARTESIAN_POINT('Origin',(0.,0.,-4.650028244856));
#2596=CARTESIAN_POINT('Origin',(-3.05094159763635,0.700331557410729,-3.600028244856));
#2597=CARTESIAN_POINT('',(-3.05094159763635,6.35962214741792,-3.600028244856));
#2598=CARTESIAN_POINT('',(-3.05094159763635,6.35962214741792,-3.600028244856));
#2599=CARTESIAN_POINT('',(-3.05094159763635,6.8003314210651,-3.600028244856));
#2600=CARTESIAN_POINT('',(-3.05094159763635,0.700331557410729,-3.600028244856));
#2601=CARTESIAN_POINT('',(-3.05094159763635,6.8003314210651,-3.600028244856));
#2602=CARTESIAN_POINT('Origin',(0.,0.,-3.600028244856));
#2603=CARTESIAN_POINT('',(-1.650012700025,2.0206827716381E-16,-5.450028244856));
#2604=CARTESIAN_POINT('Origin',(0.,0.,-5.450028244856));
#2605=CARTESIAN_POINT('',(-1.650012700025,0.,-3.600028244856));
#2606=CARTESIAN_POINT('',(-1.650012700025,2.0206827716381E-16,-3.600028244856));
#2607=CARTESIAN_POINT('Origin',(0.,0.,-3.600028244856));
#2608=CARTESIAN_POINT('Origin',(0.,0.,-5.450028244856));
#2609=CARTESIAN_POINT('Origin',(-0.971049134051036,0.000330200659997004,
-5.450028244856));
#2610=CARTESIAN_POINT('Origin',(-0.971049134051036,0.000330200659997004,
-5.450028244856));
#2611=CARTESIAN_POINT('',(-8.93482179754427,-5.09966831294917,-5.450028244856));
#2612=CARTESIAN_POINT('',(-7.43482183107188,-5.09966831294917,-5.450028244856));
#2613=CARTESIAN_POINT('',(-7.43482183107188,-5.09966831294917,-5.450028244856));
#2614=CARTESIAN_POINT('',(-6.47525411581899,-6.07505083563501,-5.450028244856));
#2615=CARTESIAN_POINT('',(-6.47525411581899,-6.07505083563501,-5.450028244856));
#2616=CARTESIAN_POINT('',(-3.67525403459299,-6.07505083563501,-5.450028244856));
#2617=CARTESIAN_POINT('',(-6.47525411581899,-6.07505083563501,-5.450028244856));
#2618=CARTESIAN_POINT('',(-2.59790492519554,-6.92213452432418,-5.450028244856));
#2619=CARTESIAN_POINT('',(-3.67525403459299,-6.07505083563501,-5.450028244856));
#2620=CARTESIAN_POINT('',(-2.59790492519555,-8.275050899455,-5.450028244856));
#2621=CARTESIAN_POINT('',(-2.59790492519554,-6.92213452432418,-5.450028244856));
#2622=CARTESIAN_POINT('',(1.57967361120799,-8.275050899455,-5.450028244856));
#2623=CARTESIAN_POINT('',(-2.59790492519555,-8.275050899455,-5.450028244856));
#2624=CARTESIAN_POINT('',(2.50353278812504,-7.54534883305312,-5.450028244856));
#2625=CARTESIAN_POINT('',(2.50353278812504,-7.54534883305312,-5.450028244856));
#2626=CARTESIAN_POINT('',(2.50353278812504,-6.89966827271603,-5.450028244856));
#2627=CARTESIAN_POINT('',(2.50353278812504,-6.89966827271603,-5.450028244856));
#2628=CARTESIAN_POINT('',(4.46517790294239,-6.89966827271603,-5.450028244856));
#2629=CARTESIAN_POINT('',(4.46517790294239,-6.89966827271603,-5.450028244856));
#2630=CARTESIAN_POINT('',(4.46517790294239,-4.89966831741952,-5.450028244856));
#2631=CARTESIAN_POINT('',(4.46517790294239,-4.89966831741952,-5.450028244856));
#2632=CARTESIAN_POINT('',(2.36517794988105,-4.89966831741952,-5.450028244856));
#2633=CARTESIAN_POINT('',(4.16517790964791,-4.89966831741952,-5.450028244856));
#2634=CARTESIAN_POINT('',(2.36517794988105,-3.52505076456301,-5.450028244856));
#2635=CARTESIAN_POINT('',(2.36517794988105,-3.52505076456301,-5.450028244856));
#2636=CARTESIAN_POINT('',(-1.32525396642199,-3.52505076456301,-5.450028244856));
#2637=CARTESIAN_POINT('',(1.57474611770501,-3.52505076456301,-5.450028244856));
#2638=CARTESIAN_POINT('',(-2.48086150954793,-2.09297385673297,-5.450028244856));
#2639=CARTESIAN_POINT('',(-1.32525396642199,-3.52505076456301,-5.450028244856));
#2640=CARTESIAN_POINT('',(-3.33482192271402,-1.29966839788579,-5.450028244856));
#2641=CARTESIAN_POINT('',(-2.48086150954793,-2.09297385673297,-5.450028244856));
#2642=CARTESIAN_POINT('',(-6.3348218556588,-1.29966839788579,-5.450028244856));
#2643=CARTESIAN_POINT('',(-3.33482192271402,-1.29966839788579,-5.450028244856));
#2644=CARTESIAN_POINT('',(-6.46214035024029,-1.29954581827788,-5.450028428701));
#2645=CARTESIAN_POINT('',(-6.98506193320743,-1.29904236021536,-5.450028428701));
#2646=CARTESIAN_POINT('',(-7.53482182883671,-2.29966837553405,-5.450028428701));
#2647=CARTESIAN_POINT('',(-6.65114711355615,-1.47576768025457,-5.450028428701));
#2648=CARTESIAN_POINT('',(-8.93482179754427,-2.29966837553405,-5.450028428701));
#2649=CARTESIAN_POINT('',(-7.58482182771912,-2.29966837553405,-5.450028428701));
#2650=CARTESIAN_POINT('',(-8.93482179754427,-8.38696977394,-5.450028244856));
#2651=CARTESIAN_POINT('',(-1.29780526884592,-6.92628261533037,-5.450028244856));
#2652=CARTESIAN_POINT('',(1.23653922704612,-6.92628261533037,-5.450028244856));
#2653=CARTESIAN_POINT('',(-1.29780526884592,-6.92628261533037,-5.450028244856));
#2654=CARTESIAN_POINT('',(-1.29780526884592,-4.90798111633943,-5.450028244856));
#2655=CARTESIAN_POINT('',(-1.29780526884592,-4.90798111633943,-5.450028244856));
#2656=CARTESIAN_POINT('',(1.23653922704612,-4.90798111633943,-5.450028244856));
#2657=CARTESIAN_POINT('',(1.23653922704612,-4.90798111633943,-5.450028244856));
#2658=CARTESIAN_POINT('',(1.23653922704612,-6.92628261533037,-5.450028244856));
#2659=CARTESIAN_POINT('',(-6.58437908154379,-4.73596678403906,-5.450028244856));
#2660=CARTESIAN_POINT('',(-3.69453829889767,-4.73596678403906,-5.450028244856));
#2661=CARTESIAN_POINT('',(-6.58437908154379,-4.73596678403906,-5.450028244856));
#2662=CARTESIAN_POINT('',(-6.58437908154379,-2.66032717428133,-5.450028244856));
#2663=CARTESIAN_POINT('',(-6.58437908154379,-2.66032717428133,-5.450028244856));
#2664=CARTESIAN_POINT('',(-3.69453829889767,-2.66032717428133,-5.450028244856));
#2665=CARTESIAN_POINT('',(-3.69453829889767,-2.66032717428133,-5.450028244856));
#2666=CARTESIAN_POINT('',(-3.69453829889767,-4.73596678403906,-5.450028244856));
#2667=CARTESIAN_POINT('Origin',(-1.29780526884592,-4.90798111633943,-5.450028244856));
#2668=CARTESIAN_POINT('',(-1.29780526884592,-6.92628261533037,-5.450028244856));
#2669=CARTESIAN_POINT('',(-1.29780526884592,-4.90798111633943,-5.450028244856));
#2670=CARTESIAN_POINT('Origin',(1.23653922704612,-4.90798111633943,-5.450028244856));
#2671=CARTESIAN_POINT('',(1.23653922704612,-4.90798111633943,-5.450028244856));
#2672=CARTESIAN_POINT('Origin',(1.23653922704612,-6.92628261533037,-5.450028244856));
#2673=CARTESIAN_POINT('',(1.23653922704612,-6.92628261533037,-5.450028244856));
#2674=CARTESIAN_POINT('Origin',(-1.29780526884592,-6.92628261533037,-5.450028244856));
#2675=CARTESIAN_POINT('Origin',(-6.58437908154379,-2.66032717428133,-5.450028244856));
#2676=CARTESIAN_POINT('',(-6.58437908154379,-4.73596678403906,-5.450028244856));
#2677=CARTESIAN_POINT('',(-6.58437908154379,-2.66032717428133,-5.450028244856));
#2678=CARTESIAN_POINT('Origin',(-3.69453829889767,-2.66032717428133,-5.450028244856));
#2679=CARTESIAN_POINT('',(-3.69453829889767,-2.66032717428133,-5.450028244856));
#2680=CARTESIAN_POINT('Origin',(-3.69453829889767,-4.73596678403906,-5.450028244856));
#2681=CARTESIAN_POINT('',(-3.69453829889767,-4.73596678403906,-5.450028244856));
#2682=CARTESIAN_POINT('Origin',(-6.58437908154379,-4.73596678403906,-5.450028244856));
#2683=CARTESIAN_POINT('Origin',(-8.53482180648497,6.8003314210651,-5.450028244856));
#2684=CARTESIAN_POINT('',(-8.53482180648497,6.8003314210651,-5.450028244856));
#2685=CARTESIAN_POINT('',(-8.53482179754427,0.700331557410729,-5.450028244856));
#2686=CARTESIAN_POINT('',(-8.53482179754427,0.700331557410729,-5.450028244856));
#2687=CARTESIAN_POINT('',(-8.53482179754427,0.700331557410729,-5.450028244856));
#2688=CARTESIAN_POINT('',(-8.53482180648497,6.8003314210651,-5.450028244856));
#2689=CARTESIAN_POINT('Origin',(0.564304704593515,3.92308431758119,-4.650028244856));
#2690=CARTESIAN_POINT('',(4.17955100682338,1.48654648774445,-4.650028244856));
#2691=CARTESIAN_POINT('',(1.2575547831199,1.48654648774445,-4.650028244856));
#2692=CARTESIAN_POINT('',(4.17955100682338,3.05737121990564,-4.650028244856));
#2693=CARTESIAN_POINT('',(4.17955100682338,2.70481540266283,-4.650028244856));
#2694=CARTESIAN_POINT('',(3.11278308127983,3.05737121990564,-4.650028244856));
#2695=CARTESIAN_POINT('',(2.37192785570845,3.05737121990564,-4.650028244856));
#2696=CARTESIAN_POINT('',(3.11278308127983,6.35962214741792,-4.650028244856));
#2697=CARTESIAN_POINT('',(3.11278308127983,3.49022776874341,-4.650028244856));
#2698=CARTESIAN_POINT('',(1.83854389293667,6.35962214741792,-4.650028244856));
#2699=CARTESIAN_POINT('Origin',(3.11278308127983,6.35962214741792,-3.600028244856));
#2700=CARTESIAN_POINT('',(3.11278308127983,6.35962214741792,-3.600028244856));
#2701=CARTESIAN_POINT('',(3.11278308127983,6.35962214741792,-3.600028244856));
#2702=CARTESIAN_POINT('',(3.11278308127983,6.35962214741792,-3.600028244856));
#2703=CARTESIAN_POINT('Origin',(3.11278308127983,3.05737121990564,-3.600028244856));
#2704=CARTESIAN_POINT('',(3.11278308127983,3.05737121990564,-3.600028244856));
#2705=CARTESIAN_POINT('',(3.11278308127983,3.05737121990564,-3.600028244856));
#2706=CARTESIAN_POINT('',(3.11278308127983,3.05737121990564,-3.600028244856));
#2707=CARTESIAN_POINT('Origin',(4.17955100682338,3.05737121990564,-3.600028244856));
#2708=CARTESIAN_POINT('',(4.17955100682338,3.05737121990564,-3.600028244856));
#2709=CARTESIAN_POINT('',(4.17955100682338,3.05737121990564,-3.600028244856));
#2710=CARTESIAN_POINT('',(4.17955100682338,3.05737121990564,-3.600028244856));
#2711=CARTESIAN_POINT('Origin',(5.499872999746,0.,-5.250028244856));
#2712=CARTESIAN_POINT('',(4.574879349759,0.,-5.250028244856));
#2713=CARTESIAN_POINT('Origin',(5.499872999746,0.,-5.250028244856));
#2714=CARTESIAN_POINT('Origin',(-5.45497127362526,-0.120064719288795,-5.250028244856));
#2715=CARTESIAN_POINT('',(-6.3348218556588,-0.940460995988319,-5.250028244856));
#2716=CARTESIAN_POINT('',(-6.3348218556588,-0.39861980743189,-5.250028244856));
#2717=CARTESIAN_POINT('',(-6.3348218556588,-0.709866558587295,-5.250028244856));
#2718=CARTESIAN_POINT('',(-4.91047590341579,-0.940460995988319,-5.250028244856));
#2719=CARTESIAN_POINT('',(-5.89489656464203,-0.940460995988319,-5.250028244856));
#2720=CARTESIAN_POINT('',(-4.48482189700952,-0.0996684247078772,-5.250028244856));
#2721=CARTESIAN_POINT('',(-4.80071710288482,-0.723654898241852,-5.250028244856));
#2722=CARTESIAN_POINT('',(-4.48482189700952,0.700331557410729,-5.250028244856));
#2723=CARTESIAN_POINT('',(-4.48482189700952,-0.10986657199834,-5.250028244856));
#2724=CARTESIAN_POINT('',(-6.3348218556588,0.700331557410729,-5.250028244856));
#2725=CARTESIAN_POINT('',(-5.89489656464203,0.700331557410729,-5.250028244856));
#2726=CARTESIAN_POINT('',(-6.3348218556588,0.39861980743189,-5.250028244856));
#2727=CARTESIAN_POINT('',(-6.3348218556588,0.139277544071552,-5.250028244856));
#2728=CARTESIAN_POINT('Origin',(-5.500127000254,0.,-5.250028244856));
#2729=CARTESIAN_POINT('Origin',(-4.48482189700952,-0.0996684247078772,-3.600028244856));
#2730=CARTESIAN_POINT('',(-4.48482189700952,-0.0996684247078772,-3.600028244856));
#2731=CARTESIAN_POINT('',(-4.48482189700952,-0.0996684247078772,-3.600028244856));
#2732=CARTESIAN_POINT('',(-4.48482189700952,0.700331557410729,-3.600028244856));
#2733=CARTESIAN_POINT('',(-4.48482189700952,-0.0996684247078772,-3.600028244856));
#2734=CARTESIAN_POINT('',(-4.48482189700952,0.700331557410729,-3.600028244856));
#2735=CARTESIAN_POINT('Origin',(-4.91047590341579,-0.940460995988319,-3.600028244856));
#2736=CARTESIAN_POINT('',(-4.91047590341579,-0.940460995988319,-3.600028244856));
#2737=CARTESIAN_POINT('',(-4.91047590341579,-0.940460995988319,-3.600028244856));
#2738=CARTESIAN_POINT('',(-4.91047590341579,-0.940460995988319,-3.600028244856));
#2739=CARTESIAN_POINT('Origin',(-6.3348218556588,-0.940460995988319,-3.600028244856));
#2740=CARTESIAN_POINT('',(-6.3348218556588,-0.940460995988319,-4.750028428701));
#2741=CARTESIAN_POINT('',(-6.3348218556588,-0.940460995988319,-3.600028244856));
#2742=CARTESIAN_POINT('',(-6.3348218556588,-0.940460995988319,-3.600028244856));
#2743=CARTESIAN_POINT('',(-6.3348218556588,-0.940460995988319,-3.600028244856));
#2744=CARTESIAN_POINT('',(-6.3348218556588,-0.940460995988319,-3.600028244856));
#2745=CARTESIAN_POINT('Origin',(-6.3348218556588,0.700331557410729,-5.450028428701));
#2746=CARTESIAN_POINT('',(-8.53482179754427,0.700331557410729,-4.750028428701));
#2747=CARTESIAN_POINT('',(-8.53482179754427,0.700331557410729,-3.600028244856));
#2748=CARTESIAN_POINT('',(-6.3348218556588,0.700331557410729,-4.750028428701));
#2749=CARTESIAN_POINT('',(-8.2848218120729,0.700331557410729,-4.750028428701));
#2750=CARTESIAN_POINT('',(-6.3348218556588,0.700331557410729,-5.450028428701));
#2751=CARTESIAN_POINT('',(-3.05094159763635,0.700331557410729,-3.600028244856));
#2752=CARTESIAN_POINT('',(-8.93482179754427,0.700331557410729,-3.600028244856));
#2753=CARTESIAN_POINT('',(-3.05094159763635,0.700331557410729,-3.600028244856));
#2754=CARTESIAN_POINT('Origin',(-8.93482179754427,-2.29966837553405,-5.450028428701));
#2755=CARTESIAN_POINT('',(-7.53482182883671,-2.29966837553405,-4.750028428701));
#2756=CARTESIAN_POINT('',(-7.53482182883671,-2.29966837553405,-5.450028428701));
#2757=CARTESIAN_POINT('',(-8.93482179754427,-2.29966837553405,-4.750028428701));
#2758=CARTESIAN_POINT('',(-7.58482182771912,-2.29966837553405,-4.750028428701));
#2759=CARTESIAN_POINT('',(-8.93482179754427,-2.29966837553405,-5.450028428701));
#2760=CARTESIAN_POINT('Origin',(-6.3348218556588,0.39861980743189,-5.450028428701));
#2761=CARTESIAN_POINT('',(-6.3348218556588,0.39861980743189,-4.750028428701));
#2762=CARTESIAN_POINT('',(-6.3348218556588,-0.0496684258254643,-4.750028428701));
#2763=CARTESIAN_POINT('',(-6.3348218556588,0.39861980743189,-5.450028428701));
#2764=CARTESIAN_POINT('Origin',(-5.500127000254,0.,-5.450028428701));
#2765=CARTESIAN_POINT('',(-6.3348218556588,-0.39861980743189,-4.750028428701));
#2766=CARTESIAN_POINT('Origin',(-5.500127000254,0.,-4.750028428701));
#2767=CARTESIAN_POINT('',(-6.3348218556588,-0.39861980743189,-5.450028428701));
#2768=CARTESIAN_POINT('Origin',(-6.3348218556588,-1.29966839788579,-5.450028428701));
#2769=CARTESIAN_POINT('',(-6.3348218556588,-0.599144108246774,-4.750028428701));
#2770=CARTESIAN_POINT('Origin',(-6.46214035024029,-1.29954581827788,-5.450028428701));
#2771=CARTESIAN_POINT('',(-6.3348218556588,-1.29966839788579,-4.750028428701));
#2772=CARTESIAN_POINT('',(-6.3348218556588,-1.29966839788579,-3.600028244856));
#2773=CARTESIAN_POINT('',(-6.46214035024029,-1.29954581827788,-4.750028428701));
#2774=CARTESIAN_POINT('',(-6.98506193320743,-1.29904236021536,-4.750028428701));
#2775=CARTESIAN_POINT('',(-6.46214035024029,-1.29954581827788,-5.450028428701));
#2776=CARTESIAN_POINT('Origin',(-7.5348218288367,-2.29966837553405,-5.450028428701));
#2777=CARTESIAN_POINT('',(-6.65114711355615,-1.47576768025457,-4.750028428701));
#2778=CARTESIAN_POINT('Origin',(-7.63482182660153,-0.799668409061658,-4.750028428701));
#2779=CARTESIAN_POINT('',(-6.3348218556588,-1.04966840347372,-4.750028428701));
#2780=CARTESIAN_POINT('',(-8.93482179754427,0.700331557410729,-4.750028428701));
#2781=CARTESIAN_POINT('',(-8.0848218120729,0.700331557410729,-4.750028428701));
#2782=CARTESIAN_POINT('',(-8.93482179754427,-1.54966839229785,-4.750028428701));
#2783=CARTESIAN_POINT('Origin',(-8.53482179754427,0.700331557410729,-3.600028244856));
#2784=CARTESIAN_POINT('',(-8.53482179754427,0.700331557410729,-3.600028244856));
#2785=CARTESIAN_POINT('',(-8.53482179754427,0.700331557410729,-3.600028244856));
#2786=CARTESIAN_POINT('',(-8.93482179754427,0.700331557410729,-3.600028244856));
#2787=CARTESIAN_POINT('',(-8.93482179754427,0.700331557410729,-3.600028244856));
#2788=CARTESIAN_POINT('',(-8.93482179754427,0.700331557410729,-3.600028244856));
#2789=CARTESIAN_POINT('Origin',(-6.3348218556588,-1.29966839788579,-3.600028244856));
#2790=CARTESIAN_POINT('',(-6.3348218556588,-1.29966839788579,-3.600028244856));
#2791=CARTESIAN_POINT('',(-6.3348218556588,-1.29966839788579,-3.600028244856));
#2792=CARTESIAN_POINT('',(-6.3348218556588,0.700331557410729,-3.600028244856));
#2793=CARTESIAN_POINT('Origin',(5.499872999746,0.,-3.600028244856));
#2794=CARTESIAN_POINT('',(4.574879349759,0.,-3.600028244856));
#2795=CARTESIAN_POINT('',(4.574879349759,1.1327905126882E-16,-3.600028244856));
#2796=CARTESIAN_POINT('Origin',(5.499872999746,0.,-3.600028244856));
#2797=CARTESIAN_POINT('Origin',(-8.53482179754427,6.8003314210651,-3.600028244856));
#2798=CARTESIAN_POINT('',(-8.53482180648497,6.8003314210651,-3.600028244856));
#2799=CARTESIAN_POINT('',(-8.53482179754427,0.700331557410729,-3.600028244856));
#2800=CARTESIAN_POINT('',(-8.53482180648497,6.8003314210651,-3.600028244856));
#2801=CARTESIAN_POINT('Origin',(-3.05094159763635,6.8003314210651,-3.600028244856));
#2802=CARTESIAN_POINT('',(-8.53482180648497,6.8003314210651,-3.600028244856));
#2803=CARTESIAN_POINT('Origin',(4.17955100682338,1.48654648774445,-3.600028244856));
#2804=CARTESIAN_POINT('',(4.17955100682338,1.48654648774445,-3.600028244856));
#2805=CARTESIAN_POINT('',(4.17955100682338,1.48654648774445,-3.600028244856));
#2806=CARTESIAN_POINT('',(4.17955100682338,1.48654648774445,-3.600028244856));
#2807=CARTESIAN_POINT('Origin',(1.95080486164628,1.48654648774445,-3.600028244856));
#2808=CARTESIAN_POINT('',(1.95080486164628,1.48654648774445,-3.600028244856));
#2809=CARTESIAN_POINT('',(1.95080486164628,1.48654648774445,-3.600028244856));
#2810=CARTESIAN_POINT('',(1.95080486164628,1.48654648774445,-3.600028244856));
#2811=CARTESIAN_POINT('Origin',(1.95080486164628,3.05737121990564,-3.600028244856));
#2812=CARTESIAN_POINT('',(1.95080486164628,3.05737121990564,-3.600028244856));
#2813=CARTESIAN_POINT('',(1.95080486164628,3.05737121990564,-3.600028244856));
#2814=CARTESIAN_POINT('',(1.95080486164628,3.05737121990564,-3.600028244856));
#2815=CARTESIAN_POINT('Origin',(-3.05094159763635,3.05737121990564,-3.600028244856));
#2816=CARTESIAN_POINT('',(-3.05094159763635,3.05737121990564,-3.600028244856));
#2817=CARTESIAN_POINT('',(-3.05094159763635,3.05737121990564,-3.600028244856));
#2818=CARTESIAN_POINT('',(-3.05094159763635,3.05737121990564,-3.600028244856));
#2819=CARTESIAN_POINT('Origin',(-3.05094159763635,0.700331557410729,-3.600028244856));
#2820=CARTESIAN_POINT('',(-3.05094159763635,0.700331557410729,-3.600028244856));
#2821=CARTESIAN_POINT('Origin',(-3.33482192271402,-1.29966839788579,-3.600028244856));
#2822=CARTESIAN_POINT('',(-3.33482192271402,-1.29966839788579,-3.600028244856));
#2823=CARTESIAN_POINT('',(-3.33482192271402,-1.29966839788579,-3.600028244856));
#2824=CARTESIAN_POINT('',(-3.33482192271402,-1.29966839788579,-3.600028244856));
#2825=CARTESIAN_POINT('Origin',(-2.48086150954793,-2.09297385673297,-3.600028244856));
#2826=CARTESIAN_POINT('',(-2.48086150954793,-2.09297385673297,-3.600028244856));
#2827=CARTESIAN_POINT('',(-2.48086150954793,-2.09297385673297,-3.600028244856));
#2828=CARTESIAN_POINT('',(-2.48086150954793,-2.09297385673297,-3.600028244856));
#2829=CARTESIAN_POINT('Origin',(-1.32525396642199,-3.52505076456301,-3.600028244856));
#2830=CARTESIAN_POINT('',(-1.32525396642199,-3.52505076456301,-3.600028244856));
#2831=CARTESIAN_POINT('',(-1.32525396642199,-3.52505076456301,-3.600028244856));
#2832=CARTESIAN_POINT('',(-1.32525396642199,-3.52505076456301,-3.600028244856));
#2833=CARTESIAN_POINT('Origin',(2.36517794988105,-3.52505076456301,-3.600028244856));
#2834=CARTESIAN_POINT('',(2.36517794988105,-3.52505076456301,-3.600028244856));
#2835=CARTESIAN_POINT('',(1.57474611770501,-3.52505076456301,-3.600028244856));
#2836=CARTESIAN_POINT('',(2.36517794988105,-3.52505076456301,-3.600028244856));
#2837=CARTESIAN_POINT('Origin',(2.36517794988105,-4.89966831741952,-3.600028244856));
#2838=CARTESIAN_POINT('',(2.36517794988105,-4.89966831741952,-3.600028244856));
#2839=CARTESIAN_POINT('',(2.36517794988105,-3.52505076456301,-3.600028244856));
#2840=CARTESIAN_POINT('',(2.36517794988105,-4.89966831741952,-3.600028244856));
#2841=CARTESIAN_POINT('Origin',(4.46517790294239,-4.89966831741952,-3.600028244856));
#2842=CARTESIAN_POINT('',(4.46517790294239,-4.89966831741952,-3.600028244856));
#2843=CARTESIAN_POINT('',(4.16517790964791,-4.89966831741952,-3.600028244856));
#2844=CARTESIAN_POINT('',(4.46517790294239,-4.89966831741952,-3.600028244856));
#2845=CARTESIAN_POINT('Origin',(4.46517790294239,-6.89966827271603,-3.600028244856));
#2846=CARTESIAN_POINT('',(4.46517790294239,-6.89966827271603,-3.600028244856));
#2847=CARTESIAN_POINT('',(4.46517790294239,-4.89966831741952,-3.600028244856));
#2848=CARTESIAN_POINT('',(4.46517790294239,-6.89966827271603,-3.600028244856));
#2849=CARTESIAN_POINT('Origin',(2.50353278812504,-6.89966827271603,-3.600028244856));
#2850=CARTESIAN_POINT('',(2.50353278812504,-6.89966827271603,-3.600028244856));
#2851=CARTESIAN_POINT('',(4.46517790294239,-6.89966827271603,-3.600028244856));
#2852=CARTESIAN_POINT('',(2.50353278812504,-6.89966827271603,-3.600028244856));
#2853=CARTESIAN_POINT('Origin',(2.50353278812504,-7.54534883305312,-3.600028244856));
#2854=CARTESIAN_POINT('',(2.50353278812504,-7.54534883305312,-3.600028244856));
#2855=CARTESIAN_POINT('',(2.50353278812504,-6.89966827271603,-3.600028244856));
#2856=CARTESIAN_POINT('',(2.50353278812504,-7.54534883305312,-3.600028244856));
#2857=CARTESIAN_POINT('Origin',(1.57967361120799,-8.275050899455,-3.600028244856));
#2858=CARTESIAN_POINT('',(1.57967361120799,-8.275050899455,-3.600028244856));
#2859=CARTESIAN_POINT('',(2.50353278812504,-7.54534883305312,-3.600028244856));
#2860=CARTESIAN_POINT('',(1.57967361120799,-8.275050899455,-3.600028244856));
#2861=CARTESIAN_POINT('Origin',(-2.59790492519555,-8.275050899455,-3.600028244856));
#2862=CARTESIAN_POINT('',(-2.59790492519555,-8.275050899455,-3.600028244856));
#2863=CARTESIAN_POINT('',(-2.59790492519555,-8.275050899455,-3.600028244856));
#2864=CARTESIAN_POINT('',(-2.59790492519555,-8.275050899455,-3.600028244856));
#2865=CARTESIAN_POINT('Origin',(-2.59790492519554,-6.92213452432418,-3.600028244856));
#2866=CARTESIAN_POINT('',(-2.59790492519554,-6.92213452432418,-3.600028244856));
#2867=CARTESIAN_POINT('',(-2.59790492519554,-6.92213452432418,-3.600028244856));
#2868=CARTESIAN_POINT('',(-2.59790492519554,-6.92213452432418,-3.600028244856));
#2869=CARTESIAN_POINT('Origin',(-3.67525403459299,-6.07505083563501,-3.600028244856));
#2870=CARTESIAN_POINT('',(-3.67525403459299,-6.07505083563501,-3.600028244856));
#2871=CARTESIAN_POINT('',(-3.67525403459299,-6.07505083563501,-3.600028244856));
#2872=CARTESIAN_POINT('',(-3.67525403459299,-6.07505083563501,-3.600028244856));
#2873=CARTESIAN_POINT('Origin',(-6.47525411581899,-6.07505083563501,-3.600028244856));
#2874=CARTESIAN_POINT('',(-6.47525411581899,-6.07505083563501,-3.600028244856));
#2875=CARTESIAN_POINT('',(-6.47525411581899,-6.07505083563501,-3.600028244856));
#2876=CARTESIAN_POINT('',(-6.47525411581899,-6.07505083563501,-3.600028244856));
#2877=CARTESIAN_POINT('Origin',(-7.43482183107188,-5.09966831294917,-3.600028244856));
#2878=CARTESIAN_POINT('',(-7.43482183107188,-5.09966831294917,-3.600028244856));
#2879=CARTESIAN_POINT('',(-6.47525411581899,-6.07505083563501,-3.600028244856));
#2880=CARTESIAN_POINT('',(-7.43482183107188,-5.09966831294917,-3.600028244856));
#2881=CARTESIAN_POINT('Origin',(-8.93482179754427,-5.09966831294917,-3.600028244856));
#2882=CARTESIAN_POINT('',(-8.93482179754427,-5.09966831294917,-3.600028244856));
#2883=CARTESIAN_POINT('',(-7.43482183107188,-5.09966831294917,-3.600028244856));
#2884=CARTESIAN_POINT('',(-8.93482179754427,-5.09966831294917,-3.600028244856));
#2885=CARTESIAN_POINT('Origin',(-8.93482179754427,-8.38696977394,-3.600028244856));
#2886=CARTESIAN_POINT('',(-8.93482179754427,-8.38696977394,-3.600028244856));
#2887=CARTESIAN_POINT('',(-8.93482179754427,-5.09966831294917,-3.600028244856));
#2888=CARTESIAN_POINT('',(-8.93482179754427,8.38763017525999,-3.600028244856));
#2889=CARTESIAN_POINT('',(-8.93482179754427,8.38763017525999,-3.600028244856));
#2890=CARTESIAN_POINT('',(-8.93482179754427,8.38763017525999,-3.600028244856));
#2891=CARTESIAN_POINT('',(-8.93482179754427,-8.38696977394,-3.600028244856));
#2892=CARTESIAN_POINT('Origin',(6.99272352944219,-8.38696977394,-3.600028244856));
#2893=CARTESIAN_POINT('',(6.99272352944219,-8.38696977394,-3.600028244856));
#2894=CARTESIAN_POINT('',(8.987198374397,-8.38696977394,-3.600028244856));
#2895=CARTESIAN_POINT('',(6.99272352944219,-8.38696977394,-3.600028244856));
#2896=CARTESIAN_POINT('Origin',(6.99272352944219,8.38763017525999,-3.600028244856));
#2897=CARTESIAN_POINT('',(6.99272352944219,8.38763017525999,-3.600028244856));
#2898=CARTESIAN_POINT('',(6.99272352944219,-8.38696977394,-3.600028244856));
#2899=CARTESIAN_POINT('',(6.99272352944219,8.38763017525999,-3.600028244856));
#2900=CARTESIAN_POINT('Origin',(-8.93482179754427,8.38763017525999,-3.600028244856));
#2901=CARTESIAN_POINT('',(1.95080486164628,8.38763017525999,-3.600028244856));
#2902=CARTESIAN_POINT('Origin',(-0.971049134051036,0.000330200659997004,
-3.600028244856));
#2903=CARTESIAN_POINT('',(0.,0.,0.));
#2904=UNCERTAINTY_MEASURE_WITH_UNIT(LENGTH_MEASURE(0.01),#2912,
'DISTANCE_ACCURACY_VALUE',
'Maximum model space distance between geometric entities at asserted c
onnectivities');
#2905=UNCERTAINTY_MEASURE_WITH_UNIT(LENGTH_MEASURE(0.01),#2912,
'DISTANCE_ACCURACY_VALUE',
'Maximum model space distance between geometric entities at asserted c
onnectivities');
#2906=UNCERTAINTY_MEASURE_WITH_UNIT(LENGTH_MEASURE(0.01),#2912,
'DISTANCE_ACCURACY_VALUE',
'Maximum model space distance between geometric entities at asserted c
onnectivities');
#2907=UNCERTAINTY_MEASURE_WITH_UNIT(LENGTH_MEASURE(0.01),#2912,
'DISTANCE_ACCURACY_VALUE',
'Maximum model space distance between geometric entities at asserted c
onnectivities');
#2908=(
GEOMETRIC_REPRESENTATION_CONTEXT(3)
GLOBAL_UNCERTAINTY_ASSIGNED_CONTEXT((#2904))
GLOBAL_UNIT_ASSIGNED_CONTEXT((#2912,#2914,#2915))
REPRESENTATION_CONTEXT('','3D')
);
#2909=(
GEOMETRIC_REPRESENTATION_CONTEXT(3)
GLOBAL_UNCERTAINTY_ASSIGNED_CONTEXT((#2905))
GLOBAL_UNIT_ASSIGNED_CONTEXT((#2912,#2914,#2915))
REPRESENTATION_CONTEXT('','3D')
);
#2910=(
GEOMETRIC_REPRESENTATION_CONTEXT(3)
GLOBAL_UNCERTAINTY_ASSIGNED_CONTEXT((#2906))
GLOBAL_UNIT_ASSIGNED_CONTEXT((#2912,#2914,#2915))
REPRESENTATION_CONTEXT('','3D')
);
#2911=(
GEOMETRIC_REPRESENTATION_CONTEXT(3)
GLOBAL_UNCERTAINTY_ASSIGNED_CONTEXT((#2907))
GLOBAL_UNIT_ASSIGNED_CONTEXT((#2912,#2914,#2915))
REPRESENTATION_CONTEXT('','3D')
);
#2912=(
LENGTH_UNIT()
NAMED_UNIT(*)
SI_UNIT(.MILLI.,.METRE.)
);
#2913=(
LENGTH_UNIT()
NAMED_UNIT(*)
SI_UNIT($,.METRE.)
);
#2914=(
NAMED_UNIT(*)
PLANE_ANGLE_UNIT()
SI_UNIT($,.RADIAN.)
);
#2915=(
NAMED_UNIT(*)
SI_UNIT($,.STERADIAN.)
SOLID_ANGLE_UNIT()
);
#2916=SHAPE_DEFINITION_REPRESENTATION(#2919,#2924);
#2917=SHAPE_DEFINITION_REPRESENTATION(#2920,#2925);
#2918=SHAPE_DEFINITION_REPRESENTATION(#2921,#2926);
#2919=PRODUCT_DEFINITION_SHAPE('',$,#2928);
#2920=PRODUCT_DEFINITION_SHAPE('',$,#2929);
#2921=PRODUCT_DEFINITION_SHAPE('',$,#2930);
#2922=PRODUCT_DEFINITION_SHAPE($,$,#28);
#2923=PRODUCT_DEFINITION_SHAPE($,$,#29);
#2924=SHAPE_REPRESENTATION('',(#1839,#1940),#2908);
#2925=SHAPE_REPRESENTATION('',(#1840,#1864),#2909);
#2926=SHAPE_REPRESENTATION('',(#1841),#2910);
#2927=PRODUCT_DEFINITION_CONTEXT('part definition',#2938,'design');
#2928=PRODUCT_DEFINITION('EasyEDA PCB Model~4Vrz',
'key-choc-skree-ff-con',#2931,#2927);
#2929=PRODUCT_DEFINITION('2026-01-02-21-43-18-615','choc socket',#2932,
#2927);
#2930=PRODUCT_DEFINITION('Switch Holders','Switch Holders',#2933,#2927);
#2931=PRODUCT_DEFINITION_FORMATION('',$,#2940);
#2932=PRODUCT_DEFINITION_FORMATION('',$,#2941);
#2933=PRODUCT_DEFINITION_FORMATION('',$,#2942);
#2934=PRODUCT_RELATED_PRODUCT_CATEGORY('key-choc-skree-ff-con',
'key-choc-skree-ff-con',(#2940));
#2935=PRODUCT_RELATED_PRODUCT_CATEGORY('choc socket','choc socket',(#2941));
#2936=PRODUCT_RELATED_PRODUCT_CATEGORY('Switch Holders',
'Switch Holders',(#2942));
#2937=APPLICATION_PROTOCOL_DEFINITION('international standard',
'automotive_design',2009,#2938);
#2938=APPLICATION_CONTEXT(
'Core Data for Automotive Mechanical Design Process');
#2939=PRODUCT_CONTEXT('part definition',#2938,'mechanical');
#2940=PRODUCT('EasyEDA PCB Model~4Vrz','key-choc-skree-ff-con',
'Designed by EasyEDA Pro',(#2939));
#2941=PRODUCT('2026-01-02-21-43-18-615','choc socket','Cosmos Model',(#2939));
#2942=PRODUCT('Switch Holders','Switch Holders',$,(#2939));
#2943=PRESENTATION_STYLE_ASSIGNMENT((#2944));
#2944=SURFACE_STYLE_USAGE(.BOTH.,#2945);
#2945=SURFACE_SIDE_STYLE('',(#2946));
#2946=SURFACE_STYLE_FILL_AREA(#2947);
#2947=FILL_AREA_STYLE('Steel - Satin',(#2948));
#2948=FILL_AREA_STYLE_COLOUR('Steel - Satin',#2949);
#2949=COLOUR_RGB('Steel - Satin',0.627450980392157,0.627450980392157,0.627450980392157);
ENDSEC;
END-ISO-10303-21;
