ISO-10303-21;
HEADER;
/* Generated by software containing ST-Developer
 * from STEP Tools, Inc. (www.steptools.com) 
 */

FILE_DESCRIPTION(
/* description */ ('Designed by EasyEDA Pro'),
/* implementation_level */ '2;1');

FILE_NAME(
/* name */ 'key-choc-skree-ff-norm.step',
/* time_stamp */ '2026-01-02T22:16:32-05:00',
/* author */ (''),
/* organization */ (''),
/* preprocessor_version */ 'ST-DEVELOPER v20.1',
/* originating_system */ 'Autodesk Translation Framework v14.21.0.0',
/* authorisation */ '');

FILE_SCHEMA (('AUTOMOTIVE_DESIGN { 1 0 10303 214 3 1 1 }'));
ENDSEC;

DATA;
#10=MECHANICAL_DESIGN_GEOMETRIC_PRESENTATION_REPRESENTATION('',(#32,#33),
#2463);
#11=CYLINDRICAL_SURFACE('',#1607,0.924993649987);
#12=CYLINDRICAL_SURFACE('',#1613,1.650012700025);
#13=CYLINDRICAL_SURFACE('',#1624,0.924993649987);
#14=CIRCLE('',#1600,0.924993649987);
#15=CIRCLE('',#1602,1.650012700025);
#16=CIRCLE('',#1605,0.924993649987);
#17=CIRCLE('',#1608,0.924993649987);
#18=CIRCLE('',#1614,1.650012700025);
#19=CIRCLE('',#1625,0.924993649987);
#20=ITEM_DEFINED_TRANSFORMATION($,$,#1556,#1579);
#21=ITEM_DEFINED_TRANSFORMATION($,$,#1555,#1643);
#22=(
REPRESENTATION_RELATIONSHIP($,$,#2478,#2477)
REPRESENTATION_RELATIONSHIP_WITH_TRANSFORMATION(#20)
SHAPE_REPRESENTATION_RELATIONSHIP()
);
#23=(
REPRESENTATION_RELATIONSHIP($,$,#2477,#2476)
REPRESENTATION_RELATIONSHIP_WITH_TRANSFORMATION(#21)
SHAPE_REPRESENTATION_RELATIONSHIP()
);
#24=CONTEXT_DEPENDENT_SHAPE_REPRESENTATION(#22,#2474);
#25=CONTEXT_DEPENDENT_SHAPE_REPRESENTATION(#23,#2475);
#26=NEXT_ASSEMBLY_USAGE_OCCURRENCE('Switch Holders:1',
'Switch Holders:1','Switch Holders:1',#2481,#2482,'Switch Holders:1');
#27=NEXT_ASSEMBLY_USAGE_OCCURRENCE('choc socket:1','choc socket:1',
'choc socket:1',#2480,#2481,'choc socket:1');
#28=SHAPE_REPRESENTATION_RELATIONSHIP('SRR','None',#2478,#30);
#29=SHAPE_REPRESENTATION_RELATIONSHIP('SRR','None',#2476,#31);
#30=ADVANCED_BREP_SHAPE_REPRESENTATION('',(#34),#2462);
#31=ADVANCED_BREP_SHAPE_REPRESENTATION('',(#35),#2460);
#32=STYLED_ITEM('',(#2495),#34);
#33=STYLED_ITEM('',(#2495),#35);
#34=MANIFOLD_SOLID_BREP('Body1',#1540);
#35=MANIFOLD_SOLID_BREP('Body1',#1541);
#36=FACE_BOUND('',#143,.T.);
#37=FACE_BOUND('',#145,.T.);
#38=FACE_BOUND('',#162,.T.);
#39=FACE_BOUND('',#163,.T.);
#40=FACE_BOUND('',#164,.T.);
#41=FACE_BOUND('',#166,.T.);
#42=FACE_BOUND('',#167,.T.);
#43=FACE_BOUND('',#212,.T.);
#44=FACE_BOUND('',#213,.T.);
#45=FACE_BOUND('',#214,.T.);
#46=FACE_BOUND('',#215,.T.);
#47=FACE_OUTER_BOUND('',#126,.T.);
#48=FACE_OUTER_BOUND('',#127,.T.);
#49=FACE_OUTER_BOUND('',#128,.T.);
#50=FACE_OUTER_BOUND('',#129,.T.);
#51=FACE_OUTER_BOUND('',#130,.T.);
#52=FACE_OUTER_BOUND('',#131,.T.);
#53=FACE_OUTER_BOUND('',#132,.T.);
#54=FACE_OUTER_BOUND('',#133,.T.);
#55=FACE_OUTER_BOUND('',#134,.T.);
#56=FACE_OUTER_BOUND('',#135,.T.);
#57=FACE_OUTER_BOUND('',#136,.T.);
#58=FACE_OUTER_BOUND('',#137,.T.);
#59=FACE_OUTER_BOUND('',#138,.T.);
#60=FACE_OUTER_BOUND('',#139,.T.);
#61=FACE_OUTER_BOUND('',#140,.T.);
#62=FACE_OUTER_BOUND('',#141,.T.);
#63=FACE_OUTER_BOUND('',#142,.T.);
#64=FACE_OUTER_BOUND('',#144,.T.);
#65=FACE_OUTER_BOUND('',#146,.T.);
#66=FACE_OUTER_BOUND('',#147,.T.);
#67=FACE_OUTER_BOUND('',#148,.T.);
#68=FACE_OUTER_BOUND('',#149,.T.);
#69=FACE_OUTER_BOUND('',#150,.T.);
#70=FACE_OUTER_BOUND('',#151,.T.);
#71=FACE_OUTER_BOUND('',#152,.T.);
#72=FACE_OUTER_BOUND('',#153,.T.);
#73=FACE_OUTER_BOUND('',#154,.T.);
#74=FACE_OUTER_BOUND('',#155,.T.);
#75=FACE_OUTER_BOUND('',#156,.T.);
#76=FACE_OUTER_BOUND('',#157,.T.);
#77=FACE_OUTER_BOUND('',#158,.T.);
#78=FACE_OUTER_BOUND('',#159,.T.);
#79=FACE_OUTER_BOUND('',#160,.T.);
#80=FACE_OUTER_BOUND('',#161,.T.);
#81=FACE_OUTER_BOUND('',#165,.T.);
#82=FACE_OUTER_BOUND('',#168,.T.);
#83=FACE_OUTER_BOUND('',#169,.T.);
#84=FACE_OUTER_BOUND('',#170,.T.);
#85=FACE_OUTER_BOUND('',#171,.T.);
#86=FACE_OUTER_BOUND('',#172,.T.);
#87=FACE_OUTER_BOUND('',#173,.T.);
#88=FACE_OUTER_BOUND('',#174,.T.);
#89=FACE_OUTER_BOUND('',#175,.T.);
#90=FACE_OUTER_BOUND('',#176,.T.);
#91=FACE_OUTER_BOUND('',#177,.T.);
#92=FACE_OUTER_BOUND('',#178,.T.);
#93=FACE_OUTER_BOUND('',#179,.T.);
#94=FACE_OUTER_BOUND('',#180,.T.);
#95=FACE_OUTER_BOUND('',#181,.T.);
#96=FACE_OUTER_BOUND('',#182,.T.);
#97=FACE_OUTER_BOUND('',#183,.T.);
#98=FACE_OUTER_BOUND('',#184,.T.);
#99=FACE_OUTER_BOUND('',#185,.T.);
#100=FACE_OUTER_BOUND('',#186,.T.);
#101=FACE_OUTER_BOUND('',#187,.T.);
#102=FACE_OUTER_BOUND('',#188,.T.);
#103=FACE_OUTER_BOUND('',#189,.T.);
#104=FACE_OUTER_BOUND('',#190,.T.);
#105=FACE_OUTER_BOUND('',#191,.T.);
#106=FACE_OUTER_BOUND('',#192,.T.);
#107=FACE_OUTER_BOUND('',#193,.T.);
#108=FACE_OUTER_BOUND('',#194,.T.);
#109=FACE_OUTER_BOUND('',#195,.T.);
#110=FACE_OUTER_BOUND('',#196,.T.);
#111=FACE_OUTER_BOUND('',#197,.T.);
#112=FACE_OUTER_BOUND('',#198,.T.);
#113=FACE_OUTER_BOUND('',#199,.T.);
#114=FACE_OUTER_BOUND('',#200,.T.);
#115=FACE_OUTER_BOUND('',#201,.T.);
#116=FACE_OUTER_BOUND('',#202,.T.);
#117=FACE_OUTER_BOUND('',#203,.T.);
#118=FACE_OUTER_BOUND('',#204,.T.);
#119=FACE_OUTER_BOUND('',#205,.T.);
#120=FACE_OUTER_BOUND('',#206,.T.);
#121=FACE_OUTER_BOUND('',#207,.T.);
#122=FACE_OUTER_BOUND('',#208,.T.);
#123=FACE_OUTER_BOUND('',#209,.T.);
#124=FACE_OUTER_BOUND('',#210,.T.);
#125=FACE_OUTER_BOUND('',#211,.T.);
#126=EDGE_LOOP('',(#967,#968,#969,#970));
#127=EDGE_LOOP('',(#971,#972,#973,#974));
#128=EDGE_LOOP('',(#975,#976,#977,#978));
#129=EDGE_LOOP('',(#979,#980,#981,#982));
#130=EDGE_LOOP('',(#983,#984,#985,#986));
#131=EDGE_LOOP('',(#987,#988,#989,#990));
#132=EDGE_LOOP('',(#991,#992,#993,#994,#995,#996,#997,#998));
#133=EDGE_LOOP('',(#999,#1000,#1001,#1002,#1003,#1004,#1005,#1006));
#134=EDGE_LOOP('',(#1007,#1008,#1009,#1010,#1011,#1012,#1013,#1014));
#135=EDGE_LOOP('',(#1015,#1016,#1017,#1018));
#136=EDGE_LOOP('',(#1019,#1020,#1021,#1022));
#137=EDGE_LOOP('',(#1023,#1024,#1025,#1026,#1027,#1028,#1029,#1030));
#138=EDGE_LOOP('',(#1031,#1032,#1033,#1034,#1035,#1036,#1037,#1038));
#139=EDGE_LOOP('',(#1039,#1040,#1041,#1042));
#140=EDGE_LOOP('',(#1043,#1044,#1045,#1046));
#141=EDGE_LOOP('',(#1047,#1048,#1049,#1050,#1051,#1052,#1053,#1054));
#142=EDGE_LOOP('',(#1055,#1056,#1057,#1058));
#143=EDGE_LOOP('',(#1059,#1060,#1061,#1062));
#144=EDGE_LOOP('',(#1063,#1064,#1065,#1066));
#145=EDGE_LOOP('',(#1067,#1068,#1069,#1070));
#146=EDGE_LOOP('',(#1071,#1072,#1073,#1074));
#147=EDGE_LOOP('',(#1075,#1076,#1077,#1078));
#148=EDGE_LOOP('',(#1079,#1080,#1081,#1082));
#149=EDGE_LOOP('',(#1083,#1084,#1085,#1086));
#150=EDGE_LOOP('',(#1087,#1088,#1089,#1090));
#151=EDGE_LOOP('',(#1091,#1092,#1093,#1094));
#152=EDGE_LOOP('',(#1095,#1096,#1097,#1098));
#153=EDGE_LOOP('',(#1099,#1100,#1101,#1102));
#154=EDGE_LOOP('',(#1103,#1104,#1105,#1106));
#155=EDGE_LOOP('',(#1107,#1108,#1109,#1110));
#156=EDGE_LOOP('',(#1111,#1112,#1113,#1114));
#157=EDGE_LOOP('',(#1115,#1116,#1117,#1118));
#158=EDGE_LOOP('',(#1119,#1120,#1121,#1122));
#159=EDGE_LOOP('',(#1123,#1124,#1125,#1126));
#160=EDGE_LOOP('',(#1127,#1128,#1129,#1130));
#161=EDGE_LOOP('',(#1131,#1132,#1133,#1134));
#162=EDGE_LOOP('',(#1135,#1136,#1137));
#163=EDGE_LOOP('',(#1138,#1139,#1140,#1141));
#164=EDGE_LOOP('',(#1142,#1143,#1144,#1145));
#165=EDGE_LOOP('',(#1146,#1147,#1148,#1149,#1150,#1151,#1152,#1153,#1154,
#1155,#1156,#1157,#1158,#1159,#1160,#1161,#1162,#1163,#1164,#1165,#1166,
#1167));
#166=EDGE_LOOP('',(#1168,#1169,#1170,#1171));
#167=EDGE_LOOP('',(#1172,#1173,#1174,#1175));
#168=EDGE_LOOP('',(#1176,#1177,#1178,#1179));
#169=EDGE_LOOP('',(#1180,#1181,#1182,#1183));
#170=EDGE_LOOP('',(#1184,#1185,#1186,#1187));
#171=EDGE_LOOP('',(#1188,#1189,#1190,#1191));
#172=EDGE_LOOP('',(#1192,#1193,#1194,#1195));
#173=EDGE_LOOP('',(#1196,#1197,#1198,#1199));
#174=EDGE_LOOP('',(#1200));
#175=EDGE_LOOP('',(#1201));
#176=EDGE_LOOP('',(#1202,#1203,#1204,#1205));
#177=EDGE_LOOP('',(#1206,#1207,#1208,#1209));
#178=EDGE_LOOP('',(#1210,#1211,#1212,#1213,#1214,#1215));
#179=EDGE_LOOP('',(#1216,#1217,#1218,#1219));
#180=EDGE_LOOP('',(#1220,#1221,#1222,#1223));
#181=EDGE_LOOP('',(#1224,#1225,#1226,#1227));
#182=EDGE_LOOP('',(#1228,#1229,#1230,#1231));
#183=EDGE_LOOP('',(#1232,#1233,#1234,#1235));
#184=EDGE_LOOP('',(#1236,#1237,#1238,#1239));
#185=EDGE_LOOP('',(#1240,#1241,#1242,#1243));
#186=EDGE_LOOP('',(#1244,#1245,#1246,#1247));
#187=EDGE_LOOP('',(#1248,#1249,#1250,#1251));
#188=EDGE_LOOP('',(#1252,#1253,#1254,#1255));
#189=EDGE_LOOP('',(#1256,#1257,#1258,#1259));
#190=EDGE_LOOP('',(#1260,#1261,#1262,#1263,#1264,#1265,#1266,#1267));
#191=EDGE_LOOP('',(#1268,#1269,#1270,#1271));
#192=EDGE_LOOP('',(#1272,#1273,#1274,#1275));
#193=EDGE_LOOP('',(#1276,#1277,#1278,#1279));
#194=EDGE_LOOP('',(#1280,#1281,#1282,#1283));
#195=EDGE_LOOP('',(#1284,#1285,#1286,#1287));
#196=EDGE_LOOP('',(#1288,#1289,#1290,#1291,#1292));
#197=EDGE_LOOP('',(#1293,#1294,#1295,#1296));
#198=EDGE_LOOP('',(#1297,#1298,#1299,#1300));
#199=EDGE_LOOP('',(#1301,#1302,#1303,#1304));
#200=EDGE_LOOP('',(#1305,#1306,#1307,#1308));
#201=EDGE_LOOP('',(#1309,#1310,#1311,#1312));
#202=EDGE_LOOP('',(#1313,#1314,#1315,#1316));
#203=EDGE_LOOP('',(#1317,#1318,#1319,#1320));
#204=EDGE_LOOP('',(#1321,#1322,#1323,#1324));
#205=EDGE_LOOP('',(#1325,#1326,#1327,#1328));
#206=EDGE_LOOP('',(#1329,#1330,#1331,#1332));
#207=EDGE_LOOP('',(#1333,#1334,#1335,#1336));
#208=EDGE_LOOP('',(#1337,#1338,#1339,#1340));
#209=EDGE_LOOP('',(#1341,#1342,#1343,#1344));
#210=EDGE_LOOP('',(#1345,#1346,#1347));
#211=EDGE_LOOP('',(#1348,#1349,#1350,#1351,#1352,#1353,#1354,#1355,#1356,
#1357,#1358,#1359,#1360,#1361,#1362,#1363,#1364,#1365,#1366,#1367,#1368,
#1369,#1370,#1371,#1372,#1373,#1374));
#212=EDGE_LOOP('',(#1375));
#213=EDGE_LOOP('',(#1376,#1377,#1378,#1379));
#214=EDGE_LOOP('',(#1380,#1381,#1382,#1383));
#215=EDGE_LOOP('',(#1384));
#216=LINE('',#2033,#419);
#217=LINE('',#2035,#420);
#218=LINE('',#2037,#421);
#219=LINE('',#2038,#422);
#220=LINE('',#2042,#423);
#221=LINE('',#2044,#424);
#222=LINE('',#2046,#425);
#223=LINE('',#2047,#426);
#224=LINE('',#2049,#427);
#225=LINE('',#2050,#428);
#226=LINE('',#2054,#429);
#227=LINE('',#2056,#430);
#228=LINE('',#2058,#431);
#229=LINE('',#2059,#432);
#230=LINE('',#2063,#433);
#231=LINE('',#2065,#434);
#232=LINE('',#2067,#435);
#233=LINE('',#2068,#436);
#234=LINE('',#2070,#437);
#235=LINE('',#2071,#438);
#236=LINE('',#2074,#439);
#237=LINE('',#2076,#440);
#238=LINE('',#2078,#441);
#239=LINE('',#2080,#442);
#240=LINE('',#2081,#443);
#241=LINE('',#2084,#444);
#242=LINE('',#2086,#445);
#243=LINE('',#2087,#446);
#244=LINE('',#2089,#447);
#245=LINE('',#2090,#448);
#246=LINE('',#2093,#449);
#247=LINE('',#2094,#450);
#248=LINE('',#2096,#451);
#249=LINE('',#2098,#452);
#250=LINE('',#2099,#453);
#251=LINE('',#2102,#454);
#252=LINE('',#2103,#455);
#253=LINE('',#2106,#456);
#254=LINE('',#2107,#457);
#255=LINE('',#2109,#458);
#256=LINE('',#2112,#459);
#257=LINE('',#2114,#460);
#258=LINE('',#2115,#461);
#259=LINE('',#2118,#462);
#260=LINE('',#2119,#463);
#261=LINE('',#2122,#464);
#262=LINE('',#2123,#465);
#263=LINE('',#2125,#466);
#264=LINE('',#2129,#467);
#265=LINE('',#2131,#468);
#266=LINE('',#2133,#469);
#267=LINE('',#2134,#470);
#268=LINE('',#2138,#471);
#269=LINE('',#2140,#472);
#270=LINE('',#2142,#473);
#271=LINE('',#2143,#474);
#272=LINE('',#2145,#475);
#273=LINE('',#2146,#476);
#274=LINE('',#2148,#477);
#275=LINE('',#2150,#478);
#276=LINE('',#2156,#479);
#277=LINE('',#2158,#480);
#278=LINE('',#2160,#481);
#279=LINE('',#2161,#482);
#280=LINE('',#2164,#483);
#281=LINE('',#2166,#484);
#282=LINE('',#2167,#485);
#283=LINE('',#2170,#486);
#284=LINE('',#2172,#487);
#285=LINE('',#2173,#488);
#286=LINE('',#2175,#489);
#287=LINE('',#2176,#490);
#288=LINE('',#2180,#491);
#289=LINE('',#2182,#492);
#290=LINE('',#2184,#493);
#291=LINE('',#2185,#494);
#292=LINE('',#2188,#495);
#293=LINE('',#2190,#496);
#294=LINE('',#2191,#497);
#295=LINE('',#2194,#498);
#296=LINE('',#2196,#499);
#297=LINE('',#2197,#500);
#298=LINE('',#2199,#501);
#299=LINE('',#2200,#502);
#300=LINE('',#2204,#503);
#301=LINE('',#2206,#504);
#302=LINE('',#2208,#505);
#303=LINE('',#2209,#506);
#304=LINE('',#2212,#507);
#305=LINE('',#2214,#508);
#306=LINE('',#2215,#509);
#307=LINE('',#2217,#510);
#308=LINE('',#2218,#511);
#309=LINE('',#2222,#512);
#310=LINE('',#2224,#513);
#311=LINE('',#2226,#514);
#312=LINE('',#2227,#515);
#313=LINE('',#2230,#516);
#314=LINE('',#2232,#517);
#315=LINE('',#2234,#518);
#316=LINE('',#2236,#519);
#317=LINE('',#2238,#520);
#318=LINE('',#2240,#521);
#319=LINE('',#2242,#522);
#320=LINE('',#2244,#523);
#321=LINE('',#2246,#524);
#322=LINE('',#2248,#525);
#323=LINE('',#2250,#526);
#324=LINE('',#2252,#527);
#325=LINE('',#2254,#528);
#326=LINE('',#2256,#529);
#327=LINE('',#2258,#530);
#328=LINE('',#2260,#531);
#329=LINE('',#2262,#532);
#330=LINE('',#2264,#533);
#331=LINE('',#2266,#534);
#332=LINE('',#2267,#535);
#333=LINE('',#2271,#536);
#334=LINE('',#2273,#537);
#335=LINE('',#2275,#538);
#336=LINE('',#2276,#539);
#337=LINE('',#2279,#540);
#338=LINE('',#2281,#541);
#339=LINE('',#2282,#542);
#340=LINE('',#2285,#543);
#341=LINE('',#2286,#544);
#342=LINE('',#2290,#545);
#343=LINE('',#2292,#546);
#344=LINE('',#2294,#547);
#345=LINE('',#2295,#548);
#346=LINE('',#2298,#549);
#347=LINE('',#2300,#550);
#348=LINE('',#2301,#551);
#349=LINE('',#2304,#552);
#350=LINE('',#2305,#553);
#351=LINE('',#2314,#554);
#352=LINE('',#2316,#555);
#353=LINE('',#2317,#556);
#354=LINE('',#2322,#557);
#355=LINE('',#2323,#558);
#356=LINE('',#2326,#559);
#357=LINE('',#2328,#560);
#358=LINE('',#2329,#561);
#359=LINE('',#2330,#562);
#360=LINE('',#2333,#563);
#361=LINE('',#2337,#564);
#362=LINE('',#2338,#565);
#363=LINE('',#2340,#566);
#364=LINE('',#2343,#567);
#365=LINE('',#2344,#568);
#366=LINE('',#2346,#569);
#367=LINE('',#2349,#570);
#368=LINE('',#2354,#571);
#369=LINE('',#2355,#572);
#370=LINE('',#2356,#573);
#371=LINE('',#2359,#574);
#372=LINE('',#2360,#575);
#373=LINE('',#2364,#576);
#374=LINE('',#2365,#577);
#375=LINE('',#2366,#578);
#376=LINE('',#2369,#579);
#377=LINE('',#2370,#580);
#378=LINE('',#2373,#581);
#379=LINE('',#2374,#582);
#380=LINE('',#2377,#583);
#381=LINE('',#2378,#584);
#382=LINE('',#2379,#585);
#383=LINE('',#2382,#586);
#384=LINE('',#2383,#587);
#385=LINE('',#2386,#588);
#386=LINE('',#2387,#589);
#387=LINE('',#2389,#590);
#388=LINE('',#2390,#591);
#389=LINE('',#2393,#592);
#390=LINE('',#2397,#593);
#391=LINE('',#2398,#594);
#392=LINE('',#2401,#595);
#393=LINE('',#2402,#596);
#394=LINE('',#2405,#597);
#395=LINE('',#2406,#598);
#396=LINE('',#2409,#599);
#397=LINE('',#2410,#600);
#398=LINE('',#2413,#601);
#399=LINE('',#2414,#602);
#400=LINE('',#2417,#603);
#401=LINE('',#2418,#604);
#402=LINE('',#2421,#605);
#403=LINE('',#2422,#606);
#404=LINE('',#2425,#607);
#405=LINE('',#2426,#608);
#406=LINE('',#2429,#609);
#407=LINE('',#2430,#610);
#408=LINE('',#2433,#611);
#409=LINE('',#2434,#612);
#410=LINE('',#2437,#613);
#411=LINE('',#2438,#614);
#412=LINE('',#2441,#615);
#413=LINE('',#2442,#616);
#414=LINE('',#2445,#617);
#415=LINE('',#2446,#618);
#416=LINE('',#2449,#619);
#417=LINE('',#2450,#620);
#418=LINE('',#2452,#621);
#419=VECTOR('',#1652,10.);
#420=VECTOR('',#1653,10.);
#421=VECTOR('',#1654,10.);
#422=VECTOR('',#1655,10.);
#423=VECTOR('',#1658,10.);
#424=VECTOR('',#1659,10.);
#425=VECTOR('',#1660,10.);
#426=VECTOR('',#1661,10.);
#427=VECTOR('',#1664,10.);
#428=VECTOR('',#1665,10.);
#429=VECTOR('',#1668,10.);
#430=VECTOR('',#1669,10.);
#431=VECTOR('',#1670,10.);
#432=VECTOR('',#1671,10.);
#433=VECTOR('',#1674,10.);
#434=VECTOR('',#1675,10.);
#435=VECTOR('',#1676,10.);
#436=VECTOR('',#1677,10.);
#437=VECTOR('',#1680,10.);
#438=VECTOR('',#1681,10.);
#439=VECTOR('',#1684,1.);
#440=VECTOR('',#1685,0.999999999999609);
#441=VECTOR('',#1686,1.);
#442=VECTOR('',#1687,0.999999999999609);
#443=VECTOR('',#1688,1.);
#444=VECTOR('',#1691,1.);
#445=VECTOR('',#1692,0.999999999999609);
#446=VECTOR('',#1693,1.);
#447=VECTOR('',#1694,0.999999999999609);
#448=VECTOR('',#1695,1.);
#449=VECTOR('',#1698,1.);
#450=VECTOR('',#1699,0.999999999999609);
#451=VECTOR('',#1700,1.);
#452=VECTOR('',#1701,0.999999999999609);
#453=VECTOR('',#1702,1.);
#454=VECTOR('',#1705,0.999999999999609);
#455=VECTOR('',#1706,0.999999999999609);
#456=VECTOR('',#1709,0.999999999999609);
#457=VECTOR('',#1710,0.999999999999609);
#458=VECTOR('',#1713,1.);
#459=VECTOR('',#1716,0.999999999999609);
#460=VECTOR('',#1717,1.);
#461=VECTOR('',#1718,0.999999999999609);
#462=VECTOR('',#1721,0.999999999999609);
#463=VECTOR('',#1722,0.999999999999609);
#464=VECTOR('',#1725,0.999999999999609);
#465=VECTOR('',#1726,0.999999999999609);
#466=VECTOR('',#1729,1.);
#467=VECTOR('',#1732,1.);
#468=VECTOR('',#1733,0.999999999999609);
#469=VECTOR('',#1734,1.);
#470=VECTOR('',#1735,0.999999999999609);
#471=VECTOR('',#1738,0.999999999999609);
#472=VECTOR('',#1739,1.);
#473=VECTOR('',#1740,0.999999999999609);
#474=VECTOR('',#1741,1.);
#475=VECTOR('',#1744,0.999999999999609);
#476=VECTOR('',#1745,0.999999999999609);
#477=VECTOR('',#1748,0.999999999999609);
#478=VECTOR('',#1751,0.999999999999609);
#479=VECTOR('',#1758,10.);
#480=VECTOR('',#1759,10.);
#481=VECTOR('',#1760,10.);
#482=VECTOR('',#1761,10.);
#483=VECTOR('',#1764,10.);
#484=VECTOR('',#1765,10.);
#485=VECTOR('',#1766,10.);
#486=VECTOR('',#1769,10.);
#487=VECTOR('',#1770,10.);
#488=VECTOR('',#1771,10.);
#489=VECTOR('',#1774,10.);
#490=VECTOR('',#1775,10.);
#491=VECTOR('',#1778,10.);
#492=VECTOR('',#1779,10.);
#493=VECTOR('',#1780,10.);
#494=VECTOR('',#1781,10.);
#495=VECTOR('',#1784,10.);
#496=VECTOR('',#1785,10.);
#497=VECTOR('',#1786,10.);
#498=VECTOR('',#1789,10.);
#499=VECTOR('',#1790,10.);
#500=VECTOR('',#1791,10.);
#501=VECTOR('',#1794,10.);
#502=VECTOR('',#1795,10.);
#503=VECTOR('',#1798,10.);
#504=VECTOR('',#1799,10.);
#505=VECTOR('',#1800,10.);
#506=VECTOR('',#1801,10.);
#507=VECTOR('',#1804,10.);
#508=VECTOR('',#1805,10.);
#509=VECTOR('',#1806,10.);
#510=VECTOR('',#1809,10.);
#511=VECTOR('',#1810,10.);
#512=VECTOR('',#1813,10.);
#513=VECTOR('',#1814,10.);
#514=VECTOR('',#1815,10.);
#515=VECTOR('',#1816,10.);
#516=VECTOR('',#1819,10.);
#517=VECTOR('',#1820,10.);
#518=VECTOR('',#1821,10.);
#519=VECTOR('',#1822,10.);
#520=VECTOR('',#1823,10.);
#521=VECTOR('',#1824,10.);
#522=VECTOR('',#1825,10.);
#523=VECTOR('',#1826,10.);
#524=VECTOR('',#1827,10.);
#525=VECTOR('',#1828,10.);
#526=VECTOR('',#1829,10.);
#527=VECTOR('',#1830,10.);
#528=VECTOR('',#1831,10.);
#529=VECTOR('',#1832,10.);
#530=VECTOR('',#1833,10.);
#531=VECTOR('',#1834,10.);
#532=VECTOR('',#1835,10.);
#533=VECTOR('',#1836,10.);
#534=VECTOR('',#1837,10.);
#535=VECTOR('',#1838,10.);
#536=VECTOR('',#1841,10.);
#537=VECTOR('',#1842,10.);
#538=VECTOR('',#1843,10.);
#539=VECTOR('',#1844,10.);
#540=VECTOR('',#1847,10.);
#541=VECTOR('',#1848,10.);
#542=VECTOR('',#1849,10.);
#543=VECTOR('',#1852,10.);
#544=VECTOR('',#1853,10.);
#545=VECTOR('',#1856,10.);
#546=VECTOR('',#1857,10.);
#547=VECTOR('',#1858,10.);
#548=VECTOR('',#1859,10.);
#549=VECTOR('',#1862,10.);
#550=VECTOR('',#1863,10.);
#551=VECTOR('',#1864,10.);
#552=VECTOR('',#1867,10.);
#553=VECTOR('',#1868,10.);
#554=VECTOR('',#1879,10.);
#555=VECTOR('',#1880,10.);
#556=VECTOR('',#1881,10.);
#557=VECTOR('',#1886,10.);
#558=VECTOR('',#1887,10.);
#559=VECTOR('',#1890,10.);
#560=VECTOR('',#1891,10.);
#561=VECTOR('',#1892,10.);
#562=VECTOR('',#1893,10.);
#563=VECTOR('',#1896,0.924993649987);
#564=VECTOR('',#1901,10.);
#565=VECTOR('',#1902,10.);
#566=VECTOR('',#1905,10.);
#567=VECTOR('',#1908,10.);
#568=VECTOR('',#1909,10.);
#569=VECTOR('',#1912,10.);
#570=VECTOR('',#1915,1.650012700025);
#571=VECTOR('',#1920,10.);
#572=VECTOR('',#1921,10.);
#573=VECTOR('',#1922,10.);
#574=VECTOR('',#1925,10.);
#575=VECTOR('',#1926,10.);
#576=VECTOR('',#1929,10.);
#577=VECTOR('',#1930,10.);
#578=VECTOR('',#1931,10.);
#579=VECTOR('',#1934,10.);
#580=VECTOR('',#1935,10.);
#581=VECTOR('',#1938,10.);
#582=VECTOR('',#1939,10.);
#583=VECTOR('',#1942,10.);
#584=VECTOR('',#1943,10.);
#585=VECTOR('',#1944,10.);
#586=VECTOR('',#1947,10.);
#587=VECTOR('',#1948,10.);
#588=VECTOR('',#1951,10.);
#589=VECTOR('',#1952,10.);
#590=VECTOR('',#1955,10.);
#591=VECTOR('',#1956,10.);
#592=VECTOR('',#1959,10.);
#593=VECTOR('',#1964,10.);
#594=VECTOR('',#1965,10.);
#595=VECTOR('',#1968,10.);
#596=VECTOR('',#1969,10.);
#597=VECTOR('',#1972,10.);
#598=VECTOR('',#1973,10.);
#599=VECTOR('',#1976,10.);
#600=VECTOR('',#1977,10.);
#601=VECTOR('',#1980,10.);
#602=VECTOR('',#1981,10.);
#603=VECTOR('',#1984,10.);
#604=VECTOR('',#1985,10.);
#605=VECTOR('',#1988,10.);
#606=VECTOR('',#1989,10.);
#607=VECTOR('',#1992,10.);
#608=VECTOR('',#1993,10.);
#609=VECTOR('',#1996,10.);
#610=VECTOR('',#1997,10.);
#611=VECTOR('',#2000,10.);
#612=VECTOR('',#2001,10.);
#613=VECTOR('',#2004,10.);
#614=VECTOR('',#2005,10.);
#615=VECTOR('',#2008,10.);
#616=VECTOR('',#2009,10.);
#617=VECTOR('',#2012,10.);
#618=VECTOR('',#2013,10.);
#619=VECTOR('',#2016,10.);
#620=VECTOR('',#2017,10.);
#621=VECTOR('',#2020,10.);
#622=VERTEX_POINT('',#2031);
#623=VERTEX_POINT('',#2032);
#624=VERTEX_POINT('',#2034);
#625=VERTEX_POINT('',#2036);
#626=VERTEX_POINT('',#2040);
#627=VERTEX_POINT('',#2041);
#628=VERTEX_POINT('',#2043);
#629=VERTEX_POINT('',#2045);
#630=VERTEX_POINT('',#2052);
#631=VERTEX_POINT('',#2053);
#632=VERTEX_POINT('',#2055);
#633=VERTEX_POINT('',#2057);
#634=VERTEX_POINT('',#2061);
#635=VERTEX_POINT('',#2062);
#636=VERTEX_POINT('',#2064);
#637=VERTEX_POINT('',#2066);
#638=VERTEX_POINT('',#2073);
#639=VERTEX_POINT('',#2075);
#640=VERTEX_POINT('',#2077);
#641=VERTEX_POINT('',#2079);
#642=VERTEX_POINT('',#2083);
#643=VERTEX_POINT('',#2085);
#644=VERTEX_POINT('',#2088);
#645=VERTEX_POINT('',#2092);
#646=VERTEX_POINT('',#2095);
#647=VERTEX_POINT('',#2097);
#648=VERTEX_POINT('',#2101);
#649=VERTEX_POINT('',#2105);
#650=VERTEX_POINT('',#2111);
#651=VERTEX_POINT('',#2113);
#652=VERTEX_POINT('',#2117);
#653=VERTEX_POINT('',#2121);
#654=VERTEX_POINT('',#2127);
#655=VERTEX_POINT('',#2128);
#656=VERTEX_POINT('',#2130);
#657=VERTEX_POINT('',#2132);
#658=VERTEX_POINT('',#2136);
#659=VERTEX_POINT('',#2137);
#660=VERTEX_POINT('',#2139);
#661=VERTEX_POINT('',#2141);
#662=VERTEX_POINT('',#2154);
#663=VERTEX_POINT('',#2155);
#664=VERTEX_POINT('',#2157);
#665=VERTEX_POINT('',#2159);
#666=VERTEX_POINT('',#2163);
#667=VERTEX_POINT('',#2165);
#668=VERTEX_POINT('',#2169);
#669=VERTEX_POINT('',#2171);
#670=VERTEX_POINT('',#2178);
#671=VERTEX_POINT('',#2179);
#672=VERTEX_POINT('',#2181);
#673=VERTEX_POINT('',#2183);
#674=VERTEX_POINT('',#2187);
#675=VERTEX_POINT('',#2189);
#676=VERTEX_POINT('',#2193);
#677=VERTEX_POINT('',#2195);
#678=VERTEX_POINT('',#2202);
#679=VERTEX_POINT('',#2203);
#680=VERTEX_POINT('',#2205);
#681=VERTEX_POINT('',#2207);
#682=VERTEX_POINT('',#2211);
#683=VERTEX_POINT('',#2213);
#684=VERTEX_POINT('',#2220);
#685=VERTEX_POINT('',#2221);
#686=VERTEX_POINT('',#2223);
#687=VERTEX_POINT('',#2225);
#688=VERTEX_POINT('',#2229);
#689=VERTEX_POINT('',#2231);
#690=VERTEX_POINT('',#2233);
#691=VERTEX_POINT('',#2235);
#692=VERTEX_POINT('',#2237);
#693=VERTEX_POINT('',#2239);
#694=VERTEX_POINT('',#2241);
#695=VERTEX_POINT('',#2243);
#696=VERTEX_POINT('',#2245);
#697=VERTEX_POINT('',#2247);
#698=VERTEX_POINT('',#2249);
#699=VERTEX_POINT('',#2251);
#700=VERTEX_POINT('',#2253);
#701=VERTEX_POINT('',#2255);
#702=VERTEX_POINT('',#2257);
#703=VERTEX_POINT('',#2259);
#704=VERTEX_POINT('',#2261);
#705=VERTEX_POINT('',#2263);
#706=VERTEX_POINT('',#2265);
#707=VERTEX_POINT('',#2269);
#708=VERTEX_POINT('',#2270);
#709=VERTEX_POINT('',#2272);
#710=VERTEX_POINT('',#2274);
#711=VERTEX_POINT('',#2278);
#712=VERTEX_POINT('',#2280);
#713=VERTEX_POINT('',#2284);
#714=VERTEX_POINT('',#2288);
#715=VERTEX_POINT('',#2289);
#716=VERTEX_POINT('',#2291);
#717=VERTEX_POINT('',#2293);
#718=VERTEX_POINT('',#2297);
#719=VERTEX_POINT('',#2299);
#720=VERTEX_POINT('',#2303);
#721=VERTEX_POINT('',#2307);
#722=VERTEX_POINT('',#2310);
#723=VERTEX_POINT('',#2313);
#724=VERTEX_POINT('',#2315);
#725=VERTEX_POINT('',#2319);
#726=VERTEX_POINT('',#2320);
#727=VERTEX_POINT('',#2325);
#728=VERTEX_POINT('',#2327);
#729=VERTEX_POINT('',#2332);
#730=VERTEX_POINT('',#2336);
#731=VERTEX_POINT('',#2342);
#732=VERTEX_POINT('',#2348);
#733=VERTEX_POINT('',#2352);
#734=VERTEX_POINT('',#2353);
#735=VERTEX_POINT('',#2358);
#736=VERTEX_POINT('',#2362);
#737=VERTEX_POINT('',#2363);
#738=VERTEX_POINT('',#2368);
#739=VERTEX_POINT('',#2372);
#740=VERTEX_POINT('',#2376);
#741=VERTEX_POINT('',#2381);
#742=VERTEX_POINT('',#2385);
#743=VERTEX_POINT('',#2392);
#744=VERTEX_POINT('',#2396);
#745=VERTEX_POINT('',#2400);
#746=VERTEX_POINT('',#2404);
#747=VERTEX_POINT('',#2408);
#748=VERTEX_POINT('',#2412);
#749=VERTEX_POINT('',#2416);
#750=VERTEX_POINT('',#2420);
#751=VERTEX_POINT('',#2424);
#752=VERTEX_POINT('',#2428);
#753=VERTEX_POINT('',#2432);
#754=VERTEX_POINT('',#2436);
#755=VERTEX_POINT('',#2440);
#756=VERTEX_POINT('',#2444);
#757=VERTEX_POINT('',#2448);
#758=EDGE_CURVE('',#622,#623,#216,.T.);
#759=EDGE_CURVE('',#624,#622,#217,.T.);
#760=EDGE_CURVE('',#624,#625,#218,.T.);
#761=EDGE_CURVE('',#623,#625,#219,.T.);
#762=EDGE_CURVE('',#626,#627,#220,.T.);
#763=EDGE_CURVE('',#628,#626,#221,.T.);
#764=EDGE_CURVE('',#628,#629,#222,.T.);
#765=EDGE_CURVE('',#627,#629,#223,.T.);
#766=EDGE_CURVE('',#625,#628,#224,.T.);
#767=EDGE_CURVE('',#629,#624,#225,.T.);
#768=EDGE_CURVE('',#630,#631,#226,.T.);
#769=EDGE_CURVE('',#632,#630,#227,.T.);
#770=EDGE_CURVE('',#632,#633,#228,.T.);
#771=EDGE_CURVE('',#631,#633,#229,.T.);
#772=EDGE_CURVE('',#634,#635,#230,.T.);
#773=EDGE_CURVE('',#636,#634,#231,.T.);
#774=EDGE_CURVE('',#636,#637,#232,.T.);
#775=EDGE_CURVE('',#635,#637,#233,.T.);
#776=EDGE_CURVE('',#633,#636,#234,.T.);
#777=EDGE_CURVE('',#637,#632,#235,.T.);
#778=EDGE_CURVE('',#630,#638,#236,.T.);
#779=EDGE_CURVE('',#639,#638,#237,.T.);
#780=EDGE_CURVE('',#640,#639,#238,.T.);
#781=EDGE_CURVE('',#640,#641,#239,.T.);
#782=EDGE_CURVE('',#641,#635,#240,.T.);
#783=EDGE_CURVE('',#627,#642,#241,.T.);
#784=EDGE_CURVE('',#642,#643,#242,.T.);
#785=EDGE_CURVE('',#634,#643,#243,.T.);
#786=EDGE_CURVE('',#644,#641,#244,.T.);
#787=EDGE_CURVE('',#644,#626,#245,.T.);
#788=EDGE_CURVE('',#623,#645,#246,.T.);
#789=EDGE_CURVE('',#645,#638,#247,.T.);
#790=EDGE_CURVE('',#646,#631,#248,.T.);
#791=EDGE_CURVE('',#647,#646,#249,.T.);
#792=EDGE_CURVE('',#647,#622,#250,.T.);
#793=EDGE_CURVE('',#640,#648,#251,.T.);
#794=EDGE_CURVE('',#648,#644,#252,.T.);
#795=EDGE_CURVE('',#649,#645,#253,.T.);
#796=EDGE_CURVE('',#639,#649,#254,.T.);
#797=EDGE_CURVE('',#648,#649,#255,.T.);
#798=EDGE_CURVE('',#650,#647,#256,.T.);
#799=EDGE_CURVE('',#650,#651,#257,.T.);
#800=EDGE_CURVE('',#651,#642,#258,.T.);
#801=EDGE_CURVE('',#652,#646,#259,.T.);
#802=EDGE_CURVE('',#650,#652,#260,.T.);
#803=EDGE_CURVE('',#651,#653,#261,.T.);
#804=EDGE_CURVE('',#653,#643,#262,.T.);
#805=EDGE_CURVE('',#652,#653,#263,.T.);
#806=EDGE_CURVE('',#654,#655,#264,.T.);
#807=EDGE_CURVE('',#655,#656,#265,.T.);
#808=EDGE_CURVE('',#657,#656,#266,.T.);
#809=EDGE_CURVE('',#654,#657,#267,.T.);
#810=EDGE_CURVE('',#658,#659,#268,.T.);
#811=EDGE_CURVE('',#658,#660,#269,.T.);
#812=EDGE_CURVE('',#660,#661,#270,.T.);
#813=EDGE_CURVE('',#659,#661,#271,.T.);
#814=EDGE_CURVE('',#661,#655,#272,.T.);
#815=EDGE_CURVE('',#659,#654,#273,.T.);
#816=EDGE_CURVE('',#658,#657,#274,.T.);
#817=EDGE_CURVE('',#660,#656,#275,.T.);
#818=EDGE_CURVE('',#662,#663,#276,.T.);
#819=EDGE_CURVE('',#663,#664,#277,.T.);
#820=EDGE_CURVE('',#665,#664,#278,.T.);
#821=EDGE_CURVE('',#662,#665,#279,.T.);
#822=EDGE_CURVE('',#666,#662,#280,.T.);
#823=EDGE_CURVE('',#667,#665,#281,.T.);
#824=EDGE_CURVE('',#666,#667,#282,.T.);
#825=EDGE_CURVE('',#668,#666,#283,.T.);
#826=EDGE_CURVE('',#669,#667,#284,.T.);
#827=EDGE_CURVE('',#668,#669,#285,.T.);
#828=EDGE_CURVE('',#663,#668,#286,.T.);
#829=EDGE_CURVE('',#664,#669,#287,.T.);
#830=EDGE_CURVE('',#670,#671,#288,.T.);
#831=EDGE_CURVE('',#671,#672,#289,.T.);
#832=EDGE_CURVE('',#673,#672,#290,.T.);
#833=EDGE_CURVE('',#670,#673,#291,.T.);
#834=EDGE_CURVE('',#674,#670,#292,.T.);
#835=EDGE_CURVE('',#675,#673,#293,.T.);
#836=EDGE_CURVE('',#674,#675,#294,.T.);
#837=EDGE_CURVE('',#676,#674,#295,.T.);
#838=EDGE_CURVE('',#677,#675,#296,.T.);
#839=EDGE_CURVE('',#676,#677,#297,.T.);
#840=EDGE_CURVE('',#671,#676,#298,.T.);
#841=EDGE_CURVE('',#672,#677,#299,.T.);
#842=EDGE_CURVE('',#678,#679,#300,.T.);
#843=EDGE_CURVE('',#678,#680,#301,.T.);
#844=EDGE_CURVE('',#681,#680,#302,.T.);
#845=EDGE_CURVE('',#679,#681,#303,.T.);
#846=EDGE_CURVE('',#679,#682,#304,.T.);
#847=EDGE_CURVE('',#683,#681,#305,.T.);
#848=EDGE_CURVE('',#682,#683,#306,.T.);
#849=EDGE_CURVE('',#682,#678,#307,.T.);
#850=EDGE_CURVE('',#680,#683,#308,.T.);
#851=EDGE_CURVE('',#684,#685,#309,.T.);
#852=EDGE_CURVE('',#685,#686,#310,.T.);
#853=EDGE_CURVE('',#686,#687,#311,.T.);
#854=EDGE_CURVE('',#687,#684,#312,.T.);
#855=EDGE_CURVE('',#688,#682,#313,.T.);
#856=EDGE_CURVE('',#679,#689,#314,.T.);
#857=EDGE_CURVE('',#689,#690,#315,.T.);
#858=EDGE_CURVE('',#691,#690,#316,.T.);
#859=EDGE_CURVE('',#691,#692,#317,.T.);
#860=EDGE_CURVE('',#692,#693,#318,.T.);
#861=EDGE_CURVE('',#693,#694,#319,.T.);
#862=EDGE_CURVE('',#694,#695,#320,.T.);
#863=EDGE_CURVE('',#695,#696,#321,.T.);
#864=EDGE_CURVE('',#696,#697,#322,.T.);
#865=EDGE_CURVE('',#697,#698,#323,.T.);
#866=EDGE_CURVE('',#698,#699,#324,.T.);
#867=EDGE_CURVE('',#699,#700,#325,.T.);
#868=EDGE_CURVE('',#700,#701,#326,.T.);
#869=EDGE_CURVE('',#701,#702,#327,.T.);
#870=EDGE_CURVE('',#702,#703,#328,.T.);
#871=EDGE_CURVE('',#703,#704,#329,.T.);
#872=EDGE_CURVE('',#704,#705,#330,.T.);
#873=EDGE_CURVE('',#705,#706,#331,.T.);
#874=EDGE_CURVE('',#706,#688,#332,.T.);
#875=EDGE_CURVE('',#707,#708,#333,.T.);
#876=EDGE_CURVE('',#709,#707,#334,.T.);
#877=EDGE_CURVE('',#710,#709,#335,.T.);
#878=EDGE_CURVE('',#708,#710,#336,.T.);
#879=EDGE_CURVE('',#711,#709,#337,.T.);
#880=EDGE_CURVE('',#711,#712,#338,.T.);
#881=EDGE_CURVE('',#712,#710,#339,.T.);
#882=EDGE_CURVE('',#713,#707,#340,.T.);
#883=EDGE_CURVE('',#713,#711,#341,.T.);
#884=EDGE_CURVE('',#714,#715,#342,.T.);
#885=EDGE_CURVE('',#716,#714,#343,.T.);
#886=EDGE_CURVE('',#717,#716,#344,.T.);
#887=EDGE_CURVE('',#715,#717,#345,.T.);
#888=EDGE_CURVE('',#718,#716,#346,.T.);
#889=EDGE_CURVE('',#718,#719,#347,.T.);
#890=EDGE_CURVE('',#719,#717,#348,.T.);
#891=EDGE_CURVE('',#720,#714,#349,.T.);
#892=EDGE_CURVE('',#720,#718,#350,.T.);
#893=EDGE_CURVE('',#721,#721,#14,.T.);
#894=EDGE_CURVE('',#722,#722,#15,.T.);
#895=EDGE_CURVE('',#723,#688,#351,.T.);
#896=EDGE_CURVE('',#724,#723,#352,.T.);
#897=EDGE_CURVE('',#682,#724,#353,.T.);
#898=EDGE_CURVE('',#725,#726,#16,.T.);
#899=EDGE_CURVE('',#724,#725,#354,.T.);
#900=EDGE_CURVE('',#726,#723,#355,.T.);
#901=EDGE_CURVE('',#727,#725,#356,.T.);
#902=EDGE_CURVE('',#727,#728,#357,.T.);
#903=EDGE_CURVE('',#728,#678,#358,.T.);
#904=EDGE_CURVE('',#682,#678,#359,.T.);
#905=EDGE_CURVE('',#721,#729,#360,.T.);
#906=EDGE_CURVE('',#729,#729,#17,.T.);
#907=EDGE_CURVE('',#730,#715,#361,.T.);
#908=EDGE_CURVE('',#730,#720,#362,.T.);
#909=EDGE_CURVE('',#719,#730,#363,.T.);
#910=EDGE_CURVE('',#731,#708,#364,.T.);
#911=EDGE_CURVE('',#731,#713,#365,.T.);
#912=EDGE_CURVE('',#712,#731,#366,.T.);
#913=EDGE_CURVE('',#722,#732,#367,.T.);
#914=EDGE_CURVE('',#732,#732,#18,.T.);
#915=EDGE_CURVE('',#733,#734,#368,.T.);
#916=EDGE_CURVE('',#733,#693,#369,.T.);
#917=EDGE_CURVE('',#734,#692,#370,.T.);
#918=EDGE_CURVE('',#734,#735,#371,.T.);
#919=EDGE_CURVE('',#735,#691,#372,.T.);
#920=EDGE_CURVE('',#736,#737,#373,.T.);
#921=EDGE_CURVE('',#736,#687,#374,.T.);
#922=EDGE_CURVE('',#737,#686,#375,.T.);
#923=EDGE_CURVE('',#737,#738,#376,.T.);
#924=EDGE_CURVE('',#738,#685,#377,.T.);
#925=EDGE_CURVE('',#738,#739,#378,.T.);
#926=EDGE_CURVE('',#739,#684,#379,.T.);
#927=EDGE_CURVE('',#740,#739,#380,.T.);
#928=EDGE_CURVE('',#735,#736,#381,.T.);
#929=EDGE_CURVE('',#740,#690,#382,.T.);
#930=EDGE_CURVE('',#741,#740,#383,.T.);
#931=EDGE_CURVE('',#741,#689,#384,.T.);
#932=EDGE_CURVE('',#741,#742,#385,.T.);
#933=EDGE_CURVE('',#742,#679,#386,.T.);
#934=EDGE_CURVE('',#742,#728,#387,.T.);
#935=EDGE_CURVE('',#678,#679,#388,.T.);
#936=EDGE_CURVE('',#743,#726,#389,.T.);
#937=EDGE_CURVE('',#727,#743,#19,.T.);
#938=EDGE_CURVE('',#744,#723,#390,.T.);
#939=EDGE_CURVE('',#743,#744,#391,.T.);
#940=EDGE_CURVE('',#745,#744,#392,.T.);
#941=EDGE_CURVE('',#745,#706,#393,.T.);
#942=EDGE_CURVE('',#746,#745,#394,.T.);
#943=EDGE_CURVE('',#746,#705,#395,.T.);
#944=EDGE_CURVE('',#747,#746,#396,.T.);
#945=EDGE_CURVE('',#747,#704,#397,.T.);
#946=EDGE_CURVE('',#747,#748,#398,.T.);
#947=EDGE_CURVE('',#748,#703,#399,.T.);
#948=EDGE_CURVE('',#748,#749,#400,.T.);
#949=EDGE_CURVE('',#749,#702,#401,.T.);
#950=EDGE_CURVE('',#749,#750,#402,.T.);
#951=EDGE_CURVE('',#750,#701,#403,.T.);
#952=EDGE_CURVE('',#750,#751,#404,.T.);
#953=EDGE_CURVE('',#751,#700,#405,.T.);
#954=EDGE_CURVE('',#751,#752,#406,.T.);
#955=EDGE_CURVE('',#752,#699,#407,.T.);
#956=EDGE_CURVE('',#752,#753,#408,.T.);
#957=EDGE_CURVE('',#753,#698,#409,.T.);
#958=EDGE_CURVE('',#753,#754,#410,.T.);
#959=EDGE_CURVE('',#754,#697,#411,.T.);
#960=EDGE_CURVE('',#755,#754,#412,.T.);
#961=EDGE_CURVE('',#755,#696,#413,.T.);
#962=EDGE_CURVE('',#756,#755,#414,.T.);
#963=EDGE_CURVE('',#756,#695,#415,.T.);
#964=EDGE_CURVE('',#757,#756,#416,.T.);
#965=EDGE_CURVE('',#757,#694,#417,.T.);
#966=EDGE_CURVE('',#733,#757,#418,.T.);
#967=ORIENTED_EDGE('',*,*,#758,.F.);
#968=ORIENTED_EDGE('',*,*,#759,.F.);
#969=ORIENTED_EDGE('',*,*,#760,.T.);
#970=ORIENTED_EDGE('',*,*,#761,.F.);
#971=ORIENTED_EDGE('',*,*,#762,.F.);
#972=ORIENTED_EDGE('',*,*,#763,.F.);
#973=ORIENTED_EDGE('',*,*,#764,.T.);
#974=ORIENTED_EDGE('',*,*,#765,.F.);
#975=ORIENTED_EDGE('',*,*,#764,.F.);
#976=ORIENTED_EDGE('',*,*,#766,.F.);
#977=ORIENTED_EDGE('',*,*,#760,.F.);
#978=ORIENTED_EDGE('',*,*,#767,.F.);
#979=ORIENTED_EDGE('',*,*,#768,.F.);
#980=ORIENTED_EDGE('',*,*,#769,.F.);
#981=ORIENTED_EDGE('',*,*,#770,.T.);
#982=ORIENTED_EDGE('',*,*,#771,.F.);
#983=ORIENTED_EDGE('',*,*,#772,.F.);
#984=ORIENTED_EDGE('',*,*,#773,.F.);
#985=ORIENTED_EDGE('',*,*,#774,.T.);
#986=ORIENTED_EDGE('',*,*,#775,.F.);
#987=ORIENTED_EDGE('',*,*,#776,.F.);
#988=ORIENTED_EDGE('',*,*,#770,.F.);
#989=ORIENTED_EDGE('',*,*,#777,.F.);
#990=ORIENTED_EDGE('',*,*,#774,.F.);
#991=ORIENTED_EDGE('',*,*,#775,.T.);
#992=ORIENTED_EDGE('',*,*,#777,.T.);
#993=ORIENTED_EDGE('',*,*,#769,.T.);
#994=ORIENTED_EDGE('',*,*,#778,.T.);
#995=ORIENTED_EDGE('',*,*,#779,.F.);
#996=ORIENTED_EDGE('',*,*,#780,.F.);
#997=ORIENTED_EDGE('',*,*,#781,.T.);
#998=ORIENTED_EDGE('',*,*,#782,.T.);
#999=ORIENTED_EDGE('',*,*,#762,.T.);
#1000=ORIENTED_EDGE('',*,*,#783,.T.);
#1001=ORIENTED_EDGE('',*,*,#784,.T.);
#1002=ORIENTED_EDGE('',*,*,#785,.F.);
#1003=ORIENTED_EDGE('',*,*,#772,.T.);
#1004=ORIENTED_EDGE('',*,*,#782,.F.);
#1005=ORIENTED_EDGE('',*,*,#786,.F.);
#1006=ORIENTED_EDGE('',*,*,#787,.T.);
#1007=ORIENTED_EDGE('',*,*,#758,.T.);
#1008=ORIENTED_EDGE('',*,*,#788,.T.);
#1009=ORIENTED_EDGE('',*,*,#789,.T.);
#1010=ORIENTED_EDGE('',*,*,#778,.F.);
#1011=ORIENTED_EDGE('',*,*,#768,.T.);
#1012=ORIENTED_EDGE('',*,*,#790,.F.);
#1013=ORIENTED_EDGE('',*,*,#791,.F.);
#1014=ORIENTED_EDGE('',*,*,#792,.T.);
#1015=ORIENTED_EDGE('',*,*,#793,.T.);
#1016=ORIENTED_EDGE('',*,*,#794,.T.);
#1017=ORIENTED_EDGE('',*,*,#786,.T.);
#1018=ORIENTED_EDGE('',*,*,#781,.F.);
#1019=ORIENTED_EDGE('',*,*,#795,.F.);
#1020=ORIENTED_EDGE('',*,*,#796,.F.);
#1021=ORIENTED_EDGE('',*,*,#779,.T.);
#1022=ORIENTED_EDGE('',*,*,#789,.F.);
#1023=ORIENTED_EDGE('',*,*,#763,.T.);
#1024=ORIENTED_EDGE('',*,*,#787,.F.);
#1025=ORIENTED_EDGE('',*,*,#794,.F.);
#1026=ORIENTED_EDGE('',*,*,#797,.T.);
#1027=ORIENTED_EDGE('',*,*,#795,.T.);
#1028=ORIENTED_EDGE('',*,*,#788,.F.);
#1029=ORIENTED_EDGE('',*,*,#761,.T.);
#1030=ORIENTED_EDGE('',*,*,#766,.T.);
#1031=ORIENTED_EDGE('',*,*,#759,.T.);
#1032=ORIENTED_EDGE('',*,*,#792,.F.);
#1033=ORIENTED_EDGE('',*,*,#798,.F.);
#1034=ORIENTED_EDGE('',*,*,#799,.T.);
#1035=ORIENTED_EDGE('',*,*,#800,.T.);
#1036=ORIENTED_EDGE('',*,*,#783,.F.);
#1037=ORIENTED_EDGE('',*,*,#765,.T.);
#1038=ORIENTED_EDGE('',*,*,#767,.T.);
#1039=ORIENTED_EDGE('',*,*,#798,.T.);
#1040=ORIENTED_EDGE('',*,*,#791,.T.);
#1041=ORIENTED_EDGE('',*,*,#801,.F.);
#1042=ORIENTED_EDGE('',*,*,#802,.F.);
#1043=ORIENTED_EDGE('',*,*,#800,.F.);
#1044=ORIENTED_EDGE('',*,*,#803,.T.);
#1045=ORIENTED_EDGE('',*,*,#804,.T.);
#1046=ORIENTED_EDGE('',*,*,#784,.F.);
#1047=ORIENTED_EDGE('',*,*,#773,.T.);
#1048=ORIENTED_EDGE('',*,*,#785,.T.);
#1049=ORIENTED_EDGE('',*,*,#804,.F.);
#1050=ORIENTED_EDGE('',*,*,#805,.F.);
#1051=ORIENTED_EDGE('',*,*,#801,.T.);
#1052=ORIENTED_EDGE('',*,*,#790,.T.);
#1053=ORIENTED_EDGE('',*,*,#771,.T.);
#1054=ORIENTED_EDGE('',*,*,#776,.T.);
#1055=ORIENTED_EDGE('',*,*,#796,.T.);
#1056=ORIENTED_EDGE('',*,*,#797,.F.);
#1057=ORIENTED_EDGE('',*,*,#793,.F.);
#1058=ORIENTED_EDGE('',*,*,#780,.T.);
#1059=ORIENTED_EDGE('',*,*,#806,.T.);
#1060=ORIENTED_EDGE('',*,*,#807,.T.);
#1061=ORIENTED_EDGE('',*,*,#808,.F.);
#1062=ORIENTED_EDGE('',*,*,#809,.F.);
#1063=ORIENTED_EDGE('',*,*,#810,.F.);
#1064=ORIENTED_EDGE('',*,*,#811,.T.);
#1065=ORIENTED_EDGE('',*,*,#812,.T.);
#1066=ORIENTED_EDGE('',*,*,#813,.F.);
#1067=ORIENTED_EDGE('',*,*,#799,.F.);
#1068=ORIENTED_EDGE('',*,*,#802,.T.);
#1069=ORIENTED_EDGE('',*,*,#805,.T.);
#1070=ORIENTED_EDGE('',*,*,#803,.F.);
#1071=ORIENTED_EDGE('',*,*,#814,.T.);
#1072=ORIENTED_EDGE('',*,*,#806,.F.);
#1073=ORIENTED_EDGE('',*,*,#815,.F.);
#1074=ORIENTED_EDGE('',*,*,#813,.T.);
#1075=ORIENTED_EDGE('',*,*,#816,.F.);
#1076=ORIENTED_EDGE('',*,*,#810,.T.);
#1077=ORIENTED_EDGE('',*,*,#815,.T.);
#1078=ORIENTED_EDGE('',*,*,#809,.T.);
#1079=ORIENTED_EDGE('',*,*,#817,.T.);
#1080=ORIENTED_EDGE('',*,*,#807,.F.);
#1081=ORIENTED_EDGE('',*,*,#814,.F.);
#1082=ORIENTED_EDGE('',*,*,#812,.F.);
#1083=ORIENTED_EDGE('',*,*,#817,.F.);
#1084=ORIENTED_EDGE('',*,*,#811,.F.);
#1085=ORIENTED_EDGE('',*,*,#816,.T.);
#1086=ORIENTED_EDGE('',*,*,#808,.T.);
#1087=ORIENTED_EDGE('',*,*,#818,.T.);
#1088=ORIENTED_EDGE('',*,*,#819,.T.);
#1089=ORIENTED_EDGE('',*,*,#820,.F.);
#1090=ORIENTED_EDGE('',*,*,#821,.F.);
#1091=ORIENTED_EDGE('',*,*,#822,.T.);
#1092=ORIENTED_EDGE('',*,*,#821,.T.);
#1093=ORIENTED_EDGE('',*,*,#823,.F.);
#1094=ORIENTED_EDGE('',*,*,#824,.F.);
#1095=ORIENTED_EDGE('',*,*,#825,.T.);
#1096=ORIENTED_EDGE('',*,*,#824,.T.);
#1097=ORIENTED_EDGE('',*,*,#826,.F.);
#1098=ORIENTED_EDGE('',*,*,#827,.F.);
#1099=ORIENTED_EDGE('',*,*,#828,.T.);
#1100=ORIENTED_EDGE('',*,*,#827,.T.);
#1101=ORIENTED_EDGE('',*,*,#829,.F.);
#1102=ORIENTED_EDGE('',*,*,#819,.F.);
#1103=ORIENTED_EDGE('',*,*,#830,.T.);
#1104=ORIENTED_EDGE('',*,*,#831,.T.);
#1105=ORIENTED_EDGE('',*,*,#832,.F.);
#1106=ORIENTED_EDGE('',*,*,#833,.F.);
#1107=ORIENTED_EDGE('',*,*,#834,.T.);
#1108=ORIENTED_EDGE('',*,*,#833,.T.);
#1109=ORIENTED_EDGE('',*,*,#835,.F.);
#1110=ORIENTED_EDGE('',*,*,#836,.F.);
#1111=ORIENTED_EDGE('',*,*,#837,.T.);
#1112=ORIENTED_EDGE('',*,*,#836,.T.);
#1113=ORIENTED_EDGE('',*,*,#838,.F.);
#1114=ORIENTED_EDGE('',*,*,#839,.F.);
#1115=ORIENTED_EDGE('',*,*,#840,.T.);
#1116=ORIENTED_EDGE('',*,*,#839,.T.);
#1117=ORIENTED_EDGE('',*,*,#841,.F.);
#1118=ORIENTED_EDGE('',*,*,#831,.F.);
#1119=ORIENTED_EDGE('',*,*,#842,.F.);
#1120=ORIENTED_EDGE('',*,*,#843,.T.);
#1121=ORIENTED_EDGE('',*,*,#844,.F.);
#1122=ORIENTED_EDGE('',*,*,#845,.F.);
#1123=ORIENTED_EDGE('',*,*,#846,.F.);
#1124=ORIENTED_EDGE('',*,*,#845,.T.);
#1125=ORIENTED_EDGE('',*,*,#847,.F.);
#1126=ORIENTED_EDGE('',*,*,#848,.F.);
#1127=ORIENTED_EDGE('',*,*,#849,.F.);
#1128=ORIENTED_EDGE('',*,*,#848,.T.);
#1129=ORIENTED_EDGE('',*,*,#850,.F.);
#1130=ORIENTED_EDGE('',*,*,#843,.F.);
#1131=ORIENTED_EDGE('',*,*,#851,.T.);
#1132=ORIENTED_EDGE('',*,*,#852,.T.);
#1133=ORIENTED_EDGE('',*,*,#853,.T.);
#1134=ORIENTED_EDGE('',*,*,#854,.T.);
#1135=ORIENTED_EDGE('',*,*,#850,.T.);
#1136=ORIENTED_EDGE('',*,*,#847,.T.);
#1137=ORIENTED_EDGE('',*,*,#844,.T.);
#1138=ORIENTED_EDGE('',*,*,#841,.T.);
#1139=ORIENTED_EDGE('',*,*,#838,.T.);
#1140=ORIENTED_EDGE('',*,*,#835,.T.);
#1141=ORIENTED_EDGE('',*,*,#832,.T.);
#1142=ORIENTED_EDGE('',*,*,#829,.T.);
#1143=ORIENTED_EDGE('',*,*,#826,.T.);
#1144=ORIENTED_EDGE('',*,*,#823,.T.);
#1145=ORIENTED_EDGE('',*,*,#820,.T.);
#1146=ORIENTED_EDGE('',*,*,#855,.T.);
#1147=ORIENTED_EDGE('',*,*,#849,.T.);
#1148=ORIENTED_EDGE('',*,*,#842,.T.);
#1149=ORIENTED_EDGE('',*,*,#856,.T.);
#1150=ORIENTED_EDGE('',*,*,#857,.T.);
#1151=ORIENTED_EDGE('',*,*,#858,.F.);
#1152=ORIENTED_EDGE('',*,*,#859,.T.);
#1153=ORIENTED_EDGE('',*,*,#860,.T.);
#1154=ORIENTED_EDGE('',*,*,#861,.T.);
#1155=ORIENTED_EDGE('',*,*,#862,.T.);
#1156=ORIENTED_EDGE('',*,*,#863,.T.);
#1157=ORIENTED_EDGE('',*,*,#864,.T.);
#1158=ORIENTED_EDGE('',*,*,#865,.T.);
#1159=ORIENTED_EDGE('',*,*,#866,.T.);
#1160=ORIENTED_EDGE('',*,*,#867,.T.);
#1161=ORIENTED_EDGE('',*,*,#868,.T.);
#1162=ORIENTED_EDGE('',*,*,#869,.T.);
#1163=ORIENTED_EDGE('',*,*,#870,.T.);
#1164=ORIENTED_EDGE('',*,*,#871,.T.);
#1165=ORIENTED_EDGE('',*,*,#872,.T.);
#1166=ORIENTED_EDGE('',*,*,#873,.T.);
#1167=ORIENTED_EDGE('',*,*,#874,.T.);
#1168=ORIENTED_EDGE('',*,*,#840,.F.);
#1169=ORIENTED_EDGE('',*,*,#830,.F.);
#1170=ORIENTED_EDGE('',*,*,#834,.F.);
#1171=ORIENTED_EDGE('',*,*,#837,.F.);
#1172=ORIENTED_EDGE('',*,*,#828,.F.);
#1173=ORIENTED_EDGE('',*,*,#818,.F.);
#1174=ORIENTED_EDGE('',*,*,#822,.F.);
#1175=ORIENTED_EDGE('',*,*,#825,.F.);
#1176=ORIENTED_EDGE('',*,*,#875,.F.);
#1177=ORIENTED_EDGE('',*,*,#876,.F.);
#1178=ORIENTED_EDGE('',*,*,#877,.F.);
#1179=ORIENTED_EDGE('',*,*,#878,.F.);
#1180=ORIENTED_EDGE('',*,*,#877,.T.);
#1181=ORIENTED_EDGE('',*,*,#879,.F.);
#1182=ORIENTED_EDGE('',*,*,#880,.T.);
#1183=ORIENTED_EDGE('',*,*,#881,.T.);
#1184=ORIENTED_EDGE('',*,*,#876,.T.);
#1185=ORIENTED_EDGE('',*,*,#882,.F.);
#1186=ORIENTED_EDGE('',*,*,#883,.T.);
#1187=ORIENTED_EDGE('',*,*,#879,.T.);
#1188=ORIENTED_EDGE('',*,*,#884,.F.);
#1189=ORIENTED_EDGE('',*,*,#885,.F.);
#1190=ORIENTED_EDGE('',*,*,#886,.F.);
#1191=ORIENTED_EDGE('',*,*,#887,.F.);
#1192=ORIENTED_EDGE('',*,*,#886,.T.);
#1193=ORIENTED_EDGE('',*,*,#888,.F.);
#1194=ORIENTED_EDGE('',*,*,#889,.T.);
#1195=ORIENTED_EDGE('',*,*,#890,.T.);
#1196=ORIENTED_EDGE('',*,*,#885,.T.);
#1197=ORIENTED_EDGE('',*,*,#891,.F.);
#1198=ORIENTED_EDGE('',*,*,#892,.T.);
#1199=ORIENTED_EDGE('',*,*,#888,.T.);
#1200=ORIENTED_EDGE('',*,*,#893,.F.);
#1201=ORIENTED_EDGE('',*,*,#894,.F.);
#1202=ORIENTED_EDGE('',*,*,#855,.F.);
#1203=ORIENTED_EDGE('',*,*,#895,.F.);
#1204=ORIENTED_EDGE('',*,*,#896,.F.);
#1205=ORIENTED_EDGE('',*,*,#897,.F.);
#1206=ORIENTED_EDGE('',*,*,#898,.F.);
#1207=ORIENTED_EDGE('',*,*,#899,.F.);
#1208=ORIENTED_EDGE('',*,*,#896,.T.);
#1209=ORIENTED_EDGE('',*,*,#900,.F.);
#1210=ORIENTED_EDGE('',*,*,#897,.T.);
#1211=ORIENTED_EDGE('',*,*,#899,.T.);
#1212=ORIENTED_EDGE('',*,*,#901,.F.);
#1213=ORIENTED_EDGE('',*,*,#902,.T.);
#1214=ORIENTED_EDGE('',*,*,#903,.T.);
#1215=ORIENTED_EDGE('',*,*,#904,.F.);
#1216=ORIENTED_EDGE('',*,*,#893,.T.);
#1217=ORIENTED_EDGE('',*,*,#905,.T.);
#1218=ORIENTED_EDGE('',*,*,#906,.T.);
#1219=ORIENTED_EDGE('',*,*,#905,.F.);
#1220=ORIENTED_EDGE('',*,*,#884,.T.);
#1221=ORIENTED_EDGE('',*,*,#907,.F.);
#1222=ORIENTED_EDGE('',*,*,#908,.T.);
#1223=ORIENTED_EDGE('',*,*,#891,.T.);
#1224=ORIENTED_EDGE('',*,*,#887,.T.);
#1225=ORIENTED_EDGE('',*,*,#890,.F.);
#1226=ORIENTED_EDGE('',*,*,#909,.T.);
#1227=ORIENTED_EDGE('',*,*,#907,.T.);
#1228=ORIENTED_EDGE('',*,*,#875,.T.);
#1229=ORIENTED_EDGE('',*,*,#910,.F.);
#1230=ORIENTED_EDGE('',*,*,#911,.T.);
#1231=ORIENTED_EDGE('',*,*,#882,.T.);
#1232=ORIENTED_EDGE('',*,*,#878,.T.);
#1233=ORIENTED_EDGE('',*,*,#881,.F.);
#1234=ORIENTED_EDGE('',*,*,#912,.T.);
#1235=ORIENTED_EDGE('',*,*,#910,.T.);
#1236=ORIENTED_EDGE('',*,*,#894,.T.);
#1237=ORIENTED_EDGE('',*,*,#913,.T.);
#1238=ORIENTED_EDGE('',*,*,#914,.T.);
#1239=ORIENTED_EDGE('',*,*,#913,.F.);
#1240=ORIENTED_EDGE('',*,*,#915,.F.);
#1241=ORIENTED_EDGE('',*,*,#916,.T.);
#1242=ORIENTED_EDGE('',*,*,#860,.F.);
#1243=ORIENTED_EDGE('',*,*,#917,.F.);
#1244=ORIENTED_EDGE('',*,*,#918,.F.);
#1245=ORIENTED_EDGE('',*,*,#917,.T.);
#1246=ORIENTED_EDGE('',*,*,#859,.F.);
#1247=ORIENTED_EDGE('',*,*,#919,.F.);
#1248=ORIENTED_EDGE('',*,*,#920,.F.);
#1249=ORIENTED_EDGE('',*,*,#921,.T.);
#1250=ORIENTED_EDGE('',*,*,#853,.F.);
#1251=ORIENTED_EDGE('',*,*,#922,.F.);
#1252=ORIENTED_EDGE('',*,*,#923,.F.);
#1253=ORIENTED_EDGE('',*,*,#922,.T.);
#1254=ORIENTED_EDGE('',*,*,#852,.F.);
#1255=ORIENTED_EDGE('',*,*,#924,.F.);
#1256=ORIENTED_EDGE('',*,*,#925,.F.);
#1257=ORIENTED_EDGE('',*,*,#924,.T.);
#1258=ORIENTED_EDGE('',*,*,#851,.F.);
#1259=ORIENTED_EDGE('',*,*,#926,.F.);
#1260=ORIENTED_EDGE('',*,*,#927,.T.);
#1261=ORIENTED_EDGE('',*,*,#926,.T.);
#1262=ORIENTED_EDGE('',*,*,#854,.F.);
#1263=ORIENTED_EDGE('',*,*,#921,.F.);
#1264=ORIENTED_EDGE('',*,*,#928,.F.);
#1265=ORIENTED_EDGE('',*,*,#919,.T.);
#1266=ORIENTED_EDGE('',*,*,#858,.T.);
#1267=ORIENTED_EDGE('',*,*,#929,.F.);
#1268=ORIENTED_EDGE('',*,*,#930,.T.);
#1269=ORIENTED_EDGE('',*,*,#929,.T.);
#1270=ORIENTED_EDGE('',*,*,#857,.F.);
#1271=ORIENTED_EDGE('',*,*,#931,.F.);
#1272=ORIENTED_EDGE('',*,*,#932,.F.);
#1273=ORIENTED_EDGE('',*,*,#931,.T.);
#1274=ORIENTED_EDGE('',*,*,#856,.F.);
#1275=ORIENTED_EDGE('',*,*,#933,.F.);
#1276=ORIENTED_EDGE('',*,*,#934,.F.);
#1277=ORIENTED_EDGE('',*,*,#933,.T.);
#1278=ORIENTED_EDGE('',*,*,#935,.F.);
#1279=ORIENTED_EDGE('',*,*,#903,.F.);
#1280=ORIENTED_EDGE('',*,*,#898,.T.);
#1281=ORIENTED_EDGE('',*,*,#936,.F.);
#1282=ORIENTED_EDGE('',*,*,#937,.F.);
#1283=ORIENTED_EDGE('',*,*,#901,.T.);
#1284=ORIENTED_EDGE('',*,*,#900,.T.);
#1285=ORIENTED_EDGE('',*,*,#938,.F.);
#1286=ORIENTED_EDGE('',*,*,#939,.F.);
#1287=ORIENTED_EDGE('',*,*,#936,.T.);
#1288=ORIENTED_EDGE('',*,*,#940,.T.);
#1289=ORIENTED_EDGE('',*,*,#938,.T.);
#1290=ORIENTED_EDGE('',*,*,#895,.T.);
#1291=ORIENTED_EDGE('',*,*,#874,.F.);
#1292=ORIENTED_EDGE('',*,*,#941,.F.);
#1293=ORIENTED_EDGE('',*,*,#942,.T.);
#1294=ORIENTED_EDGE('',*,*,#941,.T.);
#1295=ORIENTED_EDGE('',*,*,#873,.F.);
#1296=ORIENTED_EDGE('',*,*,#943,.F.);
#1297=ORIENTED_EDGE('',*,*,#944,.T.);
#1298=ORIENTED_EDGE('',*,*,#943,.T.);
#1299=ORIENTED_EDGE('',*,*,#872,.F.);
#1300=ORIENTED_EDGE('',*,*,#945,.F.);
#1301=ORIENTED_EDGE('',*,*,#946,.F.);
#1302=ORIENTED_EDGE('',*,*,#945,.T.);
#1303=ORIENTED_EDGE('',*,*,#871,.F.);
#1304=ORIENTED_EDGE('',*,*,#947,.F.);
#1305=ORIENTED_EDGE('',*,*,#948,.F.);
#1306=ORIENTED_EDGE('',*,*,#947,.T.);
#1307=ORIENTED_EDGE('',*,*,#870,.F.);
#1308=ORIENTED_EDGE('',*,*,#949,.F.);
#1309=ORIENTED_EDGE('',*,*,#950,.F.);
#1310=ORIENTED_EDGE('',*,*,#949,.T.);
#1311=ORIENTED_EDGE('',*,*,#869,.F.);
#1312=ORIENTED_EDGE('',*,*,#951,.F.);
#1313=ORIENTED_EDGE('',*,*,#952,.F.);
#1314=ORIENTED_EDGE('',*,*,#951,.T.);
#1315=ORIENTED_EDGE('',*,*,#868,.F.);
#1316=ORIENTED_EDGE('',*,*,#953,.F.);
#1317=ORIENTED_EDGE('',*,*,#954,.F.);
#1318=ORIENTED_EDGE('',*,*,#953,.T.);
#1319=ORIENTED_EDGE('',*,*,#867,.F.);
#1320=ORIENTED_EDGE('',*,*,#955,.F.);
#1321=ORIENTED_EDGE('',*,*,#956,.F.);
#1322=ORIENTED_EDGE('',*,*,#955,.T.);
#1323=ORIENTED_EDGE('',*,*,#866,.F.);
#1324=ORIENTED_EDGE('',*,*,#957,.F.);
#1325=ORIENTED_EDGE('',*,*,#958,.F.);
#1326=ORIENTED_EDGE('',*,*,#957,.T.);
#1327=ORIENTED_EDGE('',*,*,#865,.F.);
#1328=ORIENTED_EDGE('',*,*,#959,.F.);
#1329=ORIENTED_EDGE('',*,*,#960,.T.);
#1330=ORIENTED_EDGE('',*,*,#959,.T.);
#1331=ORIENTED_EDGE('',*,*,#864,.F.);
#1332=ORIENTED_EDGE('',*,*,#961,.F.);
#1333=ORIENTED_EDGE('',*,*,#962,.T.);
#1334=ORIENTED_EDGE('',*,*,#961,.T.);
#1335=ORIENTED_EDGE('',*,*,#863,.F.);
#1336=ORIENTED_EDGE('',*,*,#963,.F.);
#1337=ORIENTED_EDGE('',*,*,#964,.T.);
#1338=ORIENTED_EDGE('',*,*,#963,.T.);
#1339=ORIENTED_EDGE('',*,*,#862,.F.);
#1340=ORIENTED_EDGE('',*,*,#965,.F.);
#1341=ORIENTED_EDGE('',*,*,#966,.T.);
#1342=ORIENTED_EDGE('',*,*,#965,.T.);
#1343=ORIENTED_EDGE('',*,*,#861,.F.);
#1344=ORIENTED_EDGE('',*,*,#916,.F.);
#1345=ORIENTED_EDGE('',*,*,#846,.T.);
#1346=ORIENTED_EDGE('',*,*,#904,.T.);
#1347=ORIENTED_EDGE('',*,*,#935,.T.);
#1348=ORIENTED_EDGE('',*,*,#966,.F.);
#1349=ORIENTED_EDGE('',*,*,#915,.T.);
#1350=ORIENTED_EDGE('',*,*,#918,.T.);
#1351=ORIENTED_EDGE('',*,*,#928,.T.);
#1352=ORIENTED_EDGE('',*,*,#920,.T.);
#1353=ORIENTED_EDGE('',*,*,#923,.T.);
#1354=ORIENTED_EDGE('',*,*,#925,.T.);
#1355=ORIENTED_EDGE('',*,*,#927,.F.);
#1356=ORIENTED_EDGE('',*,*,#930,.F.);
#1357=ORIENTED_EDGE('',*,*,#932,.T.);
#1358=ORIENTED_EDGE('',*,*,#934,.T.);
#1359=ORIENTED_EDGE('',*,*,#902,.F.);
#1360=ORIENTED_EDGE('',*,*,#937,.T.);
#1361=ORIENTED_EDGE('',*,*,#939,.T.);
#1362=ORIENTED_EDGE('',*,*,#940,.F.);
#1363=ORIENTED_EDGE('',*,*,#942,.F.);
#1364=ORIENTED_EDGE('',*,*,#944,.F.);
#1365=ORIENTED_EDGE('',*,*,#946,.T.);
#1366=ORIENTED_EDGE('',*,*,#948,.T.);
#1367=ORIENTED_EDGE('',*,*,#950,.T.);
#1368=ORIENTED_EDGE('',*,*,#952,.T.);
#1369=ORIENTED_EDGE('',*,*,#954,.T.);
#1370=ORIENTED_EDGE('',*,*,#956,.T.);
#1371=ORIENTED_EDGE('',*,*,#958,.T.);
#1372=ORIENTED_EDGE('',*,*,#960,.F.);
#1373=ORIENTED_EDGE('',*,*,#962,.F.);
#1374=ORIENTED_EDGE('',*,*,#964,.F.);
#1375=ORIENTED_EDGE('',*,*,#914,.F.);
#1376=ORIENTED_EDGE('',*,*,#880,.F.);
#1377=ORIENTED_EDGE('',*,*,#883,.F.);
#1378=ORIENTED_EDGE('',*,*,#911,.F.);
#1379=ORIENTED_EDGE('',*,*,#912,.F.);
#1380=ORIENTED_EDGE('',*,*,#889,.F.);
#1381=ORIENTED_EDGE('',*,*,#892,.F.);
#1382=ORIENTED_EDGE('',*,*,#908,.F.);
#1383=ORIENTED_EDGE('',*,*,#909,.F.);
#1384=ORIENTED_EDGE('',*,*,#906,.F.);
#1385=PLANE('',#1557);
#1386=PLANE('',#1558);
#1387=PLANE('',#1559);
#1388=PLANE('',#1560);
#1389=PLANE('',#1561);
#1390=PLANE('',#1562);
#1391=PLANE('',#1563);
#1392=PLANE('',#1564);
#1393=PLANE('',#1565);
#1394=PLANE('',#1566);
#1395=PLANE('',#1567);
#1396=PLANE('',#1568);
#1397=PLANE('',#1569);
#1398=PLANE('',#1570);
#1399=PLANE('',#1571);
#1400=PLANE('',#1572);
#1401=PLANE('',#1573);
#1402=PLANE('',#1574);
#1403=PLANE('',#1575);
#1404=PLANE('',#1576);
#1405=PLANE('',#1577);
#1406=PLANE('',#1578);
#1407=PLANE('',#1580);
#1408=PLANE('',#1581);
#1409=PLANE('',#1582);
#1410=PLANE('',#1583);
#1411=PLANE('',#1584);
#1412=PLANE('',#1585);
#1413=PLANE('',#1586);
#1414=PLANE('',#1587);
#1415=PLANE('',#1588);
#1416=PLANE('',#1589);
#1417=PLANE('',#1590);
#1418=PLANE('',#1591);
#1419=PLANE('',#1592);
#1420=PLANE('',#1593);
#1421=PLANE('',#1594);
#1422=PLANE('',#1595);
#1423=PLANE('',#1596);
#1424=PLANE('',#1597);
#1425=PLANE('',#1598);
#1426=PLANE('',#1599);
#1427=PLANE('',#1601);
#1428=PLANE('',#1603);
#1429=PLANE('',#1604);
#1430=PLANE('',#1606);
#1431=PLANE('',#1609);
#1432=PLANE('',#1610);
#1433=PLANE('',#1611);
#1434=PLANE('',#1612);
#1435=PLANE('',#1615);
#1436=PLANE('',#1616);
#1437=PLANE('',#1617);
#1438=PLANE('',#1618);
#1439=PLANE('',#1619);
#1440=PLANE('',#1620);
#1441=PLANE('',#1621);
#1442=PLANE('',#1622);
#1443=PLANE('',#1623);
#1444=PLANE('',#1626);
#1445=PLANE('',#1627);
#1446=PLANE('',#1628);
#1447=PLANE('',#1629);
#1448=PLANE('',#1630);
#1449=PLANE('',#1631);
#1450=PLANE('',#1632);
#1451=PLANE('',#1633);
#1452=PLANE('',#1634);
#1453=PLANE('',#1635);
#1454=PLANE('',#1636);
#1455=PLANE('',#1637);
#1456=PLANE('',#1638);
#1457=PLANE('',#1639);
#1458=PLANE('',#1640);
#1459=PLANE('',#1641);
#1460=PLANE('',#1642);
#1461=ADVANCED_FACE('',(#47),#1385,.F.);
#1462=ADVANCED_FACE('',(#48),#1386,.F.);
#1463=ADVANCED_FACE('',(#49),#1387,.F.);
#1464=ADVANCED_FACE('',(#50),#1388,.F.);
#1465=ADVANCED_FACE('',(#51),#1389,.F.);
#1466=ADVANCED_FACE('',(#52),#1390,.F.);
#1467=ADVANCED_FACE('',(#53),#1391,.T.);
#1468=ADVANCED_FACE('',(#54),#1392,.T.);
#1469=ADVANCED_FACE('',(#55),#1393,.T.);
#1470=ADVANCED_FACE('',(#56),#1394,.F.);
#1471=ADVANCED_FACE('',(#57),#1395,.T.);
#1472=ADVANCED_FACE('',(#58),#1396,.F.);
#1473=ADVANCED_FACE('',(#59),#1397,.T.);
#1474=ADVANCED_FACE('',(#60),#1398,.F.);
#1475=ADVANCED_FACE('',(#61),#1399,.T.);
#1476=ADVANCED_FACE('',(#62),#1400,.F.);
#1477=ADVANCED_FACE('',(#63,#36),#1401,.F.);
#1478=ADVANCED_FACE('',(#64,#37),#1402,.T.);
#1479=ADVANCED_FACE('',(#65),#1403,.F.);
#1480=ADVANCED_FACE('',(#66),#1404,.T.);
#1481=ADVANCED_FACE('',(#67),#1405,.F.);
#1482=ADVANCED_FACE('',(#68),#1406,.T.);
#1483=ADVANCED_FACE('',(#69),#1407,.T.);
#1484=ADVANCED_FACE('',(#70),#1408,.T.);
#1485=ADVANCED_FACE('',(#71),#1409,.T.);
#1486=ADVANCED_FACE('',(#72),#1410,.T.);
#1487=ADVANCED_FACE('',(#73),#1411,.T.);
#1488=ADVANCED_FACE('',(#74),#1412,.T.);
#1489=ADVANCED_FACE('',(#75),#1413,.T.);
#1490=ADVANCED_FACE('',(#76),#1414,.T.);
#1491=ADVANCED_FACE('',(#77),#1415,.T.);
#1492=ADVANCED_FACE('',(#78),#1416,.T.);
#1493=ADVANCED_FACE('',(#79),#1417,.T.);
#1494=ADVANCED_FACE('',(#80,#38,#39,#40),#1418,.T.);
#1495=ADVANCED_FACE('',(#81,#41,#42),#1419,.F.);
#1496=ADVANCED_FACE('',(#82),#1420,.T.);
#1497=ADVANCED_FACE('',(#83),#1421,.T.);
#1498=ADVANCED_FACE('',(#84),#1422,.T.);
#1499=ADVANCED_FACE('',(#85),#1423,.T.);
#1500=ADVANCED_FACE('',(#86),#1424,.T.);
#1501=ADVANCED_FACE('',(#87),#1425,.T.);
#1502=ADVANCED_FACE('',(#88),#1426,.F.);
#1503=ADVANCED_FACE('',(#89),#1427,.F.);
#1504=ADVANCED_FACE('',(#90),#1428,.T.);
#1505=ADVANCED_FACE('',(#91),#1429,.F.);
#1506=ADVANCED_FACE('',(#92),#1430,.T.);
#1507=ADVANCED_FACE('',(#93),#11,.F.);
#1508=ADVANCED_FACE('',(#94),#1431,.T.);
#1509=ADVANCED_FACE('',(#95),#1432,.T.);
#1510=ADVANCED_FACE('',(#96),#1433,.T.);
#1511=ADVANCED_FACE('',(#97),#1434,.T.);
#1512=ADVANCED_FACE('',(#98),#12,.F.);
#1513=ADVANCED_FACE('',(#99),#1435,.T.);
#1514=ADVANCED_FACE('',(#100),#1436,.T.);
#1515=ADVANCED_FACE('',(#101),#1437,.T.);
#1516=ADVANCED_FACE('',(#102),#1438,.T.);
#1517=ADVANCED_FACE('',(#103),#1439,.T.);
#1518=ADVANCED_FACE('',(#104),#1440,.T.);
#1519=ADVANCED_FACE('',(#105),#1441,.T.);
#1520=ADVANCED_FACE('',(#106),#1442,.T.);
#1521=ADVANCED_FACE('',(#107),#1443,.T.);
#1522=ADVANCED_FACE('',(#108),#13,.F.);
#1523=ADVANCED_FACE('',(#109),#1444,.T.);
#1524=ADVANCED_FACE('',(#110),#1445,.T.);
#1525=ADVANCED_FACE('',(#111),#1446,.T.);
#1526=ADVANCED_FACE('',(#112),#1447,.T.);
#1527=ADVANCED_FACE('',(#113),#1448,.T.);
#1528=ADVANCED_FACE('',(#114),#1449,.T.);
#1529=ADVANCED_FACE('',(#115),#1450,.T.);
#1530=ADVANCED_FACE('',(#116),#1451,.T.);
#1531=ADVANCED_FACE('',(#117),#1452,.T.);
#1532=ADVANCED_FACE('',(#118),#1453,.T.);
#1533=ADVANCED_FACE('',(#119),#1454,.T.);
#1534=ADVANCED_FACE('',(#120),#1455,.T.);
#1535=ADVANCED_FACE('',(#121),#1456,.T.);
#1536=ADVANCED_FACE('',(#122),#1457,.T.);
#1537=ADVANCED_FACE('',(#123),#1458,.T.);
#1538=ADVANCED_FACE('',(#124),#1459,.T.);
#1539=ADVANCED_FACE('',(#125,#43,#44,#45,#46),#1460,.F.);
#1540=CLOSED_SHELL('',(#1461,#1462,#1463,#1464,#1465,#1466,#1467,#1468,
#1469,#1470,#1471,#1472,#1473,#1474,#1475,#1476,#1477,#1478,#1479,#1480,
#1481,#1482));
#1541=CLOSED_SHELL('',(#1483,#1484,#1485,#1486,#1487,#1488,#1489,#1490,
#1491,#1492,#1493,#1494,#1495,#1496,#1497,#1498,#1499,#1500,#1501,#1502,
#1503,#1504,#1505,#1506,#1507,#1508,#1509,#1510,#1511,#1512,#1513,#1514,
#1515,#1516,#1517,#1518,#1519,#1520,#1521,#1522,#1523,#1524,#1525,#1526,
#1527,#1528,#1529,#1530,#1531,#1532,#1533,#1534,#1535,#1536,#1537,#1538,
#1539));
#1542=DERIVED_UNIT_ELEMENT(#1544,1.);
#1543=DERIVED_UNIT_ELEMENT(#2465,-3.);
#1544=(
MASS_UNIT()
NAMED_UNIT(*)
SI_UNIT(.KILO.,.GRAM.)
);
#1545=DERIVED_UNIT((#1542,#1543));
#1546=MEASURE_REPRESENTATION_ITEM('density measure',
POSITIVE_RATIO_MEASURE(7850.),#1545);
#1547=PROPERTY_DEFINITION_REPRESENTATION(#1552,#1549);
#1548=PROPERTY_DEFINITION_REPRESENTATION(#1553,#1550);
#1549=REPRESENTATION('material name',(#1551),#2462);
#1550=REPRESENTATION('density',(#1546),#2462);
#1551=DESCRIPTIVE_REPRESENTATION_ITEM('Steel','Steel');
#1552=PROPERTY_DEFINITION('material property','material name',#2482);
#1553=PROPERTY_DEFINITION('material property','density of part',#2482);
#1554=AXIS2_PLACEMENT_3D('',#2027,#1644,#1645);
#1555=AXIS2_PLACEMENT_3D('',#2028,#1646,#1647);
#1556=AXIS2_PLACEMENT_3D('',#2029,#1648,#1649);
#1557=AXIS2_PLACEMENT_3D('',#2030,#1650,#1651);
#1558=AXIS2_PLACEMENT_3D('',#2039,#1656,#1657);
#1559=AXIS2_PLACEMENT_3D('',#2048,#1662,#1663);
#1560=AXIS2_PLACEMENT_3D('',#2051,#1666,#1667);
#1561=AXIS2_PLACEMENT_3D('',#2060,#1672,#1673);
#1562=AXIS2_PLACEMENT_3D('',#2069,#1678,#1679);
#1563=AXIS2_PLACEMENT_3D('',#2072,#1682,#1683);
#1564=AXIS2_PLACEMENT_3D('',#2082,#1689,#1690);
#1565=AXIS2_PLACEMENT_3D('',#2091,#1696,#1697);
#1566=AXIS2_PLACEMENT_3D('',#2100,#1703,#1704);
#1567=AXIS2_PLACEMENT_3D('',#2104,#1707,#1708);
#1568=AXIS2_PLACEMENT_3D('',#2108,#1711,#1712);
#1569=AXIS2_PLACEMENT_3D('',#2110,#1714,#1715);
#1570=AXIS2_PLACEMENT_3D('',#2116,#1719,#1720);
#1571=AXIS2_PLACEMENT_3D('',#2120,#1723,#1724);
#1572=AXIS2_PLACEMENT_3D('',#2124,#1727,#1728);
#1573=AXIS2_PLACEMENT_3D('',#2126,#1730,#1731);
#1574=AXIS2_PLACEMENT_3D('',#2135,#1736,#1737);
#1575=AXIS2_PLACEMENT_3D('',#2144,#1742,#1743);
#1576=AXIS2_PLACEMENT_3D('',#2147,#1746,#1747);
#1577=AXIS2_PLACEMENT_3D('',#2149,#1749,#1750);
#1578=AXIS2_PLACEMENT_3D('',#2151,#1752,#1753);
#1579=AXIS2_PLACEMENT_3D('',#2152,#1754,#1755);
#1580=AXIS2_PLACEMENT_3D('',#2153,#1756,#1757);
#1581=AXIS2_PLACEMENT_3D('',#2162,#1762,#1763);
#1582=AXIS2_PLACEMENT_3D('',#2168,#1767,#1768);
#1583=AXIS2_PLACEMENT_3D('',#2174,#1772,#1773);
#1584=AXIS2_PLACEMENT_3D('',#2177,#1776,#1777);
#1585=AXIS2_PLACEMENT_3D('',#2186,#1782,#1783);
#1586=AXIS2_PLACEMENT_3D('',#2192,#1787,#1788);
#1587=AXIS2_PLACEMENT_3D('',#2198,#1792,#1793);
#1588=AXIS2_PLACEMENT_3D('',#2201,#1796,#1797);
#1589=AXIS2_PLACEMENT_3D('',#2210,#1802,#1803);
#1590=AXIS2_PLACEMENT_3D('',#2216,#1807,#1808);
#1591=AXIS2_PLACEMENT_3D('',#2219,#1811,#1812);
#1592=AXIS2_PLACEMENT_3D('',#2228,#1817,#1818);
#1593=AXIS2_PLACEMENT_3D('',#2268,#1839,#1840);
#1594=AXIS2_PLACEMENT_3D('',#2277,#1845,#1846);
#1595=AXIS2_PLACEMENT_3D('',#2283,#1850,#1851);
#1596=AXIS2_PLACEMENT_3D('',#2287,#1854,#1855);
#1597=AXIS2_PLACEMENT_3D('',#2296,#1860,#1861);
#1598=AXIS2_PLACEMENT_3D('',#2302,#1865,#1866);
#1599=AXIS2_PLACEMENT_3D('',#2306,#1869,#1870);
#1600=AXIS2_PLACEMENT_3D('',#2308,#1871,#1872);
#1601=AXIS2_PLACEMENT_3D('',#2309,#1873,#1874);
#1602=AXIS2_PLACEMENT_3D('',#2311,#1875,#1876);
#1603=AXIS2_PLACEMENT_3D('',#2312,#1877,#1878);
#1604=AXIS2_PLACEMENT_3D('',#2318,#1882,#1883);
#1605=AXIS2_PLACEMENT_3D('',#2321,#1884,#1885);
#1606=AXIS2_PLACEMENT_3D('',#2324,#1888,#1889);
#1607=AXIS2_PLACEMENT_3D('',#2331,#1894,#1895);
#1608=AXIS2_PLACEMENT_3D('',#2334,#1897,#1898);
#1609=AXIS2_PLACEMENT_3D('',#2335,#1899,#1900);
#1610=AXIS2_PLACEMENT_3D('',#2339,#1903,#1904);
#1611=AXIS2_PLACEMENT_3D('',#2341,#1906,#1907);
#1612=AXIS2_PLACEMENT_3D('',#2345,#1910,#1911);
#1613=AXIS2_PLACEMENT_3D('',#2347,#1913,#1914);
#1614=AXIS2_PLACEMENT_3D('',#2350,#1916,#1917);
#1615=AXIS2_PLACEMENT_3D('',#2351,#1918,#1919);
#1616=AXIS2_PLACEMENT_3D('',#2357,#1923,#1924);
#1617=AXIS2_PLACEMENT_3D('',#2361,#1927,#1928);
#1618=AXIS2_PLACEMENT_3D('',#2367,#1932,#1933);
#1619=AXIS2_PLACEMENT_3D('',#2371,#1936,#1937);
#1620=AXIS2_PLACEMENT_3D('',#2375,#1940,#1941);
#1621=AXIS2_PLACEMENT_3D('',#2380,#1945,#1946);
#1622=AXIS2_PLACEMENT_3D('',#2384,#1949,#1950);
#1623=AXIS2_PLACEMENT_3D('',#2388,#1953,#1954);
#1624=AXIS2_PLACEMENT_3D('',#2391,#1957,#1958);
#1625=AXIS2_PLACEMENT_3D('',#2394,#1960,#1961);
#1626=AXIS2_PLACEMENT_3D('',#2395,#1962,#1963);
#1627=AXIS2_PLACEMENT_3D('',#2399,#1966,#1967);
#1628=AXIS2_PLACEMENT_3D('',#2403,#1970,#1971);
#1629=AXIS2_PLACEMENT_3D('',#2407,#1974,#1975);
#1630=AXIS2_PLACEMENT_3D('',#2411,#1978,#1979);
#1631=AXIS2_PLACEMENT_3D('',#2415,#1982,#1983);
#1632=AXIS2_PLACEMENT_3D('',#2419,#1986,#1987);
#1633=AXIS2_PLACEMENT_3D('',#2423,#1990,#1991);
#1634=AXIS2_PLACEMENT_3D('',#2427,#1994,#1995);
#1635=AXIS2_PLACEMENT_3D('',#2431,#1998,#1999);
#1636=AXIS2_PLACEMENT_3D('',#2435,#2002,#2003);
#1637=AXIS2_PLACEMENT_3D('',#2439,#2006,#2007);
#1638=AXIS2_PLACEMENT_3D('',#2443,#2010,#2011);
#1639=AXIS2_PLACEMENT_3D('',#2447,#2014,#2015);
#1640=AXIS2_PLACEMENT_3D('',#2451,#2018,#2019);
#1641=AXIS2_PLACEMENT_3D('',#2453,#2021,#2022);
#1642=AXIS2_PLACEMENT_3D('',#2454,#2023,#2024);
#1643=AXIS2_PLACEMENT_3D('',#2455,#2025,#2026);
#1644=DIRECTION('axis',(0.,0.,1.));
#1645=DIRECTION('refdir',(1.,0.,0.));
#1646=DIRECTION('axis',(0.,0.,1.));
#1647=DIRECTION('refdir',(1.,0.,0.));
#1648=DIRECTION('axis',(0.,0.,1.));
#1649=DIRECTION('refdir',(1.,0.,0.));
#1650=DIRECTION('center_axis',(1.,0.,0.));
#1651=DIRECTION('ref_axis',(0.,-0.999847695156391,-0.0174524064372868));
#1652=DIRECTION('',(0.,-0.999847695156391,-0.0174524064372868));
#1653=DIRECTION('',(0.,-0.0174524064372868,0.999847695156391));
#1654=DIRECTION('',(0.,-0.999847695156391,-0.0174524064372868));
#1655=DIRECTION('',(0.,0.0174524064372868,-0.999847695156391));
#1656=DIRECTION('center_axis',(-1.,0.,0.));
#1657=DIRECTION('ref_axis',(0.,0.999847695156391,0.0174524064372868));
#1658=DIRECTION('',(0.,0.999847695156391,0.0174524064372868));
#1659=DIRECTION('',(0.,-0.0174524064372868,0.999847695156391));
#1660=DIRECTION('',(0.,0.999847695156391,0.0174524064372868));
#1661=DIRECTION('',(0.,0.0174524064372868,-0.999847695156391));
#1662=DIRECTION('center_axis',(0.,0.0174524064372872,-0.999847695156391));
#1663=DIRECTION('ref_axis',(-1.,0.,0.));
#1664=DIRECTION('',(-1.,0.,0.));
#1665=DIRECTION('',(1.,0.,0.));
#1666=DIRECTION('center_axis',(1.,0.,0.));
#1667=DIRECTION('ref_axis',(0.,-0.999847695156391,-0.0174524064372868));
#1668=DIRECTION('',(0.,-0.999847695156391,-0.0174524064372868));
#1669=DIRECTION('',(0.,-0.0174524064372868,0.999847695156391));
#1670=DIRECTION('',(0.,-0.999847695156391,-0.0174524064372868));
#1671=DIRECTION('',(0.,0.0174524064372868,-0.999847695156391));
#1672=DIRECTION('center_axis',(-1.,0.,0.));
#1673=DIRECTION('ref_axis',(0.,0.999847695156391,0.0174524064372868));
#1674=DIRECTION('',(0.,0.999847695156391,0.0174524064372868));
#1675=DIRECTION('',(0.,-0.0174524064372868,0.999847695156391));
#1676=DIRECTION('',(0.,0.999847695156391,0.0174524064372868));
#1677=DIRECTION('',(0.,0.0174524064372868,-0.999847695156391));
#1678=DIRECTION('center_axis',(0.,0.0174524064372872,-0.999847695156391));
#1679=DIRECTION('ref_axis',(-1.,0.,0.));
#1680=DIRECTION('',(-1.,0.,0.));
#1681=DIRECTION('',(1.,0.,0.));
#1682=DIRECTION('center_axis',(0.,0.999847695156391,0.0174524064372868));
#1683=DIRECTION('ref_axis',(0.,-0.0174524064372868,0.999847695156391));
#1684=DIRECTION('',(1.,0.,0.));
#1685=DIRECTION('',(0.,-0.0174524064372868,0.999847695156391));
#1686=DIRECTION('',(1.,0.,0.));
#1687=DIRECTION('',(0.,-0.0174524064372868,0.999847695156391));
#1688=DIRECTION('',(1.,0.,0.));
#1689=DIRECTION('center_axis',(0.,-0.0174524064372868,0.999847695156391));
#1690=DIRECTION('ref_axis',(1.,0.,0.));
#1691=DIRECTION('',(-1.,0.,0.));
#1692=DIRECTION('',(0.,0.999847695156391,0.0174524064372868));
#1693=DIRECTION('',(-1.,0.,0.));
#1694=DIRECTION('',(0.,0.999847695156391,0.0174524064372868));
#1695=DIRECTION('',(1.,0.,0.));
#1696=DIRECTION('center_axis',(0.,-0.0174524064372868,0.999847695156391));
#1697=DIRECTION('ref_axis',(1.,0.,0.));
#1698=DIRECTION('',(1.,0.,0.));
#1699=DIRECTION('',(0.,0.999847695156391,0.0174524064372868));
#1700=DIRECTION('',(-1.,0.,0.));
#1701=DIRECTION('',(0.,0.999847695156391,0.0174524064372868));
#1702=DIRECTION('',(-1.,0.,0.));
#1703=DIRECTION('center_axis',(1.,0.,0.));
#1704=DIRECTION('ref_axis',(0.,-0.0174524064372868,0.999847695156391));
#1705=DIRECTION('',(0.,-0.999847695156391,-0.0174524064372868));
#1706=DIRECTION('',(0.,-0.0174524064372868,0.999847695156391));
#1707=DIRECTION('center_axis',(1.,0.,0.));
#1708=DIRECTION('ref_axis',(0.,-0.0174524064372868,0.999847695156391));
#1709=DIRECTION('',(0.,-0.0174524064372868,0.999847695156391));
#1710=DIRECTION('',(0.,-0.999847695156391,-0.0174524064372868));
#1711=DIRECTION('center_axis',(0.,0.999847695156391,0.0174524064372868));
#1712=DIRECTION('ref_axis',(0.,-0.0174524064372868,0.999847695156391));
#1713=DIRECTION('',(1.,0.,0.));
#1714=DIRECTION('center_axis',(0.,0.999847695156391,0.0174524064372868));
#1715=DIRECTION('ref_axis',(0.,-0.0174524064372868,0.999847695156391));
#1716=DIRECTION('',(0.,-0.0174524064372868,0.999847695156391));
#1717=DIRECTION('',(-1.,0.,0.));
#1718=DIRECTION('',(0.,-0.0174524064372868,0.999847695156391));
#1719=DIRECTION('center_axis',(1.,0.,0.));
#1720=DIRECTION('ref_axis',(0.,-0.0174524064372868,0.999847695156391));
#1721=DIRECTION('',(0.,-0.0174524064372868,0.999847695156391));
#1722=DIRECTION('',(0.,0.999847695156391,0.0174524064372868));
#1723=DIRECTION('center_axis',(1.,0.,0.));
#1724=DIRECTION('ref_axis',(0.,-0.0174524064372868,0.999847695156391));
#1725=DIRECTION('',(0.,0.999847695156391,0.0174524064372868));
#1726=DIRECTION('',(0.,-0.0174524064372868,0.999847695156391));
#1727=DIRECTION('center_axis',(0.,0.999847695156391,0.0174524064372868));
#1728=DIRECTION('ref_axis',(0.,-0.0174524064372868,0.999847695156391));
#1729=DIRECTION('',(-1.,0.,0.));
#1730=DIRECTION('center_axis',(0.,-0.0174524064372868,0.999847695156391));
#1731=DIRECTION('ref_axis',(1.,0.,0.));
#1732=DIRECTION('',(1.,0.,0.));
#1733=DIRECTION('',(0.,0.999847695156391,0.0174524064372868));
#1734=DIRECTION('',(1.,0.,0.));
#1735=DIRECTION('',(0.,0.999847695156391,0.0174524064372868));
#1736=DIRECTION('center_axis',(0.,0.0174524064372868,-0.999847695156391));
#1737=DIRECTION('ref_axis',(1.,0.,0.));
#1738=DIRECTION('',(0.,-0.999847695156391,-0.0174524064372868));
#1739=DIRECTION('',(1.,0.,0.));
#1740=DIRECTION('',(0.,-0.999847695156391,-0.0174524064372868));
#1741=DIRECTION('',(1.,0.,0.));
#1742=DIRECTION('center_axis',(0.,-0.999847695156391,-0.0174524064372868));
#1743=DIRECTION('ref_axis',(0.,0.0174524064372868,-0.999847695156391));
#1744=DIRECTION('',(0.,0.0174524064372868,-0.999847695156391));
#1745=DIRECTION('',(0.,0.0174524064372868,-0.999847695156391));
#1746=DIRECTION('center_axis',(1.,0.,0.));
#1747=DIRECTION('ref_axis',(0.,0.0174524064372868,-0.999847695156391));
#1748=DIRECTION('',(0.,0.0174524064372868,-0.999847695156391));
#1749=DIRECTION('center_axis',(1.,0.,0.));
#1750=DIRECTION('ref_axis',(0.,0.0174524064372868,-0.999847695156391));
#1751=DIRECTION('',(0.,0.0174524064372868,-0.999847695156391));
#1752=DIRECTION('center_axis',(0.,-0.999847695156391,-0.0174524064372868));
#1753=DIRECTION('ref_axis',(0.,0.0174524064372868,-0.999847695156391));
#1754=DIRECTION('',(0.,0.0174524064372868,0.999847695156391));
#1755=DIRECTION('',(1.,0.,0.));
#1756=DIRECTION('center_axis',(0.,-1.,0.));
#1757=DIRECTION('ref_axis',(-1.,0.,0.));
#1758=DIRECTION('',(-1.,0.,0.));
#1759=DIRECTION('',(0.,0.,-1.));
#1760=DIRECTION('',(-1.,0.,0.));
#1761=DIRECTION('',(0.,0.,-1.));
#1762=DIRECTION('center_axis',(-1.,0.,0.));
#1763=DIRECTION('ref_axis',(0.,1.,0.));
#1764=DIRECTION('',(0.,1.,0.));
#1765=DIRECTION('',(0.,1.,0.));
#1766=DIRECTION('',(0.,0.,-1.));
#1767=DIRECTION('center_axis',(0.,1.,0.));
#1768=DIRECTION('ref_axis',(1.,0.,0.));
#1769=DIRECTION('',(1.,0.,0.));
#1770=DIRECTION('',(1.,0.,0.));
#1771=DIRECTION('',(0.,0.,-1.));
#1772=DIRECTION('center_axis',(1.,0.,0.));
#1773=DIRECTION('ref_axis',(0.,-1.,0.));
#1774=DIRECTION('',(0.,-1.,0.));
#1775=DIRECTION('',(0.,-1.,0.));
#1776=DIRECTION('center_axis',(1.,0.,0.));
#1777=DIRECTION('ref_axis',(0.,-1.,0.));
#1778=DIRECTION('',(0.,-1.,0.));
#1779=DIRECTION('',(0.,0.,-1.));
#1780=DIRECTION('',(0.,-1.,0.));
#1781=DIRECTION('',(0.,0.,-1.));
#1782=DIRECTION('center_axis',(0.,-1.,0.));
#1783=DIRECTION('ref_axis',(-1.,0.,0.));
#1784=DIRECTION('',(-1.,0.,0.));
#1785=DIRECTION('',(-1.,0.,0.));
#1786=DIRECTION('',(0.,0.,-1.));
#1787=DIRECTION('center_axis',(-1.,0.,0.));
#1788=DIRECTION('ref_axis',(0.,1.,0.));
#1789=DIRECTION('',(0.,1.,0.));
#1790=DIRECTION('',(0.,1.,0.));
#1791=DIRECTION('',(0.,0.,-1.));
#1792=DIRECTION('center_axis',(0.,1.,0.));
#1793=DIRECTION('ref_axis',(1.,0.,0.));
#1794=DIRECTION('',(1.,0.,0.));
#1795=DIRECTION('',(1.,0.,0.));
#1796=DIRECTION('center_axis',(0.000962778828760201,0.999999536528356,0.));
#1797=DIRECTION('ref_axis',(0.999999536528356,-0.000962778828760201,0.));
#1798=DIRECTION('',(-0.999999536528356,0.000962778828754064,-1.07552805662863E-16));
#1799=DIRECTION('',(0.,0.,-1.));
#1800=DIRECTION('',(0.999999536528356,-0.000962778828760201,0.));
#1801=DIRECTION('',(0.,0.,-1.));
#1802=DIRECTION('center_axis',(-6.49598054735241E-5,-0.999999997890112,
0.));
#1803=DIRECTION('ref_axis',(-0.999999997890112,6.49598054735241E-5,0.));
#1804=DIRECTION('',(0.999999997890112,-6.49598054735241E-5,3.00774174967499E-16));
#1805=DIRECTION('',(-0.999999997890112,6.49598054735241E-5,0.));
#1806=DIRECTION('',(0.,0.,-1.));
#1807=DIRECTION('center_axis',(-1.,1.70858550807377E-15,0.));
#1808=DIRECTION('ref_axis',(1.70858550807377E-15,1.,1.49103143090218E-65));
#1809=DIRECTION('',(1.65711412025716E-49,-1.,-1.54074395550979E-33));
#1810=DIRECTION('',(1.70858550807377E-15,1.,1.49103143090218E-65));
#1811=DIRECTION('center_axis',(0.,0.,-1.));
#1812=DIRECTION('ref_axis',(-1.,0.,0.));
#1813=DIRECTION('',(1.,0.,0.));
#1814=DIRECTION('',(0.,-1.,0.));
#1815=DIRECTION('',(-1.,0.,0.));
#1816=DIRECTION('',(-6.75461644026114E-16,1.,0.));
#1817=DIRECTION('center_axis',(0.,0.,-1.));
#1818=DIRECTION('ref_axis',(1.,0.,0.));
#1819=DIRECTION('',(-0.999999997890112,6.49598054735241E-5,0.));
#1820=DIRECTION('',(-0.731411210678964,-0.681936683932704,-7.86653642609598E-17));
#1821=DIRECTION('',(-1.,-7.59645419660784E-65,-1.07552855510562E-16));
#1822=DIRECTION('',(-6.75461644026114E-16,1.,0.));
#1823=DIRECTION('',(1.,7.59645419660784E-65,1.07552855510562E-16));
#1824=DIRECTION('',(0.701304005880254,-0.712862322848044,-7.67123248705501E-17));
#1825=DIRECTION('',(1.,7.59645419660784E-65,1.07552855510562E-16));
#1826=DIRECTION('',(0.786107343341407,-0.618089997285763,2.36440788128268E-16));
#1827=DIRECTION('',(1.65711412025717E-49,-1.,-1.54074395550979E-33));
#1828=DIRECTION('',(1.,6.80632830232987E-51,1.03135295877769E-16));
#1829=DIRECTION('',(0.78474246954637,0.619821955476139,-1.78033590208555E-17));
#1830=DIRECTION('',(-1.65711412025716E-49,1.,1.54074395550979E-33));
#1831=DIRECTION('',(1.,7.59645419660784E-65,1.07552855510562E-16));
#1832=DIRECTION('',(-1.65711412025716E-49,1.,1.54074395550979E-33));
#1833=DIRECTION('',(-1.,-7.59645419660784E-65,-1.07552855510562E-16));
#1834=DIRECTION('',(-1.65711412025716E-49,1.,1.54074395550979E-33));
#1835=DIRECTION('',(-1.,-7.59645419660784E-65,-1.07552855510562E-16));
#1836=DIRECTION('',(-0.627985158570591,0.778225314812536,7.87366682670166E-18));
#1837=DIRECTION('',(-0.732647075528595,0.68060874422784,-7.87982850545628E-17));
#1838=DIRECTION('',(-1.,-7.59645419660784E-65,-1.07552855510562E-16));
#1839=DIRECTION('center_axis',(0.,0.,1.));
#1840=DIRECTION('ref_axis',(1.,0.,0.));
#1841=DIRECTION('',(-1.,-7.59645419660784E-65,0.));
#1842=DIRECTION('',(-2.96604645936177E-49,-1.,0.));
#1843=DIRECTION('',(1.,7.59645419660784E-65,0.));
#1844=DIRECTION('',(2.96604645936177E-49,1.,0.));
#1845=DIRECTION('center_axis',(7.59645419660784E-65,-1.,2.27939414988768E-80));
#1846=DIRECTION('ref_axis',(-1.,-7.59645419660784E-65,-1.07552855510562E-16));
#1847=DIRECTION('',(3.00060276925718E-16,0.,-1.));
#1848=DIRECTION('',(-1.,-7.59645419660784E-65,-1.07552855510562E-16));
#1849=DIRECTION('',(3.00060276925718E-16,0.,-1.));
#1850=DIRECTION('center_axis',(-1.,2.96604645936177E-49,-3.00060276925718E-16));
#1851=DIRECTION('ref_axis',(-1.65711412025716E-49,1.,1.54074395550979E-33));
#1852=DIRECTION('',(3.00060276925718E-16,0.,-1.));
#1853=DIRECTION('',(-1.65711412025716E-49,1.,1.54074395550979E-33));
#1854=DIRECTION('center_axis',(0.,0.,1.));
#1855=DIRECTION('ref_axis',(1.,0.,0.));
#1856=DIRECTION('',(1.,7.59645419660784E-65,0.));
#1857=DIRECTION('',(2.96604645936177E-49,1.,0.));
#1858=DIRECTION('',(-1.,-7.59645419660784E-65,0.));
#1859=DIRECTION('',(-2.96604645936177E-49,-1.,0.));
#1860=DIRECTION('center_axis',(-7.59645419660784E-65,1.,-2.27939414988768E-80));
#1861=DIRECTION('ref_axis',(1.,7.59645419660784E-65,1.07552855510562E-16));
#1862=DIRECTION('',(3.00060276925718E-16,0.,-1.));
#1863=DIRECTION('',(1.,7.59645419660784E-65,1.07552855510562E-16));
#1864=DIRECTION('',(3.00060276925718E-16,0.,-1.));
#1865=DIRECTION('center_axis',(1.,-2.96604645936177E-49,3.00060276925718E-16));
#1866=DIRECTION('ref_axis',(1.65711412025716E-49,-1.,-1.54074395550979E-33));
#1867=DIRECTION('',(3.00060276925718E-16,0.,-1.));
#1868=DIRECTION('',(1.65711412025716E-49,-1.,-1.54074395550979E-33));
#1869=DIRECTION('center_axis',(1.01848870162865E-97,3.42113882891801E-49,
-1.));
#1870=DIRECTION('ref_axis',(1.,0.,1.01848870162865E-97));
#1871=DIRECTION('center_axis',(1.01848870162865E-97,3.42113882891801E-49,
-1.));
#1872=DIRECTION('ref_axis',(1.,7.59645419660784E-65,3.00060276925718E-16));
#1873=DIRECTION('center_axis',(0.,0.,-1.));
#1874=DIRECTION('ref_axis',(1.,0.,0.));
#1875=DIRECTION('center_axis',(0.,0.,-1.));
#1876=DIRECTION('ref_axis',(1.,7.59645419660784E-65,3.00060276925718E-16));
#1877=DIRECTION('center_axis',(-6.49598054735241E-5,-0.999999997890112,
0.));
#1878=DIRECTION('ref_axis',(0.999999997890112,-6.49598054735241E-5,0.));
#1879=DIRECTION('',(3.00060276925718E-16,0.,-1.));
#1880=DIRECTION('',(0.999999997890112,-6.49598054735241E-5,0.));
#1881=DIRECTION('',(-3.00060276925718E-16,1.9491857260552E-20,1.));
#1882=DIRECTION('center_axis',(2.56638727895409E-65,3.42113882891801E-49,
-1.));
#1883=DIRECTION('ref_axis',(1.,0.,2.56638727895409E-65));
#1884=DIRECTION('center_axis',(2.56638727895409E-65,3.42113882891801E-49,
-1.));
#1885=DIRECTION('ref_axis',(1.,7.59645419660784E-65,3.00060276925718E-16));
#1886=DIRECTION('',(2.96604645936177E-49,1.,3.42113882891801E-49));
#1887=DIRECTION('',(-2.96604645936177E-49,-1.,-3.42113882891801E-49));
#1888=DIRECTION('center_axis',(1.,-2.96604645936177E-49,3.00060276925718E-16));
#1889=DIRECTION('ref_axis',(1.65711412025716E-49,-1.,-1.54074395550979E-33));
#1890=DIRECTION('',(3.00060276925718E-16,0.,-1.));
#1891=DIRECTION('',(1.65711412025716E-49,-1.,-1.54074395550979E-33));
#1892=DIRECTION('',(3.00060276925718E-16,0.,-1.));
#1893=DIRECTION('',(1.65711412025716E-49,-1.,-1.54074395550979E-33));
#1894=DIRECTION('center_axis',(3.00060276925718E-16,0.,-1.));
#1895=DIRECTION('ref_axis',(1.,7.59645419660784E-65,3.00060276925718E-16));
#1896=DIRECTION('',(-3.00060276925718E-16,0.,1.));
#1897=DIRECTION('center_axis',(-1.07552855510562E-16,-1.54074395550979E-33,
1.));
#1898=DIRECTION('ref_axis',(1.,7.59645419660784E-65,1.07552855510562E-16));
#1899=DIRECTION('center_axis',(7.59645419660784E-65,-1.,2.27939414988768E-80));
#1900=DIRECTION('ref_axis',(-1.,-7.59645419660784E-65,-1.07552855510562E-16));
#1901=DIRECTION('',(3.00060276925718E-16,0.,-1.));
#1902=DIRECTION('',(-1.,-7.59645419660784E-65,-1.07552855510562E-16));
#1903=DIRECTION('center_axis',(-1.,2.96604645936177E-49,-3.00060276925718E-16));
#1904=DIRECTION('ref_axis',(-1.65711412025716E-49,1.,1.54074395550979E-33));
#1905=DIRECTION('',(-1.65711412025716E-49,1.,1.54074395550979E-33));
#1906=DIRECTION('center_axis',(-7.59645419660784E-65,1.,-2.27939414988768E-80));
#1907=DIRECTION('ref_axis',(1.,7.59645419660784E-65,1.07552855510562E-16));
#1908=DIRECTION('',(3.00060276925718E-16,0.,-1.));
#1909=DIRECTION('',(1.,7.59645419660784E-65,1.07552855510562E-16));
#1910=DIRECTION('center_axis',(1.,-2.96604645936177E-49,3.00060276925718E-16));
#1911=DIRECTION('ref_axis',(1.65711412025716E-49,-1.,-1.54074395550979E-33));
#1912=DIRECTION('',(1.65711412025716E-49,-1.,-1.54074395550979E-33));
#1913=DIRECTION('center_axis',(3.00060276925718E-16,0.,-1.));
#1914=DIRECTION('ref_axis',(1.,7.59645419660784E-65,3.00060276925718E-16));
#1915=DIRECTION('',(-3.00060276925718E-16,0.,1.));
#1916=DIRECTION('center_axis',(-1.07552855510562E-16,-1.54074395550979E-33,
1.));
#1917=DIRECTION('ref_axis',(1.,7.59645419660784E-65,1.07552855510562E-16));
#1918=DIRECTION('center_axis',(0.712862322848044,0.701304005880254,2.13901666003695E-16));
#1919=DIRECTION('ref_axis',(0.701304005880254,-0.712862322848044,-7.67123248705501E-17));
#1920=DIRECTION('',(-0.701304005880254,0.712862322848044,7.67123248705501E-17));
#1921=DIRECTION('',(3.00060276925718E-16,0.,-1.));
#1922=DIRECTION('',(3.00060276925718E-16,0.,-1.));
#1923=DIRECTION('center_axis',(-7.59645419660784E-65,1.,-2.27939414988768E-80));
#1924=DIRECTION('ref_axis',(1.,7.59645419660784E-65,1.07552855510562E-16));
#1925=DIRECTION('',(-1.,-7.59645419660784E-65,-1.07552855510562E-16));
#1926=DIRECTION('',(3.00060276925718E-16,0.,-1.));
#1927=DIRECTION('center_axis',(7.59645419660784E-65,-1.,2.27939414988768E-80));
#1928=DIRECTION('ref_axis',(-1.,-7.59645419660784E-65,-1.07552855510562E-16));
#1929=DIRECTION('',(1.,7.59645419660784E-65,1.07552855510562E-16));
#1930=DIRECTION('',(3.00060276925718E-16,0.,-1.));
#1931=DIRECTION('',(3.00060276925718E-16,0.,-1.));
#1932=DIRECTION('center_axis',(1.,-2.96604645936177E-49,3.00060276925718E-16));
#1933=DIRECTION('ref_axis',(1.65711412025716E-49,-1.,-1.54074395550979E-33));
#1934=DIRECTION('',(-1.65711412025716E-49,1.,1.54074395550979E-33));
#1935=DIRECTION('',(3.00060276925718E-16,0.,-1.));
#1936=DIRECTION('center_axis',(-7.59645419660784E-65,1.,-2.27939414988768E-80));
#1937=DIRECTION('ref_axis',(1.,7.59645419660784E-65,1.07552855510562E-16));
#1938=DIRECTION('',(-1.,-7.59645419660784E-65,-1.07552855510562E-16));
#1939=DIRECTION('',(3.00060276925718E-16,0.,-1.));
#1940=DIRECTION('center_axis',(-1.,2.96604645936177E-49,-3.00060276925718E-16));
#1941=DIRECTION('ref_axis',(-1.65711412025716E-49,1.,1.54074395550979E-33));
#1942=DIRECTION('',(-1.65711412025716E-49,1.,1.54074395550979E-33));
#1943=DIRECTION('',(1.65711412025716E-49,-1.,-1.54074395550979E-33));
#1944=DIRECTION('',(3.00060276925718E-16,0.,-1.));
#1945=DIRECTION('center_axis',(7.59645419660784E-65,-1.,2.27939414988768E-80));
#1946=DIRECTION('ref_axis',(-1.,-7.59645419660784E-65,-1.07552855510562E-16));
#1947=DIRECTION('',(-1.,-7.59645419660784E-65,-1.07552855510562E-16));
#1948=DIRECTION('',(3.00060276925718E-16,0.,-1.));
#1949=DIRECTION('center_axis',(0.681936683932704,-0.731411210678964,2.04622110226653E-16));
#1950=DIRECTION('ref_axis',(-0.731411210678964,-0.681936683932704,-7.86653642609598E-17));
#1951=DIRECTION('',(0.731411210678964,0.681936683932704,7.86653642609598E-17));
#1952=DIRECTION('',(3.00060276925718E-16,0.,-1.));
#1953=DIRECTION('center_axis',(-0.000962778828754064,-0.999999536528356,
-2.88891681974163E-19));
#1954=DIRECTION('ref_axis',(-0.999999536528356,0.000962778828754064,-1.07552805662863E-16));
#1955=DIRECTION('',(0.999999536528356,-0.000962778828754064,1.07552805662863E-16));
#1956=DIRECTION('',(-0.999999536528356,0.000962778828754064,-1.07552805662863E-16));
#1957=DIRECTION('center_axis',(3.00060276925718E-16,0.,-1.));
#1958=DIRECTION('ref_axis',(1.,7.59645419660784E-65,3.00060276925718E-16));
#1959=DIRECTION('',(3.00060276925718E-16,0.,-1.));
#1960=DIRECTION('center_axis',(1.07552855510562E-16,1.54074395550979E-33,
-1.));
#1961=DIRECTION('ref_axis',(1.,7.59645419660784E-65,1.07552855510562E-16));
#1962=DIRECTION('center_axis',(-1.,2.96604645936177E-49,-3.00060276925718E-16));
#1963=DIRECTION('ref_axis',(-1.65711412025716E-49,1.,1.54074395550979E-33));
#1964=DIRECTION('',(3.00060276925718E-16,0.,-1.));
#1965=DIRECTION('',(1.65711412025716E-49,-1.,-1.54074395550979E-33));
#1966=DIRECTION('center_axis',(7.59645419660784E-65,-1.,2.27939414988768E-80));
#1967=DIRECTION('ref_axis',(-1.,-7.59645419660784E-65,-1.07552855510562E-16));
#1968=DIRECTION('',(-1.,-7.59645419660784E-65,-1.07552855510562E-16));
#1969=DIRECTION('',(3.00060276925718E-16,0.,-1.));
#1970=DIRECTION('center_axis',(-0.68060874422784,-0.732647075528595,-2.04223648271071E-16));
#1971=DIRECTION('ref_axis',(-0.732647075528595,0.68060874422784,-7.87982850545628E-17));
#1972=DIRECTION('',(-0.732647075528595,0.68060874422784,-7.87982850545628E-17));
#1973=DIRECTION('',(3.00060276925718E-16,0.,-1.));
#1974=DIRECTION('center_axis',(-0.778225314812536,-0.627985158570591,-2.33514503473253E-16));
#1975=DIRECTION('ref_axis',(-0.627985158570591,0.778225314812536,7.87366682670166E-18));
#1976=DIRECTION('',(-0.627985158570591,0.778225314812536,7.87366682670166E-18));
#1977=DIRECTION('',(3.00060276925718E-16,0.,-1.));
#1978=DIRECTION('center_axis',(7.59645419660784E-65,-1.,2.27939414988768E-80));
#1979=DIRECTION('ref_axis',(-1.,-7.59645419660784E-65,-1.07552855510562E-16));
#1980=DIRECTION('',(1.,7.59645419660784E-65,1.07552855510562E-16));
#1981=DIRECTION('',(3.00060276925718E-16,0.,-1.));
#1982=DIRECTION('center_axis',(-1.,2.96604645936177E-49,-3.00060276925718E-16));
#1983=DIRECTION('ref_axis',(-1.65711412025716E-49,1.,1.54074395550979E-33));
#1984=DIRECTION('',(1.65711412025716E-49,-1.,-1.54074395550979E-33));
#1985=DIRECTION('',(3.00060276925718E-16,0.,-1.));
#1986=DIRECTION('center_axis',(7.59645419660784E-65,-1.,2.27939414988768E-80));
#1987=DIRECTION('ref_axis',(-1.,-7.59645419660784E-65,-1.07552855510562E-16));
#1988=DIRECTION('',(1.,7.59645419660784E-65,1.07552855510562E-16));
#1989=DIRECTION('',(3.00060276925718E-16,0.,-1.));
#1990=DIRECTION('center_axis',(-1.,2.96604645936177E-49,-3.00060276925718E-16));
#1991=DIRECTION('ref_axis',(-1.65711412025716E-49,1.,1.54074395550979E-33));
#1992=DIRECTION('',(1.65711412025716E-49,-1.,-1.54074395550979E-33));
#1993=DIRECTION('',(3.00060276925718E-16,0.,-1.));
#1994=DIRECTION('center_axis',(-7.59645419660784E-65,1.,-2.27939414988768E-80));
#1995=DIRECTION('ref_axis',(1.,7.59645419660784E-65,1.07552855510562E-16));
#1996=DIRECTION('',(-1.,-7.59645419660784E-65,-1.07552855510562E-16));
#1997=DIRECTION('',(3.00060276925718E-16,0.,-1.));
#1998=DIRECTION('center_axis',(-1.,2.96604645936177E-49,-3.00060276925718E-16));
#1999=DIRECTION('ref_axis',(-1.65711412025716E-49,1.,1.54074395550979E-33));
#2000=DIRECTION('',(1.65711412025716E-49,-1.,-1.54074395550979E-33));
#2001=DIRECTION('',(3.00060276925718E-16,0.,-1.));
#2002=DIRECTION('center_axis',(-0.619821955476139,0.78474246954637,-1.8598394760481E-16));
#2003=DIRECTION('ref_axis',(0.78474246954637,0.619821955476139,-1.78033590208555E-17));
#2004=DIRECTION('',(-0.78474246954637,-0.619821955476139,1.78033590208555E-17));
#2005=DIRECTION('',(3.00060276925718E-16,0.,-1.));
#2006=DIRECTION('center_axis',(-6.80632830232987E-51,1.,-2.04230875524445E-66));
#2007=DIRECTION('ref_axis',(1.,6.80632830232987E-51,1.03135295877769E-16));
#2008=DIRECTION('',(1.,6.80632830232987E-51,1.03135295877769E-16));
#2009=DIRECTION('',(3.00060276925718E-16,0.,-1.));
#2010=DIRECTION('center_axis',(1.,-2.96604645936178E-49,3.00060276925718E-16));
#2011=DIRECTION('ref_axis',(1.65711412025717E-49,-1.,-1.54074395550979E-33));
#2012=DIRECTION('',(1.65711412025717E-49,-1.,-1.54074395550979E-33));
#2013=DIRECTION('',(3.00060276925718E-16,0.,-1.));
#2014=DIRECTION('center_axis',(0.618089997285764,0.786107343341407,1.85464255750582E-16));
#2015=DIRECTION('ref_axis',(0.786107343341407,-0.618089997285763,2.36440788128268E-16));
#2016=DIRECTION('',(0.786107343341407,-0.618089997285763,2.36440788128268E-16));
#2017=DIRECTION('',(3.00060276925718E-16,0.,-1.));
#2018=DIRECTION('center_axis',(-7.59645419660784E-65,1.,-2.27939414988768E-80));
#2019=DIRECTION('ref_axis',(1.,7.59645419660784E-65,1.07552855510562E-16));
#2020=DIRECTION('',(1.,7.59645419660784E-65,1.07552855510562E-16));
#2021=DIRECTION('center_axis',(3.00774175602099E-16,1.54074395550979E-33,
-1.));
#2022=DIRECTION('ref_axis',(1.,-2.97704581006658E-49,3.00774175602099E-16));
#2023=DIRECTION('center_axis',(3.00774175602099E-16,1.54074395550979E-33,
-1.));
#2024=DIRECTION('ref_axis',(1.,-2.97704581006658E-49,3.00774175602099E-16));
#2025=DIRECTION('',(0.,0.,1.));
#2026=DIRECTION('',(1.,0.,0.));
#2027=CARTESIAN_POINT('',(0.,0.,0.));
#2028=CARTESIAN_POINT('',(0.,0.,0.));
#2029=CARTESIAN_POINT('',(0.,0.,0.));
#2030=CARTESIAN_POINT('Origin',(3.,-6.92394528895801,-0.120857914578228));
#2031=CARTESIAN_POINT('',(3.,-6.92394528895801,-0.120857914578228));
#2032=CARTESIAN_POINT('',(3.,-8.24874348504,-0.14398235310763));
#2033=CARTESIAN_POINT('',(3.,-7.96128727268301,-0.138964786256899));
#2034=CARTESIAN_POINT('',(3.,-6.90649288252072,-1.12070560973462));
#2035=CARTESIAN_POINT('',(3.,-6.88031427286522,-2.62047715246941));
#2036=CARTESIAN_POINT('',(3.,-8.23129107860272,-1.14383004826402));
#2037=CARTESIAN_POINT('',(3.,-6.90649288252072,-1.12070560973462));
#2038=CARTESIAN_POINT('',(3.,-8.21383867216558,-2.14367774342061));
#2039=CARTESIAN_POINT('Origin',(-3.,-8.24874348504,-0.14398235310763));
#2040=CARTESIAN_POINT('',(-3.,-8.24874348504,-0.14398235310763));
#2041=CARTESIAN_POINT('',(-3.,-6.92394528895801,-0.120857914578228));
#2042=CARTESIAN_POINT('',(-3.,-8.623686370724,-0.150527005521599));
#2043=CARTESIAN_POINT('',(-3.,-8.23129107860272,-1.14383004826402));
#2044=CARTESIAN_POINT('',(-3.,-8.21383867216558,-2.14367774342061));
#2045=CARTESIAN_POINT('',(-3.,-6.90649288252072,-1.12070560973462));
#2046=CARTESIAN_POINT('',(-3.,-6.90649288252072,-1.12070560973462));
#2047=CARTESIAN_POINT('',(-3.,-6.88031427286522,-2.62047715246941));
#2048=CARTESIAN_POINT('Origin',(1.66533453693773E-15,-7.56889198056172,
-1.13226782899932));
#2049=CARTESIAN_POINT('',(-4.5,-8.23129107860287,-1.14383004826402));
#2050=CARTESIAN_POINT('',(-3.4625,-6.90649288252115,-1.12070560973463));
#2051=CARTESIAN_POINT('Origin',(3.,8.24874348504,0.143982353107595));
#2052=CARTESIAN_POINT('',(3.,8.24874348504,0.143982353107595));
#2053=CARTESIAN_POINT('',(3.,6.923945288958,0.120857914578194));
#2054=CARTESIAN_POINT('',(3.,-0.374942885684003,-0.00654465241398687));
#2055=CARTESIAN_POINT('',(3.,8.26619589147728,-0.855865342048796));
#2056=CARTESIAN_POINT('',(3.,8.28364829791443,-1.855713037205));
#2057=CARTESIAN_POINT('',(3.,6.94139769539529,-0.878989780578197));
#2058=CARTESIAN_POINT('',(3.,6.94139769539529,-0.878989780578197));
#2059=CARTESIAN_POINT('',(3.,6.96757630505079,-2.3787613233127));
#2060=CARTESIAN_POINT('Origin',(-3.,6.923945288958,0.120857914578194));
#2061=CARTESIAN_POINT('',(-3.,6.923945288958,0.120857914578194));
#2062=CARTESIAN_POINT('',(-3.,8.24874348504,0.143982353107595));
#2063=CARTESIAN_POINT('',(-3.,-1.037341983725,-0.0181068716786874));
#2064=CARTESIAN_POINT('',(-3.,6.94139769539529,-0.878989780578197));
#2065=CARTESIAN_POINT('',(-3.,6.96757630505079,-2.3787613233127));
#2066=CARTESIAN_POINT('',(-3.,8.26619589147728,-0.855865342048796));
#2067=CARTESIAN_POINT('',(-3.,6.94139769539529,-0.878989780578197));
#2068=CARTESIAN_POINT('',(-3.,8.28364829791443,-1.855713037205));
#2069=CARTESIAN_POINT('Origin',(1.11022302462516E-15,7.60379679343629,-0.867427561313496));
#2070=CARTESIAN_POINT('',(-3.4625,6.94139769539486,-0.878989780578205));
#2071=CARTESIAN_POINT('',(-4.5,8.26619589147715,-0.855865342048798));
#2072=CARTESIAN_POINT('Origin',(-9.,8.318553110789,-3.85540842751759));
#2073=CARTESIAN_POINT('',(8.75,8.24874348504,0.14398235310741));
#2074=CARTESIAN_POINT('',(-9.,8.24874348504,0.14398235310741));
#2075=CARTESIAN_POINT('',(8.75,8.28713877920199,-2.05568257623659));
#2076=CARTESIAN_POINT('',(8.75,8.318553110789,-3.85540842751759));
#2077=CARTESIAN_POINT('',(-8.75,8.28713877920199,-2.05568257623659));
#2078=CARTESIAN_POINT('',(-9.,8.28713877920199,-2.05568257623659));
#2079=CARTESIAN_POINT('',(-8.75,8.24874348504,0.14398235310741));
#2080=CARTESIAN_POINT('',(-8.75,8.318553110789,-3.85540842751759));
#2081=CARTESIAN_POINT('',(-9.,8.24874348504,0.14398235310741));
#2082=CARTESIAN_POINT('Origin',(-9.,-8.998629256408,-0.157071657935588));
#2083=CARTESIAN_POINT('',(-6.925,-6.923945288958,-0.120857914578587));
#2084=CARTESIAN_POINT('',(-7.9625,-6.923945288958,-0.120857914578587));
#2085=CARTESIAN_POINT('',(-6.925,6.923945288958,0.120857914578414));
#2086=CARTESIAN_POINT('',(-6.925,-7.961287272683,-0.13896478625659));
#2087=CARTESIAN_POINT('',(-7.9625,6.923945288958,0.120857914578414));
#2088=CARTESIAN_POINT('',(-8.75,-8.24874348504,-0.143982353107588));
#2089=CARTESIAN_POINT('',(-8.75,-8.998629256408,-0.157071657935588));
#2090=CARTESIAN_POINT('',(-9.,-8.24874348504,-0.143982353107588));
#2091=CARTESIAN_POINT('Origin',(-9.,-8.998629256408,-0.157071657935588));
#2092=CARTESIAN_POINT('',(8.75,-8.24874348504,-0.143982353107588));
#2093=CARTESIAN_POINT('',(-9.,-8.24874348504,-0.143982353107588));
#2094=CARTESIAN_POINT('',(8.75,-8.998629256408,-0.157071657935588));
#2095=CARTESIAN_POINT('',(6.925,6.923945288958,0.120857914578414));
#2096=CARTESIAN_POINT('',(-7.9625,6.923945288958,0.120857914578414));
#2097=CARTESIAN_POINT('',(6.925,-6.923945288958,-0.120857914578587));
#2098=CARTESIAN_POINT('',(6.925,-7.961287272683,-0.13896478625659));
#2099=CARTESIAN_POINT('',(-7.9625,-6.923945288958,-0.120857914578587));
#2100=CARTESIAN_POINT('Origin',(-8.75,-8.928819630658,-4.15646243856159));
#2101=CARTESIAN_POINT('',(-8.75,-8.210348190878,-2.34364728245159));
#2102=CARTESIAN_POINT('',(-8.75,-8.960233962246,-2.35673658727959));
#2103=CARTESIAN_POINT('',(-8.75,-8.178933859291,-4.14337313373359));
#2104=CARTESIAN_POINT('Origin',(8.75,-8.928819630658,-4.15646243856159));
#2105=CARTESIAN_POINT('',(8.75,-8.210348190878,-2.34364728245159));
#2106=CARTESIAN_POINT('',(8.75,-8.178933859291,-4.14337313373359));
#2107=CARTESIAN_POINT('',(8.75,-8.960233962246,-2.35673658727959));
#2108=CARTESIAN_POINT('Origin',(-9.,-8.178933859291,-4.14337313373359));
#2109=CARTESIAN_POINT('',(-9.,-8.210348190878,-2.34364728245159));
#2110=CARTESIAN_POINT('Origin',(-6.925,-6.836683256772,-5.12009639036059));
#2111=CARTESIAN_POINT('',(6.925,-6.90125716059001,-1.42065991828159));
#2112=CARTESIAN_POINT('',(6.925,-6.836683256772,-5.12009639036059));
#2113=CARTESIAN_POINT('',(-6.925,-6.90125716059001,-1.42065991828159));
#2114=CARTESIAN_POINT('',(-7.05,-6.90125716059001,-1.42065991828159));
#2115=CARTESIAN_POINT('',(-6.925,-6.836683256772,-5.12009639036059));
#2116=CARTESIAN_POINT('Origin',(6.925,-6.836683256772,-5.12009639036059));
#2117=CARTESIAN_POINT('',(6.925,6.946633417326,-1.17894408912559));
#2118=CARTESIAN_POINT('',(6.925,7.01120732114401,-4.87838056120359));
#2119=CARTESIAN_POINT('',(6.925,-6.851264775832,-1.41978729795959));
#2120=CARTESIAN_POINT('Origin',(-6.925,-6.836683256772,-5.12009639036059));
#2121=CARTESIAN_POINT('',(-6.925,6.946633417326,-1.17894408912559));
#2122=CARTESIAN_POINT('',(-6.925,-6.851264775832,-1.41978729795959));
#2123=CARTESIAN_POINT('',(-6.925,7.01120732114401,-4.87838056120359));
#2124=CARTESIAN_POINT('Origin',(-6.925,7.01120732114401,-4.87838056120359));
#2125=CARTESIAN_POINT('',(-7.05,6.946633417326,-1.17894408912559));
#2126=CARTESIAN_POINT('Origin',(0.,0.038395294162008,-2.19966492934359));
#2127=CARTESIAN_POINT('',(-7.25,-7.210500495722,-2.32619487601459));
#2128=CARTESIAN_POINT('',(7.25,-7.210500495722,-2.32619487601459));
#2129=CARTESIAN_POINT('',(-3.625,-7.210500495722,-2.32619487601459));
#2130=CARTESIAN_POINT('',(7.25,7.28729108404599,-2.07313498267359));
#2131=CARTESIAN_POINT('',(7.25,3.66284318910401,-2.13639995600859));
#2132=CARTESIAN_POINT('',(-7.25,7.28729108404599,-2.07313498267359));
#2133=CARTESIAN_POINT('',(-3.625,7.28729108404599,-2.07313498267359));
#2134=CARTESIAN_POINT('',(-7.25,3.66284318910401,-2.13639995600859));
#2135=CARTESIAN_POINT('Origin',(-7.25,7.27158391825199,-1.17327205703259));
#2136=CARTESIAN_POINT('',(-7.25,7.27158391825199,-1.17327205703259));
#2137=CARTESIAN_POINT('',(-7.25,-7.22620766151501,-1.42633195037359));
#2138=CARTESIAN_POINT('',(-7.25,7.27158391825199,-1.17327205703259));
#2139=CARTESIAN_POINT('',(7.25,7.27158391825199,-1.17327205703259));
#2140=CARTESIAN_POINT('',(-7.25,7.27158391825199,-1.17327205703259));
#2141=CARTESIAN_POINT('',(7.25,-7.22620766151501,-1.42633195037359));
#2142=CARTESIAN_POINT('',(7.25,7.27158391825199,-1.17327205703259));
#2143=CARTESIAN_POINT('',(-7.25,-7.22620766151501,-1.42633195037359));
#2144=CARTESIAN_POINT('Origin',(-7.25,-7.22620766151501,-1.42633195037359));
#2145=CARTESIAN_POINT('',(7.25,-7.22620766151501,-1.42633195037359));
#2146=CARTESIAN_POINT('',(-7.25,-7.22620766151501,-1.42633195037359));
#2147=CARTESIAN_POINT('Origin',(-7.25,7.27158391825199,-1.17327205703259));
#2148=CARTESIAN_POINT('',(-7.25,7.27158391825199,-1.17327205703259));
#2149=CARTESIAN_POINT('Origin',(7.25,7.27158391825199,-1.17327205703259));
#2150=CARTESIAN_POINT('',(7.25,7.27158391825199,-1.17327205703259));
#2151=CARTESIAN_POINT('Origin',(-7.25,7.27158391825199,-1.17327205703259));
#2152=CARTESIAN_POINT('',(-1.11022302462516E-16,3.29807019173447E-16,-1.89665501572582E-16));
#2153=CARTESIAN_POINT('Origin',(1.29999997094274,-5.09999988600612,-5.450028244856));
#2154=CARTESIAN_POINT('',(1.29999997094274,-5.09999988600612,-5.450028244856));
#2155=CARTESIAN_POINT('',(-0.999999977648258,-5.09999988600612,-5.450028244856));
#2156=CARTESIAN_POINT('',(-0.999999977648258,-5.09999988600612,-5.450028244856));
#2157=CARTESIAN_POINT('',(-0.999999977648258,-5.09999988600612,-6.200028244856));
#2158=CARTESIAN_POINT('',(-0.999999977648258,-5.09999988600612,-5.450028244856));
#2159=CARTESIAN_POINT('',(1.29999997094274,-5.09999988600612,-6.200028244856));
#2160=CARTESIAN_POINT('',(-0.999999977648258,-5.09999988600612,-6.200028244856));
#2161=CARTESIAN_POINT('',(1.29999997094274,-5.09999988600612,-5.450028244856));
#2162=CARTESIAN_POINT('Origin',(1.29999997094274,-6.69999985024333,-5.450028244856));
#2163=CARTESIAN_POINT('',(1.29999997094274,-6.69999985024333,-5.450028244856));
#2164=CARTESIAN_POINT('',(1.29999997094274,-5.09999988600612,-5.450028244856));
#2165=CARTESIAN_POINT('',(1.29999997094274,-6.69999985024333,-6.200028244856));
#2166=CARTESIAN_POINT('',(1.29999997094274,-5.09999988600612,-6.200028244856));
#2167=CARTESIAN_POINT('',(1.29999997094274,-6.69999985024333,-5.450028244856));
#2168=CARTESIAN_POINT('Origin',(-0.999999977648258,-6.69999985024333,-5.450028244856));
#2169=CARTESIAN_POINT('',(-0.999999977648258,-6.69999985024333,-5.450028244856));
#2170=CARTESIAN_POINT('',(1.29999997094274,-6.69999985024333,-5.450028244856));
#2171=CARTESIAN_POINT('',(-0.999999977648258,-6.69999985024333,-6.200028244856));
#2172=CARTESIAN_POINT('',(1.29999997094274,-6.69999985024333,-6.200028244856));
#2173=CARTESIAN_POINT('',(-0.999999977648258,-6.69999985024333,-5.450028244856));
#2174=CARTESIAN_POINT('Origin',(-0.999999977648258,-5.09999988600612,-5.450028244856));
#2175=CARTESIAN_POINT('',(-0.999999977648258,-6.69999985024333,-5.450028244856));
#2176=CARTESIAN_POINT('',(-0.999999977648258,-6.69999985024333,-6.200028244856));
#2177=CARTESIAN_POINT('Origin',(-6.14919894062774,-2.89999993517995,-5.450028244856));
#2178=CARTESIAN_POINT('',(-6.14919894062774,-2.89999993517995,-5.450028244856));
#2179=CARTESIAN_POINT('',(-6.14919894062774,-4.51349565644723,-5.450028244856));
#2180=CARTESIAN_POINT('',(-6.14919894062774,-2.89999993517995,-5.450028244856));
#2181=CARTESIAN_POINT('',(-6.14919894062774,-4.51349565644723,-6.200028244856));
#2182=CARTESIAN_POINT('',(-6.14919894062774,-4.51349565644723,-5.450028244856));
#2183=CARTESIAN_POINT('',(-6.14919894062774,-2.89999993517995,-6.200028244856));
#2184=CARTESIAN_POINT('',(-6.14919894062774,-2.89999993517995,-6.200028244856));
#2185=CARTESIAN_POINT('',(-6.14919894062774,-2.89999993517995,-5.450028244856));
#2186=CARTESIAN_POINT('Origin',(-3.99999991059303,-2.89999993517995,-5.450028244856));
#2187=CARTESIAN_POINT('',(-3.99999991059303,-2.89999993517995,-5.450028244856));
#2188=CARTESIAN_POINT('',(-3.99999991059303,-2.89999993517995,-5.450028244856));
#2189=CARTESIAN_POINT('',(-3.99999991059303,-2.89999993517995,-6.200028244856));
#2190=CARTESIAN_POINT('',(-3.99999991059303,-2.89999993517995,-6.200028244856));
#2191=CARTESIAN_POINT('',(-3.99999991059303,-2.89999993517995,-5.450028244856));
#2192=CARTESIAN_POINT('Origin',(-3.99999991059303,-4.51349565644723,-5.450028244856));
#2193=CARTESIAN_POINT('',(-3.99999991059303,-4.51349565644723,-5.450028244856));
#2194=CARTESIAN_POINT('',(-3.99999991059303,-4.51349565644723,-5.450028244856));
#2195=CARTESIAN_POINT('',(-3.99999991059303,-4.51349565644723,-6.200028244856));
#2196=CARTESIAN_POINT('',(-3.99999991059303,-4.51349565644723,-6.200028244856));
#2197=CARTESIAN_POINT('',(-3.99999991059303,-4.51349565644723,-5.450028244856));
#2198=CARTESIAN_POINT('Origin',(-6.14919894062774,-4.51349565644723,-5.450028244856));
#2199=CARTESIAN_POINT('',(-6.14919894062774,-4.51349565644723,-5.450028244856));
#2200=CARTESIAN_POINT('',(-6.14919894062774,-4.51349565644723,-6.200028244856));
#2201=CARTESIAN_POINT('Origin',(-6.46214035024029,-1.29954581827789,-5.450028244856));
#2202=CARTESIAN_POINT('',(-6.42512065024101,-1.29958146007781,-5.450028244856));
#2203=CARTESIAN_POINT('',(-6.46214035024029,-1.29954581827789,-5.450028244856));
#2204=CARTESIAN_POINT('',(-6.46214035024029,-1.29954581827789,-5.450028244856));
#2205=CARTESIAN_POINT('',(-6.42512065024101,-1.29958146007781,-6.200028244856));
#2206=CARTESIAN_POINT('',(-6.42512065024101,-1.29958146007781,-5.450028244856));
#2207=CARTESIAN_POINT('',(-6.46214035024029,-1.29954581827789,-6.200028244856));
#2208=CARTESIAN_POINT('',(-6.42512065024101,-1.29958146007781,-6.200028244856));
#2209=CARTESIAN_POINT('',(-6.46214035024029,-1.29954581827789,-5.450028244856));
#2210=CARTESIAN_POINT('Origin',(-6.42512065024101,-1.2995482230704,-5.450028244856));
#2211=CARTESIAN_POINT('',(-6.42512065024101,-1.2995482230704,-5.450028244856));
#2212=CARTESIAN_POINT('',(-6.09556519404897,-1.29956963092878,-5.450028244856));
#2213=CARTESIAN_POINT('',(-6.42512065024101,-1.2995482230704,-6.200028244856));
#2214=CARTESIAN_POINT('',(-4.57513335026701,-1.29966839788579,-6.200028244856));
#2215=CARTESIAN_POINT('',(-6.42512065024101,-1.2995482230704,-5.450028244856));
#2216=CARTESIAN_POINT('Origin',(-6.42512065024101,-1.29958146007781,-5.450028244856));
#2217=CARTESIAN_POINT('',(-6.42512065024101,9.01134635661327E-15,-5.450028244856));
#2218=CARTESIAN_POINT('',(-6.42512065024101,8.93842372263566E-15,-6.200028244856));
#2219=CARTESIAN_POINT('Origin',(-0.971049134051037,0.000330200659992563,
-6.200028244856));
#2220=CARTESIAN_POINT('',(-8.93482179754427,8.38763017525999,-6.200028244856));
#2221=CARTESIAN_POINT('',(6.99272352944219,8.38763017525999,-6.200028244856));
#2222=CARTESIAN_POINT('',(-8.93482179754427,8.38763017525999,-6.200028244856));
#2223=CARTESIAN_POINT('',(6.99272352944219,-8.38696977394001,-6.200028244856));
#2224=CARTESIAN_POINT('',(6.99272352944219,8.38763017525999,-6.200028244856));
#2225=CARTESIAN_POINT('',(-8.93482179754427,-8.38696977394001,-6.200028244856));
#2226=CARTESIAN_POINT('',(6.99272352944219,-8.38696977394001,-6.200028244856));
#2227=CARTESIAN_POINT('',(-8.93482179754427,-8.38696977394001,-6.200028244856));
#2228=CARTESIAN_POINT('Origin',(-0.971049134051037,0.000330200659992563,
-5.450028244856));
#2229=CARTESIAN_POINT('',(-4.57513335026701,-1.29966839788579,-5.450028244856));
#2230=CARTESIAN_POINT('',(-4.57513335026701,-1.29966839788579,-5.450028244856));
#2231=CARTESIAN_POINT('',(-7.53482182883671,-2.29966837553405,-5.450028244856));
#2232=CARTESIAN_POINT('',(-7.53482182883671,-2.29966837553405,-5.450028244856));
#2233=CARTESIAN_POINT('',(-8.93482179754427,-2.29966837553405,-5.450028244856));
#2234=CARTESIAN_POINT('',(-6.3348218556588,-2.29966837553405,-5.450028244856));
#2235=CARTESIAN_POINT('',(-8.93482179754427,-5.09966831294917,-5.450028244856));
#2236=CARTESIAN_POINT('',(-8.93482179754427,-8.38696977394001,-5.450028244856));
#2237=CARTESIAN_POINT('',(-7.43482183107188,-5.09966831294917,-5.450028244856));
#2238=CARTESIAN_POINT('',(-7.43482183107188,-5.09966831294917,-5.450028244856));
#2239=CARTESIAN_POINT('',(-6.47525411581899,-6.07505083563501,-5.450028244856));
#2240=CARTESIAN_POINT('',(-6.47525411581899,-6.07505083563501,-5.450028244856));
#2241=CARTESIAN_POINT('',(-3.67525403459299,-6.07505083563501,-5.450028244856));
#2242=CARTESIAN_POINT('',(-6.47525411581899,-6.07505083563501,-5.450028244856));
#2243=CARTESIAN_POINT('',(-2.59790492519555,-6.92213452432419,-5.450028244856));
#2244=CARTESIAN_POINT('',(-3.67525403459299,-6.07505083563501,-5.450028244856));
#2245=CARTESIAN_POINT('',(-2.59790492519555,-8.27505089945501,-5.450028244856));
#2246=CARTESIAN_POINT('',(-2.59790492519555,-6.92213452432419,-5.450028244856));
#2247=CARTESIAN_POINT('',(1.57967361120799,-8.27505089945501,-5.450028244856));
#2248=CARTESIAN_POINT('',(-2.59790492519555,-8.27505089945501,-5.450028244856));
#2249=CARTESIAN_POINT('',(2.50353278812504,-7.54534883305312,-5.450028244856));
#2250=CARTESIAN_POINT('',(2.50353278812504,-7.54534883305312,-5.450028244856));
#2251=CARTESIAN_POINT('',(2.50353278812504,-6.89966827271604,-5.450028244856));
#2252=CARTESIAN_POINT('',(2.50353278812504,-6.89966827271604,-5.450028244856));
#2253=CARTESIAN_POINT('',(4.46517790294239,-6.89966827271604,-5.450028244856));
#2254=CARTESIAN_POINT('',(4.46517790294239,-6.89966827271604,-5.450028244856));
#2255=CARTESIAN_POINT('',(4.46517790294239,-4.89966831741952,-5.450028244856));
#2256=CARTESIAN_POINT('',(4.46517790294239,-4.89966831741952,-5.450028244856));
#2257=CARTESIAN_POINT('',(2.36517794988105,-4.89966831741952,-5.450028244856));
#2258=CARTESIAN_POINT('',(4.16517790964791,-4.89966831741952,-5.450028244856));
#2259=CARTESIAN_POINT('',(2.36517794988105,-3.52505076456301,-5.450028244856));
#2260=CARTESIAN_POINT('',(2.36517794988105,-3.52505076456301,-5.450028244856));
#2261=CARTESIAN_POINT('',(-1.32525396642199,-3.52505076456301,-5.450028244856));
#2262=CARTESIAN_POINT('',(1.57474611770501,-3.52505076456301,-5.450028244856));
#2263=CARTESIAN_POINT('',(-2.48086150954793,-2.09297385673298,-5.450028244856));
#2264=CARTESIAN_POINT('',(-1.32525396642199,-3.52505076456301,-5.450028244856));
#2265=CARTESIAN_POINT('',(-3.33482192271402,-1.29966839788579,-5.450028244856));
#2266=CARTESIAN_POINT('',(-2.48086150954793,-2.09297385673298,-5.450028244856));
#2267=CARTESIAN_POINT('',(-3.33482192271402,-1.29966839788579,-5.450028244856));
#2268=CARTESIAN_POINT('Origin',(5.49987299974599,5.42511387565193,-4.650028244856));
#2269=CARTESIAN_POINT('',(6.39974610231,4.79999989271163,-4.650028244856));
#2270=CARTESIAN_POINT('',(4.59999989718199,4.79999989271163,-4.650028244856));
#2271=CARTESIAN_POINT('',(5.04993644846399,4.79999989271163,-4.650028244856));
#2272=CARTESIAN_POINT('',(6.39974610231,6.05022785859223,-4.650028244856));
#2273=CARTESIAN_POINT('',(6.39974610231,5.11255688418178,-4.650028244856));
#2274=CARTESIAN_POINT('',(4.59999989718199,6.05022785859223,-4.650028244856));
#2275=CARTESIAN_POINT('',(5.949809551028,6.05022785859223,-4.650028244856));
#2276=CARTESIAN_POINT('',(4.59999989718199,5.73767086712208,-4.650028244856));
#2277=CARTESIAN_POINT('Origin',(6.39974610231,6.05022785859223,-3.600028244856));
#2278=CARTESIAN_POINT('',(6.39974610231,6.05022785859223,-3.600028244856));
#2279=CARTESIAN_POINT('',(6.39974610231,6.05022785859223,-3.600028244856));
#2280=CARTESIAN_POINT('',(4.59999989718199,6.05022785859223,-3.600028244856));
#2281=CARTESIAN_POINT('',(6.39974610231,6.05022785859223,-3.600028244856));
#2282=CARTESIAN_POINT('',(4.59999989718199,6.05022785859223,-3.600028244856));
#2283=CARTESIAN_POINT('Origin',(6.39974610231,4.79999989271163,-3.600028244856));
#2284=CARTESIAN_POINT('',(6.39974610231,4.79999989271163,-3.600028244856));
#2285=CARTESIAN_POINT('',(6.39974610231,4.79999989271163,-3.600028244856));
#2286=CARTESIAN_POINT('',(6.39974610231,4.79999989271163,-3.600028244856));
#2287=CARTESIAN_POINT('Origin',(-0.0499999988824135,4.69999989494681,-4.650028244856));
#2288=CARTESIAN_POINT('',(-3.0999999307096,6.29999985918402,-4.650028244856));
#2289=CARTESIAN_POINT('',(2.99999993294477,6.29999985918402,-4.650028244856));
#2290=CARTESIAN_POINT('',(1.47499996703118,6.29999985918402,-4.650028244856));
#2291=CARTESIAN_POINT('',(-3.0999999307096,3.0999999307096,-4.650028244856));
#2292=CARTESIAN_POINT('',(-3.0999999307096,5.49999987706542,-4.650028244856));
#2293=CARTESIAN_POINT('',(2.99999993294477,3.0999999307096,-4.650028244856));
#2294=CARTESIAN_POINT('',(-1.57499996479601,3.0999999307096,-4.650028244856));
#2295=CARTESIAN_POINT('',(2.99999993294477,3.8999999128282,-4.650028244856));
#2296=CARTESIAN_POINT('Origin',(-3.0999999307096,3.0999999307096,-3.600028244856));
#2297=CARTESIAN_POINT('',(-3.0999999307096,3.0999999307096,-3.600028244856));
#2298=CARTESIAN_POINT('',(-3.0999999307096,3.0999999307096,-3.600028244856));
#2299=CARTESIAN_POINT('',(2.99999993294477,3.0999999307096,-3.600028244856));
#2300=CARTESIAN_POINT('',(-3.0999999307096,3.0999999307096,-3.600028244856));
#2301=CARTESIAN_POINT('',(2.99999993294477,3.0999999307096,-3.600028244856));
#2302=CARTESIAN_POINT('Origin',(-3.0999999307096,6.29999985918402,-3.600028244856));
#2303=CARTESIAN_POINT('',(-3.0999999307096,6.29999985918402,-3.600028244856));
#2304=CARTESIAN_POINT('',(-3.0999999307096,6.29999985918402,-3.600028244856));
#2305=CARTESIAN_POINT('',(-3.0999999307096,6.29999985918402,-3.600028244856));
#2306=CARTESIAN_POINT('Origin',(5.49987299974599,8.88178419700125E-15,-5.050028244856));
#2307=CARTESIAN_POINT('',(4.57487934975899,8.99506324827007E-15,-5.050028244856));
#2308=CARTESIAN_POINT('Origin',(5.49987299974599,8.88178419700125E-15,-5.050028244856));
#2309=CARTESIAN_POINT('Origin',(-7.21644966006352E-15,8.88178419700125E-15,
-5.050028244856));
#2310=CARTESIAN_POINT('',(-1.65001270002501,9.08385247416506E-15,-5.050028244856));
#2311=CARTESIAN_POINT('Origin',(-6.22625074620865E-15,8.88178419700125E-15,
-5.050028244856));
#2312=CARTESIAN_POINT('Origin',(-6.42512065024101,-1.2995482230704,-5.450028244856));
#2313=CARTESIAN_POINT('',(-4.57513335026701,-1.29966839788579,-5.050028244856));
#2314=CARTESIAN_POINT('',(-4.57513335026701,-1.29966839788579,-3.600028244856));
#2315=CARTESIAN_POINT('',(-6.42512065024101,-1.2995482230704,-5.050028244856));
#2316=CARTESIAN_POINT('',(-4.57513335026701,-1.29966839788579,-5.050028244856));
#2317=CARTESIAN_POINT('',(-6.42512065024101,-1.2995482230704,-4.525028244856));
#2318=CARTESIAN_POINT('Origin',(-5.50012700025401,-0.187337373949391,-5.050028244856));
#2319=CARTESIAN_POINT('',(-6.42512065024101,8.93842372263566E-15,-5.050028244856));
#2320=CARTESIAN_POINT('',(-4.57513335026701,8.52209008840123E-15,-5.050028244856));
#2321=CARTESIAN_POINT('Origin',(-5.50012700025401,8.88178419700125E-15,
-5.050028244856));
#2322=CARTESIAN_POINT('',(-6.42512065024101,-0.0936686869746911,-5.050028244856));
#2323=CARTESIAN_POINT('',(-4.57513335026701,-0.743502885917591,-5.050028244856));
#2324=CARTESIAN_POINT('Origin',(-6.42512065024101,9.01134635661327E-15,
-3.600028244856));
#2325=CARTESIAN_POINT('',(-6.42512065024101,9.01134635661327E-15,-3.600028244856));
#2326=CARTESIAN_POINT('',(-6.42512065024101,9.01134635661327E-15,-3.600028244856));
#2327=CARTESIAN_POINT('',(-6.42512065024101,-1.29958146007781,-3.600028244856));
#2328=CARTESIAN_POINT('',(-6.42512065024101,9.01134635661327E-15,-3.600028244856));
#2329=CARTESIAN_POINT('',(-6.42512065024101,-1.29958146007781,-3.600028244856));
#2330=CARTESIAN_POINT('',(-6.42512065024101,9.01134635661327E-15,-5.450028244856));
#2331=CARTESIAN_POINT('Origin',(5.49987299974599,8.88178419700125E-15,-3.600028244856));
#2332=CARTESIAN_POINT('',(4.57487934975899,8.99506324827007E-15,-3.600028244856));
#2333=CARTESIAN_POINT('',(4.57487934975899,8.99506324827007E-15,-3.600028244856));
#2334=CARTESIAN_POINT('Origin',(5.49987299974599,8.88178419700125E-15,-3.600028244856));
#2335=CARTESIAN_POINT('Origin',(2.99999993294477,6.29999985918402,-3.600028244856));
#2336=CARTESIAN_POINT('',(2.99999993294477,6.29999985918402,-3.600028244856));
#2337=CARTESIAN_POINT('',(2.99999993294477,6.29999985918402,-3.600028244856));
#2338=CARTESIAN_POINT('',(2.99999993294477,6.29999985918402,-3.600028244856));
#2339=CARTESIAN_POINT('Origin',(2.99999993294477,3.0999999307096,-3.600028244856));
#2340=CARTESIAN_POINT('',(2.99999993294477,3.0999999307096,-3.600028244856));
#2341=CARTESIAN_POINT('Origin',(4.59999989718199,4.79999989271163,-3.600028244856));
#2342=CARTESIAN_POINT('',(4.59999989718199,4.79999989271163,-3.600028244856));
#2343=CARTESIAN_POINT('',(4.59999989718199,4.79999989271163,-3.600028244856));
#2344=CARTESIAN_POINT('',(4.59999989718199,4.79999989271163,-3.600028244856));
#2345=CARTESIAN_POINT('Origin',(4.59999989718199,6.05022785859223,-3.600028244856));
#2346=CARTESIAN_POINT('',(4.59999989718199,6.05022785859223,-3.600028244856));
#2347=CARTESIAN_POINT('Origin',(-6.66133814775094E-15,8.88178419700125E-15,
-3.600028244856));
#2348=CARTESIAN_POINT('',(-1.65001270002501,9.08385247416506E-15,-3.600028244856));
#2349=CARTESIAN_POINT('',(-1.65001270002501,9.08385247416506E-15,-3.600028244856));
#2350=CARTESIAN_POINT('Origin',(-6.66133814775094E-15,8.88178419700125E-15,
-3.600028244856));
#2351=CARTESIAN_POINT('Origin',(-7.43482183107188,-5.09966831294917,-3.600028244856));
#2352=CARTESIAN_POINT('',(-6.47525411581899,-6.07505083563501,-3.600028244856));
#2353=CARTESIAN_POINT('',(-7.43482183107188,-5.09966831294917,-3.600028244856));
#2354=CARTESIAN_POINT('',(-6.47525411581899,-6.07505083563501,-3.600028244856));
#2355=CARTESIAN_POINT('',(-6.47525411581899,-6.07505083563501,-3.600028244856));
#2356=CARTESIAN_POINT('',(-7.43482183107188,-5.09966831294917,-3.600028244856));
#2357=CARTESIAN_POINT('Origin',(-8.93482179754427,-5.09966831294917,-3.600028244856));
#2358=CARTESIAN_POINT('',(-8.93482179754427,-5.09966831294917,-3.600028244856));
#2359=CARTESIAN_POINT('',(-7.43482183107188,-5.09966831294917,-3.600028244856));
#2360=CARTESIAN_POINT('',(-8.93482179754427,-5.09966831294917,-3.600028244856));
#2361=CARTESIAN_POINT('Origin',(6.99272352944219,-8.38696977394001,-3.600028244856));
#2362=CARTESIAN_POINT('',(-8.93482179754427,-8.38696977394001,-3.600028244856));
#2363=CARTESIAN_POINT('',(6.99272352944219,-8.38696977394001,-3.600028244856));
#2364=CARTESIAN_POINT('',(-8.93482179754427,-8.38696977394001,-3.600028244856));
#2365=CARTESIAN_POINT('',(-8.93482179754427,-8.38696977394001,-3.600028244856));
#2366=CARTESIAN_POINT('',(6.99272352944219,-8.38696977394001,-3.600028244856));
#2367=CARTESIAN_POINT('Origin',(6.99272352944219,8.38763017525999,-3.600028244856));
#2368=CARTESIAN_POINT('',(6.99272352944219,8.38763017525999,-3.600028244856));
#2369=CARTESIAN_POINT('',(6.99272352944219,-8.38696977394001,-3.600028244856));
#2370=CARTESIAN_POINT('',(6.99272352944219,8.38763017525999,-3.600028244856));
#2371=CARTESIAN_POINT('Origin',(-8.93482179754427,8.38763017525999,-3.600028244856));
#2372=CARTESIAN_POINT('',(-8.93482179754427,8.38763017525999,-3.600028244856));
#2373=CARTESIAN_POINT('',(1.95080486164628,8.38763017525999,-3.600028244856));
#2374=CARTESIAN_POINT('',(-8.93482179754427,8.38763017525999,-3.600028244856));
#2375=CARTESIAN_POINT('Origin',(-8.93482179754427,-2.29966837553405,-3.600028244856));
#2376=CARTESIAN_POINT('',(-8.93482179754427,-2.29966837553405,-3.600028244856));
#2377=CARTESIAN_POINT('',(-8.93482179754427,-2.29966837553405,-3.600028244856));
#2378=CARTESIAN_POINT('',(-8.93482179754427,-5.09966831294917,-3.600028244856));
#2379=CARTESIAN_POINT('',(-8.93482179754427,-2.29966837553405,-3.600028244856));
#2380=CARTESIAN_POINT('Origin',(-7.53482182883671,-2.29966837553405,-3.600028244856));
#2381=CARTESIAN_POINT('',(-7.53482182883671,-2.29966837553405,-3.600028244856));
#2382=CARTESIAN_POINT('',(-6.3348218556588,-2.29966837553405,-3.600028244856));
#2383=CARTESIAN_POINT('',(-7.53482182883671,-2.29966837553405,-3.600028244856));
#2384=CARTESIAN_POINT('Origin',(-6.46214035024029,-1.29954581827789,-3.600028244856));
#2385=CARTESIAN_POINT('',(-6.46214035024029,-1.29954581827789,-3.600028244856));
#2386=CARTESIAN_POINT('',(-7.53482182883671,-2.29966837553405,-3.600028244856));
#2387=CARTESIAN_POINT('',(-6.46214035024029,-1.29954581827789,-3.600028244856));
#2388=CARTESIAN_POINT('Origin',(-6.42512065024101,-1.29958146007781,-3.600028244856));
#2389=CARTESIAN_POINT('',(-6.46214035024029,-1.29954581827789,-3.600028244856));
#2390=CARTESIAN_POINT('',(-6.46214035024029,-1.29954581827789,-5.450028244856));
#2391=CARTESIAN_POINT('Origin',(-5.50012700025401,8.88178419700125E-15,
-3.600028244856));
#2392=CARTESIAN_POINT('',(-4.57513335026701,8.82513463348888E-15,-3.600028244856));
#2393=CARTESIAN_POINT('',(-4.57513335026701,8.82513463348888E-15,-3.600028244856));
#2394=CARTESIAN_POINT('Origin',(-5.50012700025401,8.88178419700125E-15,
-3.600028244856));
#2395=CARTESIAN_POINT('Origin',(-4.57513335026701,-1.29966839788579,-3.600028244856));
#2396=CARTESIAN_POINT('',(-4.57513335026701,-1.29966839788579,-3.600028244856));
#2397=CARTESIAN_POINT('',(-4.57513335026701,-1.29966839788579,-3.600028244856));
#2398=CARTESIAN_POINT('',(-4.57513335026701,8.82513463348888E-15,-3.600028244856));
#2399=CARTESIAN_POINT('Origin',(-3.33482192271402,-1.29966839788579,-3.600028244856));
#2400=CARTESIAN_POINT('',(-3.33482192271402,-1.29966839788579,-3.600028244856));
#2401=CARTESIAN_POINT('',(-3.33482192271402,-1.29966839788579,-3.600028244856));
#2402=CARTESIAN_POINT('',(-3.33482192271402,-1.29966839788579,-3.600028244856));
#2403=CARTESIAN_POINT('Origin',(-2.48086150954793,-2.09297385673298,-3.600028244856));
#2404=CARTESIAN_POINT('',(-2.48086150954793,-2.09297385673298,-3.600028244856));
#2405=CARTESIAN_POINT('',(-2.48086150954793,-2.09297385673298,-3.600028244856));
#2406=CARTESIAN_POINT('',(-2.48086150954793,-2.09297385673298,-3.600028244856));
#2407=CARTESIAN_POINT('Origin',(-1.32525396642199,-3.52505076456301,-3.600028244856));
#2408=CARTESIAN_POINT('',(-1.32525396642199,-3.52505076456301,-3.600028244856));
#2409=CARTESIAN_POINT('',(-1.32525396642199,-3.52505076456301,-3.600028244856));
#2410=CARTESIAN_POINT('',(-1.32525396642199,-3.52505076456301,-3.600028244856));
#2411=CARTESIAN_POINT('Origin',(2.36517794988105,-3.52505076456301,-3.600028244856));
#2412=CARTESIAN_POINT('',(2.36517794988105,-3.52505076456301,-3.600028244856));
#2413=CARTESIAN_POINT('',(1.57474611770501,-3.52505076456301,-3.600028244856));
#2414=CARTESIAN_POINT('',(2.36517794988105,-3.52505076456301,-3.600028244856));
#2415=CARTESIAN_POINT('Origin',(2.36517794988105,-4.89966831741952,-3.600028244856));
#2416=CARTESIAN_POINT('',(2.36517794988105,-4.89966831741952,-3.600028244856));
#2417=CARTESIAN_POINT('',(2.36517794988105,-3.52505076456301,-3.600028244856));
#2418=CARTESIAN_POINT('',(2.36517794988105,-4.89966831741952,-3.600028244856));
#2419=CARTESIAN_POINT('Origin',(4.46517790294239,-4.89966831741952,-3.600028244856));
#2420=CARTESIAN_POINT('',(4.46517790294239,-4.89966831741952,-3.600028244856));
#2421=CARTESIAN_POINT('',(4.16517790964791,-4.89966831741952,-3.600028244856));
#2422=CARTESIAN_POINT('',(4.46517790294239,-4.89966831741952,-3.600028244856));
#2423=CARTESIAN_POINT('Origin',(4.46517790294239,-6.89966827271604,-3.600028244856));
#2424=CARTESIAN_POINT('',(4.46517790294239,-6.89966827271604,-3.600028244856));
#2425=CARTESIAN_POINT('',(4.46517790294239,-4.89966831741952,-3.600028244856));
#2426=CARTESIAN_POINT('',(4.46517790294239,-6.89966827271604,-3.600028244856));
#2427=CARTESIAN_POINT('Origin',(2.50353278812504,-6.89966827271604,-3.600028244856));
#2428=CARTESIAN_POINT('',(2.50353278812504,-6.89966827271604,-3.600028244856));
#2429=CARTESIAN_POINT('',(4.46517790294239,-6.89966827271604,-3.600028244856));
#2430=CARTESIAN_POINT('',(2.50353278812504,-6.89966827271604,-3.600028244856));
#2431=CARTESIAN_POINT('Origin',(2.50353278812504,-7.54534883305312,-3.600028244856));
#2432=CARTESIAN_POINT('',(2.50353278812504,-7.54534883305312,-3.600028244856));
#2433=CARTESIAN_POINT('',(2.50353278812504,-6.89966827271604,-3.600028244856));
#2434=CARTESIAN_POINT('',(2.50353278812504,-7.54534883305312,-3.600028244856));
#2435=CARTESIAN_POINT('Origin',(1.57967361120799,-8.27505089945501,-3.600028244856));
#2436=CARTESIAN_POINT('',(1.57967361120799,-8.27505089945501,-3.600028244856));
#2437=CARTESIAN_POINT('',(2.50353278812504,-7.54534883305312,-3.600028244856));
#2438=CARTESIAN_POINT('',(1.57967361120799,-8.27505089945501,-3.600028244856));
#2439=CARTESIAN_POINT('Origin',(-2.59790492519555,-8.27505089945501,-3.600028244856));
#2440=CARTESIAN_POINT('',(-2.59790492519555,-8.27505089945501,-3.600028244856));
#2441=CARTESIAN_POINT('',(-2.59790492519555,-8.27505089945501,-3.600028244856));
#2442=CARTESIAN_POINT('',(-2.59790492519555,-8.27505089945501,-3.600028244856));
#2443=CARTESIAN_POINT('Origin',(-2.59790492519555,-6.92213452432419,-3.600028244856));
#2444=CARTESIAN_POINT('',(-2.59790492519555,-6.92213452432419,-3.600028244856));
#2445=CARTESIAN_POINT('',(-2.59790492519555,-6.92213452432419,-3.600028244856));
#2446=CARTESIAN_POINT('',(-2.59790492519555,-6.92213452432419,-3.600028244856));
#2447=CARTESIAN_POINT('Origin',(-3.67525403459299,-6.07505083563501,-3.600028244856));
#2448=CARTESIAN_POINT('',(-3.67525403459299,-6.07505083563501,-3.600028244856));
#2449=CARTESIAN_POINT('',(-3.67525403459299,-6.07505083563501,-3.600028244856));
#2450=CARTESIAN_POINT('',(-3.67525403459299,-6.07505083563501,-3.600028244856));
#2451=CARTESIAN_POINT('Origin',(-6.47525411581899,-6.07505083563501,-3.600028244856));
#2452=CARTESIAN_POINT('',(-6.47525411581899,-6.07505083563501,-3.600028244856));
#2453=CARTESIAN_POINT('Origin',(-5.76636336136991,-6.74331904344459,-5.450028244856));
#2454=CARTESIAN_POINT('Origin',(-5.76636336136991,-6.74331904344459,-3.600028244856));
#2455=CARTESIAN_POINT('',(0.,0.,0.));
#2456=UNCERTAINTY_MEASURE_WITH_UNIT(LENGTH_MEASURE(0.01),#2464,
'DISTANCE_ACCURACY_VALUE',
'Maximum model space distance between geometric entities at asserted c
onnectivities');
#2457=UNCERTAINTY_MEASURE_WITH_UNIT(LENGTH_MEASURE(0.01),#2464,
'DISTANCE_ACCURACY_VALUE',
'Maximum model space distance between geometric entities at asserted c
onnectivities');
#2458=UNCERTAINTY_MEASURE_WITH_UNIT(LENGTH_MEASURE(0.01),#2464,
'DISTANCE_ACCURACY_VALUE',
'Maximum model space distance between geometric entities at asserted c
onnectivities');
#2459=UNCERTAINTY_MEASURE_WITH_UNIT(LENGTH_MEASURE(0.01),#2464,
'DISTANCE_ACCURACY_VALUE',
'Maximum model space distance between geometric entities at asserted c
onnectivities');
#2460=(
GEOMETRIC_REPRESENTATION_CONTEXT(3)
GLOBAL_UNCERTAINTY_ASSIGNED_CONTEXT((#2456))
GLOBAL_UNIT_ASSIGNED_CONTEXT((#2464,#2466,#2467))
REPRESENTATION_CONTEXT('','3D')
);
#2461=(
GEOMETRIC_REPRESENTATION_CONTEXT(3)
GLOBAL_UNCERTAINTY_ASSIGNED_CONTEXT((#2457))
GLOBAL_UNIT_ASSIGNED_CONTEXT((#2464,#2466,#2467))
REPRESENTATION_CONTEXT('','3D')
);
#2462=(
GEOMETRIC_REPRESENTATION_CONTEXT(3)
GLOBAL_UNCERTAINTY_ASSIGNED_CONTEXT((#2458))
GLOBAL_UNIT_ASSIGNED_CONTEXT((#2464,#2466,#2467))
REPRESENTATION_CONTEXT('','3D')
);
#2463=(
GEOMETRIC_REPRESENTATION_CONTEXT(3)
GLOBAL_UNCERTAINTY_ASSIGNED_CONTEXT((#2459))
GLOBAL_UNIT_ASSIGNED_CONTEXT((#2464,#2466,#2467))
REPRESENTATION_CONTEXT('','3D')
);
#2464=(
LENGTH_UNIT()
NAMED_UNIT(*)
SI_UNIT(.MILLI.,.METRE.)
);
#2465=(
LENGTH_UNIT()
NAMED_UNIT(*)
SI_UNIT($,.METRE.)
);
#2466=(
NAMED_UNIT(*)
PLANE_ANGLE_UNIT()
SI_UNIT($,.RADIAN.)
);
#2467=(
NAMED_UNIT(*)
SI_UNIT($,.STERADIAN.)
SOLID_ANGLE_UNIT()
);
#2468=SHAPE_DEFINITION_REPRESENTATION(#2471,#2476);
#2469=SHAPE_DEFINITION_REPRESENTATION(#2472,#2477);
#2470=SHAPE_DEFINITION_REPRESENTATION(#2473,#2478);
#2471=PRODUCT_DEFINITION_SHAPE('',$,#2480);
#2472=PRODUCT_DEFINITION_SHAPE('',$,#2481);
#2473=PRODUCT_DEFINITION_SHAPE('',$,#2482);
#2474=PRODUCT_DEFINITION_SHAPE($,$,#26);
#2475=PRODUCT_DEFINITION_SHAPE($,$,#27);
#2476=SHAPE_REPRESENTATION('',(#1554,#1643),#2460);
#2477=SHAPE_REPRESENTATION('',(#1555,#1579),#2461);
#2478=SHAPE_REPRESENTATION('',(#1556),#2462);
#2479=PRODUCT_DEFINITION_CONTEXT('part definition',#2490,'design');
#2480=PRODUCT_DEFINITION('EasyEDA PCB Model~9OFv',
'key-choc-skree-ff-norm',#2483,#2479);
#2481=PRODUCT_DEFINITION('2026-01-02-21-43-18-615','choc socket',#2484,
#2479);
#2482=PRODUCT_DEFINITION('Switch Holders','Switch Holders',#2485,#2479);
#2483=PRODUCT_DEFINITION_FORMATION('',$,#2492);
#2484=PRODUCT_DEFINITION_FORMATION('',$,#2493);
#2485=PRODUCT_DEFINITION_FORMATION('',$,#2494);
#2486=PRODUCT_RELATED_PRODUCT_CATEGORY('key-choc-skree-ff-norm',
'key-choc-skree-ff-norm',(#2492));
#2487=PRODUCT_RELATED_PRODUCT_CATEGORY('choc socket','choc socket',(#2493));
#2488=PRODUCT_RELATED_PRODUCT_CATEGORY('Switch Holders',
'Switch Holders',(#2494));
#2489=APPLICATION_PROTOCOL_DEFINITION('international standard',
'automotive_design',2009,#2490);
#2490=APPLICATION_CONTEXT(
'Core Data for Automotive Mechanical Design Process');
#2491=PRODUCT_CONTEXT('part definition',#2490,'mechanical');
#2492=PRODUCT('EasyEDA PCB Model~9OFv','key-choc-skree-ff-norm',
'Designed by EasyEDA Pro',(#2491));
#2493=PRODUCT('2026-01-02-21-43-18-615','choc socket','Cosmos Model',(#2491));
#2494=PRODUCT('Switch Holders','Switch Holders',$,(#2491));
#2495=PRESENTATION_STYLE_ASSIGNMENT((#2496));
#2496=SURFACE_STYLE_USAGE(.BOTH.,#2497);
#2497=SURFACE_SIDE_STYLE('',(#2498));
#2498=SURFACE_STYLE_FILL_AREA(#2499);
#2499=FILL_AREA_STYLE('Steel - Satin',(#2500));
#2500=FILL_AREA_STYLE_COLOUR('Steel - Satin',#2501);
#2501=COLOUR_RGB('Steel - Satin',0.627450980392157,0.627450980392157,0.627450980392157);
ENDSEC;
END-ISO-10303-21;
